Item Title,Publication Title,Book Series Title,Journal Volume,Journal Issue,Item DOI,Authors,Publication Year,URL,Content Type
Source-to-Source Optimization of CUDA C for GPU Accelerated Cardiac Cell Modeling,Euro-Par 2010 - Parallel Processing,,,,10.1007/978-3-642-15277-1_5,Fred V. LionettiAndrew D. McCullochScott B. Baden,2010,https://link.springer.com/chapter/10.1007/978-3-642-15277-1_5,Conference paper
Semantic-Aware Automatic Parallelization of Modern Applications Using High-Level Abstractions,International Journal of Parallel Programming,,,,10.1007/s10766-010-0139-0,Chunhua LiaoDaniel J. QuinlanJeremiah J. WillcockThomas Panas,2010,https://link.springer.com/article/10.1007/s10766-010-0139-0,Article
A model checking-based approach for security policy verification of mobile systems,Formal Aspects of Computing,,,,10.1007/s00165-010-0159-y,Chiara BraghinNatasha SharyginaKaterina Barone-Adesi,2010,https://link.springer.com/article/10.1007/s00165-010-0159-y,Article
TH-1: China’s first petaflop supercomputer,Frontiers of Computer Science in China,,,,10.1007/s11704-010-0383-x,Xuejun YangXiangke LiaoWeixia XuJunqiang SongQingfeng HuJinshu SuLiquan XiaoKai LuQiang DouJuping JiangCanqun Yang,2010,https://link.springer.com/article/10.1007/s11704-010-0383-x,Article
Optimizing modulo scheduling to achieve reuse and&#xa0;concurrency for stream processors,The Journal of Supercomputing,,,,10.1007/s11227-010-0522-z,Li WangJingling XueXuejun Yang,2010,https://link.springer.com/article/10.1007/s11227-010-0522-z,Article
Compiling Higher Order Logic by Proof,Design and Verification of Microprocessor Systems for High-Assurance Applications,,,,10.1007/978-1-4419-1539-9_7,Konrad SlindGuodong LiScott Owens,2010,https://link.springer.com/chapter/10.1007/978-1-4419-1539-9_7,Chapter
The effectiveness of publicity versus advertising: a meta-analytic investigation of its moderators,Journal of the Academy of Marketing Science,,,,10.1007/s11747-010-0224-3,Martin EisendFranziska Küster,2010,https://link.springer.com/article/10.1007/s11747-010-0224-3,Article
Transforming flow information during code optimization for timing analysis,Real-Time Systems,,,,10.1007/s11241-010-9091-8,Raimund KirnerPeter PuschnerAdrian Prantl,2010,https://link.springer.com/article/10.1007/s11241-010-9091-8,Article
SUDS: an infrastructure for creating dynamic software defect detection tools,Automated Software Engineering,,,,10.1007/s10515-010-0067-7,Eric Larson,2010,https://link.springer.com/article/10.1007/s10515-010-0067-7,Article
Oxidative Stability of Marine Phospholipids in the Liposomal Form and Their Applications,Lipids,,,,10.1007/s11745-010-3496-y,F. S. Henna LuN. S. NielsenM. Timm-HeinrichC. Jacobsen,2010,https://link.springer.com/article/10.1007/s11745-010-3496-y,Article
Idea: Enforcing Consumer-Specified Security Properties for Modular Software,Engineering Secure Software and Systems,,,,10.1007/978-3-642-11747-3_14,Giacomo A. GalileiVincenzo Gervasi,2010,https://link.springer.com/chapter/10.1007/978-3-642-11747-3_14,Conference paper
On-the-fly Inlining of Dynamic Security Monitors,Security and Privacy – Silver Linings in the Cloud,,,,10.1007/978-3-642-15257-3_16,Jonas MagaziniusAlejandro RussoAndrei Sabelfeld,2010,https://link.springer.com/chapter/10.1007/978-3-642-15257-3_16,Conference paper
Secure Code Generation for Web Applications,Engineering Secure Software and Systems,,,,10.1007/978-3-642-11747-3_8,Martin JohnsChristian BeyerleinRosemaria GieseckeJoachim Posegga,2010,https://link.springer.com/chapter/10.1007/978-3-642-11747-3_8,Conference paper
Automatically Tuning Parallel and Parallelized Programs,Languages and Compilers for Parallel Computing,,,,10.1007/978-3-642-13374-9_9,Chirag DaveRudolf Eigenmann,2010,https://link.springer.com/chapter/10.1007/978-3-642-13374-9_9,Conference paper
WebAppArmor: A Framework for Robust Prevention of Attacks on Web Applications (Invited Paper),Information Systems Security,,,,10.1007/978-3-642-17714-9_2,V. N. VenkatakrishnanPrithvi BishtMike Ter LouwMichelle ZhouKalpana GondiKarthik Thotta Ganesh,2010,https://link.springer.com/chapter/10.1007/978-3-642-17714-9_2,Conference paper
Static detection of application backdoors,Datenschutz und Datensicherheit - DuD,,,,10.1007/s11623-010-0024-4,Chris WysopalChris EngTyler Shields,2010,https://link.springer.com/article/10.1007/s11623-010-0024-4,Article
Context-Bounded Translations for Concurrent Software: An Empirical Evaluation,Model Checking Software,,,,10.1007/978-3-642-16164-3_17,Naghmeh GhafariAlan J. HuZvonimir Rakamarić,2010,https://link.springer.com/chapter/10.1007/978-3-642-16164-3_17,Conference paper
Estimating and Exploiting Potential Parallelism by Source-Level Dependence Profiling,Euro-Par 2010 - Parallel Processing,,,,10.1007/978-3-642-15277-1_4,Jonathan MakKarl-Filip FaxénSverker JansonAlan Mycroft,2010,https://link.springer.com/chapter/10.1007/978-3-642-15277-1_4,Conference paper
Source Code Rejuvenation Is Not Refactoring,SOFSEM 2010: Theory and Practice of Computer Science,,,,10.1007/978-3-642-11266-9_53,Peter PirkelbauerDamian DechevBjarne Stroustrup,2010,https://link.springer.com/chapter/10.1007/978-3-642-11266-9_53,Conference paper
Crowdsourced Web Augmentation: A Security Model,Web Information Systems Engineering – WISE 2010,,,,10.1007/978-3-642-17616-6_27,Cristóbal ArellanoOscar DíazJon Iturrioz,2010,https://link.springer.com/chapter/10.1007/978-3-642-17616-6_27,Conference paper
Abstract Certification of Global Non-interference in Rewriting Logic,Formal Methods for Components and Objects,,,,10.1007/978-3-642-17071-3_6,Mauricio Alba-CastroMaría AlpuenteSantiago Escobar,2010,https://link.springer.com/chapter/10.1007/978-3-642-17071-3_6,Conference paper
The origins of species richness in the Hymenoptera: insights from a family-level supertree,BMC Evolutionary Biology,,,,10.1186/1471-2148-10-109,Robert B DavisSandra L BaldaufPeter J Mayhew,2010,https://link.springer.com/article/10.1186/1471-2148-10-109,Article
"Historical trace metal loading to a large river recorded in the sediments of Lake St. Croix, USA",Journal of Paleolimnology,,,,10.1007/s10933-010-9434-4,Steven J. BaloghLaura D. TriplettDaniel R. EngstromYabing H. Nollet,2010,https://link.springer.com/article/10.1007/s10933-010-9434-4,Article
Automatic C-to-CUDA Code Generation for Affine Programs,Compiler Construction,,,,10.1007/978-3-642-11970-5_14,Muthu Manikandan BaskaranJ. RamanujamP. Sadayappan,2010,https://link.springer.com/chapter/10.1007/978-3-642-11970-5_14,Conference paper
Topology-Aware OpenMP Process Scheduling,"Beyond Loop Level Parallelism in OpenMP: Accelerators, Tasking and More",,,,10.1007/978-3-642-13217-9_8,Peter ThomanHans MoritschThomas Fahringer,2010,https://link.springer.com/chapter/10.1007/978-3-642-13217-9_8,Conference paper
Unrolling Loops Containing Task Parallelism,Languages and Compilers for Parallel Computing,,,,10.1007/978-3-642-13374-9_30,Roger FerrerAlejandro DuranXavier MartorellEduard Ayguadé,2010,https://link.springer.com/chapter/10.1007/978-3-642-13374-9_30,Conference paper
An Extension to Improve OpenMP Tasking Control,"Beyond Loop Level Parallelism in OpenMP: Accelerators, Tasking and More",,,,10.1007/978-3-642-13217-9_5,Eduard AyguadéJames BeyerAlejandro DuranRoger FerrerGrant HaabKelvin LiFederico Massaioli,2010,https://link.springer.com/chapter/10.1007/978-3-642-13217-9_5,Conference paper
Analysis of Task Offloading for Accelerators,High Performance Embedded Architectures and Compilers,,,,10.1007/978-3-642-11515-8_24,Roger FerrerVicenç BeltranMarc GonzàlezXavier MartorellEduard Ayguadé,2010,https://link.springer.com/chapter/10.1007/978-3-642-11515-8_24,Conference paper
Beyond loop bounds: comparing annotation languages for worst-case execution time analysis,Software & Systems Modeling,,,,10.1007/s10270-010-0161-0,Raimund KirnerJens KnoopAdrian PrantlMarkus SchordanAlbrecht Kadlec,2010,https://link.springer.com/article/10.1007/s10270-010-0161-0,Article
Power Shifts: From League to Union,Rugby Union and Globalization,,,,10.1057/9780230289710_4,John Harris,2010,https://link.springer.com/chapter/10.1057/9780230289710_4,Chapter
ACOTES Project: Advanced Compiler Technologies for Embedded Streaming,International Journal of Parallel Programming,,,,10.1007/s10766-010-0132-7,Harm MunkEduard AyguadéCédric BastoulPaul CarpenterZbigniew ChamskiAlbert CohenMarco CorneroPhilippe DumontMarc DurantonMohammed FellahiRoger FerrerRazya LadelskyMenno LindwerXavier MartorellCupertino MirandaDorit NuzmanAndrea OrnsteinAntoniu PopSebastian PopLouis-Noël PouchetAlex RamírezDavid RódenasErven RohouIra RosenUzi ShvadronKonrad TrifunovićAyal Zaks,2010,https://link.springer.com/article/10.1007/s10766-010-0132-7,Article
How to Reconcile Event-Based Performance Analysis with Tasking in OpenMP,"Beyond Loop Level Parallelism in OpenMP: Accelerators, Tasking and More",,,,10.1007/978-3-642-13217-9_9,Daniel LorenzBernd MohrChristian RösselDirk SchmidlFelix Wolf,2010,https://link.springer.com/chapter/10.1007/978-3-642-13217-9_9,Conference paper
Extending OpenMP for Agent Based DSM on GRID,Innovations in Computing Sciences and Software Engineering,,,,10.1007/978-90-481-9112-3_45,Mahdi S. HaghighiM. Hadi ZahediA Mustafa GhazizadehFarnad Ahangary,2010,https://link.springer.com/chapter/10.1007/978-90-481-9112-3_45,Conference paper
From Multiwavelength to Mass Scaling: Accretion and Ejection in Microquasars and AGN,The Jet Paradigm,,,,10.1007/978-3-540-76937-8_6,S. Markoff,2010,https://link.springer.com/chapter/10.1007/978-3-540-76937-8_6,Chapter
Encoding Ownership Types in Java,"Objects, Models, Components, Patterns",,,,10.1007/978-3-642-13953-6_15,Nicholas CameronJames Noble,2010,https://link.springer.com/chapter/10.1007/978-3-642-13953-6_15,Conference paper
Language Boxes,Software Language Engineering,,,,10.1007/978-3-642-12107-4_20,Lukas RenggliMarcus DenkerOscar Nierstrasz,2010,https://link.springer.com/chapter/10.1007/978-3-642-12107-4_20,Conference paper
Liberal Typing for Functional Logic Programs,Programming Languages and Systems,,,,10.1007/978-3-642-17164-2_7,Francisco López-FraguasEnrique Martin-MartinJuan Rodríguez-Hortalá,2010,https://link.springer.com/chapter/10.1007/978-3-642-17164-2_7,Conference paper
A Computational Framework for Patient-Specific Multi-Scale Cardiac Modeling,Patient-Specific Modeling of the Cardiovascular System,,,,10.1007/978-1-4419-6691-9_12,Jazmin Aguado-SierraRoy C. P. KerckhoffsFred LionettiDarlene HuntChris VillongcoMatt GonzalesStuart G. CampbellAndrew D. McCulloch,2010,https://link.springer.com/chapter/10.1007/978-1-4419-6691-9_12,Chapter
OSCAR API for Real-Time Low-Power Multicores and Its Performance on Multicores and SMP Servers,Languages and Compilers for Parallel Computing,,,,10.1007/978-3-642-13374-9_13,Keiji KimuraMasayoshi MaseHiroki MikamiTakamichi MiyamotoJun ShirakoHironori Kasahara,2010,https://link.springer.com/chapter/10.1007/978-3-642-13374-9_13,Conference paper
Performance Tuning of x86 OpenMP Codes with MAQAO,Tools for High Performance Computing 2009,,,,10.1007/978-3-642-11261-4_7,Denis BarthouAndres Charif RubialWilliam JalbySouad KoliaiCédric Valensi,2010,https://link.springer.com/chapter/10.1007/978-3-642-11261-4_7,Conference paper
A scheduler synthesis methodology for joint SW/HW design exploration of SoC,Design Automation for Embedded Systems,,,,10.1007/s10617-010-9051-5,Ismail AssayadSergio Yovine,2010,https://link.springer.com/article/10.1007/s10617-010-9051-5,Article
Support for OpenMP Tasks on Cell Architecture,Algorithms and Architectures for Parallel Processing,,,,10.1007/978-3-642-13136-3_32,Qian CaoChangjun HuHaohu HeXiang HuangShigang Li,2010,https://link.springer.com/chapter/10.1007/978-3-642-13136-3_32,Conference paper
Overall Framework for Exploration,Ultra-Low Energy Domain-Specific Instruction-Set Processors,,,,10.1007/978-90-481-9528-2_4,Francky CatthoorPraveen RaghavanAndy LambrechtsMurali JayapalaAngeliki KritikakouJaved Absar,2010,https://link.springer.com/chapter/10.1007/978-90-481-9528-2_4,Chapter
Offload – Automating Code Migration to Heterogeneous Multicore Systems,High Performance Embedded Architectures and Compilers,,,,10.1007/978-3-642-11515-8_25,Pete CooperUwe DolinskyAlastair F. DonaldsonAndrew RichardsColin RileyGeorge Russell,2010,https://link.springer.com/chapter/10.1007/978-3-642-11515-8_25,Conference paper
Mapping Streaming Languages to General Purpose Processors through Vectorization,Languages and Compilers for Parallel Computing,,,,10.1007/978-3-642-13374-9_7,Raymond ManleyDavid Gregg,2010,https://link.springer.com/chapter/10.1007/978-3-642-13374-9_7,Conference paper
"A Comparison of Three Commodity-Level Parallel Architectures: Multi-core CPU, Cell&#xa0;BE and GPU",Mathematical Methods for Curves and Surfaces,,,,10.1007/978-3-642-11620-9_6,André Rigland BrodtkorbTrond Runar Hagen,2010,https://link.springer.com/chapter/10.1007/978-3-642-11620-9_6,Conference paper
Automatic Data Distribution for Improving Data Locality on the Cell BE Architecture,Languages and Compilers for Parallel Computing,,,,10.1007/978-3-642-13374-9_17,Miao WangFrançois BodinSébastien Matz,2010,https://link.springer.com/chapter/10.1007/978-3-642-13374-9_17,Conference paper
Domain-Specific Metamodelling Languages for Software Language Engineering,Software Language Engineering,,,,10.1007/978-3-642-12107-4_23,Steffen ZschalerDimitrios S. KolovosNikolaos DrivalosRichard F. PaigeAwais Rashid,2010,https://link.springer.com/chapter/10.1007/978-3-642-12107-4_23,Conference paper
Hardware Support for OpenMP Collective Operations,Languages and Compilers for Parallel Computing,,,,10.1007/978-3-642-13374-9_3,Soohong P. KimSamuel P. MidkiffHenry G. Dietz,2010,https://link.springer.com/chapter/10.1007/978-3-642-13374-9_3,Conference paper
G-Means Improved for Cell BE Environment,Facing the Multicore-Challenge,,,,10.1007/978-3-642-16233-6_8,Aislan G. FoinaRosa M. BadiaJavier Ramirez-Fernandez,2010,https://link.springer.com/chapter/10.1007/978-3-642-16233-6_8,Chapter
The Transformational Approach to Program Development,A 25-Year Perspective on Logic Programming,,,,10.1007/978-3-642-14309-0_6,Alberto PettorossiMaurizio ProiettiValerio Senni,2010,https://link.springer.com/chapter/10.1007/978-3-642-14309-0_6,Chapter
Compilation of Polychronous Data Flow Equations,Synthesis of Embedded Software,,,,10.1007/978-1-4419-6400-7_1,Loïc BesnardThierry GautierPaul Le GuernicJean-Pierre Talpin,2010,https://link.springer.com/chapter/10.1007/978-1-4419-6400-7_1,Chapter
JNI Light: An Operational Model for the Core JNI,Programming Languages and Systems,,,,10.1007/978-3-642-17164-2_9,Gang Tan,2010,https://link.springer.com/chapter/10.1007/978-3-642-17164-2_9,Conference paper
The Dubious Strait,Practicing Memory in Central American Literature,,,,10.1057/9780230106253_2,Nicole Caso,2010,https://link.springer.com/chapter/10.1057/9780230106253_2,Chapter
Exposing Tunable Parameters in Multi-threaded Numerical Code,Network and Parallel Computing,,,,10.1007/978-3-642-15672-4_6,Apan QasemJichi GuoFaizur RahmanQing Yi,2010,https://link.springer.com/chapter/10.1007/978-3-642-15672-4_6,Conference paper
Conversion by Evaluation,Practical Aspects of Declarative Languages,,,,10.1007/978-3-642-11503-5_7,Mathieu Boespflug,2010,https://link.springer.com/chapter/10.1007/978-3-642-11503-5_7,Conference paper
Towards Just-In-Time Partial Evaluation of Prolog,Logic-Based Program Synthesis and Transformation,,,,10.1007/978-3-642-12592-8_12,Carl Friedrich BolzMichael LeuschelArmin Rigo,2010,https://link.springer.com/chapter/10.1007/978-3-642-12592-8_12,Conference paper
In Vitro Tissue Engineering of Hyaline Articular Cartilage,Articular Cartilage Tissue Engineering,,,,10.1007/978-3-031-02578-5_3,Kyriacos A. AthanasiouEric M. DarlingJerry C. Hu,2010,https://link.springer.com/chapter/10.1007/978-3-031-02578-5_3,Chapter
Agent-Supported Programming of Multicore Computing Systems,Complex Intelligent Systems and Their Applications,,,,10.1007/978-1-4419-1636-5_10,Sabri PllanaSiegfried BenknerEduard MehoferLasse NatvigFatos Xhafa,2010,https://link.springer.com/chapter/10.1007/978-1-4419-1636-5_10,Chapter
Challenges and Opportunities in Composting Organic Waste,Climate Change and Food Security in South Asia,,,,10.1007/978-90-481-9516-9_18,Harold M. Keener,2010,https://link.springer.com/chapter/10.1007/978-90-481-9516-9_18,Chapter
One Stack to Run Them All,Model Checking Software,,,,10.1007/978-3-642-16164-3_18,Nicholas KiddSuresh JagannathanJan Vitek,2010,https://link.springer.com/chapter/10.1007/978-3-642-16164-3_18,Conference paper
Region-based parallelization of irregular reductions on&#xa0;explicitly managed memory hierarchies,The Journal of Supercomputing,,,,10.1007/s11227-009-0340-3,Seonggun KimHwansoo HanKwang-Moo Choe,2009,https://link.springer.com/article/10.1007/s11227-009-0340-3,Article
The Polyhedral Model Is More Widely Applicable Than You Think,Compiler Construction,,,,10.1007/978-3-642-11970-5_16,Mohamed-Walid BenabderrahmaneLouis-Noël PouchetAlbert CohenCédric Bastoul,2010,https://link.springer.com/chapter/10.1007/978-3-642-11970-5_16,Conference paper
"Volcanoes, Earthquakes, and Tsunamis",The Illustrated History of Natural Disasters,,,,10.1007/978-90-481-3325-3_2,,2010,https://link.springer.com/chapter/10.1007/978-90-481-3325-3_2,Chapter
Exploiting Locality on the Cell/B.E. through Bypassing,"Embedded Computer Systems: Architectures, Modeling, and Simulation",,,,10.1007/978-3-642-03138-0_35,Pieter BellensJosep M. PerezRosa M. BadiaJesus Labarta,2009,https://link.springer.com/chapter/10.1007/978-3-642-03138-0_35,Conference paper
Stream Programming for FPGAs,Languages for Embedded Systems and their Applications,,,,10.1007/978-1-4020-9714-0_16,Franjo PlavecZvonko VranesicStephen Brown,2009,https://link.springer.com/chapter/10.1007/978-1-4020-9714-0_16,Chapter
Development of Al-based multilayer optics for EUV,Applied Physics A,,,,10.1007/s00339-009-5445-2,E. MeltchakovC. HecquetM. RoulliayS. De RossiY. MenesguenA. JéromeF. BridouF. VarniereM.-F. Ravet-KrillF. Delmotte,2009,https://link.springer.com/article/10.1007/s00339-009-5445-2,Article
Reading the tea leaves in an intelligent Coffee Corner: Challenges for understanding behavior,Behavior Research Methods,,,,10.3758/BRM.41.3.820,Ingrid MulderGabriele LenziniMortaza S. BarghBob Hulsebosch,2009,https://link.springer.com/article/10.3758/BRM.41.3.820,Article
Towards Preserving Model Coverage and Structural Code Coverage,EURASIP Journal on Embedded Systems,,,,10.1155/2009/127945,Raimund Kirner,2009,https://link.springer.com/article/10.1155/2009/127945,Article
Environmental Impact of Genetically Modified Maize Expressing Cry1 Proteins,Genetic Modification of Plants,,,,10.1007/978-3-642-02391-0_27,Detlef BartschYann DevosRosie HailsJozsef KissPaul Henning KroghSylvie MestdaghMarco NutiAngela SessitschJeremy SweetAchim Gathmann,2010,https://link.springer.com/chapter/10.1007/978-3-642-02391-0_27,Chapter
A survey of new trends in symbolic execution for software testing and analysis,International Journal on Software Tools for Technology Transfer,,,,10.1007/s10009-009-0118-1,Corina S. PăsăreanuWillem Visser,2009,https://link.springer.com/article/10.1007/s10009-009-0118-1,Article
PARBLO: Page-Allocation-Based DRAM Row Buffer Locality Optimization,Journal of Computer Science and Technology,,,,10.1007/s11390-009-9297-1,Wei MiXiao-Bing FengYao-Cang JiaLi ChenJing-Ling Xue,2009,https://link.springer.com/article/10.1007/s11390-009-9297-1,Article
Probabilistic Inductive Querying Using ProbLog,Inductive Databases and Constraint-Based Data Mining,,,,10.1007/978-1-4419-7738-0_10,Luc De RaedtAngelika KimmigBernd GutmannKristian KerstingVítor Santos CostaHannu Toivonen,2010,https://link.springer.com/chapter/10.1007/978-1-4419-7738-0_10,Chapter
Automatic Software Instrumentation for the Detection of Non-control-data Attacks,Recent Advances in Intrusion Detection,,,,10.1007/978-3-642-04342-0_19,Jonathan-Christofer DemayÉric TotelFrédéric Tronel,2009,https://link.springer.com/chapter/10.1007/978-3-642-04342-0_19,Conference paper
Laser–Plasma Interactions,Laser Processing of Materials,,,,10.1007/978-3-642-13281-0_4,Ion N. MihailescuJörg Hermann,2010,https://link.springer.com/chapter/10.1007/978-3-642-13281-0_4,Chapter
Building Secure Resources to Ensure Safe Computations in Distributed and Potentially Corrupted Environments,Euro-Par 2008 Workshops - Parallel Processing,,,,10.1007/978-3-642-00955-6_26,Sebastien VarretteJean-Louis RochGuillaume DucRonan Keryell,2009,https://link.springer.com/chapter/10.1007/978-3-642-00955-6_26,Conference paper
"Mathematics learning and tools from theoretical, historical and practical points of view: the productive notion of mathematics laboratories",ZDM,,,,10.1007/s11858-009-0215-3,Michela MaschiettoLuc Trouche,2009,https://link.springer.com/article/10.1007/s11858-009-0215-3,Article
Extending Automatic Parallelization to Optimize High-Level Abstractions for Multicore,Evolving OpenMP in an Age of Extreme Parallelism,,,,10.1007/978-3-642-02303-3_3,Chunhua LiaoDaniel J. QuinlanJeremiah J. WillcockThomas Panas,2009,https://link.springer.com/chapter/10.1007/978-3-642-02303-3_3,Conference paper
A Proposal to Extend the OpenMP Tasking Model with Dependent Tasks,International Journal of Parallel Programming,,,,10.1007/s10766-009-0101-1,Alejandro DuranRoger FerrerEduard AyguadéRosa M. BadiaJesus Labarta,2009,https://link.springer.com/article/10.1007/s10766-009-0101-1,Article
"Host plant volatiles serve to increase the response of male European grape berry moths, <i>Eupoecilia ambiguella,</i> to their sex pheromone",Journal of Comparative Physiology A,,,,10.1007/s00359-009-0464-1,Daniela Schmidt-BüsserMartin von ArxPatrick M. Guerin,2009,https://link.springer.com/article/10.1007/s00359-009-0464-1,Article
Analyzing the Politics of Health Care: Let’s Buy Ourselves Some Civilization,Journal of Business Ethics,,,,10.1007/s10551-009-0137-6,Bill ShawJessica A. Magaldi,2009,https://link.springer.com/article/10.1007/s10551-009-0137-6,Article
Hastening Slowly: European Union Studies — Between Reinvention and Continuing Fragmentation,Research Agendas in EU Studies,,,,10.1057/9780230279445_17,William E. PatersonNeill NugentMichelle Egan,2010,https://link.springer.com/chapter/10.1057/9780230279445_17,Chapter
XJava: Exploiting Parallelism with Object-Oriented Stream Programming,Euro-Par 2009 Parallel Processing,,,,10.1007/978-3-642-03869-3_81,Frank OttoVictor PankratiusWalter F. Tichy,2009,https://link.springer.com/chapter/10.1007/978-3-642-03869-3_81,Conference paper
Mara Salvatrucha: A Threat to U.S. and Central American Security,The World’s Most Threatening Terrorist Networks and Criminal Gangs,,,,10.1057/9780230623293_12,Tina S. Strickland,2009,https://link.springer.com/chapter/10.1057/9780230623293_12,Chapter
"Isolating JavaScript with Filters, Rewriting, and Wrappers",Computer Security – ESORICS 2009,,,,10.1007/978-3-642-04444-1_31,Sergio MaffeisJohn C. MitchellAnkur Taly,2009,https://link.springer.com/chapter/10.1007/978-3-642-04444-1_31,Conference paper
Remote Batch Invocation for Compositional Object Services,ECOOP 2009 – Object-Oriented Programming,,,,10.1007/978-3-642-03013-0_27,Ali IbrahimYang JiaoEli TilevichWilliam R. Cook,2009,https://link.springer.com/chapter/10.1007/978-3-642-03013-0_27,Conference paper
Automatic Differentiation of FLOWer and MUGRIDO,MEGADESIGN and MegaOpt - German Initiatives for Aerodynamic Simulation and Optimization in Aircraft Design,,,,10.1007/978-3-642-04093-1_16,Ralf GieringThomas KaminskiBernhard EisfeldNicolas GaugerJochen RaddatzLars Reimer,2009,https://link.springer.com/chapter/10.1007/978-3-642-04093-1_16,Conference paper
Implementation of the ISPS Code in the Russian Federation: Ships and Ports,Harbour Protection Through Data Fusion Technologies,,,,10.1007/978-1-4020-8883-4_5,Sergei Novikov,2009,https://link.springer.com/chapter/10.1007/978-1-4020-8883-4_5,Conference paper
A Generic and Configurable Source-Code Instrumentation Component,Computational Science – ICCS 2009,,,,10.1007/978-3-642-01973-9_78,Markus GeimerSameer S. ShendeAllen D. MalonyFelix Wolf,2009,https://link.springer.com/chapter/10.1007/978-3-642-01973-9_78,Conference paper
Practical Implementation of the ISPS Code in the French Seaports,Harbour Protection Through Data Fusion Technologies,,,,10.1007/978-1-4020-8883-4_3,Bernard Delsupexhe,2009,https://link.springer.com/chapter/10.1007/978-1-4020-8883-4_3,Conference paper
A Skeletal Parallel Framework with Fusion Optimizer for GPGPU Programming,Programming Languages and Systems,,,,10.1007/978-3-642-10672-9_8,Shigeyuki SatoHideya Iwasaki,2009,https://link.springer.com/chapter/10.1007/978-3-642-10672-9_8,Conference paper
Spatial Design,Dynamic System Reconfiguration in Heterogeneous Platforms,,,,10.1007/978-90-481-2427-5_13,Loic LagadecDamien PicardBernard Pottier,2009,https://link.springer.com/chapter/10.1007/978-90-481-2427-5_13,Chapter
Unit Testing for Domain-Specific Languages,Domain-Specific Languages,,,,10.1007/978-3-642-03034-5_7,Hui WuJeff GrayMarjan Mernik,2009,https://link.springer.com/chapter/10.1007/978-3-642-03034-5_7,Conference paper
A Transformational Approach to Polyvariant BTA of Higher-Order Functional Programs,Logic-Based Program Synthesis and Transformation,,,,10.1007/978-3-642-00515-2_4,Gustavo ArroyoJ. Guadalupe RamosSalvador TamaritGermán Vidal,2009,https://link.springer.com/chapter/10.1007/978-3-642-00515-2_4,Conference paper
An Extension of the StarSs Programming Model for Platforms with Multiple GPUs,Euro-Par 2009 Parallel Processing,,,,10.1007/978-3-642-03869-3_79,Eduard AyguadéRosa M. BadiaFrancisco D. IgualJesús LabartaRafael MayoEnrique S. Quintana-Ortí,2009,https://link.springer.com/chapter/10.1007/978-3-642-03869-3_79,Conference paper
Static and Precise Detection of Concurrency Errors in Systems Code Using SMT Solvers,Computer Aided Verification,,,,10.1007/978-3-642-02658-4_38,Shuvendu K. LahiriShaz QadeerZvonimir Rakamarić,2009,https://link.springer.com/chapter/10.1007/978-3-642-02658-4_38,Conference paper
The Abstract Streaming Machine: Compile-Time Performance Modelling of Stream Programs on Heterogeneous Multiprocessors,"Embedded Computer Systems: Architectures, Modeling, and Simulation",,,,10.1007/978-3-642-03138-0_3,Paul M. CarpenterAlex RamirezEduard Ayguade,2009,https://link.springer.com/chapter/10.1007/978-3-642-03138-0_3,Conference paper
Reducing concurrent analysis under a context bound to&#xa0;sequential analysis,Formal Methods in System Design,,,,10.1007/s10703-009-0078-9,Akash LalThomas Reps,2009,https://link.springer.com/article/10.1007/s10703-009-0078-9,Article
An Empirical Study of Structural Constraint Solving Techniques,Formal Methods and Software Engineering,,,,10.1007/978-3-642-10373-5_5,Junaid Haroon SiddiquiSarfraz Khurshid,2009,https://link.springer.com/chapter/10.1007/978-3-642-10373-5_5,Conference paper
Simon Peyton Jones,Coders at Work,,,,10.1007/978-1-4302-1949-1_7,Peter Seibel,2009,https://link.springer.com/chapter/10.1007/978-1-4302-1949-1_7,Chapter
Managing Multi-concern Application Complexity in AspectSBASCO,Computational Science – ICCS 2009,,,,10.1007/978-3-642-01970-8_14,Manuel DíazSergio RomeroBartolomé RubioEnrique SolerJosé M. Troya,2009,https://link.springer.com/chapter/10.1007/978-3-642-01970-8_14,Conference paper
Lebanon’s Militia Wars,Lebanon,,,,10.1057/9780230622432_4,Tony Badran,2009,https://link.springer.com/chapter/10.1057/9780230622432_4,Chapter
Semi-formal Models to Support Program Development: Autonomic Management within Component Based Parallel and Distributed Programming,Formal Methods for Components and Objects,,,,10.1007/978-3-642-04167-9_11,M. AldinucciM. DaneluttoP. Kilpatrick,2009,https://link.springer.com/chapter/10.1007/978-3-642-04167-9_11,Conference paper
Incentives for BGP Guided IP-Level Topology Discovery,Traffic Monitoring and Analysis,,,,10.1007/978-3-642-01645-5_12,Benoit Donnet,2009,https://link.springer.com/chapter/10.1007/978-3-642-01645-5_12,Conference paper
Session-Based Compilation Framework for Multicore Programming,Formal Methods for Components and Objects,,,,10.1007/978-3-642-04167-9_12,Nobuko YoshidaVasco VasconcelosHervé PaulinoKohei Honda,2009,https://link.springer.com/chapter/10.1007/978-3-642-04167-9_12,Conference paper
Generating Empirically Optimized Composed Matrix Kernels from MATLAB Prototypes,Computational Science – ICCS 2009,,,,10.1007/978-3-642-01970-8_25,Boyana NorrisAlbert HartonoElizabeth JessupJeremy Siek,2009,https://link.springer.com/chapter/10.1007/978-3-642-01970-8_25,Conference paper
Live Debugging of Distributed Systems,Compiler Construction,,,,10.1007/978-3-642-00722-4_8,Darren DaoJeannie AlbrechtCharles KillianAmin Vahdat,2009,https://link.springer.com/chapter/10.1007/978-3-642-00722-4_8,Conference paper
Disaster Services with Frail Older Persons: From Preparation to Recovery,Lifespan Perspectives on Natural Disasters,,,,10.1007/978-1-4419-0393-8_8,Priscilla D. AllenH. Wayne Nelson,2009,https://link.springer.com/chapter/10.1007/978-1-4419-0393-8_8,Chapter
Verifying Information Flow Control over Unbounded Processes,FM 2009: Formal Methods,,,,10.1007/978-3-642-05089-3_49,William R. HarrisNicholas A. KiddSagar ChakiSomesh JhaThomas Reps,2009,https://link.springer.com/chapter/10.1007/978-3-642-05089-3_49,Conference paper
Towards an Intelligent Environment for Programming Multi-core Computing Systems,Euro-Par 2008 Workshops - Parallel Processing,,,,10.1007/978-3-642-00955-6_19,Sabri PllanaSiegfried BenknerEduard MehoferLasse NatvigFatos Xhafa,2009,https://link.springer.com/chapter/10.1007/978-3-642-00955-6_19,Conference paper
On the implementation of automatic differentiation tools,Higher-Order and Symbolic Computation,,,,10.1007/s10990-008-9034-4,Christian H. BischofPaul D. HovlandBoyana Norris,2008,https://link.springer.com/article/10.1007/s10990-008-9034-4,Article
Design Consideration,Hardware Software Co-Design of a Multimedia SOC Platform,,,,10.1007/978-1-4020-9623-5_2,Sao-Jie ChenGuang-Huei LinPao-Ann HsiungYu-Hen Hu,2009,https://link.springer.com/chapter/10.1007/978-1-4020-9623-5_2,Chapter
VCC: A Practical System for Verifying Concurrent C,Theorem Proving in Higher Order Logics,,,,10.1007/978-3-642-03359-9_2,Ernie CohenMarkus DahlweidMark HillebrandDirk LeinenbachMichał MoskalThomas SantenWolfram SchulteStephan Tobies,2009,https://link.springer.com/chapter/10.1007/978-3-642-03359-9_2,Conference paper
JCUDA: A Programmer-Friendly Interface for Accelerating Java Programs with CUDA,Euro-Par 2009 Parallel Processing,,,,10.1007/978-3-642-03869-3_82,Yonghong YanMax GrossmanVivek Sarkar,2009,https://link.springer.com/chapter/10.1007/978-3-642-03869-3_82,Conference paper
Atune-IL: An Instrumentation Language for Auto-tuning Parallel Applications,Euro-Par 2009 Parallel Processing,,,,10.1007/978-3-642-03869-3_5,Christoph A. SchaeferVictor PankratiusWalter F. Tichy,2009,https://link.springer.com/chapter/10.1007/978-3-642-03869-3_5,Conference paper
Prediction and Integration of Regulatory and Protein–Protein Interactions,Computational Systems Biology,,,,10.1007/978-1-59745-243-4_6,Duangdao WichadakulJason McDermottRam Samudrala,2009,https://link.springer.com/chapter/10.1007/978-1-59745-243-4_6,Protocol
Application of Value-Focused Process Engineering to HRM Context,Value-Focused Business Process Engineering : a Systems Approach,,,,10.1007/978-0-387-09521-9_8,Dina NeigerLeonid ChurilovAndrew Flitman,2009,https://link.springer.com/chapter/10.1007/978-0-387-09521-9_8,Chapter
Attributed Data for CHR Indexing,Logic Programming,,,,10.1007/978-3-642-02846-5_30,Beata Sarna-StarostaTom Schrijvers,2009,https://link.springer.com/chapter/10.1007/978-3-642-02846-5_30,Conference paper
Improved Infill Walls and Rehabilitation of Existing Low-Rise Buildings,Seismic Risk Assessment and Retrofitting,,,,10.1007/978-90-481-2681-1_19,Faruk KaradoganSumru PalaAlper IlkiErcan YukselWaiel MowrtagePinar TeymurGulseren ErolKivanc TaskinRasit Comlek,2009,https://link.springer.com/chapter/10.1007/978-90-481-2681-1_19,Chapter
Predictive Runtime Code Scheduling for Heterogeneous Architectures,High Performance Embedded Architectures and Compilers,,,,10.1007/978-3-540-92990-1_4,Víctor J. JiménezLluís VilanovaIsaac GeladoMarisa GilGrigori FursinNacho Navarro,2009,https://link.springer.com/chapter/10.1007/978-3-540-92990-1_4,Conference paper
AN-Encoding Compiler: Building Safety-Critical Systems with Commodity Hardware,"Computer Safety, Reliability, and Security",,,,10.1007/978-3-642-04468-7_23,Christof FetzerUte SchiffelMartin Süßkraut,2009,https://link.springer.com/chapter/10.1007/978-3-642-04468-7_23,Conference paper
Program Metamorphosis,ECOOP 2009 – Object-Oriented Programming,,,,10.1007/978-3-642-03013-0_18,Christoph ReichenbachDevin CoughlinAmer Diwan,2009,https://link.springer.com/chapter/10.1007/978-3-642-03013-0_18,Conference paper
Securing Current and Future Process Control Systems,Critical Infrastructure Protection,,,,10.1007/978-0-387-75462-8_8,Robert CunninghamSteven CheungMartin FongUlf LindqvistDavid NicolRonald PawlowskiEric RobinsonWilliam SandersSankalp SinghAlfonso ValdesBradley WoodworthMichael Zhivich,2008,https://link.springer.com/chapter/10.1007/978-0-387-75462-8_8,Conference paper
"Code Optimization with Mike Lee, the “World’s Toughest Programmer”",iPhone Games Projects,,,,10.1007/978-1-4302-1969-9_7,Mike Lee,2009,https://link.springer.com/chapter/10.1007/978-1-4302-1969-9_7,Chapter
Dynamic Symbolic Execution for Testing Distributed Objects,Tests and Proofs,,,,10.1007/978-3-642-02949-3_9,Andreas GriesmayerBernhard AichernigEinar Broch JohnsenRudolf Schlatte,2009,https://link.springer.com/chapter/10.1007/978-3-642-02949-3_9,Conference paper
Algorithms for Automatically Computing the Causal Paths of Failures,Fundamental Approaches to Software Engineering,,,,10.1007/978-3-642-00593-0_24,William N. SumnerXiangyu Zhang,2009,https://link.springer.com/chapter/10.1007/978-3-642-00593-0_24,Conference paper
Nebelung: Execution Environment for Transactional OpenMP,International Journal of Parallel Programming,,,,10.1007/s10766-008-0073-6,Miloš MilovanovićRoger FerrerVladimir GajinovOsman S. UnsalAdrian CristalEduard AyguadéMateo Valero,2008,https://link.springer.com/article/10.1007/s10766-008-0073-6,Article
Resource Usage Analysis and Its Application to Resource Certification,Foundations of Security Analysis and Design V,,,,10.1007/978-3-642-03829-7_9,Elvira AlbertPuri ArenasSamir GenaimGermán PueblaDamiano Zanardini,2009,https://link.springer.com/chapter/10.1007/978-3-642-03829-7_9,Chapter
Design Methodology for Embedded Computer Vision Systems,Embedded Computer Vision,,,,10.1007/978-1-84800-304-0_2,Sankalita SahaShuvra S. Bhattacharyya,2009,https://link.springer.com/chapter/10.1007/978-1-84800-304-0_2,Chapter
Slicing for Security of Code,Trusted Computing - Challenges and Applications,,,,10.1007/978-3-540-68979-9_10,Benjamin MonateJulien Signoles,2008,https://link.springer.com/chapter/10.1007/978-3-540-68979-9_10,Conference paper
Aggregates for CHR through Program Transformation,Logic-Based Program Synthesis and Transformation,,,,10.1007/978-3-540-78769-3_5,Peter Van WeertJon SneyersBart Demoen,2008,https://link.springer.com/chapter/10.1007/978-3-540-78769-3_5,Conference paper
I Like Particle Engines!,The Essential Guide to Processing for Flash Developers,,,,10.1007/978-1-4302-1980-4_5,Ira J. Greenberg,2009,https://link.springer.com/chapter/10.1007/978-1-4302-1980-4_5,Chapter
The Baltics: Continuing Boom or Bursting Bubble?,Business Economics,,,,10.2145/20080404,Matthias S Fifka,2008,https://link.springer.com/article/10.2145/20080404,Article
Sequential equivalence checking between system level and RTL descriptions,Design Automation for Embedded Systems,,,,10.1007/s10617-008-9033-z,Shobha VasudevanVinod ViswanathJacob A. AbrahamJiaJin Tu,2008,https://link.springer.com/article/10.1007/s10617-008-9033-z,Article
Loading OpenMP to Cell: An Effective Compiler Framework for Heterogeneous Multi-core Chip,A Practical Programming Model for the Multi-Core Era,,,,10.1007/978-3-540-69303-1_12,Haitao WeiJunqing Yu,2008,https://link.springer.com/chapter/10.1007/978-3-540-69303-1_12,Conference paper
A Container-Iterator Parallel Programming Model,Parallel Processing and Applied Mathematics,,,,10.1007/978-3-540-68111-3_120,Gerhard Zumbusch,2008,https://link.springer.com/chapter/10.1007/978-3-540-68111-3_120,Conference paper
Annotation Algorithms for Unrestricted Independent And-Parallelism in Logic Programs,Logic-Based Program Synthesis and Transformation,,,,10.1007/978-3-540-78769-3_10,Amadeo CasasManuel CarroManuel V. Hermenegildo,2008,https://link.springer.com/chapter/10.1007/978-3-540-78769-3_10,Conference paper
Code Optimization Techniques in Source Transformations for Interpreted Languages,Advances in Automatic Differentiation,,,,10.1007/978-3-540-68942-3_20,H. Martin BückerMonika PeteraAndre Vehreschild,2008,https://link.springer.com/chapter/10.1007/978-3-540-68942-3_20,Conference paper
STEP: A Distributed OpenMP for Coarse-Grain Parallelism Tool,OpenMP in a New Era of Parallelism,,,,10.1007/978-3-540-79561-2_8,Daniel MillotAlain MullerChristian ParrotFrédérique Silber-Chaussumier,2008,https://link.springer.com/chapter/10.1007/978-3-540-79561-2_8,Conference paper
Development and First Applications of TAC++,Advances in Automatic Differentiation,,,,10.1007/978-3-540-68942-3_17,Michael VoßbeckRalf GieringThomas Kaminski,2008,https://link.springer.com/chapter/10.1007/978-3-540-68942-3_17,Conference paper
Data Space Randomization,"Detection of Intrusions and Malware, and Vulnerability Assessment",,,,10.1007/978-3-540-70542-0_1,Sandeep BhatkarR. Sekar,2008,https://link.springer.com/chapter/10.1007/978-3-540-70542-0_1,Conference paper
Genesys: service-oriented construction of property conform code generators,Innovations in Systems and Software Engineering,,,,10.1007/s11334-008-0071-2,Sven JörgesTiziana MargariaBernhard Steffen,2008,https://link.springer.com/article/10.1007/s11334-008-0071-2,Article
Cowboy of the World? Gender Discourse and the Iraq War Debate,Qualitative Sociology,,,,10.1007/s11133-008-9106-0,Wendy M. ChristensenMyra Marx Ferree,2008,https://link.springer.com/article/10.1007/s11133-008-9106-0,Article
Implementing an OpenMP Execution Environment on InfiniBand Clusters,OpenMP Shared Memory Parallel Programming,,,,10.1007/978-3-540-68555-5_6,Jie TaoWolfgang KarlCarsten Trinitis,2008,https://link.springer.com/chapter/10.1007/978-3-540-68555-5_6,Conference paper
Guest Editors Introduction: Special Issue on OpenMP,International Journal of Parallel Programming,,,,10.1007/s10766-008-0076-3,Guang R. GaoMitsuhisa SatoEduard Ayguadé,2008,https://link.springer.com/article/10.1007/s10766-008-0076-3,Article
Automatic Sensitivity Analysis of DAE-systems Generated from Equation-Based Modeling Languages,Advances in Automatic Differentiation,,,,10.1007/978-3-540-68942-3_21,Atya ElsheikhWolfgang Wiechert,2008,https://link.springer.com/chapter/10.1007/978-3-540-68942-3_21,Conference paper
A Compile/Run-time Environment for the Automatic Transformation of Linked List Data Structures,International Journal of Parallel Programming,,,,10.1007/s10766-008-0085-2,H. L. A. van der SpekS. GrootE. M. BakkerH. A. G. Wijshoff,2008,https://link.springer.com/article/10.1007/s10766-008-0085-2,Article
The Long-Short-Key Primitive and Its Applications to Key Security,Advances in Information and Computer Security,,,,10.1007/978-3-540-89598-5_19,Matthew CaryMatthias JacobMariusz H. JakubowskiRamarathnam Venkatesan,2008,https://link.springer.com/chapter/10.1007/978-3-540-89598-5_19,Conference paper
On the Limits of Information Flow Techniques for Malware Analysis and Containment,"Detection of Intrusions and Malware, and Vulnerability Assessment",,,,10.1007/978-3-540-70542-0_8,Lorenzo CavallaroPrateek SaxenaR. Sekar,2008,https://link.springer.com/chapter/10.1007/978-3-540-70542-0_8,Conference paper
Transactional Memory and OpenMP,A Practical Programming Model for the Multi-Core Era,,,,10.1007/978-3-540-69303-1_4,Miloš MilovanovićRoger FerrerOsman S. UnsalAdrian CristalXavier MartorellEduard AyguadéJesús LabartaMateo Valero,2008,https://link.springer.com/chapter/10.1007/978-3-540-69303-1_4,Conference paper
Support for Fine Grained Dependent Tasks in OpenMP,A Practical Programming Model for the Multi-Core Era,,,,10.1007/978-3-540-69303-1_2,Oliver SinnenJsun PeAlexei Vladimirovich Kozlov,2008,https://link.springer.com/chapter/10.1007/978-3-540-69303-1_2,Conference paper
Performance Evaluation of a Multi-Zone Application in Different OpenMP Approaches,International Journal of Parallel Programming,,,,10.1007/s10766-008-0074-5,Haoqiang JinBarbara ChapmanLei HuangDieter an MeyThomas Reichstein,2008,https://link.springer.com/article/10.1007/s10766-008-0074-5,Article
Extending Model Checking with Dynamic Analysis,"Verification, Model Checking, and Abstract Interpretation",,,,10.1007/978-3-540-78163-9_15,Alex GroceRajeev Joshi,2008,https://link.springer.com/chapter/10.1007/978-3-540-78163-9_15,Conference paper
Using MPI Communication Patterns to Guide Source Code Transformations,Computational Science – ICCS 2008,,,,10.1007/978-3-540-69389-5_29,Robert PreisslMartin SchulzDieter KranzlmüllerBronis R. de SupinskiDaniel J. Quinlan,2008,https://link.springer.com/chapter/10.1007/978-3-540-69389-5_29,Conference paper
An investigation of Jones optimality and BTI-universal specializers,Higher-Order and Symbolic Computation,,,,10.1007/s10990-008-9033-5,Robert Glück,2008,https://link.springer.com/article/10.1007/s10990-008-9033-5,Article
Remote Entrusting by Run-Time Software Authentication,SOFSEM 2008: Theory and Practice of Computer Science,,,,10.1007/978-3-540-77566-9_8,Mariano CeccatoYoram OfekPaolo Tonella,2008,https://link.springer.com/chapter/10.1007/978-3-540-77566-9_8,Conference paper
Exploiting Sparsity in Jacobian Computation via Coloring and Automatic Differentiation: A Case Study in a Simulated Moving Bed Process,Advances in Automatic Differentiation,,,,10.1007/978-3-540-68942-3_29,Assefaw H. GebremedhinAlex PothenAndrea Walther,2008,https://link.springer.com/chapter/10.1007/978-3-540-68942-3_29,Conference paper
System delimitation in agricultural consequential LCA,The International Journal of Life Cycle Assessment,,,,10.1007/s11367-008-0016-x,Jannick H. Schmidt,2008,https://link.springer.com/article/10.1007/s11367-008-0016-x,Article
Fusion Simulation Project Workshop Report,Journal of Fusion Energy,,,,10.1007/s10894-008-9151-4,Arnold KritzDavid Keyes,2008,https://link.springer.com/article/10.1007/s10894-008-9151-4,Article
Software Manipulation with Annotations in Java,Advances in Software Engineering,,,,10.1007/978-3-540-89762-0_6,Vincenzo GervasiGiacomo A. Galilei,2008,https://link.springer.com/chapter/10.1007/978-3-540-89762-0_6,Chapter
Abstracts of the International Workshop on Cyberinfrastructure for Geosciences (IWCG2006),Visual Geosciences,,,,10.1007/s10069-007-0005-4,Huai Zhang,2008,https://link.springer.com/article/10.1007/s10069-007-0005-4,Article
The Vampir Performance Analysis Tool-Set,Tools for High Performance Computing,,,,10.1007/978-3-540-68564-7_9,Andreas KnüpferHolger BrunstJens DoleschalMatthias JurenzMatthias LieberHolger MicklerMatthias S. MüllerWolfgang E. Nagel,2008,https://link.springer.com/chapter/10.1007/978-3-540-68564-7_9,Conference paper
"The organizational impact of university labor unions ",Higher Education,,,,10.1007/s10734-008-9110-z,Christine M. Wickens,2008,https://link.springer.com/article/10.1007/s10734-008-9110-z,Article
An Experimental Evaluation of the New OpenMP Tasking Model,Languages and Compilers for Parallel Computing,,,,10.1007/978-3-540-85261-2_5,Eduard AyguadéAlejandro DuranJay HoeflingerFederico MassaioliXavier Teruel,2008,https://link.springer.com/chapter/10.1007/978-3-540-85261-2_5,Conference paper
Performance Instrumentation and Compiler Optimizations for MPI/OpenMP Applications,OpenMP Shared Memory Parallel Programming,,,,10.1007/978-3-540-68555-5_22,Oscar HernandezFengguang SongBarbara ChapmanJack DongarraBernd MohrShirley MooreFelix Wolf,2008,https://link.springer.com/chapter/10.1007/978-3-540-68555-5_22,Conference paper
The Challenges of Using SDL for the Development of Wireless Sensor Networks,SDL 2009: Design for Motes and Mobiles,,,,10.1007/978-3-642-04554-7_13,Klaus AhrensIngmar EveslageJoachim FischerFrank KühnlenzDorian Weber,2009,https://link.springer.com/chapter/10.1007/978-3-642-04554-7_13,Conference paper
Model-Driven Development of Time-Critical Protocols with SDL-MDD,SDL 2009: Design for Motes and Mobiles,,,,10.1007/978-3-642-04554-7_3,Philipp BeckerDennis ChristmannReinhard Gotzhein,2009,https://link.springer.com/chapter/10.1007/978-3-642-04554-7_3,Conference paper
Energy-Aware System Design with SDL,SDL 2009: Design for Motes and Mobiles,,,,10.1007/978-3-642-04554-7_2,Reinhard GotzheinMarc KrämerLothar LitzAlain Chamaken,2009,https://link.springer.com/chapter/10.1007/978-3-642-04554-7_2,Conference paper
Sprachübersetzer,"Formale Sprachen, abstrakte Automaten und Compiler",,,,10.1007/978-3-8348-9972-9_5,Christian WagenknechtMichael Hielscher,2009,https://link.springer.com/chapter/10.1007/978-3-8348-9972-9_5,Chapter
Extending the OpenMP Tasking Model to Allow Dependent Tasks,OpenMP in a New Era of Parallelism,,,,10.1007/978-3-540-79561-2_10,Alejandro DuranJosep M. PerezEduard AyguadéRosa M. BadiaJesus Labarta,2008,https://link.springer.com/chapter/10.1007/978-3-540-79561-2_10,Conference paper
MCUDA: An Efficient Implementation of CUDA Kernels for Multi-core CPUs,Languages and Compilers for Parallel Computing,,,,10.1007/978-3-540-89740-8_2,John A. StrattonSam S. StoneWen-mei W. Hwu,2008,https://link.springer.com/chapter/10.1007/978-3-540-89740-8_2,Conference paper
An Operational Semantics for JavaScript,Programming Languages and Systems,,,,10.1007/978-3-540-89330-1_22,Sergio MaffeisJohn C. MitchellAnkur Taly,2008,https://link.springer.com/chapter/10.1007/978-3-540-89330-1_22,Conference paper
On the Efficient Execution of ProbLog Programs,Logic Programming,,,,10.1007/978-3-540-89982-2_22,Angelika KimmigVítor Santos CostaRicardo RochaBart DemoenLuc De Raedt,2008,https://link.springer.com/chapter/10.1007/978-3-540-89982-2_22,Conference paper
A Component-Based Integrated Toolkit,Making Grids Work,,,,10.1007/978-0-387-78448-9_11,Enric TejedorRosa M. BadiaThilo KielmannVladimir Getov,2008,https://link.springer.com/chapter/10.1007/978-0-387-78448-9_11,Chapter
"Introduction: Logos, Mythos, and Truth","God, the Bible, and Human Consciousness",,,,10.1057/9780230611986_1,Nancy Tenfelde Clasby,2008,https://link.springer.com/chapter/10.1057/9780230611986_1,Chapter
An Overview of the Ciao Multiparadigm Language and Program Development Environment and Its Design Philosophy,"Concurrency, Graphs and Models",,,,10.1007/978-3-540-68679-8_14,Manuel V. HermenegildoFrancisco BuenoManuel CarroPedro LópezJosé F. MoralesGerman Puebla,2008,https://link.springer.com/chapter/10.1007/978-3-540-68679-8_14,Chapter
An Adaptive Strategy for Inline Substitution,Compiler Construction,,,,10.1007/978-3-540-78791-4_5,Keith D. CooperTimothy J. HarveyTodd Waterman,2008,https://link.springer.com/chapter/10.1007/978-3-540-78791-4_5,Conference paper
Techniques for Efficient Software Checking,Languages and Compilers for Parallel Computing,,,,10.1007/978-3-540-85261-2_2,Jing YuMaría Jesús GarzaránMarc Snir,2008,https://link.springer.com/chapter/10.1007/978-3-540-85261-2_2,Conference paper
Object-Oriented Reengineering,Software Evolution,,,,10.1007/978-3-540-76440-3_5,Serge Demeyer,2008,https://link.springer.com/chapter/10.1007/978-3-540-76440-3_5,Chapter
Polymorphism-Aware Common Bus in an Object-Oriented ASIP,Advances in Computer Science and Engineering,,,,10.1007/978-3-540-89985-3_14,Nima Karimpour DaravShaahin Hessabi,2008,https://link.springer.com/chapter/10.1007/978-3-540-89985-3_14,Conference paper
Efficient and flexible access control via Jones-optimal logic program specialisation,Higher-Order and Symbolic Computation,,,,10.1007/s10990-008-9030-8,Steve BarkerMichael LeuschelMauricio Varea,2008,https://link.springer.com/article/10.1007/s10990-008-9030-8,Article
GRID Superscalar and GriCoL: Integrating Different Programming Approaches,Achievements in European Research on Grid Systems,,,,10.1007/978-0-387-72812-4_11,Raül SirventRosa M. BadiaNatalia Currle-LindeMichael Resch,2008,https://link.springer.com/chapter/10.1007/978-0-387-72812-4_11,Chapter
Performance Evaluation of a Multi-zone Application in Different OpenMP Approaches,A Practical Programming Model for the Multi-Core Era,,,,10.1007/978-3-540-69303-1_3,Haoqiang JinBarbara ChapmanLei Huang,2008,https://link.springer.com/chapter/10.1007/978-3-540-69303-1_3,Conference paper
Generating Specialized Rules and Programs for Demand-Driven Analysis,Algebraic Methodology and Software Technology,,,,10.1007/978-3-540-79980-1_26,K. Tuncay TekleKatia HristovaYanhong A. Liu,2008,https://link.springer.com/chapter/10.1007/978-3-540-79980-1_26,Conference paper
OpenMP Extensions for Irregular Parallel Applications on Clusters,A Practical Programming Model for the Multi-Core Era,,,,10.1007/978-3-540-69303-1_9,Jue WangChangjun HuJilin ZhangJianjiang Li,2008,https://link.springer.com/chapter/10.1007/978-3-540-69303-1_9,Conference paper
First Experiences with Intel Cluster OpenMP,OpenMP in a New Era of Parallelism,,,,10.1007/978-3-540-79561-2_5,Christian TerbovenDieter an MeyDirk SchmidlMarcus Wagner,2008,https://link.springer.com/chapter/10.1007/978-3-540-79561-2_5,Conference paper
Compiler-Enhanced Incremental Checkpointing,Languages and Compilers for Parallel Computing,,,,10.1007/978-3-540-85261-2_1,Greg BronevetskyDaniel MarquesKeshav PingaliRadu Rugina,2008,https://link.springer.com/chapter/10.1007/978-3-540-85261-2_1,Conference paper
Guided Prefetching Based on Runtime Access Patterns,Computational Science – ICCS 2008,,,,10.1007/978-3-540-69389-5_31,Jie TaoGeorges KneipWolfgang Karl,2008,https://link.springer.com/chapter/10.1007/978-3-540-69389-5_31,Conference paper
CPPC-G: Fault-Tolerant Applications on the Grid,Parallel Processing and Applied Mathematics,,,,10.1007/978-3-540-68111-3_90,Daniel DíazXoán C. PardoMaría J. MartínPatricia GonzálezGabriel Rodríguez,2008,https://link.springer.com/chapter/10.1007/978-3-540-68111-3_90,Conference paper
High Level Loop Transformations for Systematic Signal Processing Embedded Applications,"Embedded Computer Systems: Architectures, Modeling, and Simulation",,,,10.1007/978-3-540-70550-5_21,Calin GlitiaPierre Boulet,2008,https://link.springer.com/chapter/10.1007/978-3-540-70550-5_21,Conference paper
"Design and Implementation of a Context-Sensitive, Flow-Sensitive Activity Analysis Algorithm for Automatic Differentiation",Advances in Automatic Differentiation,,,,10.1007/978-3-540-68942-3_11,Jaewook ShinPriyadarshini MalusarePaul D. Hovland,2008,https://link.springer.com/chapter/10.1007/978-3-540-68942-3_11,Conference paper
Constraint Prioritization for Efficient Analysis of Declarative Models,FM 2008: Formal Methods,,,,10.1007/978-3-540-68237-0_22,Engin UzuncaovaSarfraz Khurshid,2008,https://link.springer.com/chapter/10.1007/978-3-540-68237-0_22,Conference paper
Streams: Emerging from a Shared Memory Model,OpenMP in a New Era of Parallelism,,,,10.1007/978-3-540-79561-2_12,Benedict R. Gaster,2008,https://link.springer.com/chapter/10.1007/978-3-540-79561-2_12,Conference paper
SPRINT: A Tool to Generate Concurrent Transaction-Level Models from Sequential Code,EURASIP Journal on Advances in Signal Processing,,,,10.1155/2007/75373,Johan CockxKristof DenolfBart VanhoofRichard Stahl,2007,https://link.springer.com/article/10.1155/2007/75373,Article
A Polynomial-Time Algorithm for Detecting Directed Axial Symmetry in Hessian Computational Graphs,Advances in Automatic Differentiation,,,,10.1007/978-3-540-68942-3_9,Sanjukta BhowmickPaul D. Hovland,2008,https://link.springer.com/chapter/10.1007/978-3-540-68942-3_9,Conference paper
Using Voltage and Frequency Adjustments to Manage Dynamic Power,Computer Architecture Techniques for Power-Efficiency,,,,10.1007/978-3-031-01721-6_3,Stefanos KaxirasMargaret Martonosi,2008,https://link.springer.com/chapter/10.1007/978-3-031-01721-6_3,Chapter
Synthesis and post-processing of nanomaterials using microreaction technology,Journal of Nanoparticle Research,,,,10.1007/s11051-007-9355-y,Chih-Hung ChangBrian K. PaulVincent T. RemchoSundar AtreJames E. Hutchison,2008,https://link.springer.com/article/10.1007/s11051-007-9355-y,Article
Evolving a DSL Implementation,Generative and Transformational Techniques in Software Engineering II,,,,10.1007/978-3-540-88643-3_11,Laurence Tratt,2008,https://link.springer.com/chapter/10.1007/978-3-540-88643-3_11,Chapter
Runtime Verification of C Programs,Testing of Software and Communicating Systems,,,,10.1007/978-3-540-68524-1_3,Klaus Havelund,2008,https://link.springer.com/chapter/10.1007/978-3-540-68524-1_3,Conference paper
A service level model and Internet mobility monitor,Telecommunication Systems,,,,10.1007/s11235-008-9072-6,Christer ÅhlundStefan WallinKarl AnderssonRobert Brännström,2008,https://link.springer.com/article/10.1007/s11235-008-9072-6,Article
A Component Framework for Java-Based Real-Time Embedded Systems,Middleware 2008,,,,10.1007/978-3-540-89856-6_7,Aleš PlšekFrédéric LoiretPhilippe MerleLionel Seinturier,2008,https://link.springer.com/chapter/10.1007/978-3-540-89856-6_7,Conference paper
Growing a Language: The GLoo Perspective,Software Composition,,,,10.1007/978-3-540-78789-1_1,Markus Lumpe,2008,https://link.springer.com/chapter/10.1007/978-3-540-78789-1_1,Conference paper
Universal Regular Path Queries,Automatic Program Development,,,,10.1007/978-1-4020-6585-9_11,Oege de MoorDavid LaceyEric Van Wyk,2008,https://link.springer.com/chapter/10.1007/978-1-4020-6585-9_11,Chapter
Probing the Depths of CSP-M: A New fdr-Compliant Validation Tool,Formal Methods and Software Engineering,,,,10.1007/978-3-540-88194-0_18,Michael LeuschelMarc Fontaine,2008,https://link.springer.com/chapter/10.1007/978-3-540-88194-0_18,Conference paper
Computational Divided Differencing and Divided-Difference Arithmetics,Automatic Program Development,,,,10.1007/978-1-4020-6585-9_13,Thomas W. RepsLouis B. Rall,2008,https://link.springer.com/chapter/10.1007/978-1-4020-6585-9_13,Chapter
Testability Transformation – Program Transformation to Improve Testability,Formal Methods and Testing,,,,10.1007/978-3-540-78917-8_11,Mark HarmanAndré BareselDavid BinkleyRobert HieronsLin HuBogdan KorelPhil McMinnMarc Roper,2008,https://link.springer.com/chapter/10.1007/978-3-540-78917-8_11,Chapter
Efficient Deterministic Approaches for Aerodynamic Shape Optimization,Optimization and Computational Fluid Dynamics,,,,10.1007/978-3-540-72153-6_5,Nicolas R. Gauger,2008,https://link.springer.com/chapter/10.1007/978-3-540-72153-6_5,Chapter
Adaptive and Interactive Approaches to Document Analysis,Machine Learning in Document Analysis and Recognition,,,,10.1007/978-3-540-76280-5_9,George NagySriharsha Veeramachaneni,2008,https://link.springer.com/chapter/10.1007/978-3-540-76280-5_9,Chapter
Ontologies in the Legal Domain,Digital Government,,,,10.1007/978-0-387-71611-4_13,Tom Van EngersAlexander BoerJoost BreukerAndré ValenteRadboud Winkels,2008,https://link.springer.com/chapter/10.1007/978-0-387-71611-4_13,Chapter
Black-Hole Binaries,The Universe in X-Rays,,,,10.1007/978-3-540-34412-4_16,Y. Tanaka,2008,https://link.springer.com/chapter/10.1007/978-3-540-34412-4_16,Chapter
Voice services in the evolving telecommunications network,BT Technology Journal,,,,10.1007/s10550-007-0068-7,A. R. WillisI. P. C. BruceN. T. Condick,2007,https://link.springer.com/article/10.1007/s10550-007-0068-7,Article
Compilation and Synthesis Flows,Compilation Techniques for Reconfigurable Architectures,,,,10.1007/978-0-387-09671-1_3,João M. P. CardosoPedro C. Diniz,2008,https://link.springer.com/chapter/10.1007/978-0-387-09671-1_3,Chapter
A Flexible Search Framework for CHR,Constraint Handling Rules,,,,10.1007/978-3-540-92243-8_2,Leslie De KoninckTom SchrijversBart Demoen,2008,https://link.springer.com/chapter/10.1007/978-3-540-92243-8_2,Chapter
Security for Multithreaded Programs Under Cooperative Scheduling,Perspectives of Systems Informatics,,,,10.1007/978-3-540-70881-0_43,Alejandro RussoAndrei Sabelfeld,2007,https://link.springer.com/chapter/10.1007/978-3-540-70881-0_43,Conference paper
Distant radio galaxies and their environments,The Astronomy and Astrophysics Review,,,,10.1007/s00159-007-0008-z,George MileyCarlos De Breuck,2008,https://link.springer.com/article/10.1007/s00159-007-0008-z,Article
Compiler-Directed Dynamic CPU Frequency and Voltage Scaling,Designing Embedded Processors,,,,10.1007/978-1-4020-5869-1_14,Chung-Hsing HsuUlrich Kremer,2007,https://link.springer.com/chapter/10.1007/978-1-4020-5869-1_14,Chapter
A Concurrency Abstraction for Reliable Sensor Network Applications,Reliable Systems on Unreliable Networked Platforms,,,,10.1007/978-3-540-71156-8_8,János SallaiMiklós MarótiÁkos Lédeczi,2007,https://link.springer.com/chapter/10.1007/978-3-540-71156-8_8,Conference paper
Efficient Modeling of Concurrent Systems in BMC,Model Checking Software,,,,10.1007/978-3-540-85114-1_10,Malay K. GanaiAarti Gupta,2008,https://link.springer.com/chapter/10.1007/978-3-540-85114-1_10,Conference paper
Automatic Sparsity Detection Implemented as a Source-to-Source Transformation,Computational Science – ICCS 2006,,,,10.1007/11758549_81,Ralf GieringThomas Kaminski,2006,https://link.springer.com/chapter/10.1007/11758549_81,Conference paper
Static Analysis on x86 Executables for Preventing Automatic Mimicry Attacks,"Detection of Intrusions and Malware, and Vulnerability Assessment",,,,10.1007/978-3-540-73614-1_13,Danilo BruschiLorenzo CavallaroAndrea Lanzi,2007,https://link.springer.com/chapter/10.1007/978-3-540-73614-1_13,Conference paper
Instrumentation Framework,Cooperative Bug Isolation,,,,10.1007/978-3-540-71878-9_2,Ben Liblit,2007,https://link.springer.com/chapter/10.1007/978-3-540-71878-9_2,Chapter
Designing a Posture Analysis System with Hardware Implementation,"The Journal of VLSI Signal Processing Systems for Signal, Image, and Video Technology",,,,10.1007/s11265-006-0016-7,J. G. F. CoutinhoM. P. T. JuvonenJ. L. WangB. L. LoW. LukO. MencerG. Z. Yang,2007,https://link.springer.com/article/10.1007/s11265-006-0016-7,Article
A Parallel Infrastructure on Dynamic EPIC SMT,Algorithms and Architectures for Parallel Processing,,,,10.1007/978-3-540-72905-1_15,Qingying DengMinxuan ZhangJiang Jiang,2007,https://link.springer.com/chapter/10.1007/978-3-540-72905-1_15,Conference paper
Strategies for Compiling μTC to Novel Chip Multiprocessors,"Embedded Computer Systems: Architectures, Modeling, and Simulation",,,,10.1007/978-3-540-73625-7_15,Thomas A. M. BernardChris R. JesshopePeter M. W. Knijnenburg,2007,https://link.springer.com/chapter/10.1007/978-3-540-73625-7_15,Conference paper
Compiling C Programs into a Strongly Typed Assembly Language,Advances in Computer Science – ASIAN 2007. Computer and Network Security,,,,10.1007/978-3-540-76929-3_3,Takahiro KosakaiToshiyuki MaedaAkinori Yonezawa,2007,https://link.springer.com/chapter/10.1007/978-3-540-76929-3_3,Conference paper
Parallelizing Constraint Programs Transparently,Principles and Practice of Constraint Programming – CP 2007,,,,10.1007/978-3-540-74970-7_37,Laurent MichelAndrew SeePascal Van Hentenryck,2007,https://link.springer.com/chapter/10.1007/978-3-540-74970-7_37,Conference paper
Practical Considerations,Cooperative Bug Isolation,,,,10.1007/978-3-540-71878-9_3,Ben Liblit,2007,https://link.springer.com/chapter/10.1007/978-3-540-71878-9_3,Chapter
Relaxation Labeling for Selecting and Exploiting Efficiently Non-local Dependencies in Sequence Labeling,Knowledge Discovery in Databases: PKDD 2007,,,,10.1007/978-3-540-74976-9_30,Guillaume WisniewskiPatrick Gallinari,2007,https://link.springer.com/chapter/10.1007/978-3-540-74976-9_30,Conference paper
Runtime support for scalable programming in Java,The Journal of Supercomputing,,,,10.1007/s11227-007-0125-5,Sang Boem LimHanku LeeBryan CarpenterGeoffrey Fox,2007,https://link.springer.com/article/10.1007/s11227-007-0125-5,Article
Parallelization of Generic Libraries Based on Type Properties,Computational Science – ICCS 2007,,,,10.1007/978-3-540-72584-8_82,Prabhanjan KambadurDouglas GregorAndrew Lumsdaine,2007,https://link.springer.com/chapter/10.1007/978-3-540-72584-8_82,Conference paper
Register File Management and Compiler Optimization on EDSMT,Frontiers of High Performance Computing and Networking ISPA 2007 Workshops,,,,10.1007/978-3-540-74767-3_41,Qingying DengMinxuan ZhangJiang Jiang,2007,https://link.springer.com/chapter/10.1007/978-3-540-74767-3_41,Conference paper
An Information Flow Verifier for Small Embedded Systems,"Information Security Theory and Practices. Smart Cards, Mobile and Ubiquitous Computing Systems",,,,10.1007/978-3-540-72354-7_16,Dorina GhindiciGilles GrimaudIsabelle Simplot-Ryl,2007,https://link.springer.com/chapter/10.1007/978-3-540-72354-7_16,Conference paper
Eliminating synchronization faults in air traffic control software via design for verification with concurrency controllers,Automated Software Engineering,,,,10.1007/s10515-007-0008-2,Aysu Betin CanTevfik BultanMikael LindvallBenjamin LuxStefan Topp,2007,https://link.springer.com/article/10.1007/s10515-007-0008-2,Article
Mobile Agent-Based Directed Diffusion in Wireless Sensor Networks,EURASIP Journal on Advances in Signal Processing,,,,10.1155/2007/36871,Min ChenTaekyoung KwonYong YuanYanghee ChoiVictor C.M. Leung,2006,https://link.springer.com/article/10.1155/2007/36871,Article
A Parallel Infrastructure on Dynamic EPIC SMT and Its Speculation Optimization,Parallel and Distributed Processing and Applications,,,,10.1007/978-3-540-74742-0_23,Qingying DengMinxuan ZhangJiang Jiang,2007,https://link.springer.com/chapter/10.1007/978-3-540-74742-0_23,Conference paper
Implementing Fault Tolerance Using Aspect Oriented Programming,Dependable Computing,,,,10.1007/978-3-540-75294-3_6,Ruben AlexanderssonPeter Öhman,2007,https://link.springer.com/chapter/10.1007/978-3-540-75294-3_6,Conference paper
Region Stability Proofs for Hybrid Systems,Formal Modeling and Analysis of Timed Systems,,,,10.1007/978-3-540-75454-1_23,Andreas PodelskiSilke Wagner,2007,https://link.springer.com/chapter/10.1007/978-3-540-75454-1_23,Conference paper
Choosing a Test Modeling Language: A Survey,"Hardware and Software, Verification and Testing",,,,10.1007/978-3-540-70889-6_16,Alan HartmanMika KataraSergey Olvovsky,2007,https://link.springer.com/chapter/10.1007/978-3-540-70889-6_16,Conference paper
Automatic Memory Access Analysis with Periscope,Computational Science – ICCS 2007,,,,10.1007/978-3-540-72586-2_119,Michael GerndtEdmond Kereku,2007,https://link.springer.com/chapter/10.1007/978-3-540-72586-2_119,Conference paper
Single Data Copying for MPI Communication Optimization on Shared Memory System,Computational Science – ICCS 2007,,,,10.1007/978-3-540-72584-8_93,Qiankun MiaoGuangzhong SunJiulong ShanGuoliang Chen,2007,https://link.springer.com/chapter/10.1007/978-3-540-72584-8_93,Conference paper
Differentiating Primary Human Cells in Rapid-Throughput Discovery Applications,High Content Screening,,,,10.1385/1-59745-217-3:121,Daniel R. MarshakDale E. Greenwalt,2007,https://link.springer.com/chapter/10.1385/1-59745-217-3:121,Protocol
Delayed and Controlled Failures in Tamper-Resistant Software,Information Hiding,,,,10.1007/978-3-540-74124-4_15,Gang TanYuqun ChenMariusz H. Jakubowski,2007,https://link.springer.com/chapter/10.1007/978-3-540-74124-4_15,Conference paper
Nested Parallelism in the OMPi OpenMP/C Compiler,Euro-Par 2007 Parallel Processing,,,,10.1007/978-3-540-74466-5_70,Panagiotis E. HadjidoukasVassilios V. Dimakopoulos,2007,https://link.springer.com/chapter/10.1007/978-3-540-74466-5_70,Conference paper
Data Pipeline Optimization for Shared Memory Multiple-SIMD Architecture,Languages and Compilers for Parallel Computing,,,,10.1007/978-3-540-72521-3_5,Weihua ZhangTao BaoBinyu ZangChuanqi Zhu,2007,https://link.springer.com/chapter/10.1007/978-3-540-72521-3_5,Conference paper
Terrestriality and tree stratum use in a group of Sichuan snub-nosed monkeys,Primates,,,,10.1007/s10329-006-0035-9,Yiming Li,2007,https://link.springer.com/article/10.1007/s10329-006-0035-9,Article
CG-Cell: An NPB Benchmark Implementation on Cell Broadband Engine,Distributed Computing and Networking,,,,10.1007/978-3-540-77444-0_25,Dong LiSong HuangKirk Cameron,2007,https://link.springer.com/chapter/10.1007/978-3-540-77444-0_25,Conference paper
Memory Bank Locality and Its Usage in Reducing Energy Consumption,Designing Embedded Processors,,,,10.1007/978-1-4020-5869-1_8,Mahmut Kandemir,2007,https://link.springer.com/chapter/10.1007/978-1-4020-5869-1_8,Chapter
Applying Code Specialization to FFT Libraries for Integral Parameters,Languages and Compilers for Parallel Computing,,,,10.1007/978-3-540-72521-3_8,Minhaj Ahmad KhanHenri-Pierre Charles,2007,https://link.springer.com/chapter/10.1007/978-3-540-72521-3_8,Conference paper
Modernist Ethics: Really Engaging Popular Culture in Mexico and Brazil,The Ethics of Latin American Literary Criticism,,,,10.1057/9780230607385_5,Esther Gabara,2007,https://link.springer.com/chapter/10.1057/9780230607385_5,Chapter
Background,Sustainable Water Quality Management Policy,,,,10.1007/978-1-4020-5863-9_1,,2007,https://link.springer.com/chapter/10.1007/978-1-4020-5863-9_1,Chapter
DCGs + Memoing = Packrat Parsing but Is It Worth It?,Practical Aspects of Declarative Languages,,,,10.1007/978-3-540-77442-6_13,Ralph BecketZoltan Somogyi,2007,https://link.springer.com/chapter/10.1007/978-3-540-77442-6_13,Conference paper
Component-Based Content Linking Beyond the Application,Web Engineering,,,,10.1007/978-3-540-73597-7_36,Johannes MeineckeFrederic MajerMartin Gaedke,2007,https://link.springer.com/chapter/10.1007/978-3-540-73597-7_36,Conference paper
Debugging Aspect-Enabled Programs,Software Composition,,,,10.1007/978-3-540-77351-1_17,Marc EaddyAlfred AhoWeiping HuPaddy McDonaldJulian Burger,2007,https://link.springer.com/chapter/10.1007/978-3-540-77351-1_17,Conference paper
Achieving Sustainable Development,Moving Millions,,,,10.1007/978-1-4020-6702-0_3,,2007,https://link.springer.com/chapter/10.1007/978-1-4020-6702-0_3,Chapter
Introducing Java SE 6,Beginning Java™ SE 6 Platform,,,,10.1007/978-1-4302-0246-2_1,,2007,https://link.springer.com/chapter/10.1007/978-1-4302-0246-2_1,Chapter
"Compilation Techniques for Power, Energy, and Thermal Management",Designing Embedded Processors,,,,10.1007/978-1-4020-5869-1_13,Ulrich Kremer,2007,https://link.springer.com/chapter/10.1007/978-1-4020-5869-1_13,Chapter
Writing Code in InfoPath,Pro InfoPath 2007,,,,10.1007/978-1-4302-0334-6_9,,2007,https://link.springer.com/chapter/10.1007/978-1-4302-0334-6_9,Chapter
Code Generation from GRC,Compiling Esterel,,,,10.1007/978-0-387-70628-3_9,,2007,https://link.springer.com/chapter/10.1007/978-0-387-70628-3_9,Chapter
On the Implementation of Global Abduction,Computational Logic in Multi-Agent Systems,,,,10.1007/978-3-540-69619-3_13,Henning Christiansen,2007,https://link.springer.com/chapter/10.1007/978-3-540-69619-3_13,Conference paper
Raw materials,The Printing Ink Manual,,,,10.1007/978-1-4020-6187-5_4,M. Clayton,2007,https://link.springer.com/chapter/10.1007/978-1-4020-6187-5_4,Chapter
Formal Efficiency Analysis for Tree Transducer Composition,Theory of Computing Systems,,,,10.1007/s00224-006-1235-9,Janis Voigtlander,2007,https://link.springer.com/article/10.1007/s00224-006-1235-9,Article
The Program Counter Security Model: Automatic Detection and Removal of Control-Flow Side Channel Attacks,Information Security and Cryptology - ICISC 2005,,,,10.1007/11734727_14,David MolnarMatt PiotrowskiDavid SchultzDavid Wagner,2006,https://link.springer.com/chapter/10.1007/11734727_14,Conference paper
ZENTURIO Experiment Management Tool,Grid Computing,,,,10.1007/978-3-540-69262-1_4,Radu ProdanThomas Fahringer,2007,https://link.springer.com/chapter/10.1007/978-3-540-69262-1_4,Chapter
Optimisation Framework,Grid Computing,,,,10.1007/978-3-540-69262-1_6,Radu ProdanThomas Fahringer,2007,https://link.springer.com/chapter/10.1007/978-3-540-69262-1_6,Chapter
Auto-CFD-NOW: A pre-compiler for effectively parallelizing CFD applications on networks of workstations,The Journal of Supercomputing,,,,10.1007/s11227-006-8324-z,Li XiaoXiaodong ZhangZhengqian KuangBaiming FengJichang Kang,2006,https://link.springer.com/article/10.1007/s11227-006-8324-z,Article
"Global Constraint Catalogue: Past, Present and Future",Constraints,,,,10.1007/s10601-006-9010-8,Nicolas BeldiceanuMats CarlssonSophie DemasseyThierry Petit,2007,https://link.springer.com/article/10.1007/s10601-006-9010-8,Article
Performance of parallel communication and spawning primitives on a Linux cluster,Cluster Computing,,,,10.1007/s10586-006-0007-2,David J. JohnstonMartin FleuryMichael LincolnAndrew C. Downton,2006,https://link.springer.com/article/10.1007/s10586-006-0007-2,Article
Experiences with Sweep3D implementations in Co-array Fortran,The Journal of Supercomputing,,,,10.1007/s11227-006-7952-7,Cristian CoarfaYuri DotsenkoJohn Mellor-Crummey,2006,https://link.springer.com/article/10.1007/s11227-006-7952-7,Article
Semi-Automatic Composition of Loop Transformations for Deep Parallelism and Memory Hierarchies,International Journal of Parallel Programming,,,,10.1007/s10766-006-0012-3,Sylvain GirbalNicolas VasilacheCédric BastoulAlbert CohenDavid ParelloMarc SiglerOlivier Temam,2006,https://link.springer.com/article/10.1007/s10766-006-0012-3,Article
Highly dependable concurrent programming using design for verification,Formal Aspects of Computing,,,,10.1007/s00165-006-0017-0,Aysu Betin-CanTevfik Bultan,2006,https://link.springer.com/article/10.1007/s00165-006-0017-0,Article
Classification and Utilization of Abstractions for Optimization,Leveraging Applications of Formal Methods,,,,10.1007/11925040_5,Dan QuinlanMarkus SchordanQing YiAndreas Saebjornsen,2006,https://link.springer.com/chapter/10.1007/11925040_5,Conference paper
Execution transactions for defending against software failures: use and evaluation,International Journal of Information Security,,,,10.1007/s10207-006-0083-6,Stelios SidiroglouAngelos D. Keromytis,2006,https://link.springer.com/article/10.1007/s10207-006-0083-6,Article
Automatic tuning of whole applications using direct search and a performance-based transformation system,The Journal of Supercomputing,,,,10.1007/s11227-006-7957-2,Apan QasemKen KennedyJohn Mellor-Crummey,2006,https://link.springer.com/article/10.1007/s11227-006-7957-2,Article
Semiautomatic Differentiation for Efficient Gradient Computations,"Automatic Differentiation: Applications, Theory, and Implementations",,,,10.1007/3-540-28438-9_13,David M. Gay,2006,https://link.springer.com/chapter/10.1007/3-540-28438-9_13,Conference paper
Improved verification of hardware designs through antecedent conditioned slicing,International Journal on Software Tools for Technology Transfer,,,,10.1007/s10009-006-0022-x,Shobha VasudevanE. Allen EmersonJacob A. Abraham,2006,https://link.springer.com/article/10.1007/s10009-006-0022-x,Article
An Extensible Open-Source Compiler Infrastructure for Testing,"Hardware and Software, Verification and Testing",,,,10.1007/11678779_9,Dan QuinlanShmuel UrRichard Vuduc,2006,https://link.springer.com/chapter/10.1007/11678779_9,Conference paper
Composing Source-to-Source Data-Flow Transformations with Rewriting Strategies and Dependent Dynamic Rewrite Rules,Compiler Construction,,,,10.1007/978-3-540-31985-6_14,Karina OlmosEelco Visser,2005,https://link.springer.com/chapter/10.1007/978-3-540-31985-6_14,Conference paper
VeriTech: a framework for translating among model description notations,International Journal on Software Tools for Technology Transfer,,,,10.1007/s10009-006-0003-0,Orna GrumbergShmuel Katz,2006,https://link.springer.com/article/10.1007/s10009-006-0003-0,Article
Towards a Versatile Pointer Analysis Framework,Euro-Par 2006 Parallel Processing,,,,10.1007/11823285_33,R. CastilloA. TineoF. CorberaA. NavarroR. AsenjoE. L. Zapata,2006,https://link.springer.com/chapter/10.1007/11823285_33,Conference paper
Data-Layout Optimization Using Reuse Distance Distribution,Emerging Directions in Embedded and Ubiquitous Computing,,,,10.1007/11807964_86,Xiong FuYu ZhangYiyun Chen,2006,https://link.springer.com/chapter/10.1007/11807964_86,Conference paper
Data Parallel Iterators for Hierarchical Grid and Tree Algorithms,Euro-Par 2006 Parallel Processing,,,,10.1007/11823285_65,Gerhard Zumbusch,2006,https://link.springer.com/chapter/10.1007/11823285_65,Conference paper
Distributed Constraint-Based Local Search,Principles and Practice of Constraint Programming - CP 2006,,,,10.1007/11889205_26,Laurent MichelAndrew SeePascal Van Hentenryck,2006,https://link.springer.com/chapter/10.1007/11889205_26,Conference paper
Automated Generation of Micro Protocol Descriptions from SDL Design Specifications,SDL 2007: Design for Dependable Systems,,,,10.1007/978-3-540-74984-4_10,Ingmar FliegeReinhard Gotzhein,2007,https://link.springer.com/chapter/10.1007/978-3-540-74984-4_10,Conference paper
SDL Profiles – Formal Semantics and Tool Support,Fundamental Approaches to Software Engineering,,,,10.1007/978-3-540-71289-3_17,R. GrammesR. Gotzhein,2007,https://link.springer.com/chapter/10.1007/978-3-540-71289-3_17,Conference paper
Portfolio delegation under short-selling constraints,Economic Theory,,,,10.1007/s00199-004-0615-0,Juan-Pedro GómezTridib Sharma,2006,https://link.springer.com/article/10.1007/s00199-004-0615-0,Article
A Tool to Display Array Access Patterns in OpenMP Programs,Applied Parallel Computing. State of the Art in Scientific Computing,,,,10.1007/11558958_58,Oscar R. HernandezChunhua LiaoBarbara M. Chapman,2006,https://link.springer.com/chapter/10.1007/11558958_58,Conference paper
Clustering Sentences for Discovering Events in News Articles,Advances in Information Retrieval,,,,10.1007/11735106_59,Martina NaughtonNicholas KushmerickJoe Carthy,2006,https://link.springer.com/chapter/10.1007/11735106_59,Conference paper
Tangent Linear and Adjoint Versions of NASA/GMAO’s Fortran 90 Global Weather Forecast Model,"Automatic Differentiation: Applications, Theory, and Implementations",,,,10.1007/3-540-28438-9_24,Ralf GieringThomas KaminskiRicardo TodlingRonald ErricoRonald GelaroNathan Winslow,2006,https://link.springer.com/chapter/10.1007/3-540-28438-9_24,Conference paper
Efficient Object Querying for Java,ECOOP 2006 – Object-Oriented Programming,,,,10.1007/11785477_3,Darren WillisDavid J. PearceJames Noble,2006,https://link.springer.com/chapter/10.1007/11785477_3,Conference paper
Prolog Cafe: A Prolog to Java Translator System,Declarative Programming for Knowledge Management,,,,10.1007/11963578_1,Mutsunori BanbaraNaoyuki TamuraKatsumi Inoue,2006,https://link.springer.com/chapter/10.1007/11963578_1,Conference paper
MetaBorg in Action: Examples of Domain-Specific Language Embedding and Assimilation Using Stratego/XT,Generative and Transformational Techniques in Software Engineering,,,,10.1007/11877028_10,Martin BravenboerRené de GrootEelco Visser,2006,https://link.springer.com/chapter/10.1007/11877028_10,Chapter
A Cache-Conscious Profitability Model for Empirical Tuning of Loop Fusion,Languages and Compilers for Parallel Computing,,,,10.1007/978-3-540-69330-7_8,Apan QasemKen Kennedy,2006,https://link.springer.com/chapter/10.1007/978-3-540-69330-7_8,Conference paper
Argus: Online Statistical Bug Detection,Fundamental Approaches to Software Engineering,,,,10.1007/11693017_23,Long FeiKyungwoo LeeFei LiSamuel P. Midkiff,2006,https://link.springer.com/chapter/10.1007/11693017_23,Conference paper
The State and Labour Migration Policies in Thailand,"Mobility, Labour Migration and Border Controls in Asia",,,,10.1057/9780230503465_13,Patcharawalai Wongboonsin,2006,https://link.springer.com/chapter/10.1057/9780230503465_13,Chapter
TOSKANA: A Toolkit for Operating System Kernel Aspects,Transactions on Aspect-Oriented Software Development II,,,,10.1007/11922827_7,Michael EngelBernd Freisleben,2006,https://link.springer.com/chapter/10.1007/11922827_7,Conference paper
Hardening the Data,Software-Implemented Hardware Fault Tolerance,,,,10.1007/0-387-32937-4_2,,2006,https://link.springer.com/chapter/10.1007/0-387-32937-4_2,Chapter
Supporting SELL for High-Performance Computing,Languages and Compilers for Parallel Computing,,,,10.1007/978-3-540-69330-7_33,Bjarne StroustrupGabriel Dos Reis,2006,https://link.springer.com/chapter/10.1007/978-3-540-69330-7_33,Conference paper
Efficient Sensitivities for the Spin-Up Phase,"Automatic Differentiation: Applications, Theory, and Implementations",,,,10.1007/3-540-28438-9_25,Thomas KaminskiRalf GieringMichael Voßbeck,2006,https://link.springer.com/chapter/10.1007/3-540-28438-9_25,Conference paper
Lightweight Lexical Closures for Legitimate Execution Stack Access,Compiler Construction,,,,10.1007/11688839_15,Masahiro YasugiTasuku HiraishiTaiichi Yuasa,2006,https://link.springer.com/chapter/10.1007/11688839_15,Conference paper
"The COMPOST, COMPASS, Inject/J and RECODER Tool Suite for Invasive Software Composition: Invasive Composition with COMPASS Aspect-Oriented Connectors",Generative and Transformational Techniques in Software Engineering,,,,10.1007/11877028_14,Dirk HeuzerothUwe AßmannMircea TrifuVolker Kuttruff,2006,https://link.springer.com/chapter/10.1007/11877028_14,Chapter
Live and Heterogeneous Migration of Execution Environments,On the Move to Meaningful Internet Systems 2006: OTM 2006 Workshops,,,,10.1007/11915072_29,Nicolas GeoffrayGaël ThomasBertil Folliot,2006,https://link.springer.com/chapter/10.1007/11915072_29,Conference paper
Stress Urinary Incontinence,"A Seat on the Aisle, Please!",,,,10.1007/0-387-36745-4_4,,2006,https://link.springer.com/chapter/10.1007/0-387-36745-4_4,Chapter
Modeling of Policy-Based Network with SVDB,Artificial Intelligence and Simulation,,,,10.1007/978-3-540-30583-5_35,Won Young LeeHee Suk SeoTae Ho Cho,2005,https://link.springer.com/chapter/10.1007/978-3-540-30583-5_35,Conference paper
Application-Level Checkpointing Techniques for Parallel Programs,Distributed Computing and Internet Technology,,,,10.1007/11951957_21,John Paul WaltersVipin Chaudhary,2006,https://link.springer.com/chapter/10.1007/11951957_21,Conference paper
Botox in urology,International Urogynecology Journal,,,,10.1007/s00192-005-0028-z,Ali ThwainiIqbal ShergillSuresh RadhakrishnanFrank ChinegwundohHadeel Thwaini,2005,https://link.springer.com/article/10.1007/s00192-005-0028-z,Article
Flattening Basic Blocks,"Automatic Differentiation: Applications, Theory, and Implementations",,,,10.1007/3-540-28438-9_11,Jean Utke,2006,https://link.springer.com/chapter/10.1007/3-540-28438-9_11,Conference paper
Model Checking of Hybrid Systems: From Reachability Towards Stability,Hybrid Systems: Computation and Control,,,,10.1007/11730637_38,Andreas PodelskiSilke Wagner,2006,https://link.springer.com/chapter/10.1007/11730637_38,Conference paper
ConTraST – A Configurable SDL Transpiler and Runtime Environment,System Analysis and Modeling: Language Profiles,,,,10.1007/11951148_14,Ingmar FliegeRüdiger GrammesChristian Weber,2006,https://link.springer.com/chapter/10.1007/11951148_14,Conference paper
Combining Static Analysis and Profiling for Estimating Execution Times,Practical Aspects of Declarative Languages,,,,10.1007/978-3-540-69611-7_9,Edison MeraPedro López-GarcíaGermán PueblaManuel CarroManuel V. Hermenegildo,2006,https://link.springer.com/chapter/10.1007/978-3-540-69611-7_9,Conference paper
Type-Driven Automatic Quotation of Concrete Object Code in Meta Programs,Rapid Integration of Software Engineering Techniques,,,,10.1007/11751113_8,J. J. Vinju,2006,https://link.springer.com/chapter/10.1007/11751113_8,Conference paper
"Negotiating Space, Time, and Identity: The Hutton-Pellett Letters and a British Child’s Wartime Evacuation to Canada",Letters across Borders,,,,10.1057/9780230601079_12,Helen Brown,2006,https://link.springer.com/chapter/10.1057/9780230601079_12,Chapter
Formal Development of Mechanisms for Tolerating Transient Faults,Rigorous Development of Complex Fault-Tolerant Systems,,,,10.1007/11916246_10,Dubravka IlićElena TroubitsynaLinas LaibinisColin Snook,2006,https://link.springer.com/chapter/10.1007/11916246_10,Chapter
Polyhedral Code Generation in the Real World,Compiler Construction,,,,10.1007/11688839_16,Nicolas VasilacheCédric BastoulAlbert Cohen,2006,https://link.springer.com/chapter/10.1007/11688839_16,Conference paper
Mistaken Identity: P-values in Epidemiology,Statistical Reasoning in Medicine,,,,10.1007/978-0-387-46212-7_5,Lemuel A. Moyé,2006,https://link.springer.com/chapter/10.1007/978-0-387-46212-7_5,Chapter
Program Transformation with Reflection and Aspect-Oriented Programming,Generative and Transformational Techniques in Software Engineering,,,,10.1007/11877028_3,Shigeru Chiba,2006,https://link.springer.com/chapter/10.1007/11877028_3,Chapter
National Arts and Disruptive Technologies in Blake’s Prospectus of 1793,"Blake, Nation and Empire",,,,10.1057/9780230597068_7,Morris Eaves,2006,https://link.springer.com/chapter/10.1057/9780230597068_7,Chapter
Symbolic Model Checking of Concurrent Programs Using Partial Orders and On-the-Fly Transactions,Computer Aided Verification,,,,10.1007/11817963_28,Vineet KahlonAarti GuptaNishant Sinha,2006,https://link.springer.com/chapter/10.1007/11817963_28,Conference paper
abc : An Extensible AspectJ Compiler,Transactions on Aspect-Oriented Software Development I,,,,10.1007/11687061_9,Pavel AvgustinovAske Simon ChristensenLaurie HendrenSascha KuzinsJennifer LhotákOndřej LhotákOege de MoorDamien SereniGanesh SittampalamJulian Tibble,2006,https://link.springer.com/chapter/10.1007/11687061_9,Conference paper
Distributed Abstract Data Types,"On the Move to Meaningful Internet Systems 2006: CoopIS, DOA, GADA, and ODBASE",,,,10.1007/11914952_40,Gian Pietro PiccoMatteo MigliavaccaAmy L. MurphyGruia-Catalin Roman,2006,https://link.springer.com/chapter/10.1007/11914952_40,Conference paper
Microbiology of Termite Hill (Mound) and Soil,Intestinal Microorganisms of Termites and Other Invertebrates,,,,10.1007/3-540-28185-1_15,Rina KumariMinu SachdevRam PrasadAmar P. GargShweta SharmaPham Huong GiangAjit Varma,2006,https://link.springer.com/chapter/10.1007/3-540-28185-1_15,Chapter
Morphware and Configware,Handbook of Nature-Inspired and Innovative Computing,,,,10.1007/0-387-27705-6_11,Reiner Hartenstein,2006,https://link.springer.com/chapter/10.1007/0-387-27705-6_11,Chapter
Achieving Fault Tolerance,Software-Implemented Hardware Fault Tolerance,,,,10.1007/0-387-32937-4_4,,2006,https://link.springer.com/chapter/10.1007/0-387-32937-4_4,Chapter
Calculating Derivatives,Numerical Optimization,,,,10.1007/978-0-387-40065-5_8,,2006,https://link.springer.com/chapter/10.1007/978-0-387-40065-5_8,Chapter
BIT: A Very Compact Scheme System for Microcontrollers,Higher-Order and Symbolic Computation,,,,10.1007/s10990-005-4877-4,Danny DubéMarc Feeley,2005,https://link.springer.com/article/10.1007/s10990-005-4877-4,Article
Implementing Embedded Systems: Hardware/Software Codesign,Embedded System Design,,,,10.1007/0-387-30087-2_5,,2006,https://link.springer.com/chapter/10.1007/0-387-30087-2_5,Chapter
Fixing Letrec: A Faithful Yet Efficient Implementation of Scheme's Recursive Binding Construct,Higher-Order and Symbolic Computation,,,,10.1007/s10990-005-4878-3,Oscar WaddellDipanwita SarkarR. Kent Dybvig,2005,https://link.springer.com/article/10.1007/s10990-005-4878-3,Article
Scratchpad Memory Optimizations,"Fast, Efficient and Predictable Memory Accesses",,,,10.1007/1-4020-4822-X_4,,2006,https://link.springer.com/chapter/10.1007/1-4020-4822-X_4,Chapter
Workflow Concepts of the Java CoG Kit,Journal of Grid Computing,,,,10.1007/s10723-005-9013-5,Gregor von LaszewskiMike Hategan,2005,https://link.springer.com/article/10.1007/s10723-005-9013-5,Article
Using Static Analysis to Reduce Dynamic Analysis Overhead,Formal Methods in System Design,,,,10.1007/s10703-005-3401-0,Suan Hsi YongSusan Horwitz,2005,https://link.springer.com/article/10.1007/s10703-005-3401-0,Article
Biopolymer-Based Biomaterials as Scaffolds for Tissue Engineering,Tissue Engineering I,,,,10.1007/10_013,James VelemaDavid Kaplan,2006,https://link.springer.com/chapter/10.1007/10_013,Chapter
Provably-correct hardware compilation tools based on pass separation techniques,Formal Aspects of Computing,,,,10.1007/s00165-005-0075-8,Steve McKeeverWayne Luk,2005,https://link.springer.com/article/10.1007/s00165-005-0075-8,Article
Investigations on the carbothermic reduction of chromite ores,Metallurgical and Materials Transactions B,,,,10.1007/s11663-005-0034-z,Dolly ChakrabortyS. RanganathanS. N. Sinha,2005,https://link.springer.com/article/10.1007/s11663-005-0034-z,Article
Experiences with Co-array Fortran on Hardware Shared Memory Platforms,Languages and Compilers for High Performance Computing,,,,10.1007/11532378_24,Yuri DotsenkoCristian CoarfaJohn Mellor-CrummeyDaniel Chavarría-Miranda,2005,https://link.springer.com/chapter/10.1007/11532378_24,Conference paper
A Dynamic Mechanism for Recovering from Buffer Overflow Attacks,Information Security,,,,10.1007/11556992_1,Stelios SidiroglouGiannis GiovanidisAngelos D. Keromytis,2005,https://link.springer.com/chapter/10.1007/11556992_1,Conference paper
Cascading costs: An economic nitrogen cycle,Science in China Series C: Life Sciences,,,,10.1007/BF03187109,William R. MoomawMelissa B. L. Birch,2005,https://link.springer.com/article/10.1007/BF03187109,Article
The use of the generalized Waring process in modelling informetric data,Scientometrics,,,,10.1007/s11192-005-0250-y,Quentin L. Burrell,2005,https://link.springer.com/article/10.1007/s11192-005-0250-y,Article
An application of the time- and magnitude-predictable model to long-term earthquake prediction in eastern Anatolia,Journal of Seismology,,,,10.1007/s10950-005-0037-x,Nilgün Sayil,2005,https://link.springer.com/article/10.1007/s10950-005-0037-x,Article
Parallel Local Search in Comet,Principles and Practice of Constraint Programming - CP 2005,,,,10.1007/11564751_33,Laurent MichelPascal Van Hentenryck,2005,https://link.springer.com/chapter/10.1007/11564751_33,Conference paper
"Obscured Activity: AGN, Quasars, Starbursts and ULIGs Observed by the Infrared Space Observatory",Space Science Reviews,,,,10.1007/s11214-005-8072-z,Aprajita VermaVassilis CharmandarisUlrich KlaasDieter LutzMartin Haas,2005,https://link.springer.com/article/10.1007/s11214-005-8072-z,Article
Using Dependent Types to Certify the Safety of Assembly Code,Static Analysis,,,,10.1007/11547662_12,Matthew HarrenGeorge C. Necula,2005,https://link.springer.com/chapter/10.1007/11547662_12,Conference paper
FPL-3: Towards Language Support for Distributed Packet Processing,"NETWORKING 2005. Networking Technologies, Services, and Protocols; Performance of Computer and Communication Networks; Mobile and Wireless Communications Systems",,,,10.1007/11422778_60,Mihai-Lucian CristeaWillem de BruijnHerbert Bos,2005,https://link.springer.com/chapter/10.1007/11422778_60,Conference paper
FPL-3E: Towards Language Support for Reconfigurable Packet Processing,"Embedded Computer Systems: Architectures, Modeling, and Simulation",,,,10.1007/11512622_10,Mihai Lucian CristeaClaudiu ZissulescuEd DeprettereHerbert Bos,2005,https://link.springer.com/chapter/10.1007/11512622_10,Conference paper
An Evaluation of Auto-Scoping in OpenMP,Shared Memory Parallel Programming with Open MP,,,,10.1007/978-3-540-31832-3_9,Michael VossEric ChiuPatrick Man Yan ChowCatherine WongKevin Yuen,2005,https://link.springer.com/chapter/10.1007/978-3-540-31832-3_9,Conference paper
An Energy Reduction Scheduling Mechanism for a High-Performance SoC Architecture,Embedded and Ubiquitous Computing – EUC 2005,,,,10.1007/11596356_30,Slo-Li Chu,2005,https://link.springer.com/chapter/10.1007/11596356_30,Conference paper
Resource-Aware Programming,Embedded Software and Systems,,,,10.1007/11535409_6,Walid Taha,2005,https://link.springer.com/chapter/10.1007/11535409_6,Conference paper
Customisable Hardware Compilation,The Journal of Supercomputing,,,,10.1007/s11227-005-0288-x,Tim TodmanJosé Gabriel de F. CoutinhoWayne Luk,2005,https://link.springer.com/article/10.1007/s11227-005-0288-x,Article
SPC-XML: A Structured Representation for Nested-Parallel Programming Languages,Euro-Par 2005 Parallel Processing,,,,10.1007/11549468_85,Arturo González-EscribanoArjan J. C. van GemundValentín Cardeñoso-Payo,2005,https://link.springer.com/chapter/10.1007/11549468_85,Conference paper
Performance Analysis of Shared-Memory Parallel Applications Using Performance Properties,High Performance Computing and Communications,,,,10.1007/11557654_70,Karl FürlingerMichael Gerndt,2005,https://link.springer.com/chapter/10.1007/11557654_70,Conference paper
Run-Time Profiling of Functional Logic Programs,Logic Based Program Synthesis and Transformation,,,,10.1007/11506676_12,B. BrasselM. HanusF. HuchJ. SilvaG. Vidal,2005,https://link.springer.com/chapter/10.1007/11506676_12,Conference paper
Foundations of Cryptology,Complexity Theory and Cryptology,,,,10.1007/3-540-28520-2_4,,2005,https://link.springer.com/chapter/10.1007/3-540-28520-2_4,Chapter
The Future of Engaged Knowledge Management,Engaged Knowledge Management,,,,10.1057/9780230006072_10,Kevin C. DesouzaYukika Awazu,2005,https://link.springer.com/chapter/10.1057/9780230006072_10,Chapter
Execution Generated Test Cases: How to Make Systems Code Crash Itself,Model Checking Software,,,,10.1007/11537328_2,Cristian CadarDawson Engler,2005,https://link.springer.com/chapter/10.1007/11537328_2,Conference paper
An Overview of the Open Research Compiler,Languages and Compilers for High Performance Computing,,,,10.1007/11532378_3,Chengyong WuRuiqi LianJunchao ZhangRoy JuSun ChanLixia LiuXiaobing FengZhaoqing Zhang,2005,https://link.springer.com/chapter/10.1007/11532378_3,Conference paper
Automated Runtime Validation of Software Architecture Design,Distributed Computing and Internet Technology,,,,10.1007/11604655_52,Zhijiang DongYujian FuYue FuXudong He,2005,https://link.springer.com/chapter/10.1007/11604655_52,Conference paper
Implementing OpenMP for Clusters on Top of MPI,Recent Advances in Parallel Virtual Machine and Message Passing Interface,,,,10.1007/11557265_22,Antonio J. DortaJosé M. BadíaEnrique S. QuintanaFrancisco de Sande,2005,https://link.springer.com/chapter/10.1007/11557265_22,Conference paper
A Polynomial-Time Algorithm for Memory Space Reduction,International Journal of Parallel Programming,,,,10.1007/s10766-004-1459-8,Yonghong SongCheng WangZhiyuan Li,2005,https://link.springer.com/article/10.1007/s10766-004-1459-8,Article
Heterogeneity of starch granules and the effect of granule channelization on starch modification*,Cellulose,,,,10.1023/B:CELL.0000025399.66700.d7,John E. FannonJonathan A. GrayNinik GunawanKerry C. HuberJames N. BeMiller,2004,https://link.springer.com/article/10.1023/B:CELL.0000025399.66700.d7,Article
Systemc and OCAPI-XL Based System-Level Design for Reconfigurable Systems-on-Chip,Advances in Design and Specification Languages for SoCs,,,,10.1007/0-387-26151-6_18,Kari TiensyrjäMiroslav CupakKostas MasselosMarko PettissaloKonstantinos PotamianosYang QuLuc RyndersGeert VanmeerbeeckNikos VorosYan Zhang,2005,https://link.springer.com/chapter/10.1007/0-387-26151-6_18,Chapter
Evaluating Iterative Compilation,Languages and Compilers for Parallel Computing,,,,10.1007/11596110_24,G. G. FursinM. F. P. O’BoyleP. M. W. Knijnenburg,2005,https://link.springer.com/chapter/10.1007/11596110_24,Conference paper
Preprocessing Eden with Template Haskell,Generative Programming and Component Engineering,,,,10.1007/11561347_24,Steffen Priebe,2005,https://link.springer.com/chapter/10.1007/11561347_24,Conference paper
Memory Space Conscious Loop Iteration Duplication for Reliable Execution,Static Analysis,,,,10.1007/11547662_6,G. ChenM. KandemirM. Karakoy,2005,https://link.springer.com/chapter/10.1007/11547662_6,Conference paper
Introduction,Climate Trading,,,,10.1057/9780230513846_1,Deborah Stowell,2005,https://link.springer.com/chapter/10.1057/9780230513846_1,Chapter
Selector: A Language Construct for Developing Dynamic Applications,Languages and Compilers for Parallel Computing,,,,10.1007/11596110_15,Pedro C. DinizBing Liu,2005,https://link.springer.com/chapter/10.1007/11596110_15,Conference paper
A Social Semantics for Multi-agent Systems,Logic Programming and Nonmonotonic Reasoning,,,,10.1007/11546207_25,Francesco BuccafurriGianluca Caminiti,2005,https://link.springer.com/chapter/10.1007/11546207_25,Conference paper
Induction Variable Analysis with Delayed Abstractions,High Performance Embedded Architectures and Compilers,,,,10.1007/11587514_15,Sebastian PopAlbert CohenGeorges-André Silber,2005,https://link.springer.com/chapter/10.1007/11587514_15,Conference paper
A Generative Programming Approach to Interactive Information Retrieval:Insights and Experiences,Generative Programming and Component Engineering,,,,10.1007/11561347_15,Saverio PeruginiNaren Ramakrishnan,2005,https://link.springer.com/chapter/10.1007/11561347_15,Conference paper
A Multi-Agent Architecture for Distributed Domain-Specific Information Integration,Net-Centric Approaches to Intelligence and National Security,,,,10.1007/0-387-26176-1_7,Shahram RahimiNorm CarverFrederick Petry,2005,https://link.springer.com/chapter/10.1007/0-387-26176-1_7,Chapter
A Full Pattern-Based Paradigm for XML Query Processing,Practical Aspects of Declarative Languages,,,,10.1007/978-3-540-30557-6_18,Véronique BenzakenGiuseppe CastagnaCédric Miachon,2005,https://link.springer.com/chapter/10.1007/978-3-540-30557-6_18,Conference paper
An overview of JML tools and applications,International Journal on Software Tools for Technology Transfer,,,,10.1007/s10009-004-0167-4,Lilian BurdyYoonsik CheonDavid R. CokMichael D. ErnstJoseph R. KiniryGary T. Leavens K. Rustan M. LeinoErik Poll,2004,https://link.springer.com/article/10.1007/s10009-004-0167-4,Article
Program Generation and Components,Formal Methods for Components and Objects,,,,10.1007/11561163_10,D. AnconaE. Moggi,2005,https://link.springer.com/chapter/10.1007/11561163_10,Conference paper
Lessons Learned from Model Checking a NASA Robot Controller,Formal Methods in System Design,,,,10.1023/B:FORM.0000040029.73127.85,Natasha SharyginaJames BrowneFei XieRobert KurshanVladimir Levin,2004,https://link.springer.com/article/10.1023/B:FORM.0000040029.73127.85,Article
Low Power Engineering,Embedded Systems Design,,,,10.1007/978-3-540-31973-3_30,Bruno BouyssounouseJoseph Sifakis,2005,https://link.springer.com/chapter/10.1007/978-3-540-31973-3_30,Chapter
"Obscured Activity: AGN, Quasars, Starbursts and ULIGs Observed by the Infrared Space Observatory",ISO Science Legacy,,,,10.1007/1-4020-3844-5_15,Aprajita VermaVassilis CharmandarisUlrich KlaasDieter LutzMartin Haas,2005,https://link.springer.com/chapter/10.1007/1-4020-3844-5_15,Chapter
Random Variables,Probability: A Graduate Course,,,,10.1007/0-387-27332-8_2,,2005,https://link.springer.com/chapter/10.1007/0-387-27332-8_2,Chapter
A New Approach to Software-Implemented Fault Tolerance,Journal of Electronic Testing,,,,10.1023/B:JETT.0000039610.30724.b2,M. RebaudengoM. Sonza ReordaM. Violante,2004,https://link.springer.com/article/10.1023/B:JETT.0000039610.30724.b2,Article
ARCHERR: Runtime Environment Driven Program Safety,Computer Security – ESORICS 2004,,,,10.1007/978-3-540-30108-0_24,Ramkumar ChinchaniAnusha IyerBharat JayaramanShambhu Upadhyaya,2004,https://link.springer.com/chapter/10.1007/978-3-540-30108-0_24,Conference paper
Source-Level Models for Software Power Optimization,Ultra Low-Power Electronics and Design,,,,10.1007/1-4020-8076-X_9,Carlo BrandoleseWilliam FornaciariFabio Salice,2004,https://link.springer.com/chapter/10.1007/1-4020-8076-X_9,Chapter
Soft X-Ray Spectroscopy of Astrophysical Plasmas,High-Energy Spectroscopic Astrophysics,,,,10.1007/3-540-27013-2_1,S.M. Kahn,2005,https://link.springer.com/chapter/10.1007/3-540-27013-2_1,Chapter
Combined Application of Data Transfer and Storage Optimizing Transformations and Subword Parallelism Exploitation for Power Consumption and Execution Time Reduction in VLIW Multimedia Processors,"Journal of VLSI signal processing systems for signal, image and video technology",,,,10.1023/B:VLSI.0000017003.70829.34,K. MasselosF. CatthoorC. E. GoutisH. DeMan,2004,https://link.springer.com/article/10.1023/B:VLSI.0000017003.70829.34,Article
A Lightweight Framework for Executing Task Parallelism on Top of MPI,Recent Advances in Parallel Virtual Machine and Message Passing Interface,,,,10.1007/978-3-540-30218-6_41,P. E. Hadjidoukas,2004,https://link.springer.com/chapter/10.1007/978-3-540-30218-6_41,Conference paper
Semantic-Driven Parallelization of Loops Operating on User-Defined Containers,Languages and Compilers for Parallel Computing,,,,10.1007/978-3-540-24644-2_34,Dan QuinlanMarkus SchordanQing YiBronis R. de Supinski,2004,https://link.springer.com/chapter/10.1007/978-3-540-24644-2_34,Conference paper
Simulation of silica fume blended cement hydration,Materials and Structures,,,,10.1007/BF02479636,J. YajunJ. H. Cahyadi,2004,https://link.springer.com/article/10.1007/BF02479636,Article
A Framework for Orthogonal Data and Control Parallelism Exploitation,Computational Science and Its Applications – ICCSA 2004,,,,10.1007/978-3-540-24709-8_22,S. CampaM. Danelutto,2004,https://link.springer.com/chapter/10.1007/978-3-540-24709-8_22,Conference paper
ORC-OpenMP: An OpenMP Compiler Based on ORC,Computational Science - ICCS 2004,,,,10.1007/978-3-540-24688-6_55,Yongjian ChenJianjiang LiShengyuan WangDingxing Wang,2004,https://link.springer.com/chapter/10.1007/978-3-540-24688-6_55,Conference paper
CAS-DSM: A Compiler Assisted Software Distributed Shared Memory,International Journal of Parallel Programming,,,,10.1023/B:IJPP.0000023480.82632.87,N. P. ManojK. V. ManjunathR. Govindarajan,2004,https://link.springer.com/article/10.1023/B:IJPP.0000023480.82632.87,Article
3. The SAFL Language,Higher-Level Hardware Synthesis,,,,10.1007/978-3-540-24657-2_3,Richard Sharp,2004,https://link.springer.com/chapter/10.1007/978-3-540-24657-2_3,Chapter
Translating Software Designs for Model Checking,Fundamental Approaches to Software Engineering,,,,10.1007/978-3-540-24721-0_24,Fei XieVladimir LevinRobert P. KurshanJames C. Browne,2004,https://link.springer.com/chapter/10.1007/978-3-540-24721-0_24,Conference paper
αSPIN: A tool for abstract model checking,International Journal on Software Tools for Technology Transfer,,,,10.1007/s10009-003-0122-9,María del Mar GallardoJesús MartínezPedro MerinoErnesto Pimentel,2004,https://link.springer.com/article/10.1007/s10009-003-0122-9,Article
Partially Evaluating Grid Services by DJmix,Grid and Cooperative Computing,,,,10.1007/978-3-540-24679-4_128,Hongyan MaoLinpeng HuangYongqiang Sun,2004,https://link.springer.com/chapter/10.1007/978-3-540-24679-4_128,Conference paper
Meta-programming with Typed Object-Language Representations,Generative Programming and Component Engineering,,,,10.1007/978-3-540-30175-2_8,Emir PašalićNathan Linger,2004,https://link.springer.com/chapter/10.1007/978-3-540-30175-2_8,Conference paper
Type Inference for Parameterized Race-Free Java,"Verification, Model Checking, and Abstract Interpretation",,,,10.1007/978-3-540-24622-0_14,Rahul AgarwalScott D. Stoller,2004,https://link.springer.com/chapter/10.1007/978-3-540-24622-0_14,Conference paper
A Unification of Inheritance and Automatic Program Specialization,Generative Programming and Component Engineering,,,,10.1007/978-3-540-30175-2_13,Ulrik P. Schultz,2004,https://link.springer.com/chapter/10.1007/978-3-540-30175-2_13,Conference paper
Putting Polyhedral Loop Transformations to Work,Languages and Compilers for Parallel Computing,,,,10.1007/978-3-540-24644-2_14,Cédric BastoulAlbert CohenSylvain GirbalSaurabh SharmaOlivier Temam,2004,https://link.springer.com/chapter/10.1007/978-3-540-24644-2_14,Conference paper
Co-array Fortran Performance and Potential: An NPB Experimental Study,Languages and Compilers for Parallel Computing,,,,10.1007/978-3-540-24644-2_12,Cristian CoarfaYuri DotsenkoJason EckhardtJohn Mellor-Crummey,2004,https://link.springer.com/chapter/10.1007/978-3-540-24644-2_12,Conference paper
FFT Compiler Techniques,Compiler Construction,,,,10.1007/978-3-540-24723-4_15,Stefan KralFranz FranchettiJuergen LorenzChristoph W. UeberhuberPeter Wurzinger,2004,https://link.springer.com/chapter/10.1007/978-3-540-24723-4_15,Conference paper
Intermediate Representations and Their Suitability for Source Code Optimization,Source Code Optimization Techniques for Data Flow Dominated Embedded Software,,,,10.1007/978-1-4020-2829-8_4,Heiko FalkPeter Marwedel,2004,https://link.springer.com/chapter/10.1007/978-1-4020-2829-8_4,Chapter
Improved Compilation of Prolog to C Using Moded Types and Determinism Information,Practical Aspects of Declarative Languages,,,,10.1007/978-3-540-24836-1_7,J. MoralesManuel CarroManuel Hermenegildo,2004,https://link.springer.com/chapter/10.1007/978-3-540-24836-1_7,Conference paper
Inductive Theorem Proving by Program Specialisation: Generating Proofs for Isabelle Using Ecce,Logic Based Program Synthesis and Transformation,,,,10.1007/978-3-540-25938-1_1,Helko LehmannMichael Leuschel,2004,https://link.springer.com/chapter/10.1007/978-3-540-25938-1_1,Conference paper
Call-by-Value Mixin Modules,Programming Languages and Systems,,,,10.1007/978-3-540-24725-8_6,Tom HirschowitzXavier LeroyJ. B. Wells,2004,https://link.springer.com/chapter/10.1007/978-3-540-24725-8_6,Conference paper
Increasing Pipelined IP Core Utilization in Process Networks Using Exploration,Field Programmable Logic and Application,,,,10.1007/978-3-540-30117-2_70,Claudiu ZissulescuBart KienhuisEd Deprettere,2004,https://link.springer.com/chapter/10.1007/978-3-540-30117-2_70,Conference paper
Applications of HPJava,Languages and Compilers for Parallel Computing,,,,10.1007/978-3-540-24644-2_10,Bryan CarpenterGeoffrey FoxHan-Ku LeeSang Boem Lim,2004,https://link.springer.com/chapter/10.1007/978-3-540-24644-2_10,Conference paper
Evaluating Passage Retrieval Approaches for Question Answering,Advances in Information Retrieval,,,,10.1007/978-3-540-24752-4_6,Ian RobertsRobert Gaizauskas,2004,https://link.springer.com/chapter/10.1007/978-3-540-24752-4_6,Conference paper
Design Examples,SPARK: A Parallelizing Approach to the High-Level Synthesis of Digital Circuits,,,,10.1007/1-4020-7838-2_10,,2004,https://link.springer.com/chapter/10.1007/1-4020-7838-2_10,Chapter
An Implementation of Subtyping Among Regular Expression Types,Programming Languages and Systems,,,,10.1007/978-3-540-30477-7_5,Kenny Zhuo Ming LuMartin Sulzmann,2004,https://link.springer.com/chapter/10.1007/978-3-540-30477-7_5,Conference paper
1. Introduction,Higher-Level Hardware Synthesis,,,,10.1007/978-3-540-24657-2_1,Richard Sharp,2004,https://link.springer.com/chapter/10.1007/978-3-540-24657-2_1,Chapter
Online Justification for Tabled Logic Programs,Functional and Logic Programming,,,,10.1007/978-3-540-24754-8_4,Giridhar PemmasaniHai-Feng GuoYifei DongC. R. RamakrishnanI. V. Ramakrishnan,2004,https://link.springer.com/chapter/10.1007/978-3-540-24754-8_4,Conference paper
Developing Portable Software,Information Technology,,,,10.1007/1-4020-8159-6_3,James D. Mooney,2004,https://link.springer.com/chapter/10.1007/1-4020-8159-6_3,Conference paper
"DNA adduct formation and physiological effects from crude oil distillate and its derived base oil in isolated, perfused rat liver",Archives of Toxicology,,,,10.1007/s00204-003-0489-0,Eszter NagyUlf G. NorénMagnus ZeisigLars-Gösta EkströmLennart Möller,2003,https://link.springer.com/article/10.1007/s00204-003-0489-0,Article
Implementing in Java,Systems Building with Oracle,,,,10.1007/978-0-230-00094-0_14,William Smith,2004,https://link.springer.com/chapter/10.1007/978-0-230-00094-0_14,Chapter
On the Semantics of Logic Program Composition,Program Development in Computational Logic,,,,10.1007/978-3-540-25951-0_5,Antonio Brogi,2004,https://link.springer.com/chapter/10.1007/978-3-540-25951-0_5,Chapter
Agile Parsing in TXL,Automated Software Engineering,,,,10.1023/A:1025801405075,Thomas R. DeanJames R. CordyAndrew J. MaltonKevin A. Schneider,2003,https://link.springer.com/article/10.1023/A:1025801405075,Article
Remote method invocation as a first-class citizen,Distributed Computing,,,,10.1007/s00446-003-0094-8,Walter Cazzola,2003,https://link.springer.com/article/10.1007/s00446-003-0094-8,Article
T,StarBriefs Plus,,,,10.1007/978-0-306-48603-6_20,André Heck,2004,https://link.springer.com/chapter/10.1007/978-0-306-48603-6_20,Chapter
Sequence Quantification,Practical Aspects of Declarative Languages,,,,10.1007/3-540-36388-2_10,Peter Schachte,2003,https://link.springer.com/chapter/10.1007/3-540-36388-2_10,Conference paper
OpenMP for Adaptive Master-Slave Message Passing Applications,High Performance Computing,,,,10.1007/978-3-540-39707-6_49,Panagiotis E. HadjidoukasEleftherios D. PolychronopoulosTheodore S. Papatheodorou,2003,https://link.springer.com/chapter/10.1007/978-3-540-39707-6_49,Conference paper
From Survivor Testimonies to the Discourse of Power,Buried Secrets,,,,10.1057/9781403973375_9,Victoria Sanford,2003,https://link.springer.com/chapter/10.1057/9781403973375_9,Chapter
"Higher-level techniques for hardware description and synthesis
",International Journal on Software Tools for Technology Transfer,,,,10.1007/s10009-002-0086-1,Alan MycroftRichard Sharp,2003,https://link.springer.com/article/10.1007/s10009-002-0086-1,Article
"Towards a First Vertical Prototyping of an
Extremely Fine-Grained Parallel Programming
Approach",Theory of Computing Systems,,,,10.1007/s00224-003-1086-6,"Dorit  NaishlosJoseph  NuzmanChau-Wen
 TsengUzi   Vishkin",2003,https://link.springer.com/article/10.1007/s00224-003-1086-6,Article
Generalized Symbolic Execution for Model Checking and Testing,Tools and Algorithms for the Construction and Analysis of Systems,,,,10.1007/3-540-36577-X_40,Sarfraz KhurshidCorina S. PĂsĂreanuWillem Visser,2003,https://link.springer.com/chapter/10.1007/3-540-36577-X_40,Conference paper
Fail-Safe ANSI-C Compiler: An Approach to Making C Programs Secure Progress Report,Software Security — Theories and Systems,,,,10.1007/3-540-36532-X_9,Yutaka OiwaTatsurou SekiguchiEijiro SumiiAkinori Yonezawa,2003,https://link.springer.com/chapter/10.1007/3-540-36532-X_9,Conference paper
Boolean and Cartesian abstraction for model checking C programs,International Journal on Software Tools for Technology Transfer,,,,10.1007/s10009-002-0095-0,Thomas BallAndreas PodelskiSriram K. Rajamani,2002,https://link.springer.com/article/10.1007/s10009-002-0095-0,Article
Constraining chemical-physical properties of pre-stellar cores,Astrophysics and Space Science,,,,10.1023/A:1026192722760,P. Caselli,2003,https://link.springer.com/article/10.1023/A:1026192722760,Article
Memory Power Reduction for High-Speed Implementation of Turbo Codes,"Journal of VLSI signal processing systems for signal, image and video technology",,,,10.1023/A:1022132031284,B. BougardL. van der PerreF. MaessenA. GiuliettiV. DerudderF. Catthoor,2003,https://link.springer.com/article/10.1023/A:1022132031284,Article
Exploiting Distributed-Memory and Shared-Memory Parallelism on Clusters of SMPs with Data Parallel Programs,International Journal of Parallel Programming,,,,10.1023/A:1021782118861,Siegfried BenknerViera Sipkova,2003,https://link.springer.com/article/10.1023/A:1021782118861,Article
Related Work,Advanced Symbolic Analysis for Compilers,,,,10.1007/3-540-36614-8_6,,2003,https://link.springer.com/chapter/10.1007/3-540-36614-8_6,Chapter
Towards Efficient Execution of MPI Applications on the Grid: Porting and Optimization Issues,Journal of Grid Computing,,,,10.1023/B:GRID.0000024071.12177.91,Rainer KellerEdgar GabrielBettina KrammerMatthias S. MüllerMichael M. Resch,2003,https://link.springer.com/article/10.1023/B:GRID.0000024071.12177.91,Article
"Implementing Multi-stage Languages Using ASTs, Gensym, and Reflection",Generative Programming and Component Engineering,,,,10.1007/978-3-540-39815-8_4,Cristiano CalcagnoWalid TahaLiwen HuangXavier Leroy,2003,https://link.springer.com/chapter/10.1007/978-3-540-39815-8_4,Conference paper
Run-Time Type Checking for Binary Programs,Compiler Construction,,,,10.1007/3-540-36579-6_7,Michael BurrowsStephen N. FreundJanet L. Wiener,2003,https://link.springer.com/chapter/10.1007/3-540-36579-6_7,Conference paper
Model Checking Software via Abstraction of Loop Transitions,Fundamental Approaches to Software Engineering,,,,10.1007/3-540-36578-8_23,Natasha SharyginaJames C. Browne,2003,https://link.springer.com/chapter/10.1007/3-540-36578-8_23,Conference paper
Non-Strict Execution in Parallel and Distributed Computing,International Journal of Parallel Programming,,,,10.1023/A:1022664724413,Alfredo Cristobal-SalasAndrei TchernykhJean-Luc GaudiotWen-Yen Lin,2003,https://link.springer.com/article/10.1023/A:1022664724413,Article
A Hierarchical Test Generation Approach Using Program Slicing Techniques on Hardware Description Languages,Journal of Electronic Testing,,,,10.1023/A:1022885523034,Vivekananda M. VedulaJacob A. AbrahamJayanta BhadraRaghuram Tupuri,2003,https://link.springer.com/article/10.1023/A:1022885523034,Article
Minimizing Variables’ Lifetime in Loop-Intensive Applications,Embedded Software,,,,10.1007/978-3-540-45212-6_8,Noureddine ChabiniWayne Wolf,2003,https://link.springer.com/chapter/10.1007/978-3-540-45212-6_8,Conference paper
Fine-Grained Dynamic Adaptation of Distributed Components,Middleware 2003,,,,10.1007/3-540-44892-6_7,Frédéric PeschanskiJean-Pierre BriotAkinori Yonezawa,2003,https://link.springer.com/chapter/10.1007/3-540-44892-6_7,Conference paper
Model Checking Programs,Automated Software Engineering,,,,10.1023/A:1022920129859,Willem VisserKlaus HavelundGuillaume BratSeungJoon ParkFlavio Lerda,2003,https://link.springer.com/article/10.1023/A:1022920129859,Article
Compiler Directed Parallelization of Loops in Scale for Shared-Memory Multiprocessors,Computational Science — ICCS 2003,,,,10.1007/3-540-44863-2_93,Gregory S. JohnsonSimha Sethumadhavan,2003,https://link.springer.com/chapter/10.1007/3-540-44863-2_93,Conference paper
OpenMP Runtime Support for Clusters of Multiprocessors,OpenMP Shared Memory Parallel Programming,,,,10.1007/3-540-45009-2_15,Panagiotis E. HadjidoukasEleftherios D. PolychronopoulosTheodore S. Papatheodorou,2003,https://link.springer.com/chapter/10.1007/3-540-45009-2_15,Conference paper
Rewriting UNITY,Rewriting Techniques and Applications,,,,10.1007/3-540-44881-0_11,Adam GraniczDaniel M. ZimmermanJason Hickey,2003,https://link.springer.com/chapter/10.1007/3-540-44881-0_11,Conference paper
Partial Collection Replication for Information Retrieval,Information Retrieval,,,,10.1023/A:1023947204209,Zhihong LuKathryn S. McKinley,2003,https://link.springer.com/article/10.1023/A:1023947204209,Article
An Example of an Automatic Differentiation-Based Modelling System,Computational Science and Its Applications — ICCSA 2003,,,,10.1007/3-540-44843-8_11,Thomas KaminskiRalf GieringMarko ScholzePeter RaynerWolfgang Knorr,2003,https://link.springer.com/chapter/10.1007/3-540-44843-8_11,Conference paper
Polyglot: An Extensible Compiler Framework for Java,Compiler Construction,,,,10.1007/3-540-36579-6_11,Nathaniel NystromMichael R. ClarksonAndrew C. Myers,2003,https://link.springer.com/chapter/10.1007/3-540-36579-6_11,Conference paper
Selective Tail Call Elimination,Static Analysis,,,,10.1007/3-540-44898-5_9,Yasuhiko Minamide,2003,https://link.springer.com/chapter/10.1007/3-540-44898-5_9,Conference paper
Laura: Leiden Architecture Research and Exploration Tool,Field Programmable Logic and Application,,,,10.1007/978-3-540-45234-8_88,Claudiu ZissulescuTodor StefanovBart KienhuisEd Deprettere,2003,https://link.springer.com/chapter/10.1007/978-3-540-45234-8_88,Conference paper
Managing the quality and completeness of customer data,Journal of Database Marketing & Customer Strategy Management,,,,10.1057/palgrave.jdm.3240105,B FossI HendersonP JohnsonD MurrayM Stone,2002,https://link.springer.com/article/10.1057/palgrave.jdm.3240105,Article
Program Development Using Abstract Interpretation (And the Ciao System Preprocessor),Static Analysis,,,,10.1007/3-540-44898-5_8,Manuel V. HermenegildoGermán PueblaFrancisco BuenoPedro López-García,2003,https://link.springer.com/chapter/10.1007/3-540-44898-5_8,Conference paper
Computational Divided Differencing and Divided-Difference Arithmetics,Higher-Order and Symbolic Computation,,,,10.1023/A:1023024221391,Thomas W. RepsLouis B. Rall,2003,https://link.springer.com/article/10.1023/A:1023024221391,Article
"A Selective, Just-in-Time Aspect Weaver",Generative Programming and Component Engineering,,,,10.1007/978-3-540-39815-8_12,Yoshiki SatoShigeru ChibaMichiaki Tatsubori,2003,https://link.springer.com/chapter/10.1007/978-3-540-39815-8_12,Conference paper
Introduction,Reasoning About Program Transformations,,,,10.1007/978-0-387-22461-9_1,Jean-François Collard,2003,https://link.springer.com/chapter/10.1007/978-0-387-22461-9_1,Chapter
Translation Schemes for the HPJava Parallel Programming Language,Languages and Compilers for Parallel Computing,,,,10.1007/3-540-35767-X_2,Bryan CarpenterGeoffrey FoxHan-Ku LeeSang Boem Lim,2003,https://link.springer.com/chapter/10.1007/3-540-35767-X_2,Conference paper
Towards Automating Source-Consistent UML Refactorings,«UML» 2003 - The Unified Modeling Language. Modeling Languages and Applications,,,,10.1007/978-3-540-45221-8_15,Pieter Van GorpHans StentenTom MensSerge Demeyer,2003,https://link.springer.com/chapter/10.1007/978-3-540-45221-8_15,Conference paper
Evaluation of OpenMP for the Cyclops Multithreaded Architecture,OpenMP Shared Memory Parallel Programming,,,,10.1007/3-540-45009-2_6,George AlmasiEduard AyguadéCălin CaşcavalJosé CastañosJesús LabartaFrancisco MartínezXavier MartorellJosé Moreira,2003,https://link.springer.com/chapter/10.1007/3-540-45009-2_6,Conference paper
Introducing Custom Language Extensions to SQL:1999,Advanced Information Systems Engineering,,,,10.1007/3-540-45017-3_15,Jernej KovseWolfgang Mahnke,2003,https://link.springer.com/chapter/10.1007/3-540-45017-3_15,Conference paper
Improving Data Locality by Chunking,Compiler Construction,,,,10.1007/3-540-36579-6_23,Cédric BastoulPaul Feautrier,2003,https://link.springer.com/chapter/10.1007/3-540-36579-6_23,Conference paper
NoC Application Programming Interfaces,Networks on Chip,,,,10.1007/0-306-48727-6_12,Zhonghai LuRaimo Haukilahti,2003,https://link.springer.com/chapter/10.1007/0-306-48727-6_12,Chapter
Automatic Detection of Uninitialized Variables,Compiler Construction,,,,10.1007/3-540-36579-6_16,Thi Viet Nga NguyenFrançois IrigoinCorinne AncourtFabien Coelho,2003,https://link.springer.com/chapter/10.1007/3-540-36579-6_16,Conference paper
Transforming Haskell for Tracing,Implementation of Functional Languages,,,,10.1007/3-540-44854-3_11,Olaf ChitilColin RuncimanMalcolm Wallace,2003,https://link.springer.com/chapter/10.1007/3-540-44854-3_11,Conference paper
Termination Analysis with Types Is More Accurate,Logic Programming,,,,10.1007/978-3-540-24599-5_18,Vitaly LagoonFred MesnardPeter J. Stuckey,2003,https://link.springer.com/chapter/10.1007/978-3-540-24599-5_18,Conference paper
Combined Selection of Tile Sizes and Unroll Factors Using Iterative Compilation,The Journal of Supercomputing,,,,10.1023/A:1020989410030,P. M. W. KnijnenburgT. KisukiM. F. P. O'Boyle,2003,https://link.springer.com/article/10.1023/A:1020989410030,Article
JMatch: Iterable Abstract Pattern Matching for Java,Practical Aspects of Declarative Languages,,,,10.1007/3-540-36388-2_9,Jed LiuAndrew C. Myers,2003,https://link.springer.com/chapter/10.1007/3-540-36388-2_9,Conference paper
Systematic Application of Data Transfer and Storage Optimizing Code Transformations for Power Consumption and Execution Time Reduction in ACROPOLIS: A Pre-Compiler for Multimedia Applications,Design Automation for Embedded Systems,,,,10.1023/A:1022340119745,K. MasselosF. CatthoorC. E. GoutisH. De Man,2003,https://link.springer.com/article/10.1023/A:1022340119745,Article
Symbolic Analysis for Parallelizing Compilers,Advanced Symbolic Analysis for Compilers,,,,10.1007/3-540-36614-8_5,,2003,https://link.springer.com/chapter/10.1007/3-540-36614-8_5,Chapter
"Chemical, Protein Precipitation and Bioassays for Tannins, Tannin Levels and Activity in Unconventional Feeds, and Efects and Fate of Tannins",Quantification of Tannins in Tree and Shrub Foliage,,,,10.1007/978-94-017-0273-7_1,Harinder P. S. Makkar,2003,https://link.springer.com/chapter/10.1007/978-94-017-0273-7_1,Chapter
Construction of Convex Relaxations Using Automated Code Generation Techniques,Optimization and Engineering,,,,10.1023/A:1021095211251,Edward P. GatzkeJohn E. TolsmaPaul I. Barton,2002,https://link.springer.com/article/10.1023/A:1021095211251,Article
Hierarchical Models and Software Tools for Parallel Programming,Algorithms for Memory Hierarchies,,,,10.1007/3-540-36574-5_15,Massimo CoppolaMartin Schmollinger,2003,https://link.springer.com/chapter/10.1007/3-540-36574-5_15,Chapter
"Program model checking as a new trend
",International Journal on Software Tools for Technology Transfer,,,,10.1007/s10009-002-0080-7,Klaus HavelundWillem Visser,2002,https://link.springer.com/article/10.1007/s10009-002-0080-7,Article
A Comparison of Co-Array Fortran and OpenMP Fortran for SPMD Programming,The Journal of Supercomputing,,,,10.1023/A:1015322200593,Alan J. Wallcraft,2002,https://link.springer.com/article/10.1023/A:1015322200593,Article
Reducing and Vectorizing Procedures for Telescoping Languages,International Journal of Parallel Programming,,,,10.1023/A:1019804013080,Arun ChauhanKen Kennedy,2002,https://link.springer.com/article/10.1023/A:1019804013080,Article
Scientometrics of laser research in India during 1970-1994,Scientometrics,,,,10.1023/A:1019615723942,K. C. GargP. Padhi,2002,https://link.springer.com/article/10.1023/A:1019615723942,Article
A Fully Compliant OpenMP Implementation on Software Distributed Shared Memory,High Performance Computing — HiPC 2002,,,,10.1007/3-540-36265-7_19,Sven KarlssonSung-Woo LeeMats Brorsson,2002,https://link.springer.com/chapter/10.1007/3-540-36265-7_19,Conference paper
CIL: Intermediate Language and Tools for Analysis and Transformation of C Programs,Compiler Construction,,,,10.1007/3-540-45937-5_16,George C. NeculaScott McPeakShree P. RahulWestley Weimer,2002,https://link.springer.com/chapter/10.1007/3-540-45937-5_16,Conference paper
TINMAN: A Resource Bound Security Checking System for Mobile Code,Computer Security — ESORICS 2002,,,,10.1007/3-540-45853-0_11,Aloysius K. MokWeijiang Yu,2002,https://link.springer.com/chapter/10.1007/3-540-45853-0_11,Conference paper
Source-to-Source Instrumentation for the Optimization of an Automatic Reading System,The Journal of Supercomputing,,,,10.1023/A:1008119209479,P. PereiraL. HeutteY. Lecourtier,2001,https://link.springer.com/article/10.1023/A:1008119209479,Article
Data Transfer and Storage Exploration in Programmable Architectures,Data Access and Storage Management for Embedded Programmable Processors,,,,10.1007/978-1-4757-4903-8_1,Francky CatthoorKoen DanckaertChidamber KulkarniErik BrockmeyerPer Gunnar KjeldsbergTanja Van AchterenThierry Omnes,2002,https://link.springer.com/chapter/10.1007/978-1-4757-4903-8_1,Chapter
On Improving Thread Migration: Safety and Performance,High Performance Computing — HiPC 2002,,,,10.1007/3-540-36265-7_45,Hai JiangVipin Chaudhary,2002,https://link.springer.com/chapter/10.1007/3-540-36265-7_45,Conference paper
Compiling Embedded Programs to Byte Code,Practical Aspects of Declarative Languages,,,,10.1007/3-540-45587-6_9,Morten Rhiger,2002,https://link.springer.com/chapter/10.1007/3-540-45587-6_9,Conference paper
Self Reflection for Adaptive Programming,Generative Programming and Component Engineering,,,,10.1007/3-540-45821-2_3,Giuseppe AttardiAntonio Cisternino,2002,https://link.springer.com/chapter/10.1007/3-540-45821-2_3,Conference paper
Automatic Generation of Efficient Adjoint Code for a Parallel Navier-Stokes Solver,Computational Science — ICCS 2002,,,,10.1007/3-540-46080-2_107,Patrick HeimbachChris HillRalf Giering,2002,https://link.springer.com/chapter/10.1007/3-540-46080-2_107,Conference paper
Compiling Hardware Descriptions with Relative Placement Information for Parametrised Libraries,Formal Methods in Computer-Aided Design,,,,10.1007/3-540-36126-X_21,Steve McKeeverWayne LukArran Derbyshire,2002,https://link.springer.com/chapter/10.1007/3-540-36126-X_21,Conference paper
Iterative Compilation,Embedded Processor Design Challenges,,,,10.1007/3-540-45874-3_10,P. M. W. KnijnenburgT. KisukiM. F. P. O’Boyle,2002,https://link.springer.com/chapter/10.1007/3-540-45874-3_10,Chapter
BioKleisli: Integrating Biomedical Data and Analysis Packages,Bioinformatics: Databases and Systems,,,,10.1007/0-306-46903-0_18,Susan B. DavidsonO. Peter BunemanJonathan CrabtreeVal TannenG. Christian OvertonLimsoon Wong,2002,https://link.springer.com/chapter/10.1007/0-306-46903-0_18,Chapter
"Delayed Evaluation, Self-optimising Software Components as a Programming Model",Euro-Par 2002 Parallel Processing,,,,10.1007/3-540-45706-2_92,Peter LinikerOlav BeckmannPaul H. J. Kelly,2002,https://link.springer.com/chapter/10.1007/3-540-45706-2_92,Conference paper
Language and Compiler Support for Hybrid-Parallel Programming on SMP Clusters,High Performance Computing,,,,10.1007/3-540-47847-7_4,Siegfried BenknerViera Sipkova,2002,https://link.springer.com/chapter/10.1007/3-540-47847-7_4,Conference paper
Dynamic Cheap Eagerness,Implementation of Functional Languages,,,,10.1007/3-540-46028-4_7,Karl-Filip Faxén,2002,https://link.springer.com/chapter/10.1007/3-540-46028-4_7,Conference paper
Macros That Compose: Systematic Macro Programming,Generative Programming and Component Engineering,,,,10.1007/3-540-45821-2_13,Oleg Kiselyov,2002,https://link.springer.com/chapter/10.1007/3-540-45821-2_13,Conference paper
The narrowing-driven approach to functional logic program specialization,New Generation Computing,,,,10.1007/BF03037257,Elvira AlbertGerman Vidal,2002,https://link.springer.com/article/10.1007/BF03037257,Article
Compiling Mercury to High-Level C Code,Compiler Construction,,,,10.1007/3-540-45937-5_15,Fergus HendersonZoltan Somogyi,2002,https://link.springer.com/chapter/10.1007/3-540-45937-5_15,Conference paper
“Three at Once”: The Multidimensional Scope of Labor Crisis in China,Politics in China,,,,10.1007/978-1-137-11768-7_1,Jean-Louis Rocca,2002,https://link.springer.com/chapter/10.1007/978-1-137-11768-7_1,Chapter
A Framework for Translating Models and Specifications,Integrated Formal Methods,,,,10.1007/3-540-47884-1_9,Shmuel KatzOrna Grumberg,2002,https://link.springer.com/chapter/10.1007/3-540-47884-1_9,Conference paper
"A Pure Meta-interpreter for Flat GHC, a Concurrent Constraint Language",Computational Logic: Logic Programming and Beyond,,,,10.1007/3-540-45628-7_7,Kazunori Ueda,2002,https://link.springer.com/chapter/10.1007/3-540-45628-7_7,Chapter
Abstract Data Types and the Development of Data Structures,Software Pioneers,,,,10.1007/978-3-642-59412-0_29,John Guttag,2002,https://link.springer.com/chapter/10.1007/978-3-642-59412-0_29,Chapter
Native Cellulosic Fibers: Structure and Composition,Cellulosic Materials,,,,10.1007/978-1-4615-0825-0_1,Wadood Hamad,2002,https://link.springer.com/chapter/10.1007/978-1-4615-0825-0_1,Chapter
On Enabling the WAM with Region Support,Logic Programming,,,,10.1007/3-540-45619-8_12,Henning MakholmKonstantinos Sagonas,2002,https://link.springer.com/chapter/10.1007/3-540-45619-8_12,Conference paper
Socio-economic Dynamics and Spatial Mobility: A Scenario Application to Environmental Strategies in Transport,Regional Development Reconsidered,,,,10.1007/978-3-642-56194-8_9,Peter NijkampSytze A. RienstraRichard T. M. SmokersJaap M Vleugel,2002,https://link.springer.com/chapter/10.1007/978-3-642-56194-8_9,Chapter
Abstract Interpretation over Non-deterministic Finite Tree Automata for Set-Based Analysis of Logic Programs,Practical Aspects of Declarative Languages,,,,10.1007/3-540-45587-6_16,John P. GallagherGermán Puebla,2002,https://link.springer.com/chapter/10.1007/3-540-45587-6_16,Conference paper
The Military-Civilian Tradeoff in Guatemala: An Econometric Analysis,Arming the South,,,,10.1057/9780230501256_16,Kanta MarwahLawrence R. KleinThomas Scheetz,2002,https://link.springer.com/chapter/10.1057/9780230501256_16,Chapter
Monads and Effects,Applied Semantics,,,,10.1007/3-540-45699-6_2,Nick BentonJohn HughesEugenio Moggi,2002,https://link.springer.com/chapter/10.1007/3-540-45699-6_2,Conference paper
Demonstrator Designs,Data Access and Storage Management for Embedded Programmable Processors,,,,10.1007/978-1-4757-4903-8_8,Francky CatthoorKoen DanckaertChidamber KulkarniErik BrockmeyerPer Gunnar KjeldsbergTanja Van AchterenThierry Omnes,2002,https://link.springer.com/chapter/10.1007/978-1-4757-4903-8_8,Chapter
Energy-Efficient System-Level Design,Power Aware Design Methodologies,,,,10.1007/0-306-48139-1_16,Luca BeniniGiovanni De Micheli,2002,https://link.springer.com/chapter/10.1007/0-306-48139-1_16,Chapter
Socio-economic aspects of water management along the coast of Kenya,Hydrobiologia,,,,10.1023/A:1013182901790,Jacob Ochiewo,2001,https://link.springer.com/article/10.1023/A:1013182901790,Article
Boolean and Cartesian Abstraction for Model Checking C Programs,Tools and Algorithms for the Construction and Analysis of Systems,,,,10.1007/3-540-45319-9_19,Thomas BallAndreas PodelskiSriram K. Rajamani,2001,https://link.springer.com/chapter/10.1007/3-540-45319-9_19,Conference paper
Pre-Main-Sequence Evolution of Stars and Young Clusters,Physics of Star Formation in Galaxies,,,,10.1007/3-540-31633-7_2,Francesco Palla,2002,https://link.springer.com/chapter/10.1007/3-540-31633-7_2,Chapter
"Towards a Mobile Code Management Environment for Complex, Real-Time, Distributed Systems",Real-Time Systems,,,,10.1023/A:1011151522310,Alexander D. StoyenPlamen V. Petrov,2001,https://link.springer.com/article/10.1023/A:1011151522310,Article
The political incorporation of South Asian elites in Britain,Journal of International Migration and Integration / Revue de l'integration et de la migration internationale,,,,10.1007/s12134-001-1028-6,Shamit Saggar,2001,https://link.springer.com/article/10.1007/s12134-001-1028-6,Article
Distinctness and Sharing Domains for Static Analysis of Java Programs,ECOOP 2001 — Object-Oriented Programming,,,,10.1007/3-540-45337-7_5,Isabelle PolletBaudouin Le CharlierAgostino Cortesi,2001,https://link.springer.com/chapter/10.1007/3-540-45337-7_5,Conference paper
Constraint-based deductive model checking,International Journal on Software Tools for Technology Transfer,,,,10.1007/s100090100049,Giorgio DelzannoAndreas Podelski,2001,https://link.springer.com/article/10.1007/s100090100049,Article
Type-Based Useless-Variable Elimination,Higher-Order and Symbolic Computation,,,,10.1023/A:1012944815270,Naoki Kobayashi,2001,https://link.springer.com/article/10.1023/A:1012944815270,Article
Application of lightweight threading techniques to computational chemistry,Journal of Computer-Aided Materials Design,,,,10.1023/A:1020082314817,John ThornleyRichard P. MullerDaniel T. MainzTahir ÇağinWilliam A. Goddard III,2001,https://link.springer.com/article/10.1023/A:1020082314817,Article
Exploiting Ownership Sets in HPF,Languages and Compilers for Parallel Computing,,,,10.1007/3-540-45574-4_17,Pramod G. JoishaPrithviraj Banerjee],2001,https://link.springer.com/chapter/10.1007/3-540-45574-4_17,Conference paper
Cleanness Checking of String Manipulations in C Programs via Integer Analysis,Static Analysis,,,,10.1007/3-540-47764-0_12,Nurit DorMichael RodehMooly Sagiv,2001,https://link.springer.com/chapter/10.1007/3-540-47764-0_12,Conference paper
"Reflections on MOP s, Components, and Java Security",ECOOP 2001 — Object-Oriented Programming,,,,10.1007/3-540-45337-7_14,Denis CaromelJulien Vayssière,2001,https://link.springer.com/chapter/10.1007/3-540-45337-7_14,Conference paper
A simple security–Aware MOP for Java,Metalevel Architectures and Separation of Crosscutting Concerns,,,,10.1007/3-540-45429-2_9,Denis CaromelFabrice HuetJulien Vayssière,2001,https://link.springer.com/chapter/10.1007/3-540-45429-2_9,Conference paper
New Trends in U.S. Industrial Concentration,Review of Industrial Organization,,,,10.1023/A:1007888323241,Frederic L. Pryor,2001,https://link.springer.com/article/10.1023/A:1007888323241,Article
Hardware Synthesis Using SAFL and Application to Processor Design,Correct Hardware Design and Verification Methods,,,,10.1007/3-540-44798-9_2,Alan MycroftRichard Sharp,2001,https://link.springer.com/chapter/10.1007/3-540-44798-9_2,Conference paper
Portable Implementation of Continuation Operators in Imperative Languages by Exception Handling,Advances in Exception Handling Techniques,,,,10.1007/3-540-45407-1_14,Tatsurou SekiguchiTakahiro SakamotoAkinori Yonezawa,2001,https://link.springer.com/chapter/10.1007/3-540-45407-1_14,Chapter
Reflection Support by Means of Template Metaprogramming,Generative and Component-Based Software Engineering,,,,10.1007/3-540-44800-4_11,Giuseppe AttardiAntonio Cisternino,2001,https://link.springer.com/chapter/10.1007/3-540-44800-4_11,Conference paper
LP in the real world,Linear Programming/Critical Path Analysis,,,,10.1007/978-1-4039-3769-8_5,Mik WisniewskiJonathan H. Klein,2001,https://link.springer.com/chapter/10.1007/978-1-4039-3769-8_5,Chapter
"Freja, Hat and Hood - A Comparative Evaluation of Three Systems for Tracing and Debugging Lazy Functional Programs",Implementation of Functional Languages,,,,10.1007/3-540-45361-X_11,Olaf ChitilColin RuncimanMalcolm Wallace,2001,https://link.springer.com/chapter/10.1007/3-540-45361-X_11,Conference paper
Debugging via Run-Time Type Checking,Fundamental Approaches to Software Engineering,,,,10.1007/3-540-45314-8_16,Alexey LoginovSuan Hsi YongSusan HorwitzThomas Reps,2001,https://link.springer.com/chapter/10.1007/3-540-45314-8_16,Conference paper
Cache Models for Iterative Compilation,Euro-Par 2001 Parallel Processing,,,,10.1007/3-540-44681-8_37,Peter M. W. KnijnenburgToru KisukiKyle Gallivan,2001,https://link.springer.com/chapter/10.1007/3-540-44681-8_37,Conference paper
Program Development Environment for OpenMP Programs on ccNUMA Architectures,Large-Scale Scientific Computing,,,,10.1007/3-540-45346-6_21,B. ChapmanO. HernandezA. PatilA. Prabhakar,2001,https://link.springer.com/chapter/10.1007/3-540-45346-6_21,Conference paper
"‘A Mother’s Cares’: Women Workers and Popular Opinion in Stalin’s Russia, 1934–41",Women in the Stalin Era,,,,10.1057/9780230523425_6,Sarah Davies,2001,https://link.springer.com/chapter/10.1057/9780230523425_6,Chapter
A Component Framework for HPC Applications,Euro-Par 2001 Parallel Processing,,,,10.1007/3-540-44681-8_78,Nathalie FurmentoAnthony MayerStephen McGoughSteven NewhouseJohn Darlington,2001,https://link.springer.com/chapter/10.1007/3-540-44681-8_78,Conference paper
Experimental Evaluation of Energy Behavior of Iteration Space Tiling,Languages and Compilers for Parallel Computing,,,,10.1007/3-540-45574-4_10,Mahmut KandemirNarayanan VijaykrishnanMary Jane IrwinHyun Suk Kim,2001,https://link.springer.com/chapter/10.1007/3-540-45574-4_10,Conference paper
Base Class Injection,Generative and Component-Based Software Engineering,,,,10.1007/3-540-44800-4_10,Douglas GregorSibylle SchuppDavid Musser,2001,https://link.springer.com/chapter/10.1007/3-540-44800-4_10,Conference paper
Performance Oriented Programming for NUMA Architechtures,OpenMP Shared Memory Parallel Programming,,,,10.1007/3-540-44587-0_13,Barbara ChapmanAmit PatilAchal Prabhakar,2001,https://link.springer.com/chapter/10.1007/3-540-44587-0_13,Conference paper
A Neural Network Based Tool for Semi-automatic Code Transformation,Vector and Parallel Processing — VECPAR 2000,,,,10.1007/3-540-44942-6_11,Patrick H. CorrPeter MilliganVaughan Purnell,2001,https://link.springer.com/chapter/10.1007/3-540-44942-6_11,Conference paper
Design and Correctness of Program Transformations Based on Control-Flow Analysis,Theoretical Aspects of Computer Software,,,,10.1007/3-540-45500-0_21,Anindya BanerjeeNevin HeintzeJon G. Riecke,2001,https://link.springer.com/chapter/10.1007/3-540-45500-0_21,Conference paper
Integrating Task and Data Parallelism by Means of Coordination Patterns,High-Level Parallel Programming Models and Supportive Environments,,,,10.1007/3-540-45401-2_2,Manuel DíazBartolomé RubioEnrique SolerJosé M. Troya,2001,https://link.springer.com/chapter/10.1007/3-540-45401-2_2,Conference paper
Recursion Unrolling for Divide and Conquer Programs,Languages and Compilers for Parallel Computing,,,,10.1007/3-540-45574-4_3,Radu RuginaMartin Rinard,2001,https://link.springer.com/chapter/10.1007/3-540-45574-4_3,Conference paper
High-Level Data Mapping for Clusters of SMPs,High-Level Parallel Programming Models and Supportive Environments,,,,10.1007/3-540-45401-2_1,Siegfried BenknerThomas Brandes,2001,https://link.springer.com/chapter/10.1007/3-540-45401-2_1,Conference paper
A New Approach to Software Integration Frameworks for Multi-Physics Simulation Codes,The Architecture of Scientific Software,,,,10.1007/978-0-387-35407-1_6,Eric de SturlerJay HoeflingerLaxmikant KaleMilind Bhandarkar,2001,https://link.springer.com/chapter/10.1007/978-0-387-35407-1_6,Chapter
Improving Software Pipelining by Hiding Memory Latency with Combined Loads and Prefetches,Interaction between Compilers and Computer Architectures,,,,10.1007/978-1-4757-3337-2_4,Michael BedySteve CarrSoner ÖnderPhilip Sweany,2001,https://link.springer.com/chapter/10.1007/978-1-4757-3337-2_4,Chapter
Optimizing the Use of High Performance Software Libraries,Languages and Compilers for Parallel Computing,,,,10.1007/3-540-45574-4_15,Samuel Z. GuyerCalvin Lin,2001,https://link.springer.com/chapter/10.1007/3-540-45574-4_15,Conference paper
Parallel Computation: MM +/- X,Informatics,,,,10.1007/3-540-44577-3_16,Lawrence Snyder,2001,https://link.springer.com/chapter/10.1007/3-540-44577-3_16,Chapter
Control-Flow Analysis in Cubic Time,Programming Languages and Systems,,,,10.1007/3-540-45309-1_17,Flemming NielsonHelmut Seidl,2001,https://link.springer.com/chapter/10.1007/3-540-45309-1_17,Conference paper
Improving Cache Effectiveness through Array Data Layout Manipulation in SAC,Implementation of Functional Languages,,,,10.1007/3-540-45361-X_14,Clemens Grelck,2001,https://link.springer.com/chapter/10.1007/3-540-45361-X_14,Conference paper
Binding-Time Annotations without Binding-Time Analysis,"Logic for Programming, Artificial Intelligence, and Reasoning",,,,10.1007/3-540-45653-8_49,Wim VanhoofMaurice Bruynooghe,2001,https://link.springer.com/chapter/10.1007/3-540-45653-8_49,Conference paper
Faithful Translations Among Models and Specifications,FME 2001: Formal Methods for Increasing Software Productivity,,,,10.1007/3-540-45251-6_23,Shmuel Katz,2001,https://link.springer.com/chapter/10.1007/3-540-45251-6_23,Conference paper
Loop Parallelization Algorithms,Compiler Optimizations for Scalable Parallel Systems,,,,10.1007/3-540-45403-9_5,Alain DarteYves RobertFrédéric Vivien,2001,https://link.springer.com/chapter/10.1007/3-540-45403-9_5,Chapter
Using the Bandera Tool Set to Model-Check Properties of Concurrent Java Software,CONCUR 2001 — Concurrency Theory,,,,10.1007/3-540-44685-0_5,John HatcliffMatthew Dwyer,2001,https://link.springer.com/chapter/10.1007/3-540-44685-0_5,Conference paper
Logical Background,Set Theory for Computing,,,,10.1007/978-1-4757-3452-2_2,Domenico CantoneEugenio OmodeoAlberto Policriti,2001,https://link.springer.com/chapter/10.1007/978-1-4757-3452-2_2,Chapter
Glossary for Partial Evaluation and Related Topics,Higher-Order and Symbolic Computation,,,,10.1023/A:1026551132647,Torben Æ. Mogensen,2000,https://link.springer.com/article/10.1023/A:1026551132647,Article
P,StarBriefs 2001,,,,10.1007/978-94-011-4351-6_16,André Heck,2001,https://link.springer.com/chapter/10.1007/978-94-011-4351-6_16,Chapter
Everyday Ethics in International Relations,Ethics and International Relations,,,,10.1057/9780230520455_5,Nicholas Greenwood Onuf,2001,https://link.springer.com/chapter/10.1057/9780230520455_5,Chapter
"Uncontrolled Networks, Continued",Heavy Traffic Analysis of Controlled Queueing and Communication Networks,,,,10.1007/978-1-4613-0005-2_7,Harold J. Kushner,2001,https://link.springer.com/chapter/10.1007/978-1-4613-0005-2_7,Chapter
Safe and Flexible Dynamic Linking of Native Code,Types in Compilation,,,,10.1007/3-540-45332-6_6,Michael HicksStephanie WeirichKarl Crary,2001,https://link.springer.com/chapter/10.1007/3-540-45332-6_6,Conference paper
Automatic Array Privatization,Compiler Optimizations for Scalable Parallel Systems,,,,10.1007/3-540-45403-9_8,Peng TuDavid Padua,2001,https://link.springer.com/chapter/10.1007/3-540-45403-9_8,Chapter
Black-hole binaries,The Century of Space Science,,,,10.1007/978-94-010-0320-9_36,Yasuo Tanaka,2001,https://link.springer.com/chapter/10.1007/978-94-010-0320-9_36,Chapter
T,StarBriefs 2001,,,,10.1007/978-94-011-4351-6_20,André Heck,2001,https://link.springer.com/chapter/10.1007/978-94-011-4351-6_20,Chapter
Compilation Techniques for Multimedia Processors,International Journal of Parallel Programming,,,,10.1023/A:1007507005174,Andreas KrallSylvain Lelait,2000,https://link.springer.com/article/10.1023/A:1007507005174,Article
Supporting flexible data distribution in software DSMs,Journal of Computer Science and Technology,,,,10.1007/BF02950408,Hong JinweiChen GuoliangZhang Zhaoqing,2000,https://link.springer.com/article/10.1007/BF02950408,Article
Retargetable Compiler Case Studies,Retargetable Compiler Technology for Embedded Systems,,,,10.1007/978-1-4757-6420-8_5,Rainer LeupersPeter Marwedel,2001,https://link.springer.com/chapter/10.1007/978-1-4757-6420-8_5,Chapter
Regulatory Implications of Excipient Changes in Medicinal Products,Drug information journal : DIJ / Drug Information Association,,,,10.1177/009286150003400324,Tom Sam,2000,https://link.springer.com/article/10.1177/009286150003400324,Article
Designing the Agassiz Compiler for Concurrent Multithreaded Architectures,Languages and Compilers for Parallel Computing,,,,10.1007/3-540-44905-1_24,B. ZhengJ. Y. TsaiB. Y. ZangT. ChenB. HuangJ. H. LiY. H. DingJ. LiangY. ZhenP. C. YewC. Q. Zhu,2000,https://link.springer.com/chapter/10.1007/3-540-44905-1_24,Conference paper
Natural Semantics-Directed Generation of Compilers and Abstract Machines,Formal Aspects of Computing,,,,10.1007/PL00003929,Stephan Diehl,2000,https://link.springer.com/article/10.1007/PL00003929,Article
A Vectorizing Compiler for Multimedia Extensions,International Journal of Parallel Programming,,,,10.1023/A:1007559022013,N. SreramanR. Govindarajan,2000,https://link.springer.com/article/10.1023/A:1007559022013,Article
OpenJIT Frontend System: An Implementation of the Reflective JIT Compiler Frontend,Reflection and Software Engineering,,,,10.1007/3-540-45046-7_8,Hirotaka OgawaKouya ShimuraSatoshi MatsuokaFuyuhiko MaruyamaYukihiko SohdaYasunori Kimura,2000,https://link.springer.com/chapter/10.1007/3-540-45046-7_8,Conference paper
A Collective I/O Scheme Based on Compiler Analysis,"Languages, Compilers, and Run-Time Systems for Scalable Computers",,,,10.1007/3-540-40889-4_1,Mahmut Taylan Kandemir,2000,https://link.springer.com/chapter/10.1007/3-540-40889-4_1,Conference paper
Accurately Selecting Block Size at Runtime in Pipelined Parallel Programs,International Journal of Parallel Programming,,,,10.1023/A:1007577115980,David K. Lowenthal,2000,https://link.springer.com/article/10.1023/A:1007577115980,Article
Compile-Time Based Performance Prediction,Languages and Compilers for Parallel Computing,,,,10.1007/3-540-44905-1_23,Calin CascavalLuiz DeRoseDavid A. PaduaDaniel A. Reed,2000,https://link.springer.com/chapter/10.1007/3-540-44905-1_23,Conference paper
Class hierarchy specialization,Acta Informatica,,,,10.1007/PL00013298,Frank TipPeter F. Sweeney,2000,https://link.springer.com/article/10.1007/PL00013298,Article
Temporary Arrays for Distribution of Loops with Control Dependences,Euro-Par 2000 Parallel Processing,,,,10.1007/3-540-44520-X_47,Alain DarteGeorges-André Silber,2000,https://link.springer.com/chapter/10.1007/3-540-44520-X_47,Conference paper
KaHPF: Compiler generated Data Prefetching for HPF,High Performance Computing in Science and Engineering ’99,,,,10.1007/978-3-642-59686-5_46,Matthias M. Müller,2000,https://link.springer.com/chapter/10.1007/978-3-642-59686-5_46,Conference paper
Improving Memory Traffic by Assembly-Level Exploitation of Reuses for Vector Registers,The Journal of Supercomputing,,,,10.1023/A:1008134522009,Chih-Yung ChangTzung-Shi ChenJang-Ping Sheu,2000,https://link.springer.com/article/10.1023/A:1008134522009,Article
Medical Issues with Adult Victims of Family Violence,Case Studies in Family Violence,,,,10.1007/978-1-4615-4171-4_7,Richard L. Judd,2000,https://link.springer.com/chapter/10.1007/978-1-4615-4171-4_7,Chapter
The use of domain knowledge in program understanding,Annals of Software Engineering,,,,10.1023/A:1018976708691,Spencer Rugaber,2000,https://link.springer.com/article/10.1023/A:1018976708691,Article
Loop Shifting for Loop Compaction,Languages and Compilers for Parallel Computing,,,,10.1007/3-540-44905-1_26,Alain DarteGuillaume Huard,2000,https://link.springer.com/chapter/10.1007/3-540-44905-1_26,Conference paper
The Reality: Implementation and Force Structure,China and the People’s Liberation Army,,,,10.1007/978-1-349-62319-8_3,Solomon M. Karmel,2000,https://link.springer.com/chapter/10.1007/978-1-349-62319-8_3,Chapter
Online Computation of Critical Paths for Multithreaded Languages,Parallel and Distributed Processing,,,,10.1007/3-540-45591-4_40,Yoshihiro OyamaKenjiro TauraAkinori Yonezawa,2000,https://link.springer.com/chapter/10.1007/3-540-45591-4_40,Conference paper
Antenatal Steroid Treatment and Adverse Fetal Effects: What Is the Evidence?,The Journal of the Society for Gynecologic Investigation: JSGI,,,,10.1177/107155760000700501,Helen H. KayIan M. BirdChristopher L. CoeDonald J. Dudley,2000,https://link.springer.com/article/10.1177/107155760000700501,Article
A Note on Two Simple Transformations for Improving the Efficiency of an ILP System,Inductive Logic Programming,,,,10.1007/3-540-44960-4_14,Vítor Santos CostaAshwin SrinivasanRui Camacho,2000,https://link.springer.com/chapter/10.1007/3-540-44960-4_14,Conference paper
Conclusions,Foreign Direct Investment in Transitional Economies,,,,10.1057/9780333977521_9,Michael Du Pont,2000,https://link.springer.com/chapter/10.1057/9780333977521_9,Chapter
Chapter 14: Legal Aspects,SEMPER - Secure Electronic Marketplace for Europe,,,,10.1007/978-3-540-44927-0_16,Gérard LacosteBirgit PfitzmannMichael SteinerMichael Waidner,2000,https://link.springer.com/chapter/10.1007/978-3-540-44927-0_16,Chapter
Performance Technology for Complex Parallel and Distributed Systems,Distributed and Parallel Systems,,,,10.1007/978-1-4615-4489-0_5,Allen D. MalonySameer Shende,2000,https://link.springer.com/chapter/10.1007/978-1-4615-4489-0_5,Chapter
Automatic SIMD Parallelization of Embedded Applications Based on Pattern Recognition,Euro-Par 2000 Parallel Processing,,,,10.1007/3-540-44520-X_46,Rashindra ManniesingIreneusz KarkowskiHenk Corporaal,2000,https://link.springer.com/chapter/10.1007/3-540-44520-X_46,Conference paper
Using Extensible Grammars for Data Modelling,Fully Integrated Data Environments,,,,10.1007/978-3-642-59623-0_51,Florian MatthesJoachim W. SchmidtJens Wahlen,2000,https://link.springer.com/chapter/10.1007/978-3-642-59623-0_51,Chapter
Integration of Task and Data Parallelism: A Coordination-Based Approach,High Performance Computing — HiPC 2000,,,,10.1007/3-540-44467-X_16,Manuel DíazBartolomé RubioEnrique SolerJosé M. Troya,2000,https://link.springer.com/chapter/10.1007/3-540-44467-X_16,Conference paper
Cost-Efficient C-Level Design of an MPEG-4 Video Decoder,Integrated Circuit Design,,,,10.1007/3-540-45373-3_25,Kristof DenolfPeter VosJan BormansIvo Bolsens,2000,https://link.springer.com/chapter/10.1007/3-540-45373-3_25,Conference paper
Left-Looking to Right-Looking and Vice Versa: An Application of Fractal Symbolic Analysis to Linear Algebra Code Restructuring,Euro-Par 2000 Parallel Processing,,,,10.1007/3-540-44520-X_49,Nikolay MateevVijay MenonKeshav Pingali,2000,https://link.springer.com/chapter/10.1007/3-540-44520-X_49,Conference paper
Components of Parallel Computers,Parallel Processing and Parallel Algorithms,,,,10.1007/978-1-4612-1220-1_2,Seyed H. Roosta,2000,https://link.springer.com/chapter/10.1007/978-1-4612-1220-1_2,Chapter
MobileML: A Programming Language for Mobile Computation,Coordination Languages and Models,,,,10.1007/3-540-45263-X_13,Masatomo HashimotoAkinori Yonezawa,2000,https://link.springer.com/chapter/10.1007/3-540-45263-X_13,Conference paper
A Statically Allocated Parallel Functional Language,"Automata, Languages and Programming",,,,10.1007/3-540-45022-X_5,Alan MycroftRichard Sharp,2000,https://link.springer.com/chapter/10.1007/3-540-45022-X_5,Conference paper
Dust in the Interstellar Medium,"Astronomie spatiale infrarouge, aujourd’hui et demain Infrared space astronomy, today and tomorrow",,,,10.1007/3-540-45573-6_7,F. BoulangerP. CoxA. P. Jones,2000,https://link.springer.com/chapter/10.1007/3-540-45573-6_7,Conference paper
Certification of Compiler Optimizations Using Kleene Algebra with Tests,Computational Logic — CL 2000,,,,10.1007/3-540-44957-4_38,Dexter KozenMaria-Cristina Patron,2000,https://link.springer.com/chapter/10.1007/3-540-44957-4_38,Conference paper
From Macros to Reusable Generative Programming,Generative and Component-Based Software Engineering,,,,10.1007/3-540-40048-6_9,Shriram KrishnamurthiMatthias FelleisenBruce F. Duba,2000,https://link.springer.com/chapter/10.1007/3-540-40048-6_9,Conference paper
Abstraction and performance in the design of parallel programs: an overview of the SAT approach,Acta Informatica,,,,10.1007/s002360050174,Sergei GorlatchChristian Lengauer,2000,https://link.springer.com/article/10.1007/s002360050174,Article
Recent Developments and Prospects for the Sanxia (Three Gorges) Dam,China’s Economic Growth,,,,10.1057/9780333977392_7,Richard Louis Edmonds,2000,https://link.springer.com/chapter/10.1057/9780333977392_7,Chapter
On Jones-Optimal Specialization for Strongly Typed Languages,"Semantics, Applications, and Implementation of Program Generation",,,,10.1007/3-540-45350-4_11,Henning Makholm,2000,https://link.springer.com/chapter/10.1007/3-540-45350-4_11,Conference paper
Imperative Program Specialisation: An Approach Using CLP,Logic-Based Program Synthesis and Transformation,,,,10.1007/10720327_7,Julio C. PeraltaJohn P. Gallagher,2000,https://link.springer.com/chapter/10.1007/10720327_7,Conference paper
Automatic Generation of OpenMP Directives and Its Application to Computational Fluid Dynamics Codes,High Performance Computing,,,,10.1007/3-540-39999-2_42,Haoqiang JinMichael FrumkinJerry Yan,2000,https://link.springer.com/chapter/10.1007/3-540-39999-2_42,Conference paper
"OpenJIT: An Open-Ended, Reflective JIT Compiler Framework for Java",ECOOP 2000 — Object-Oriented Programming,,,,10.1007/3-540-45102-1_18,Hirotaka OgawaKouya ShimuraSatoshi MatsuokaFuyuhiko MaruyamaYukihiko SohdaYasunori Kimura,2000,https://link.springer.com/chapter/10.1007/3-540-45102-1_18,Conference paper
Hardware Synthesis from Term Rewriting Systems,VLSI: Systems on a Chip,,,,10.1007/978-0-387-35498-9_52,James C. HoeArvind,2000,https://link.springer.com/chapter/10.1007/978-0-387-35498-9_52,Chapter
Loud Messengers — P Values and Effect Size,Statistical Reasoning in Medicine,,,,10.1007/978-1-4757-3292-4_5,Lemuel A. Moyé,2000,https://link.springer.com/chapter/10.1007/978-1-4757-3292-4_5,Chapter
Load-Time Structural Reflection in Java,ECOOP 2000 — Object-Oriented Programming,,,,10.1007/3-540-45102-1_16,Shigeru Chiba,2000,https://link.springer.com/chapter/10.1007/3-540-45102-1_16,Conference paper
The Background to Eastward Enlargement,The Return to Europe,,,,10.1007/978-1-349-62942-8_1,Alan Smith,2000,https://link.springer.com/chapter/10.1007/978-1-349-62942-8_1,Chapter
Combined Static and Dynamic Assertion-Based Debugging of Constraint Logic Programs,Logic-Based Program Synthesis and Transformation,,,,10.1007/10720327_16,Germán PueblaFrancisco BuenoManuel Hermenegildo,2000,https://link.springer.com/chapter/10.1007/10720327_16,Conference paper
Efficient Implementations of Software Architectures via Partial Evaluation,Automated Software Engineering,,,,10.1023/A:1008719607040,Renaud MarletScott ThibaultCharles Consel,1999,https://link.springer.com/article/10.1023/A:1008719607040,Article
Low-Power Processor-Level Data Transfer and Storage Exploration,Unified low-power design flow for data-dominated multi-media and telecom applications,,,,10.1007/978-1-4757-3182-8_3,Erik BrockmeyerCedric GhezWim BaetensFrancky Catthoor,2000,https://link.springer.com/chapter/10.1007/978-1-4757-3182-8_3,Chapter
A Generic Preprocessor for Program Validation and Debugging,Analysis and Visualization Tools for Constraint Programming,,,,10.1007/10722311_3,Germán PueblaFrancisco BuenoManuel Hermenegildo,2000,https://link.springer.com/chapter/10.1007/10722311_3,Chapter
AnnoDomini in Practice: A Type-Theoretic Approach to the Year 2000 Problem,Typed Lambda Calculi and Applications,,,,10.1007/3-540-48959-2_2,Peter Harry EidorffFritz HengleinChristian MossinHenning NissMorten Heine B. SörensenMads Tofte,1999,https://link.springer.com/chapter/10.1007/3-540-48959-2_2,Conference paper
A Framework for Automatic Construction of Abstract Promela Models,Theoretical and Practical Aspects of SPIN Model Checking,,,,10.1007/3-540-48234-2_15,Maria-del-Mar GallardoPedro Merino,1999,https://link.springer.com/chapter/10.1007/3-540-48234-2_15,Conference paper
Automatic Parallelization of C by Means of Language Transcription,Languages and Compilers for Parallel Computing,,,,10.1007/3-540-48319-5_11,Richard L. KennelRudolf Eigenmann,1999,https://link.springer.com/chapter/10.1007/3-540-48319-5_11,Conference paper
The Tail-Recursive SECD Machine,Journal of Automated Reasoning,,,,10.1023/A:1006151910336,John D. Ramsdell,1999,https://link.springer.com/article/10.1023/A:1006151910336,Article
Nebular Abundances from Recombination Lines,Chemical Evolution from Zero to High Redshift,,,,10.1007/978-3-540-48360-1_5,X.-W. LiuM. J. BarlowI. J. DanzigerP. J. Storey,1999,https://link.springer.com/chapter/10.1007/978-3-540-48360-1_5,Conference paper
Observable Sharing for Functional Circuit Description,Advances in Computing Science — ASIAN’99,,,,10.1007/3-540-46674-6_7,Koen ClaessenDavid Sands,1999,https://link.springer.com/chapter/10.1007/3-540-46674-6_7,Conference paper
Language-Based Security,Mathematical Foundations of Computer Science 1999,,,,10.1007/3-540-48340-3_26,Dexter Kozen,1999,https://link.springer.com/chapter/10.1007/3-540-48340-3_26,Conference paper
Chemical characterisations of Carpathian obsidian sources by instrumental and epithermal neutron activation analysis,Journal of Radioanalytical and Nuclear Chemistry,,,,10.1007/BF02349147,M. OddoneP. MártonG. BigazziK. T. Biró,1999,https://link.springer.com/article/10.1007/BF02349147,Article
Improving Cache Utilization of Linear Relaxation Methods: Theory and Practice,Computing in Object-Oriented Parallel Environments,,,,10.1007/10704054_3,Federico BassettiKei DavisMadhav MaratheDan QuinlanBobby Philip,1999,https://link.springer.com/chapter/10.1007/10704054_3,Conference paper
A Programmable ANSI C Transformation Engine,Compiler Construction,,,,10.1007/978-3-540-49051-7_21,Maarten BoekholdIreneusz KarkowskiHenk CorporaalAndrea Cilio,1999,https://link.springer.com/chapter/10.1007/978-3-540-49051-7_21,Conference paper
A Simple Extension of Java Language for Controllable Transparent Migration and its Portable Implementation,Coordinatio Languages and Models,,,,10.1007/3-540-48919-3_16,Tatsurou SekiguchiHidehiko MasuharaAkinori Yonezawa,1999,https://link.springer.com/chapter/10.1007/3-540-48919-3_16,Conference paper
On the Complexity Analysis of Static Analyses,Static Analysis,,,,10.1007/3-540-48294-6_21,David McAllester,1999,https://link.springer.com/chapter/10.1007/3-540-48294-6_21,Conference paper
Considerations in HPJava Language Design and Implementation,Languages and Compilers for Parallel Computing,,,,10.1007/3-540-48319-5_2,Guansong ZhangBryan CarpenterGeoffrey FoxXinying LiYuhong Wen,1999,https://link.springer.com/chapter/10.1007/3-540-48319-5_2,Conference paper
Forklight: A control-synchronous parallel programming language,High-Performance Computing and Networking,,,,10.1007/BFb0100613,Christoph W. KeßlerHelmut Seidl,1999,https://link.springer.com/chapter/10.1007/BFb0100613,Conference paper
"Advanced Models, Applications, and Software Systems for High Performance Computing — Application in Microelectronics",High Performance Scientific and Engineering Computing,,,,10.1007/978-3-642-60155-2_25,E. LangerS. Selberherr,1999,https://link.springer.com/chapter/10.1007/978-3-642-60155-2_25,Conference paper
Transforming and parallelizing ANSI C programs using pattern recognition,High-Performance Computing and Networking,,,,10.1007/BFb0100628,Maarten BoekholdIreneusz KarkowskiHenk Corporaal,1999,https://link.springer.com/chapter/10.1007/BFb0100628,Conference paper
Declarative Program Transformation: A Deforestation Case-Study,Principles and Practice of Declarative Programming,,,,10.1007/10704567_22,Loïc CorrensonEtienne DurisDidier ParigotGilles Roussel,1999,https://link.springer.com/chapter/10.1007/10704567_22,Conference paper
How to Comprehend Queries Functionally,Journal of Intelligent Information Systems,,,,10.1023/A:1008705026446,Torsten GrustMarc H. Scholl,1999,https://link.springer.com/article/10.1023/A:1008705026446,Article
Aspect-Oriented Logic Meta Programming,Meta-Level Architectures and Reflection,,,,10.1007/3-540-48443-4_22,Kris De VolderTheo D’Hondt,1999,https://link.springer.com/chapter/10.1007/3-540-48443-4_22,Conference paper
The Nature and Evolution of Interstellar Organics,Formation and Evolution of Solids in Space,,,,10.1007/978-94-011-4806-1_2,Jean E. ChiarYvonne J. Pendleton,1999,https://link.springer.com/chapter/10.1007/978-94-011-4806-1_2,Chapter
A linker for effective whole-program optimizations,High-Performance Computing and Networking,,,,10.1007/BFb0100625,Andrea G. M. CilioHenk Corporaal,1999,https://link.springer.com/chapter/10.1007/BFb0100625,Conference paper
Environmental Effects of the Deposition and Re-use of Colliery Spoils,Environmental Impacts of Mining Activities,,,,10.1007/978-3-642-59891-3_12,Krystyna M. SkarzynskaPiotr Michalski,1999,https://link.springer.com/chapter/10.1007/978-3-642-59891-3_12,Chapter
SCALA: A framework for performance evaluation of scalable computing,Parallel and Distributed Processing,,,,10.1007/BFb0097887,Xian-He SunMario PantanoThomas FahringerZhaohua Zhan,1999,https://link.springer.com/chapter/10.1007/BFb0097887,Conference paper
Spatial Data Locality with Respect to Degree of Parallelism in Processor-and-Memory Hierarchies,Vector and Parallel Processing – VECPAR’98,,,,10.1007/10703040_30,Renato J. O. FigueiredoJosé A. B. FortesZina Ben Miled,1999,https://link.springer.com/chapter/10.1007/10703040_30,Conference paper
Parallel Performance Debugging,"Performance Evaluation, Prediction and Visualization of Parallel Systems",,,,10.1007/978-1-4615-5147-8_7,Xingfu Wu,1999,https://link.springer.com/chapter/10.1007/978-1-4615-5147-8_7,Chapter
A Semantic Account of Type-Directed Partial Evaluation,Principles and Practice of Declarative Programming,,,,10.1007/10704567_23,Andrzej Filinski,1999,https://link.springer.com/chapter/10.1007/10704567_23,Conference paper
Introduction,Principles of Program Analysis,,,,10.1007/978-3-662-03811-6_1,Flemming NielsonHanne Riis NielsonChris Hankin,1999,https://link.springer.com/chapter/10.1007/978-3-662-03811-6_1,Chapter
The Agricultural System: Potential Production and Environmental Consequences,Rural Planning from an Environmental Systems Perspective,,,,10.1007/978-1-4612-1448-9_9,Malcolm E. Sumner,1999,https://link.springer.com/chapter/10.1007/978-1-4612-1448-9_9,Chapter
Bipolar Molecular Outflows,The Origin of Stars and Planetary Systems,,,,10.1007/978-94-011-4509-1_7,R. BachillerM. Tafalla,1999,https://link.springer.com/chapter/10.1007/978-94-011-4509-1_7,Chapter
Partial Evaluation,Agent-Oriented Programming,,,,10.1007/3-540-47938-4_9,,1999,https://link.springer.com/chapter/10.1007/3-540-47938-4_9,Chapter
The Theory of Fexprs is Trivial,LISP and Symbolic Computation,,,,10.1023/A:1007720632734,Mitchell Wand,1998,https://link.springer.com/article/10.1023/A:1007720632734,Article
Expressing Irregular Computations in Modern Fortran Dialects,"Languages, Compilers, and Run-Time Systems for Scalable Computers",,,,10.1007/3-540-49530-4_1,Jan F. PrinsSiddhartha ChatterjeeMartin Simons,1998,https://link.springer.com/chapter/10.1007/3-540-49530-4_1,Conference paper
Optimal type lifting,Types in Compilation,,,,10.1007/BFb0055517,Bratin SahaZhong Shao,1998,https://link.springer.com/chapter/10.1007/BFb0055517,Conference paper
Portable Checkpointing for Heterogeneous Architectures,Fault-Tolerant Parallel and Distributed Systems,,,,10.1007/978-1-4615-5449-3_4,Volker StrumpenBalkrishna Ramkumar,1998,https://link.springer.com/chapter/10.1007/978-1-4615-5449-3_4,Chapter
Parallelizing irregular applications with the Vienna HPF- Compiler VFC,High-Performance Computing and Networking,,,,10.1007/BFb0037209,Siegfried BenknerKamran SaniariViera SipkovaBob Velkov,1998,https://link.springer.com/chapter/10.1007/BFb0037209,Conference paper
On the degeneration of program generators by program composition,New Generation Computing,,,,10.1007/BF03037321,Robert GlückAndrei Klimov,1998,https://link.springer.com/article/10.1007/BF03037321,Article
Towards a Generic Framework for AOP,Object-Oriented Technology: ECOOP’98 Workshop Reader,,,,10.1007/3-540-49255-0_118,Pascal FradetMario Südholt,1998,https://link.springer.com/chapter/10.1007/3-540-49255-0_118,Conference paper
Circumstellar Silicate Mineralogy,Astrophysics and Space Science,,,,10.1007/978-94-011-5076-7_70,A. G. G. M. TielensL. B. F. M. WatersF. J. MolsterK. Justtanont,1998,https://link.springer.com/chapter/10.1007/978-94-011-5076-7_70,Chapter
Is Java Suitable for Portable High-Performance Computing?,Object-Oriented Technology: ECOOP’98 Workshop Reader,,,,10.1007/3-540-49255-0_149,Satoshi MatsuokaShigeo Itou,1998,https://link.springer.com/chapter/10.1007/3-540-49255-0_149,Conference paper
Exploiting course grain parallelism from FORTRAN by mapping it to IF1,Euro-Par’98 Parallel Processing,,,,10.1007/BFb0057889,Adrianos LachanasParaskevas Evripidou,1998,https://link.springer.com/chapter/10.1007/BFb0057889,Conference paper
Experiences with loop parallelization in javar (A prototype restructuring compiler for java),Languages and Compilers for Parallel Computing,,,,10.1007/BFb0032704,Aart J.C. BikJuan E. VillacisDennis B. Gannon,1998,https://link.springer.com/chapter/10.1007/BFb0032704,Conference paper
Quantitative Evaluation of Register Pressure on Software Pipelined Loops,International Journal of Parallel Programming,,,,10.1023/A:1018743102645,Josep LlosaEduard AyguadéMateo Valero,1998,https://link.springer.com/article/10.1023/A:1018743102645,Article
Sparse Jacobian Computation in Automatic Differentiation by Static Program Analysis,Static Analysis,,,,10.1007/3-540-49727-7_19,M. TadjouddineF. EyssetteC. Faure,1998,https://link.springer.com/chapter/10.1007/3-540-49727-7_19,Conference paper
A Language Implementation Framework in Java,Object-Oriented Technologys,,,,10.1007/3-540-69687-3_30,Maarit HarsuJuha HautamäkiKai Koskimies,1998,https://link.springer.com/chapter/10.1007/3-540-69687-3_30,Conference paper
The Development of Parallel Optimisation Routines for the NAG Parallel Library,High Performance Algorithms and Software in Nonlinear Optimization,,,,10.1007/978-1-4613-3279-4_12,Rupert W. FordGraham D. RileyLeonard T. Freeman,1998,https://link.springer.com/chapter/10.1007/978-1-4613-3279-4_12,Chapter
Program analysis of overlap area usage in self-similar parallel programs,Languages and Compilers for Parallel Computing,,,,10.1007/BFb0032685,Aaron SawdeyMatthew O'Keefe,1998,https://link.springer.com/chapter/10.1007/BFb0032685,Conference paper
The Stanford InfoBus and its service layers: Augmenting the internet with higher-level information management protocols,Digital Libraries in Computer Science: The MeDoc Approach,,,,10.1007/BFb0052526,Martin RöscheisenMichelle BaldonadoKevin ChangLuis GravanoSteven KetchpelAndreas Paepcke,1998,https://link.springer.com/chapter/10.1007/BFb0052526,Chapter
HPF+ High Performance Fortran for advanced industrial applications,High-Performance Computing and Networking,,,,10.1007/BFb0037207,Siegfried Benkner,1998,https://link.springer.com/chapter/10.1007/BFb0037207,Conference paper
"The Top-Down Strategy for Building EuroWordNet: Vocabulary Coverage, Base Concepts and Top Ontology",Computers and the Humanities,,,,10.1023/A:1001169525131,Horacio RodríguezSalvador ClimentPiek VossenLaura BloksmaWim PetersAntonietta AlongeFrancesca BertagnaAdriana Roventini,1998,https://link.springer.com/article/10.1023/A:1001169525131,Article
Unfold/fold transformations of CCP programs,CONCUR'98 Concurrency Theory,,,,10.1007/BFb0055633,Sandro EtalleMaurizio GabbrielliMaria Chiara Meo,1998,https://link.springer.com/chapter/10.1007/BFb0055633,Conference paper
A polyvariant binding-time analysis for off-line partial deduction,Programming Languages and Systems,,,,10.1007/BFb0053561,Maurice BruynoogheMichael LeuschelKonstantinos Sagonas,1998,https://link.springer.com/chapter/10.1007/BFb0053561,Conference paper
Advances in Brachytherapy,Advances in Radiation Therapy,,,,10.1007/978-1-4615-5769-2_9,Ravinder NathLynn D. Wilson,1998,https://link.springer.com/chapter/10.1007/978-1-4615-5769-2_9,Chapter
A perspective of generative reuse,Annals of Software Engineering,,,,10.1023/A:1018924407841,Ted J. Biggerstaff,1998,https://link.springer.com/article/10.1023/A:1018924407841,Article
"Stellar Systems, Galaxy, Extragalactic Objects, Cosmology","Literature 1997, Part 1",,,,10.1007/978-3-642-51758-7_15,G. BurkhardtU. EsserH. HefeleI. HeinrichW. HofmannV. R. MatasL. D. SchmadelR. WielenG. Zech,1998,https://link.springer.com/chapter/10.1007/978-3-642-51758-7_15,Chapter
System-Level Data-Flow Transformation Exploration and Power-Area Trade-offs Demonstrated on Video Codecs,"Journal of VLSI signal processing systems for signal, image and video technology",,,,10.1023/A:1007941326114,Francky CatthoorMartin JanssenLode NachtergaeleHugo De Man,1998,https://link.springer.com/article/10.1023/A:1007941326114,Article
"The Top-Down Strategy for Building EuroWordNet: Vocabulary Coverage, Base Concepts and Top Ontology",EuroWordNet: A multilingual database with lexical semantic networks,,,,10.1007/978-94-017-1491-4_3,Horacio RodríguezSalvador ClimentPiek VossenLaura BloksmaWim PetersAntonietta AlongeFrancesca BertagnaAdriana Roventini,1998,https://link.springer.com/chapter/10.1007/978-94-017-1491-4_3,Chapter
Optimal Fine and Medium Grain Parallelism Detection in Polyhedral Reduced Dependence Graphs,International Journal of Parallel Programming,,,,10.1023/A:1025168022993,Alain DarteFrédéric Vivien,1997,https://link.springer.com/article/10.1023/A:1025168022993,Article
ANGLE: A PC-code for semiconductor detector efficiency calculations,Journal of Radioanalytical and Nuclear Chemistry,,,,10.1007/BF02033967,S. JovanovićA. DlabačN. MihaljevićP. Vukotić,1997,https://link.springer.com/article/10.1007/BF02033967,Article
Transforming lazy functions using comportment properties,"Programming Languages: Implementations, Logics, and Programs",,,,10.1007/BFb0033840,Ross Paterson,1997,https://link.springer.com/chapter/10.1007/BFb0033840,Conference paper
Tumor cell motility and metastasis,Pathology & Oncology Research,,,,10.1007/BF02899927,Steve SillettiSandor PakuAvraham Raz,1997,https://link.springer.com/article/10.1007/BF02899927,Article
Some Challenges for Constraint Programming,Constraints,,,,10.1023/A:1009701123606,Manuel Hermenegildo,1997,https://link.springer.com/article/10.1023/A:1009701123606,Article
BioKleisli: a digital library for biomedical researchers,International Journal on Digital Libraries,,,,10.1007/s007990050003,S. B. DavidsonC. OvertonV. TannenL. Wong,1997,https://link.springer.com/article/10.1007/s007990050003,Article
An Unboxed Operational Semantics for ML Polymorphism,LISP and Symbolic Computation,,,,10.1023/A:1007730624053,Atsushi OhoriTomonobu Takamizawa,1997,https://link.springer.com/article/10.1023/A:1007730624053,Article
Cross-loop reuse analysis and its application to cache optimizations,Languages and Compilers for Parallel Computing,,,,10.1007/BFb0017242,Keith CooperKen KennedyNathaniel McIntosh,1997,https://link.springer.com/chapter/10.1007/BFb0017242,Conference paper
An open-ended finite domain constraint solver,"Programming Languages: Implementations, Logics, and Programs",,,,10.1007/BFb0033845,Mats CarlssonGreger OttossonBjörn Carlson,1997,https://link.springer.com/chapter/10.1007/BFb0033845,Conference paper
Tracing lazy functional computations using redex trails,"Programming Languages: Implementations, Logics, and Programs",,,,10.1007/BFb0033851,Jan SparudColin Runciman,1997,https://link.springer.com/chapter/10.1007/BFb0033851,Conference paper
An object-oriented approach to the implementation of a high-level data parallel language,Scientific Computing in Object-Oriented Parallel Environments,,,,10.1007/3-540-63827-X_49,Matthias BeschHua BiGerd HeberMatthias KesslerMatthias Wilhelmi,1997,https://link.springer.com/chapter/10.1007/3-540-63827-X_49,Conference paper
Abstract specialization and its application to program parallelization,Logic Program Synthesis and Transformation,,,,10.1007/3-540-62718-9_10,Germán PueblaManuel Hermenegildo,1997,https://link.springer.com/chapter/10.1007/3-540-62718-9_10,Conference paper
Simple qualitative experiments with a sparse compiler,Languages and Compilers for Parallel Computing,,,,10.1007/BFb0017270,Aart J. C. BikHarry A. G. Wijshoff,1997,https://link.springer.com/chapter/10.1007/BFb0017270,Conference paper
The GRIN project: A highly optimising back end for lazy functional languages,Implementation of Functional Languages,,,,10.1007/3-540-63237-9_19,Urban BoquistThomas Johnsson,1997,https://link.springer.com/chapter/10.1007/3-540-63237-9_19,Conference paper
Children and Families Coping with Disaster,Handbook of Children’s Coping,,,,10.1007/978-1-4757-2677-0_13,Conway F. SaylorRonald BelterSherri J. Stokes,1997,https://link.springer.com/chapter/10.1007/978-1-4757-2677-0_13,Chapter
From Criticism to Mimesis: Comedy and the New Music,Griechisch-römische Komödie und Tragödie II,,,,10.1007/978-3-476-04271-2_5,Gregory Dobrov,1997,https://link.springer.com/chapter/10.1007/978-3-476-04271-2_5,Chapter
Are parallel workstations the right target for parallelizing compilers?,Languages and Compilers for Parallel Computing,,,,10.1007/BFb0017260,Rudolf EigenmannInsung ParkMichael J. Voss,1997,https://link.springer.com/chapter/10.1007/BFb0017260,Conference paper
Compiling in-core programs,Input/Output Intensive Massively Parallel Computing,,,,10.1007/3-540-62840-1_4,,1997,https://link.springer.com/chapter/10.1007/3-540-62840-1_4,Chapter
Designing a Trading Programme for Emissions of Nitrogen Oxides in the Northeastern United States,Environmental Policy Between Regulation and Market,,,,10.1007/978-3-0348-9012-0_8,Albert L. Nichols,1997,https://link.springer.com/chapter/10.1007/978-3-0348-9012-0_8,Chapter
Lock coarsening: Eliminating lock overhead in automatically parallelized object-based programs,Languages and Compilers for Parallel Computing,,,,10.1007/BFb0017259,Pedro DinizMartin Rinard,1997,https://link.springer.com/chapter/10.1007/BFb0017259,Conference paper
On extending Java,Modular Programming Languages,,,,10.1007/3-540-62599-2_49,Andreas KrallJan Vitek,1997,https://link.springer.com/chapter/10.1007/3-540-62599-2_49,Conference paper
The use of program profiling for software maintenance with applications to the year 2000 problem,Software Engineering — ESEC/FSE'97,,,,10.1007/3-540-63531-9_29,Thomas RepsThomas BallManuvir DasJames Larus,1997,https://link.springer.com/chapter/10.1007/3-540-63531-9_29,Conference paper
Automatic parallelization of irregular and pointer-based computations: Perspectives from logic and constraint programming,Euro-Par'97 Parallel Processing,,,,10.1007/BFb0002715,Manuel Hermenegildo,1997,https://link.springer.com/chapter/10.1007/BFb0002715,Conference paper
The Use of Program Profiling in Software Testing,Informatik ’97 Informatik als Innovationsmotor,,,,10.1007/978-3-642-60831-5_4,Thomas Reps,1997,https://link.springer.com/chapter/10.1007/978-3-642-60831-5_4,Conference paper
Fast and effective procedure inlining,Static Analysis,,,,10.1007/BFb0032732,Oscar WaddellR. Kent Dybvig,1997,https://link.springer.com/chapter/10.1007/BFb0032732,Conference paper
Division XI — Commission 44 Space and High Energy Astrophysics Astrophysique Spatiale et Hautes Energies,Reports on Astronomy,,,,10.1007/978-94-011-5762-9_41,Giovanni G. FazioWillem WamstekerG. Srinivasan,1997,https://link.springer.com/chapter/10.1007/978-94-011-5762-9_41,Chapter
Empirical studies of negative political advertising: A quantitative review using a method of combined citation and content analysis,Scientometrics,,,,10.1007/BF02019254,Yang Lin,1996,https://link.springer.com/article/10.1007/BF02019254,Article
A higher-order removal method,LISP and Symbolic Computation,,,,10.1007/BF01806315,Wei-Ngan ChinJohn Darlington,1996,https://link.springer.com/article/10.1007/BF01806315,Article
Ripples of Light,Alternate Realities,,,,10.1007/978-1-4899-3440-6_3,Joel Davis,1997,https://link.springer.com/chapter/10.1007/978-1-4899-3440-6_3,Chapter
Vegetation and forest types,The Vegetation and Physiography of Sumatra,,,,10.1007/978-94-009-0031-8_5,Yves Laumonier,1997,https://link.springer.com/chapter/10.1007/978-94-009-0031-8_5,Chapter
Regrouping parallel processes,Formal Methods in System Design,,,,10.1007/BF00122084,T. Bolognesi,1996,https://link.springer.com/article/10.1007/BF00122084,Article
Query reformulation for dynamic information integration,Journal of Intelligent Information Systems,,,,10.1007/BF00122124,Yigal ArensCraig A. KnoblockWei-Min Shen,1996,https://link.springer.com/article/10.1007/BF00122124,Article
Eliminating virtual function calls in C++ programs,ECOOP ’96 — Object-Oriented Programming,,,,10.1007/BFb0053060,Gerald AignerUrs Hölzle,1996,https://link.springer.com/chapter/10.1007/BFb0053060,Conference paper
Transformation of left terminating programs: The reordering problem,Logic Program Synthesis and Transformation,,,,10.1007/3-540-60939-3_3,Annalisa BossiNicoletta CoccoSandro Etalle,1996,https://link.springer.com/chapter/10.1007/3-540-60939-3_3,Conference paper
Model,Automatic Performance Prediction of Parallel Programs,,,,10.1007/978-1-4613-1371-7_2,Thomas Fahringer,1996,https://link.springer.com/chapter/10.1007/978-1-4613-1371-7_2,Chapter
Special issue on the Workshop on Parallel Logic Programming,New Generation Computing,,,,10.1007/BF03037215,Takashi ChikayamaEvan Tick,1996,https://link.springer.com/article/10.1007/BF03037215,Article
Compiler architectures for heterogeneous systems,Languages and Compilers for Parallel Computing,,,,10.1007/BFb0014216,Kathryn S. McKinleySharad K. SinghaiGlen E. WeaverCharles C. Weems,1996,https://link.springer.com/chapter/10.1007/BFb0014216,Conference paper
HDL-based integration of formal methods and CAD tools in the PREVAIL environment,Formal Methods in Computer-Aided Design,,,,10.1007/BFb0031827,D. BorrioneH. BouamamaD. DeharbeC. Le FaouA. Wahba,1996,https://link.springer.com/chapter/10.1007/BFb0031827,Conference paper
"Circumstellar envelopes and Asymptotic Giant
Branch stars
",The Astronomy and Astrophysics Review,,,,10.1007/PL00013287,H.J. Habing,1996,https://link.springer.com/article/10.1007/PL00013287,Article
Instant replay debugging of concurrent logic programs,New Generation Computing,,,,10.1007/BF03037219,Kish ShenSteve Gregory,1996,https://link.springer.com/article/10.1007/BF03037219,Article
Women and Revolution in Vietnam,Vietnam’s Women in Transition,,,,10.1007/978-1-349-24611-3_3,Mary Ann Tétreault,1996,https://link.springer.com/chapter/10.1007/978-1-349-24611-3_3,Chapter
Introduction,Automatic Performance Prediction of Parallel Programs,,,,10.1007/978-1-4613-1371-7_1,Thomas Fahringer,1996,https://link.springer.com/chapter/10.1007/978-1-4613-1371-7_1,Chapter
Towards independent and-parallelism in CLP,"Programming Languages: Implementations, Logics, and Programs",,,,10.1007/3-540-61756-6_78,María García de la BandaFrancisco BuenoManuel Hermenegildo,1996,https://link.springer.com/chapter/10.1007/3-540-61756-6_78,Conference paper
A tool for the development of structured parallel applications,High-Performance Computing and Networking,,,,10.1007/3-540-61142-8_587,A. CeccoliniM. DaneluttoG. OrsiniS. Pelagatti,1996,https://link.springer.com/chapter/10.1007/3-540-61142-8_587,Conference paper
Query Reformulation for Dynamic Information Integration,Intelligent Integration of Information,,,,10.1007/978-1-4613-0467-8_2,Yigal ArensCraig A. KnoblockWei-Min Shen,1996,https://link.springer.com/chapter/10.1007/978-1-4613-0467-8_2,Chapter
Minimal term rewriting systems,Recent Trends in Data Type Specification,,,,10.1007/3-540-61629-2_48,J. F. Th. KampermanH. R. Walters,1996,https://link.springer.com/chapter/10.1007/3-540-61629-2_48,Conference paper
An interprocedural parallelizing compiler and its support for memory hierarchy research,Languages and Compilers for Parallel Computing,,,,10.1007/BFb0014194,Trung NguyenJunjie GuZhiyuan Li,1996,https://link.springer.com/chapter/10.1007/BFb0014194,Conference paper
Experiences with HPF for scientific applications,High-Performance Computing and Networking,,,,10.1007/3-540-61142-8_561,G. CabitzaC. NardoneC. BagainiA. BalzanoE. BonomiL. BriegerM. EnnasE. GarauD. GrecoG. LeccaE. PieroniC. Rossi,1996,https://link.springer.com/chapter/10.1007/3-540-61142-8_561,Conference paper
Radio Galaxies and Quasars as Cosmological Probes,Examining the Big Bang and Diffuse Background Radiations,,,,10.1007/978-94-009-0145-2_7,Ashok K. Singal,1996,https://link.springer.com/chapter/10.1007/978-94-009-0145-2_7,Chapter
Infrared Spectroscopy of Interstellar Ices,The Cosmic Dust Connection,,,,10.1007/978-94-011-5652-3_7,D. C. B. Whittet,1996,https://link.springer.com/chapter/10.1007/978-94-011-5652-3_7,Chapter
Design and implementation of a general purpose parallel programming system,High-Performance Computing and Networking,,,,10.1007/3-540-61142-8_589,Mark Chu-CarrollLori L. Pollock,1996,https://link.springer.com/chapter/10.1007/3-540-61142-8_589,Conference paper
What not to do when writing an interpreter for specialisation,Partial Evaluation,,,,10.1007/3-540-61580-6_11,Neil D. Jones,1996,https://link.springer.com/chapter/10.1007/3-540-61580-6_11,Conference paper
The shaping of EU trade policies towards CEECs and LDCs,Transition in Central and Eastern Europe,,,,10.1007/978-94-009-1614-2_6,Enzo R. Grilli,1996,https://link.springer.com/chapter/10.1007/978-94-009-1614-2_6,Chapter
Coding and Record Linkage,Databases in Historical Research,,,,10.1007/978-1-349-24392-1_8,Charles HarveyJon Press,1996,https://link.springer.com/chapter/10.1007/978-1-349-24392-1_8,Chapter
Compiling laziness using projections,Static Analysis,,,,10.1007/3-540-61739-6_46,Ross Paterson,1996,https://link.springer.com/chapter/10.1007/3-540-61739-6_46,Conference paper
Molecular diagnostics of the interstellar medium and star forming regions,Astrophysics and Space Science,,,,10.1007/BF02424435,T. W. HartquistA. Dalgarno,1996,https://link.springer.com/article/10.1007/BF02424435,Article
Parametricity and unboxing with unpointed types,Programming Languages and Systems — ESOP '96,,,,10.1007/3-540-61055-3_38,John LaunchburyRoss Paterson,1996,https://link.springer.com/chapter/10.1007/3-540-61055-3_38,Conference paper
A water-vapour giga-maser in the active galaxy TXFS2226 – 184,Nature,,,,10.1038/378697a0,Anton M. KoekemoerChristian HenkelLincoln J. GreenhillArjun DeyWil van BreugelClaudio CodellaRobert Antonucci,1995,https://link.springer.com/article/10.1038/378697a0,Article
Possible Episodic Gamma-Ray Sources,TeV Gamma-Ray Astrophysics,,,,10.1007/978-94-009-0171-1_26,F. A. AharonianA. M. Atoyan,1996,https://link.springer.com/chapter/10.1007/978-94-009-0171-1_26,Chapter
Tools for high performance fortran: A survey,The Data Parallel Programming Model,,,,10.1007/3-540-61736-1_46,Jean-Louis Pazat,1996,https://link.springer.com/chapter/10.1007/3-540-61736-1_46,Chapter
Multicast security and its extension to a mobile environment,Wireless Networks,,,,10.1007/BF01200847,Li GongNachum Shacham,1995,https://link.springer.com/article/10.1007/BF01200847,Article
Metrics for assessment of designs and implementations during reengineering of computer-based systems,Annals of Software Engineering,,,,10.1007/BF02249051,Lonnie R. WelchGuohui YuJack VerhooselJudith A. HaneyAntonio L. SamuelPeter Ng,1995,https://link.springer.com/article/10.1007/BF02249051,Article
Possible episodic gamma-ray sources,Space Science Reviews,,,,10.1007/BF00195045,F. A. AharonianA. M. Atoyan,1996,https://link.springer.com/article/10.1007/BF00195045,Article
T,The Informatics Handbook,,,,10.1007/978-1-4615-2093-1_21,Stewart Fist,1996,https://link.springer.com/chapter/10.1007/978-1-4615-2093-1_21,Chapter
Molecular Diagnostics of the Interstellar Medium and Star Forming Regions,Astrophysical and Laboratory Plasmas,,,,10.1007/978-94-017-0803-6_13,T. W. HartquistA. Dalgarno,1996,https://link.springer.com/chapter/10.1007/978-94-017-0803-6_13,Chapter
"Abgrenzung, Entwicklung und Bedeutung von Corporate Venture Capital in Deutschland",Corporate Venture Capital,,,,10.1007/978-3-322-85471-1_2,Karsten Schween,1996,https://link.springer.com/chapter/10.1007/978-3-322-85471-1_2,Chapter
Compilation by Transformation in the Glasgow Haskell Compiler,"Functional Programming, Glasgow 1994",,,,10.1007/978-1-4471-3573-9_13,Simon Peyton JonesAndré Santos,1995,https://link.springer.com/chapter/10.1007/978-1-4471-3573-9_13,Conference paper
CoLab: A hybrid knowledge representation and compilation laboratory,Annals of Operations Research,,,,10.1007/BF02031716,Harold BoleyPhilipp HanschkeKnut HinkelmannManfred Meyer,1995,https://link.springer.com/article/10.1007/BF02031716,Article
VLISP: A verified implementation of Scheme,LISP and Symbolic Computation,,,,10.1007/BF01128406,Joshua D. GuttmanJohn D. RamsdellMitchell Wand,1995,https://link.springer.com/article/10.1007/BF01128406,Article
Compiler construction using scheme,Funtional Programming Languages in Education,,,,10.1007/3-540-60675-0_49,Erik HilsdaleJ. Michael AshleyR. Kent DybvigDaniel P. Friedman,1995,https://link.springer.com/chapter/10.1007/3-540-60675-0_49,Conference paper
Parallelizing applications with SVM-Fortran,High-Performance Computing and Networking,,,,10.1007/BFb0046716,M. GerndtR. Berrendorf,1995,https://link.springer.com/chapter/10.1007/BFb0046716,Conference paper
Translation Tools for High Performance Computing,High Performance Computing in the Geosciences,,,,10.1007/978-94-011-0033-5_15,Matthew T. O’KeefeAaron Sawdey,1995,https://link.springer.com/chapter/10.1007/978-94-011-0033-5_15,Chapter
Introduction,Symbolic Analysis for Parallelizing Compilers,,,,10.1007/978-0-585-26829-3_1,,1995,https://link.springer.com/chapter/10.1007/978-0-585-26829-3_1,Chapter
VLISP: A Verified Implementation of Scheme,VLISP A Verfied Implementation of Scheme,,,,10.1007/978-1-4615-2339-0_1,Joshua D. GuttmanJohn D. RamsdellMitchell Wand,1995,https://link.springer.com/chapter/10.1007/978-1-4615-2339-0_1,Chapter
Detecting and using affinity in an automatic data distribution tool,Languages and Compilers for Parallel Computing,,,,10.1007/BFb0025871,Eduard AyguadéJordi GarciaMercè GironésJesús LabartaJordi TorresMateo Valero,1995,https://link.springer.com/chapter/10.1007/BFb0025871,Conference paper
Bigloo: a portable and optimizing compiler for strict functional languages,Static Analysis,,,,10.1007/3-540-60360-3_50,Manuel SerranoPierre Weis,1995,https://link.springer.com/chapter/10.1007/3-540-60360-3_50,Conference paper
Proving the correctness of recursion-based automatic program transformations,TAPSOFT '95: Theory and Practice of Software Development,,,,10.1007/3-540-59293-8_228,David Sands,1995,https://link.springer.com/chapter/10.1007/3-540-59293-8_228,Conference paper
Database: Introduction to problems,SOFSEM '95: Theory and Practice of Informatics,,,,10.1007/3-540-60609-2_6,Keith G. Jeffery,1995,https://link.springer.com/chapter/10.1007/3-540-60609-2_6,Conference paper
Using optimistic execution techniques as a parallelisation tool for general purpose computing,High-Performance Computing and Networking,,,,10.1007/BFb0046604,Adam BackStephen Turner,1995,https://link.springer.com/chapter/10.1007/BFb0046604,Conference paper
Recent Developments in Basic Brachytherapy Physics,Radiation Therapy Physics,,,,10.1007/978-3-662-03107-0_12,Jeffrey F. Williamson,1995,https://link.springer.com/chapter/10.1007/978-3-662-03107-0_12,Chapter
AMOS: A Natural Language Parser Implemented as a Deductive Database in LOLA,Applications of Logic Databases,,,,10.1007/978-1-4615-2207-2_9,Gunther SpechtBurkhard Freitag,1995,https://link.springer.com/chapter/10.1007/978-1-4615-2207-2_9,Chapter
The Quest for the Cosmic Abundance of 3He,The Light Element Abundances,,,,10.1007/978-3-540-49169-9_30,R. T. RoodT. M. BaniaT. L. WilsonD. S. Balser,1995,https://link.springer.com/chapter/10.1007/978-3-540-49169-9_30,Conference paper
SIMPLE performance results in ZPL,Languages and Compilers for Parallel Computing,,,,10.1007/BFb0025890,Calvin LinLawrence Snyder,1995,https://link.springer.com/chapter/10.1007/BFb0025890,Conference paper
Relating data-parallelism and (and-) parallelism in logic programs,EURO-PAR '95 Parallel Processing,,,,10.1007/BFb0020453,Manuel V. HermenegildoManuel Carro,1995,https://link.springer.com/chapter/10.1007/BFb0020453,Conference paper
Political aspects of environmental policy,Annals of Operations Research,,,,10.1007/BF02031724,Holger Bonus,1994,https://link.springer.com/article/10.1007/BF02031724,Article
"Women, Work and Resistance in the French Caribbean during Slavery 1700–1848",Engendering History,,,,10.1007/978-1-137-07302-0_9,Bernard Moitt,1995,https://link.springer.com/chapter/10.1007/978-1-137-07302-0_9,Chapter
An Exercise in Protocol Verification,LOTOSphere: Software Development with LOTOS,,,,10.1007/978-1-4615-2203-4_13,Stefania GnesiEric MadelaineGioia Ristori,1995,https://link.springer.com/chapter/10.1007/978-1-4615-2203-4_13,Chapter
The VLISP verified PreScheme compiler,LISP and Symbolic Computation,,,,10.1007/BF01128408,Dino P. OlivaJohn D. RamsdellMitchell Wand,1995,https://link.springer.com/article/10.1007/BF01128408,Article
The VLISP Verified PreScheme Compiler,VLISP A Verfied Implementation of Scheme,,,,10.1007/978-1-4615-2339-0_3,Dino P. OlivaJohn D. RamsdellMitchell Wand,1995,https://link.springer.com/chapter/10.1007/978-1-4615-2339-0_3,Chapter
Modeling multi-rate DSP specification semantics for formal transformational design in HOL,Formal Methods in System Design,,,,10.1007/BF01384234,Catia M. AngeloLuc ClaesenHugo de Man,1994,https://link.springer.com/article/10.1007/BF01384234,Article
The complementary relationship of interprocedural register allocation and inlining,International Journal of Parallel Programming,,,,10.1007/BF02577739,Feipei LaiYung-kuang ChaoChia-Jung Hsieh,1994,https://link.springer.com/article/10.1007/BF02577739,Article
A compilation approach for Fortran 90D/HPF compilers,Languages and Compilers for Parallel Computing,,,,10.1007/3-540-57659-2_12,Zeki BozkusAlok ChoudharyGeoffrey FoxTomasz HauptSanjay Ranka,1994,https://link.springer.com/chapter/10.1007/3-540-57659-2_12,Conference paper
Compiler Assisted Synthesis of Algorithm-Based Checking in Multiprocessors1,Foundations of Dependable Computing,,,,10.1007/978-0-585-28002-8_6,Prithviraj BanerjeeVijay BalasubramanianAmber Roy-Chowdhury,1994,https://link.springer.com/chapter/10.1007/978-0-585-28002-8_6,Chapter
Data and Process Alignment in Modula-2*,Automatic Parallelization,,,,10.1007/978-3-322-87865-6_10,Michael PhilippsenMarkus U. Mock,1994,https://link.springer.com/chapter/10.1007/978-3-322-87865-6_10,Chapter
Compiling HPF for Distributed Memory MIMD Computers,The Interaction of Compilation Technology and Computer Architecture,,,,10.1007/978-1-4615-2684-1_8,Zeki BozkusAlok ChoudharyTomasz HauptGeoffrey FoxSanjay Ranka,1994,https://link.springer.com/chapter/10.1007/978-1-4615-2684-1_8,Chapter
Computing land use emissions of greenhouse gases,"Water, Air, and Soil Pollution",,,,10.1007/BF00478341,G. J. J. KreilemanA. F. Bouwman,1994,https://link.springer.com/article/10.1007/BF00478341,Article
Implementation of GTS,PARLE'94 Parallel Architectures and Languages Europe,,,,10.1007/3-540-58184-7_131,Cristina BarradoJesús LabartaPatricia Borensztejn,1994,https://link.springer.com/chapter/10.1007/3-540-58184-7_131,Conference paper
The CORAL deductive system,The VLDB Journal,,,,10.1007/BF01228880,Raghu RamakrishnanDivesh SrivastavaS. SudarshanPraveen Seshadri,1994,https://link.springer.com/article/10.1007/BF01228880,Article
An introduction to deductive database languages and systems,The VLDB Journal,,,,10.1007/BF01228878,Kotagiri RamamohanaraoJames Harland,1994,https://link.springer.com/article/10.1007/BF01228878,Article
Mechanical elimination of commutative redundancy,Static Analysis,,,,10.1007/3-540-58485-4_58,Hessam KhoshnevisanMohamad Afshar,1994,https://link.springer.com/chapter/10.1007/3-540-58485-4_58,Conference paper
The aditi deductive database system,The VLDB Journal,,,,10.1007/BF01228882,Jayen VaghanlKotagiri RamamohanaraoDavid B. KempZoltan SomogyiPeter J. StuckeyTim S. LeaskJames Harland,1994,https://link.springer.com/article/10.1007/BF01228882,Article
A novel term compression scheme and data representation in the BinWAM,Programming Language Implementation and Logic Programming,,,,10.1007/3-540-58402-1_7,Paul TarauUlrich Neumerkel,1994,https://link.springer.com/chapter/10.1007/3-540-58402-1_7,Conference paper
Three applications of formal methods at MITRE,FME '94: Industrial Benefit of Formal Methods,,,,10.1007/3-540-58555-9_87,Joshua D. GuttmanDale M. Johnson,1994,https://link.springer.com/chapter/10.1007/3-540-58555-9_87,Conference paper
Degrees of formality in shallow embedding hardware description languages in HOL,Higher Order Logic Theorem Proving and Its Applications,,,,10.1007/3-540-57826-9_127,Catia M. AngeloLuc ClaesenHugo De Man,1994,https://link.springer.com/chapter/10.1007/3-540-57826-9_127,Conference paper
Constraint-based type inference and parametric polymorphism,Static Analysis,,,,10.1007/3-540-58485-4_34,Ole Agesen,1994,https://link.springer.com/chapter/10.1007/3-540-58485-4_34,Conference paper
CAPTools — semiautomatic parallelisation of mesh based computational mechanics codes,High-Performance Computing and Networking,,,,10.1007/3-540-57981-8_125,M. CrossC. S. IerotheouS. P. JohnsonP. F. Leggett,1994,https://link.springer.com/chapter/10.1007/3-540-57981-8_125,Conference paper
ZPL: An array sublanguage,Languages and Compilers for Parallel Computing,,,,10.1007/3-540-57659-2_6,Calvin LinLawrence Snyder,1994,https://link.springer.com/chapter/10.1007/3-540-57659-2_6,Conference paper
Enzymatic Methods for Cleaving Proteins,Basic Protein and Peptide Protocols,,,,10.1385/0-89603-268-X:289,Bryan John Smith,1994,https://link.springer.com/chapter/10.1385/0-89603-268-X:289,Protocol
Towards a concurrent semantics based analysis of CC and CLP,Principles and Practice of Constraint Programming,,,,10.1007/3-540-58601-6_97,U. MontanariF. RossiF. BuenoM. García de la BandaM. Hermenegildo,1994,https://link.springer.com/chapter/10.1007/3-540-58601-6_97,Conference paper
Intelligent Algorithm Decomposition for Parallelism with Alfer,Programming Environments for Massively Parallel Distributed Systems,,,,10.1007/978-3-0348-8534-8_5,S. N. McIntosh-SmithB. M BrownS. Hurley,1994,https://link.springer.com/chapter/10.1007/978-3-0348-8534-8_5,Conference paper
A model for heterogeneous distributed database systems,Directions in Databases,,,,10.1007/3-540-58235-5_45,Keith G. JefferyLiz HutchinsonJohn KalmusMichael WilsonWernher BehrendtColin Macnee,1994,https://link.springer.com/chapter/10.1007/3-540-58235-5_45,Conference paper
On the parallelism of data,PARLE'94 Parallel Architectures and Languages Europe,,,,10.1007/3-540-58184-7_119,Constantinos V. Papadopoulos,1994,https://link.springer.com/chapter/10.1007/3-540-58184-7_119,Conference paper
Maximizing loop parallelism and improving data locality via loop fusion and distribution,Languages and Compilers for Parallel Computing,,,,10.1007/3-540-57659-2_18,Ken KennedyKathryn S. McKinley,1994,https://link.springer.com/chapter/10.1007/3-540-57659-2_18,Conference paper
Specialising the Ground Representation in the Logic Programming Language Gödel,Logic Program Synthesis and Transformation,,,,10.1007/978-1-4471-3234-9_12,C. A. Gurr,1994,https://link.springer.com/chapter/10.1007/978-1-4471-3234-9_12,Conference paper
Transaction Management to Support Rule Based Database Applications,Rules in Database Systems,,,,10.1007/978-1-4471-3225-7_9,Christine DannerMichael Ranft,1994,https://link.springer.com/chapter/10.1007/978-1-4471-3225-7_9,Conference paper
Dynamic Program Monitoring and Transformation using the OMOS Object Server,The Interaction of Compilation Technology and Computer Architecture,,,,10.1007/978-1-4615-2684-1_6,Douglas B. OrrRobert W. MecklenburgPeter J. HoogenboomJay Lepreau,1994,https://link.springer.com/chapter/10.1007/978-1-4615-2684-1_6,Chapter
Partial continuations as the difference of continuations a duumvirate of control operators,Programming Language Implementation and Logic Programming,,,,10.1007/3-540-58402-1_14,Luc MoreauChristian Queinnec,1994,https://link.springer.com/chapter/10.1007/3-540-58402-1_14,Conference paper
Improving the execution of the dependent and-parallel Prolog DDAS,PARLE'94 Parallel Architectures and Languages Europe,,,,10.1007/3-540-58184-7_121,Kish Shen,1994,https://link.springer.com/chapter/10.1007/3-540-58184-7_121,Conference paper
Project Triton: Towards Improved Programmability of Parallel Computers,The Interaction of Compilation Technology and Computer Architecture,,,,10.1007/978-1-4615-2684-1_10,Michael PhilippsenThomas M. WarschkoWalter F. TichyChristian G. HerterErnst A. HeinzPaul Lukowicz,1994,https://link.springer.com/chapter/10.1007/978-1-4615-2684-1_10,Chapter
Elusive security: The military and political geography of South Lebanon,GeoJournal,,,,10.1007/BF00808687,Schofield Clive H.,1993,https://link.springer.com/article/10.1007/BF00808687,Article
Computing Land use Emissions of Greenhouse Gases,Image 2.0,,,,10.1007/978-94-011-1200-0_7,G. J. J. KreilemanA. F. Bouwman,1994,https://link.springer.com/chapter/10.1007/978-94-011-1200-0_7,Chapter
Technological steps toward a software component industry,Programming Languages and System Architectures,,,,10.1007/3-540-57840-4_36,Michael Franz,1994,https://link.springer.com/chapter/10.1007/3-540-57840-4_36,Conference paper
Interstellar chemistry in the last two decades,The Structure and Content of Molecular Clouds 25 Years of Molecular Radioastronomy,,,,10.1007/3540586210_3,Eric Herbst,1994,https://link.springer.com/chapter/10.1007/3540586210_3,Conference paper
"Natural and Synthetic Carriers Suitable for Immobilization of Viable Cells, Active Organelles, and Molecules",Immobilized Biosystems,,,,10.1007/978-94-011-1334-2_1,Peter GemeinerL’ubomíra Rexová-BenkováFrantišek ŠvecOlof Norrlöw,1994,https://link.springer.com/chapter/10.1007/978-94-011-1334-2_1,Chapter
Ansätze zur Wiederverwendung,Software-Wiederverwendung,,,,10.1007/978-3-322-86226-6_4,Karin Küffmann,1994,https://link.springer.com/chapter/10.1007/978-3-322-86226-6_4,Chapter
Optimized parallel execution of declarative programs on distributed memory multiprocessors,Journal of Computer Science and Technology,,,,10.1007/BF02939530,Meiming ShenXinmin TianDingxing WangWeimin ZhengDongchan Wen,1993,https://link.springer.com/article/10.1007/BF02939530,Article
Reasoning about programs in continuation-passing style,LISP and Symbolic Computation,,,,10.1007/BF01019462,AMR SabryMatthias Felleisen,1993,https://link.springer.com/article/10.1007/BF01019462,Article
Difference-list transformation for Prolog,New Generation Computing,,,,10.1007/BF03037156,Kim MarriottHarald Søndergaard,1993,https://link.springer.com/article/10.1007/BF03037156,Article
High level synthesis and generating FPGAs with the BEDROC system,"Journal of VLSI signal processing systems for signal, image and video technology",,,,10.1007/BF01607881,Miriam LeeserRichard ChapmanMark AagaardMark LindermanStephan Meier,1993,https://link.springer.com/article/10.1007/BF01607881,Article
A Rationalisation of the ATMS in Terms of Partial Evaluation,Logic Program Synthesis and Transformation,,,,10.1007/978-1-4471-3560-9_9,Evelina LammaPaola Mello,1993,https://link.springer.com/chapter/10.1007/978-1-4471-3560-9_9,Chapter
Formal analysis of correctness of behavioral transformations,Formal Methods in System Design,,,,10.1007/BF01384133,Michael C. McFarland,1993,https://link.springer.com/article/10.1007/BF01384133,Article
A unified formal basis for the CASE tools system,Journal of Systems Integration,,,,10.1007/BF01974953,C. S. Tang,1993,https://link.springer.com/article/10.1007/BF01974953,Article
Relating graph and term rewriting via Böhm models,Rewriting Techniques and Applications,,,,10.1007/978-3-662-21551-7_15,Zena M. Ariola,1993,https://link.springer.com/chapter/10.1007/978-3-662-21551-7_15,Conference paper
Designing the McCAT compiler based on a family of structured intermediate representations,Languages and Compilers for Parallel Computing,,,,10.1007/3-540-57502-2_61,L. HendrenC. DonawaM. EmamiG. GaoJustianiB. Sridharan,1993,https://link.springer.com/chapter/10.1007/3-540-57502-2_61,Conference paper
Distributed databases tied with string,Advances in Databases,,,,10.1007/3-540-56921-9_5,Daniel CohenGraem Ringwood,1993,https://link.springer.com/chapter/10.1007/3-540-56921-9_5,Conference paper
An Unfold Rule for Full Prolog,Logic Program Synthesis and Transformation,,,,10.1007/978-1-4471-3560-9_14,Steven Prestwich,1993,https://link.springer.com/chapter/10.1007/978-1-4471-3560-9_14,Chapter
Taking advantages of temporal redundancy in High Level Petri Nets implementations,Application and Theory of Petri Nets 1993,,,,10.1007/3-540-56863-8_39,J. A. BañaresP. R. Muro-MedranoJ. L. Villarroel,1993,https://link.springer.com/chapter/10.1007/3-540-56863-8_39,Conference paper
Automatic Parallelization for Distributed-Memory Systems: Experiences and Current Research,Europäischer Informatik Kongreß Architektur von Rechensystemen Euro-ARCH ’93,,,,10.1007/978-3-642-78565-8_43,Hans P. ZimaPeter BrezanyBarbara M. ChapmanJan Hulman,1993,https://link.springer.com/chapter/10.1007/978-3-642-78565-8_43,Conference paper
Utilizing new communication features in compilation for private-memory machines,Languages and Compilers for Parallel Computing,,,,10.1007/3-540-57502-2_70,S. HinrichsT. Gross,1993,https://link.springer.com/chapter/10.1007/3-540-57502-2_70,Conference paper
"Using standard tools to build an Open, client/server prototype",DCE — The OSF Distributed Computing Environment Client/Server Model and Beyond,,,,10.1007/3-540-57306-2_29,Bernard S. Hirsch,1993,https://link.springer.com/chapter/10.1007/3-540-57306-2_29,Conference paper
Memory and Data-Path Mapping for Image and Video Applications,Application-Driven Architecture Synthesis,,,,10.1007/978-1-4615-3242-2_7,Werner GeurtsFrank FranssenMichaël van SwaaijFrancky CatthoorHugo De ManMarc Moonen,1993,https://link.springer.com/chapter/10.1007/978-1-4615-3242-2_7,Chapter
Specifying rule-based query optimizers in a reflective framework,Deductive and Object-Oriented Databases,,,,10.1007/3-540-57530-8_9,Leonidas FegarasDavid MaierTim Sheard,1993,https://link.springer.com/chapter/10.1007/3-540-57530-8_9,Conference paper
Natural geochemical cycles and the disposal of anthropogenic wastes,Waster Disposal and Evaporites,,,,10.1007/BFb0011852,,1993,https://link.springer.com/chapter/10.1007/BFb0011852,Chapter
Möglichkeiten und Grenzen der Knochenmarktransplantation,Soziale Gerechtigkeit im Gesundheitswesen,,,,10.1007/978-3-642-78327-2_7,H. Link,1993,https://link.springer.com/chapter/10.1007/978-3-642-78327-2_7,Conference paper
FIDO: Finite domain consistency techniques in logic programming,Logic Programming,,,,10.1007/3-540-55460-2_22,Manfred MeyerHans -Günther HeinJörg Müller,1992,https://link.springer.com/chapter/10.1007/3-540-55460-2_22,Conference paper
A WAM compilation scheme,Logic Programming,,,,10.1007/3-540-55460-2_15,Hans -Günther HeinManfred Meyer,1992,https://link.springer.com/chapter/10.1007/3-540-55460-2_15,Conference paper
"Xylan structure, microbial xylanases, and their mode of action",World Journal of Microbiology and Biotechnology,,,,10.1007/BF01198746,K. B. Bastawde,1992,https://link.springer.com/article/10.1007/BF01198746,Article
An application of program unification to priority queue vectorization,International Journal of Parallel Programming,,,,10.1007/BF01408555,Ling-Yu ChuangVernon RegoAditya Mathur,1992,https://link.springer.com/article/10.1007/BF01408555,Article
Modula-S,Parallel Computation,,,,10.1007/3-540-55437-8_78,W. DiestelkampH. BiA. Böttcher,1992,https://link.springer.com/chapter/10.1007/3-540-55437-8_78,Conference paper
A Common Graphical Form,"Declarative Programming, Sasbachwalden 1991",,,,10.1007/978-1-4471-3794-8_15,David ParrottChris Clack,1992,https://link.springer.com/chapter/10.1007/978-1-4471-3794-8_15,Conference paper
Network Viruses: The Worms,A Pathology of Computer Viruses,,,,10.1007/978-1-4471-1774-2_8,David Ferbrache,1992,https://link.springer.com/chapter/10.1007/978-1-4471-1774-2_8,Chapter
VHDL Tools,VHDL Designer’s Reference,,,,10.1007/978-1-4615-3498-3_2,Jean-Michel BergéAlain FonkouaSerge MaginotJacques Rouillard,1992,https://link.springer.com/chapter/10.1007/978-1-4615-3498-3_2,Chapter
Abundances in the interstellar medium,The Astronomy and Astrophysics Review,,,,10.1007/BF00873568,T. L. WilsonF. Matteucci,1992,https://link.springer.com/article/10.1007/BF00873568,Article
Integrating scalar optimization and parallelization,Languages and Compilers for Parallel Computing,,,,10.1007/BFb0038662,S. TjiangM. WolfM. LamK. PieperJ. Hennessy,1992,https://link.springer.com/chapter/10.1007/BFb0038662,Conference paper
Association merging in a schema metaintegration system for a heterogeneous Object-Oriented database environment,Advanced Database Systems,,,,10.1007/3-540-55693-1_40,M. A. QutaishatN. J. FiddianW. A. Gray,1992,https://link.springer.com/chapter/10.1007/3-540-55693-1_40,Conference paper
Software for supercomputers of the future,The Journal of Supercomputing,,,,10.1007/BF00127948,Ken Kennedy,1992,https://link.springer.com/article/10.1007/BF00127948,Article
Program transformations and WAM-support for the compilation of definite metaprograms,Logic Programming,,,,10.1007/3-540-55460-2_35,Paul Tarau,1992,https://link.springer.com/chapter/10.1007/3-540-55460-2_35,Conference paper
Knowledge-based parallelization for distributed memory systems,Parallel Computation,,,,10.1007/3-540-55437-8_72,Barbara M. ChapmanHeinz M. Herbeck,1992,https://link.springer.com/chapter/10.1007/3-540-55437-8_72,Conference paper
Sequentializing Parallel Programs,"Declarative Programming, Sasbachwalden 1991",,,,10.1007/978-1-4471-3794-8_20,Mark KorslootEvan Tick,1992,https://link.springer.com/chapter/10.1007/978-1-4471-3794-8_20,Conference paper
Leaking methane from natural gas vehicles: Implications for transportation policy in the greenhouse era,Climatic Change,,,,10.1007/BF00154171,D. G. Victor,1992,https://link.springer.com/article/10.1007/BF00154171,Article
Negative Ion Source Technology,Plasma Technology,,,,10.1007/978-1-4615-3400-6_13,H. J. HopmanR. M. A. Heeren,1992,https://link.springer.com/chapter/10.1007/978-1-4615-3400-6_13,Chapter
Parallelization of WHILE loops on pipelined architectures,The Journal of Supercomputing,,,,10.1007/BF00127840,Parthasarathy P. TirumalaiMeng LeeMichael S. Schlansker,1991,https://link.springer.com/article/10.1007/BF00127840,Article
Comparison of a calculated spectrum of C<sub>60</sub>H<sub>60</sub> with the unidentified astronomical infrared emission features,Nature,,,,10.1038/352412a0,Adrian Webster,1991,https://link.springer.com/article/10.1038/352412a0,Article
Carbon monoxide frosts in the interstellar medium,The Astronomy and Astrophysics Review,,,,10.1007/BF00872766,D. C. B. WhittetW. W. Duley,1991,https://link.springer.com/article/10.1007/BF00872766,Article
The media megamerger wave of the 1980s: What happened?,Publishing Research Quarterly,,,,10.1007/BF02678402,J. Kendrick Noble,1991,https://link.springer.com/article/10.1007/BF02678402,Article
Parallelism in logic programs,Annals of Mathematics and Artificial Intelligence,,,,10.1007/BF01530928,Raghu Ramakrishnan,1991,https://link.springer.com/article/10.1007/BF01530928,Article
Medical Issues with Adult Victims of Family Violence,Case Studies in Family Violence,,,,10.1007/978-1-4757-9582-0_7,Richard L. Judd,1991,https://link.springer.com/chapter/10.1007/978-1-4757-9582-0_7,Chapter
Federated case environment,Advanced Information Systems Engineering,,,,10.1007/3-540-54059-8_99,S. PapahristosW. A. Gray,1991,https://link.springer.com/chapter/10.1007/3-540-54059-8_99,Conference paper
Improving Full Laziness,"Functional Programming, Glasgow 1990",,,,10.1007/978-1-4471-3810-5_7,Carsten Kehler Holst,1991,https://link.springer.com/chapter/10.1007/978-1-4471-3810-5_7,Conference paper
Pakistan’s Nuclear Development,Nuclear Weapons Proliferation in the Indian Subcontinent,,,,10.1007/978-1-349-11471-9_5,Ziba Moshaver,1991,https://link.springer.com/chapter/10.1007/978-1-349-11471-9_5,Chapter
Applications for a New Time Digitizer in SSC Experiments,Supercollider 3,,,,10.1007/978-1-4615-3746-5_85,George J. BlanarRichard Sumner,1991,https://link.springer.com/chapter/10.1007/978-1-4615-3746-5_85,Chapter
Selected Z Bibliography,"Z User Workshop, Oxford 1990",,,,10.1007/978-1-4471-3540-1_23,Jonathan Bowen,1991,https://link.springer.com/chapter/10.1007/978-1-4471-3540-1_23,Conference paper
Parallelizing Prolog on shared-memory multiprocessors,Processing Declarative Knowledge,,,,10.1007/BFb0013541,Gao YaoqingWang DingxingQiu XiaolinHwang ZhiyiHu Shouren,1991,https://link.springer.com/chapter/10.1007/BFb0013541,Conference paper
Application development with the FNC-2 attribute grammar system,Compiler Compilers,,,,10.1007/3-540-53669-8_71,Martin JourdanDidier Parigot,1991,https://link.springer.com/chapter/10.1007/3-540-53669-8_71,Conference paper
Internals and externals of the FNC-2 attribute grammar system,"Attribute Grammars, Applications and Systems",,,,10.1007/3-540-54572-7_20,Martin JourdanDidier Parigot,1991,https://link.springer.com/chapter/10.1007/3-540-54572-7_20,Conference paper
"List comprehensions in agna, a parallel persistent object system",Functional Programming Languages and Computer Architecture,,,,10.1007/3540543961_27,Michael L. HeytensRishiyur S. Nikhil,1991,https://link.springer.com/chapter/10.1007/3540543961_27,Conference paper
Enzymes,Food Additive User’s Handbook,,,,10.1007/978-1-4757-5247-2_6,Y. J. Owusu-Ansah,1991,https://link.springer.com/chapter/10.1007/978-1-4757-5247-2_6,Chapter
Dense molecular gas in galactic nuclei,The Astronomy and Astrophysics Review,,,,10.1007/BF00873457,C. HenkelW. A. BaanR. Mauersberger,1991,https://link.springer.com/article/10.1007/BF00873457,Article
Enzymes,Food Additive User’s Handbook,,,,10.1007/978-1-4615-3916-2_6,Y. J. Owusu-Ansah,1991,https://link.springer.com/chapter/10.1007/978-1-4615-3916-2_6,Chapter
Linearity and laziness,Functional Programming Languages and Computer Architecture,,,,10.1007/3540543961_11,David WakelingColin Runciman,1991,https://link.springer.com/chapter/10.1007/3540543961_11,Conference paper
The Family of Concurrent Logic Programming Languages,"Logic, Algebra, and Computation",,,,10.1007/978-3-642-76799-9_10,Ehud Shapiro,1991,https://link.springer.com/chapter/10.1007/978-3-642-76799-9_10,Conference paper
Concurrent Clean,Parle ’91 Parallel Architectures and Languages Europe,,,,10.1007/978-3-662-25209-3_39,E. G. J. M. H. NöckerJ. E. W. SmetsersM. C. J. D. van EekelenM. J. Plasmeijer,1991,https://link.springer.com/chapter/10.1007/978-3-662-25209-3_39,Conference paper
Concurrent clean,PARLE '91 Parallel Architectures and Languages Europe,,,,10.1007/3-540-54152-7_66,E. G. J. M. H. NöckerJ. E. W. SmetsersM. C. J. D. van EekelenM. J. Plasmeijer,1991,https://link.springer.com/chapter/10.1007/3-540-54152-7_66,Conference paper
Feedstuffs,Pork Production Systems,,,,10.1007/978-1-4615-3932-2_9,Wilson G. PondJerome H. ManerDewey L. Harris,1991,https://link.springer.com/chapter/10.1007/978-1-4615-3932-2_9,Chapter
Who’s Who of World Religions,Who’s Who of World Religions,,,,10.1007/978-1-349-09500-1_1,John R. Hinnells,1991,https://link.springer.com/chapter/10.1007/978-1-349-09500-1_1,Chapter
Newly Formed Massive Stars,The Physics of Star Formation and Early Stellar Evolution,,,,10.1007/978-94-011-3642-6_6,Ed Churchwell,1991,https://link.springer.com/chapter/10.1007/978-94-011-3642-6_6,Chapter
Particle-Induced Desorption Ionization Techniques for Organic Mass Spectrometry,Ion Spectroscopies for Surface Analysis,,,,10.1007/978-1-4615-3708-3_3,Kenneth L. Busch,1991,https://link.springer.com/chapter/10.1007/978-1-4615-3708-3_3,Chapter
"A preprocessor based implementation of<b>Common Lisp</b>
",LISP and Symbolic Computation,,,,10.1007/BF01806098,John R. DiamantGerald P. Duggan,1990,https://link.springer.com/article/10.1007/BF01806098,Article
Cosmic dust: From space to laboratory,La Rivista del Nuovo Cimento (1978-1999),,,,10.1007/BF02902933,E. BussolettiL. Colangeli,1990,https://link.springer.com/article/10.1007/BF02902933,Article
Cedar Fortran and other vector and parallel Fortran dialects,The Journal of Supercomputing,,,,10.1007/BF00162342,Mark D. GuzziDavid A. PaduaJay HoeflingerDuncan H. Lawrie,1990,https://link.springer.com/article/10.1007/BF00162342,Article
An automated reasoning problem associated with proving claims about programs using Floyd-Hoare inductive assertion methods,Journal of Automated Reasoning,,,,10.1007/BF00243137,G. H. ChisholmB. T. SmithA. S. Wojcik,1989,https://link.springer.com/article/10.1007/BF00243137,Article
Clinical Pharmacokinetics of Prednisone and Prednisolone,Clinical Pharmacokinetics,,,,10.2165/00003088-199019020-00003,Brigitte M. FreyFelix J. Frey,1990,https://link.springer.com/article/10.2165/00003088-199019020-00003,Article
An abstract interpretation scheme for identifying inherent parallelism in logic programs,New Generation Computing,,,,10.1007/BF03037209,Arvind K. BansalLeon S. Sterling,1990,https://link.springer.com/article/10.1007/BF03037209,Article
Object oriented extension of attribute grammars and its implementation using distributed attribute evaluation algorithm,Attribute Grammars and their Applications,,,,10.1007/3-540-53101-7_13,Yoichi ShinodaTakuya Katayama,1990,https://link.springer.com/chapter/10.1007/3-540-53101-7_13,Conference paper
Aging and the Elderly in Japan,Anthropology and Aging,,,,10.1007/978-94-009-2031-6_7,Cristie Kiefer,1990,https://link.springer.com/chapter/10.1007/978-94-009-2031-6_7,Chapter
Attributed translation and the semantics of natural language,Attribute Grammars and their Applications,,,,10.1007/3-540-53101-7_20,J. V. PittR. J. Cunningham,1990,https://link.springer.com/chapter/10.1007/3-540-53101-7_20,Conference paper
On the automatic generation of events in delta prolog,Programming Language Implementation and Logic Programming,,,,10.1007/BFb0024193,Veroniek DumortierMaurice Bruynooghe,1990,https://link.springer.com/chapter/10.1007/BFb0024193,Conference paper
"The Polyphonic Music of the Medieval Monastery, Cathedral and University",Antiquity and the Middle Ages,,,,10.1007/978-1-349-21157-9_6,Marion S. Gushee,1990,https://link.springer.com/chapter/10.1007/978-1-349-21157-9_6,Chapter
The Emergence of Gregorian Chant in the Carolingian Era,Antiquity and the Middle Ages,,,,10.1007/978-1-349-21157-9_4,James McKinnon,1990,https://link.springer.com/chapter/10.1007/978-1-349-21157-9_4,Chapter
Pozzolans and the Pozzolanic Reaction,Concrete Admixtures,,,,10.1007/978-1-4757-4843-7_7,Vance H. Dodson,1990,https://link.springer.com/chapter/10.1007/978-1-4757-4843-7_7,Chapter
A Modified WAM,A High Performance Architecture for Prolog,,,,10.1007/978-1-4613-1529-2_3,T. P. Dobry,1990,https://link.springer.com/chapter/10.1007/978-1-4613-1529-2_3,Chapter
Transforming generate-and-test programs to execute under committed-choice AND-parallelism,International Journal of Parallel Programming,,,,10.1007/BF01379187,Arvind K. BansalLeon S. Sterling,1989,https://link.springer.com/article/10.1007/BF01379187,Article
The management of austerity in higher education: an international comparison,Higher Education,,,,10.1007/BF00140745,Manuel Crespo,1989,https://link.springer.com/article/10.1007/BF00140745,Article
OPTRAN - A language/system for the specification of program transformations: System overview and experiences,Compiler Compilers and High Speed Compilation,,,,10.1007/3-540-51364-7_4,Peter LippsUlrich MönckeReinhard Wilhelm,1989,https://link.springer.com/chapter/10.1007/3-540-51364-7_4,Conference paper
Chemical Nature of Phlobaphenes,Chemistry and Significance of Condensed Tannins,,,,10.1007/978-1-4684-7511-1_6,L. Yeap FooJoseph J. Karchesy,1989,https://link.springer.com/chapter/10.1007/978-1-4684-7511-1_6,Chapter
Mix: A self-applicable partial evaluator for experiments in compiler generation,LISP and Symbolic Computation,,,,10.1007/BF01806312,Neil D. JonesPeter SestoftHarald Søndergaard,1989,https://link.springer.com/article/10.1007/BF01806312,Article
Meta-Programming for Knowledge Base Systems,Wissensbasierte Systeme,,,,10.1007/978-3-642-75182-0_2,J. W. Lloyd,1989,https://link.springer.com/chapter/10.1007/978-3-642-75182-0_2,Conference paper
The University of Durham Southern Hemisphere VHE gamma ray telescope,Experimental Astronomy,,,,10.1007/BF00457984,K. T. BrazierA. CarramiñanaP. M. ChadwickT. R. CurrellN. A. DipperE. W. LincolnV. G. ManningsT. J. L. McCombK. J. OrfordS. M. RaynerK. E. Turver,1989,https://link.springer.com/article/10.1007/BF00457984,Article
X-ray binaries,The Astronomy and Astrophysics Review,,,,10.1007/BF00872485,N. E. White,1989,https://link.springer.com/article/10.1007/BF00872485,Article
Introduction,Error Detection and Recovery in Robotics,,,,10.1007/BFb0039641,,1989,https://link.springer.com/chapter/10.1007/BFb0039641,Chapter
Accretion Disks in Low Mass X-Ray Binaries,Theory of Accretion Disks,,,,10.1007/978-94-009-1037-9_26,Nicholas E. White,1989,https://link.springer.com/chapter/10.1007/978-94-009-1037-9_26,Chapter
Numerical Simulation of Mass Outflows from Star Forming Regions,Accretion Disks and Magnetic Fields in Astrophysics,,,,10.1007/978-94-009-2401-7_22,James M. StoneMichael L. NormanDimitri Mihalas,1989,https://link.springer.com/chapter/10.1007/978-94-009-2401-7_22,Conference paper
Evaluation,A Systolic Array Optimizing Compiler,,,,10.1007/978-1-4613-1705-0_7,Monica S. Lam,1989,https://link.springer.com/chapter/10.1007/978-1-4613-1705-0_7,Chapter
A Solar Hydrogen Energy System,Advances in Solar Energy,,,,10.1007/978-1-4613-0837-9_3,J. O’M BockrisB. DandapaniJ. C. Wass,1989,https://link.springer.com/chapter/10.1007/978-1-4613-0837-9_3,Chapter
A self-applicable partial evaluator for term rewriting systems,TAPSOFT '89,,,,10.1007/3-540-50940-2_29,Anders Bondorf,1989,https://link.springer.com/chapter/10.1007/3-540-50940-2_29,Conference paper
Compiling parallel programs by optimizing performance,The Journal of Supercomputing,,,,10.1007/BF00128176,Marina ChenYoung-Il ChooJingke Li,1988,https://link.springer.com/article/10.1007/BF00128176,Article
Annotated bibliography on partial evaluation and mixed computation,New Generation Computing,,,,10.1007/BF03037145,,1988,https://link.springer.com/article/10.1007/BF03037145,Article
Debugging in applicative languages,LISP and Symbolic Computation,,,,10.1007/BF01806168,John T. O'DonnellCordelia V. Hall,1988,https://link.springer.com/article/10.1007/BF01806168,Article
"Composing recursive logic programs with<i>Clausal join</i>
            ",New Generation Computing,,,,10.1007/BF03037138,A. LakhotiaL. Sterling,1988,https://link.springer.com/article/10.1007/BF03037138,Article
Partial evaluation of metaprograms in a “multiple worlds” logic language,New Generation Computing,,,,10.1007/BF03037139,Giorgio LeviGiuseppe Sardu,1988,https://link.springer.com/article/10.1007/BF03037139,Article
Translating between programming languages,Attribute Grammar Inversion and Source-to-source Translation,,,,10.1007/3-540-19072-4_6,,1988,https://link.springer.com/chapter/10.1007/3-540-19072-4_6,Chapter
Kant in Russia: The initial phase,Studies in Soviet Thought,,,,10.1007/BF01043897,Thomas Nemeth,1988,https://link.springer.com/article/10.1007/BF01043897,Article
Hypertension,Prevention in Clinical Practice,,,,10.1007/978-1-4684-5356-0_13,Mark T. O’Connell,1988,https://link.springer.com/chapter/10.1007/978-1-4684-5356-0_13,Chapter
Introduction,Attribute Grammar Inversion and Source-to-source Translation,,,,10.1007/3-540-19072-4_1,,1988,https://link.springer.com/chapter/10.1007/3-540-19072-4_1,Chapter
Composition and evaluation of attribute coupled grammars,Acta Informatica,,,,10.1007/BF02737108,Robert Giegerich,1988,https://link.springer.com/article/10.1007/BF02737108,Article
The inversion of RIF grammars,Attribute Grammar Inversion and Source-to-source Translation,,,,10.1007/3-540-19072-4_3,,1988,https://link.springer.com/chapter/10.1007/3-540-19072-4_3,Chapter
Enzymatic Methods for Cleaving Proteins,New Protein Techniques,,,,10.1385/0-89603-126-8:57,Bryan John Smith,1988,https://link.springer.com/chapter/10.1385/0-89603-126-8:57,Protocol
Extended abstract of MIX: A self-applicable partial evaluator for experiments in compiler generation,Mathematical Foundations of Programming Language Semantics,,,,10.1007/3-540-19020-1_21,Neil D. JonesPeter SestoftHarald Søndergaard,1988,https://link.springer.com/chapter/10.1007/3-540-19020-1_21,Conference paper
Prolog Architectures,Memory Performance of Prolog Architectures,,,,10.1007/978-1-4613-2017-3_2,Evan Tick,1988,https://link.springer.com/chapter/10.1007/978-1-4613-2017-3_2,Chapter
MIMD-parallelization for SUPRENUM,Supercomputing,,,,10.1007/3-540-18991-2_16,Michael GerndtHans P. Zima,1988,https://link.springer.com/chapter/10.1007/3-540-18991-2_16,Conference paper
Realization of a knowledge-based parallelization tool in a programming environment,Supercomputing,,,,10.1007/3-540-18991-2_20,Thomas BrandesManfred Sommer,1988,https://link.springer.com/chapter/10.1007/3-540-18991-2_20,Conference paper
Review of existing systems,Attribute Grammars,,,,10.1007/BFb0030511,,1988,https://link.springer.com/chapter/10.1007/BFb0030511,Chapter
Automatic restructuring of Fortran programs for parallel execution,Parallel Computing in Science and Engineering,,,,10.1007/3-540-18923-8_17,Constantine D. Polychronopoulos,1988,https://link.springer.com/chapter/10.1007/3-540-18923-8_17,Conference paper
Raw Materials,The Printing Ink Manual,,,,10.1007/978-1-4684-6906-6_4,M. J. Clayton,1988,https://link.springer.com/chapter/10.1007/978-1-4684-6906-6_4,Chapter
Raw Materials,The Printing Ink Manual,,,,10.1007/978-94-011-7097-0_4,M. Clayton,1988,https://link.springer.com/chapter/10.1007/978-94-011-7097-0_4,Chapter
Integrating code generation and peephole optimization,Acta Informatica,,,,10.1007/BF00268846,Mahadevan GanapathiCharles N. Fischer,1988,https://link.springer.com/article/10.1007/BF00268846,Article
Organometallic compounds of elements of main groups IV and V,Principles of Organometallic Chemistry,,,,10.1007/978-94-009-1197-0_4,P. Powell,1988,https://link.springer.com/chapter/10.1007/978-94-009-1197-0_4,Chapter
Digital encoders of sine-cosine rotating transformers output signals,Measurement Techniques,,,,10.1007/BF00865064,V. G. DomrachevYu. S. Smirnov,1987,https://link.springer.com/article/10.1007/BF00865064,Article
HII Regions and Radio Recombination Lines,Galactic and Extragalactic Radio Astronomy,,,,10.1007/978-1-4612-3936-9_2,Mark A. Gordon,1988,https://link.springer.com/chapter/10.1007/978-1-4612-3936-9_2,Chapter
Semi-automatic process partitioning for parallel computation,International Journal of Parallel Programming,,,,10.1007/BF01407902,Charles KoelbelPiyush MehrotraJohn Van Rosendale,1987,https://link.springer.com/article/10.1007/BF01407902,Article
"Interstellar Matter, Nebulae","Literature 1987, Part 2",,,,10.1007/978-3-662-12361-4_14,U. EsserH. HefeleI. HeinrichW. HofmannD. KrahnV. R. MatasL. D. SchmadelG. Zech,1988,https://link.springer.com/chapter/10.1007/978-3-662-12361-4_14,Chapter
Compiling OR-parallelism into AND-parallelism,New Generation Computing,,,,10.1007/BF03037457,Michael CodishEhud Shapiro,1987,https://link.springer.com/article/10.1007/BF03037457,Article
Flat Parlog: A basis for comparison,International Journal of Parallel Programming,,,,10.1007/BF01379097,Ian FosterStephen Taylor,1987,https://link.springer.com/article/10.1007/BF01379097,Article
Evolution of Interstellar Dust,Physical Processes in Interstellar Clouds,,,,10.1007/978-94-009-3945-5_21,A. G. G. M. TielensL. J. Allamandola,1987,https://link.springer.com/chapter/10.1007/978-94-009-3945-5_21,Chapter
World Coal Demand: Bridging the Energy Future?,Energy Demand,,,,10.1007/978-1-349-09279-6_8,Colin Robinson,1987,https://link.springer.com/chapter/10.1007/978-1-349-09279-6_8,Chapter
Plant carbohydrates—An overview,Proceedings / Indian Academy of Sciences,,,,10.1007/BF03053322,R N TharanathanG MuralikrishnaP V SalimathM R Raghavendra Rao,1987,https://link.springer.com/article/10.1007/BF03053322,Article
Thermoplastic Elastomers Based on Block Copolymers of Ethylene and Propylene,Advances in Polyolefins,,,,10.1007/978-1-4757-9095-5_7,George A. Lock,1987,https://link.springer.com/chapter/10.1007/978-1-4757-9095-5_7,Conference paper
The Hydrogen Coverage of Interstellar PAHs,Polycyclic Aromatic Hydrocarbons and Astrophysics,,,,10.1007/978-94-009-4776-4_23,A. G. G. M. TielensL. J. AllamandolaJ. R. BarkerM. Cohen,1987,https://link.springer.com/chapter/10.1007/978-94-009-4776-4_23,Chapter
Objects as Communicating Prolog Units,ECOOP’ 87 European Conference on Object-Oriented Programming,,,,10.1007/3-540-47891-4_17,Paola MelloAntonio Natali,1987,https://link.springer.com/chapter/10.1007/3-540-47891-4_17,Conference paper
Chemical Abundances in Molecular Clouds,Interstellar Processes,,,,10.1007/978-94-009-3861-8_21,W. M. IrvineP. F. GoldsmithÅ. Hjalmarson,1987,https://link.springer.com/chapter/10.1007/978-94-009-3861-8_21,Conference paper
Concurrent Prolog: A Progress Report,Fundamentals of Artificial Intelligence,,,,10.1007/978-3-662-40145-3_7,Ehud Shapiro,1987,https://link.springer.com/chapter/10.1007/978-3-662-40145-3_7,Chapter
Organic molecules in space,Organic Geo- and Cosmochemistry,,,,10.1007/BFb0018080,Gisbert WinnewisserEric Herbst,1987,https://link.springer.com/chapter/10.1007/BFb0018080,Conference paper
Loops skewing: The wavefront method revisited,International Journal of Parallel Programming,,,,10.1007/BF01407876,Michael Wolfe,1986,https://link.springer.com/article/10.1007/BF01407876,Article
Maximum pipelining linear recurrence on static data flow computers,International Journal of Parallel Programming,,,,10.1007/BF01414442,Guang R. Gao,1986,https://link.springer.com/article/10.1007/BF01414442,Article
Compiling OR-parallelism into AND-parallelism,Third International Conference on Logic Programming,,,,10.1007/3-540-16492-8_82,Michael CodishEhud Shapiro,1986,https://link.springer.com/chapter/10.1007/3-540-16492-8_82,Conference paper
An investigation of diffuse cloud chemistry,Astrophysics and Space Science,,,,10.1007/BF00653709,A. P. C. MannD. A. Williams,1986,https://link.springer.com/article/10.1007/BF00653709,Article
Qualified answers and their application to transformation,Third International Conference on Logic Programming,,,,10.1007/3-540-16492-8_92,Phil Vasey,1986,https://link.springer.com/chapter/10.1007/3-540-16492-8_92,Conference paper
Detection and optimization of functional computations in Prolog,Third International Conference on Logic Programming,,,,10.1007/3-540-16492-8_97,Saumya K. DebrayDavid S. Warren,1986,https://link.springer.com/chapter/10.1007/3-540-16492-8_97,Conference paper
Concurrent Prolog: A progress report,Fundamentals of Artificial Intelligence,,,,10.1007/BFb0022685,Ehud Shapiro,1986,https://link.springer.com/chapter/10.1007/BFb0022685,Chapter
The Architecture of Parallel Computers,Control Flow and Data Flow: Concepts of Distributed Programming,,,,10.1007/978-3-642-82921-5_7,Clyde P. KruskalLarry RudolphRon Cytron,1986,https://link.springer.com/chapter/10.1007/978-3-642-82921-5_7,Conference paper
Quasi-periodic oscillations in bright galactic-bulge X-ray sources,Nature,,,,10.1038/317681a0,F. K. LambN. ShibazakiM. A. AlparJ. Shaham,1985,https://link.springer.com/article/10.1038/317681a0,Article
Stages in the psychological response to unemployment: A (dis)integrative review,Current Psychological Research & Reviews,,,,10.1007/BF02686575,David Fryer,1985,https://link.springer.com/article/10.1007/BF02686575,Article
Databases — Relationship with Logic Programming,Logic Programming,,,,10.1007/978-94-009-5044-3_15,Isaac BalbinKoenraad Lecot,1985,https://link.springer.com/chapter/10.1007/978-94-009-5044-3_15,Chapter
An experiment in partial evaluation: The generation of a compiler generator,Rewriting Techniques and Applications,,,,10.1007/3-540-15976-2_6,Neil D. JonesPeter SestoftHarald Søndergaard,1985,https://link.springer.com/chapter/10.1007/3-540-15976-2_6,Conference paper
Mechanical translation of set theoretic problem specifications into efficient RAM code — A case study,EUROCAL '85,,,,10.1007/3-540-15984-3_329,Robert PaigeFritz Henglein,1985,https://link.springer.com/chapter/10.1007/3-540-15984-3_329,Conference paper
"Serial combinators: ""optimal"" grains of parallelism",Functional Programming Languages and Computer Architecture,,,,10.1007/3-540-15975-4_49,Paul HudakBenjamin Goldberg,1985,https://link.springer.com/chapter/10.1007/3-540-15975-4_49,Conference paper
Radio Astronomy,Reports on Astronomy,,,,10.1007/978-94-009-5392-5_30,Richard M. West,1985,https://link.springer.com/chapter/10.1007/978-94-009-5392-5_30,Chapter
"Radio Observations of Interstellar Molecules, of their behaviour, and of their physics",Molecular Astrophysics,,,,10.1007/978-94-009-5432-8_3,O. E. H. RydbeckÅ Hjalmarson,1985,https://link.springer.com/chapter/10.1007/978-94-009-5432-8_3,Chapter
"Interstellar Matter, Nebulae","Literature 1985, Part 1",,,,10.1007/978-3-662-12352-2_14,S. BöhmeU. EsserW. FrickeH. HefeleInge HeinrichW. HofmannD. KrahnV. R. MatasLutz D. SchmadelG. Zech,1985,https://link.springer.com/chapter/10.1007/978-3-662-12352-2_14,Chapter
An Environment for High-level Program Development,Programmiersprachen und Programmentwicklung,,,,10.1007/978-3-642-69393-9_10,Peter GrogonoV. S. Alagar,1984,https://link.springer.com/chapter/10.1007/978-3-642-69393-9_10,Chapter
Transformational Derivation of Parsing Algorithms Executable on Parallel Architectures,Programmiersprachen und Programmentwicklung,,,,10.1007/978-3-642-69393-9_3,H. Partsch,1984,https://link.springer.com/chapter/10.1007/978-3-642-69393-9_3,Chapter
Infrared Spectroscopy of Evolved Objects,Galactic and Extragalactic Infrared Spectroscopy,,,,10.1007/978-94-009-7251-3_21,David K. AitkenPatrick F. Roche,1984,https://link.springer.com/chapter/10.1007/978-94-009-7251-3_21,Conference paper
Folylpoly-γ-Glutamate Synthetases: Properties and Regulation,Folyl and Antifolyl Polyglutamates,,,,10.1007/978-1-4757-5241-0_13,Barry ShaneDavid J. Cichowicz,1983,https://link.springer.com/chapter/10.1007/978-1-4757-5241-0_13,Chapter
Renewable Resource Monomers and Polymers,Polymer Applications of Renewable-Resource Materials,,,,10.1007/978-1-4613-3503-0_1,L. H. SperlingCharles E. Carraher,1983,https://link.springer.com/chapter/10.1007/978-1-4613-3503-0_1,Chapter
Deriving very efficient algorithms for evaluating linear recurrence relations using the program transformation technique,Acta Informatica,,,,10.1007/BF00264438,A. PettorossiR. M. Burstall,1982,https://link.springer.com/article/10.1007/BF00264438,Article
Statistical Programs for Microcomputers: The Implementation of a Directory for Data Structures,COMPSTAT 1982 5th Symposium held at Toulouse 1982,,,,10.1007/978-3-642-51461-6_25,P. G. N. DigbyR. W. Payne,1982,https://link.springer.com/chapter/10.1007/978-3-642-51461-6_25,Conference paper
Communications Engineering and Computer Science,Masters Theses in the Pure and Applied Sciences,,,,10.1007/978-1-4613-3700-3_10,Wade H. Shafer,1982,https://link.springer.com/chapter/10.1007/978-1-4613-3700-3_10,Chapter
Folylpoly-γ-glutamate synthesis by bacteria and mammalian cells,Molecular and Cellular Biochemistry,,,,10.1007/BF00232575,David J. CichowiczSiang K. FooBarry Shane,1981,https://link.springer.com/article/10.1007/BF00232575,Article
Programming,The Illiac IV,,,,10.1007/978-3-662-10345-6_4,R. Michael Hord,1982,https://link.springer.com/chapter/10.1007/978-3-662-10345-6_4,Chapter
Practical Demonstration of Multiple-Source Urban Air Quality Simulation Models,Air Pollution,,,,10.1007/978-1-4757-9131-0_5,Erich Weber,1982,https://link.springer.com/chapter/10.1007/978-1-4757-9131-0_5,Chapter
"Interstellar Matter, Nebulae",Astronomy and Astrophysics Abstracts,,,,10.1007/978-3-662-12334-8_14,S. BöhmeW. FrickeH. HefeleI. HeinrichW. HofmannD. KrahnV. R. MatasL. D. SchmadelG. Zech,1982,https://link.springer.com/chapter/10.1007/978-3-662-12334-8_14,Chapter
"Stellar Systems, Galaxy, Extragalactic Objects, Cosmology",Astronomy and Astrophysics Abstracts,,,,10.1007/978-3-662-12334-8_16,S. BöhmeW. FrickeH. HefeleI. HeinrichW. HofmannD. KrahnV. R. MatasL. D. SchmadelG. Zech,1982,https://link.springer.com/chapter/10.1007/978-3-662-12334-8_16,Chapter
Folylpoly-γ-glutamate synthesis by bacteria and mammalian cells,The Biological Effects of Glutamic Acid and Its Derivatives,,,,10.1007/978-94-009-8027-3_13,David J. CichowiczSiang K. FooBarry Shane,1981,https://link.springer.com/chapter/10.1007/978-94-009-8027-3_13,Chapter
Automatic program restructuring for high-speed computation,Conpar 81,,,,10.1007/BFb0105110,D. J. Kuck,1981,https://link.springer.com/chapter/10.1007/BFb0105110,Conference paper
Substance Abuse Disorders,Neuropsychiatric Features of Medical Disorders,,,,10.1007/978-1-4684-3920-5_17,James W. JeffersonJohn R. Marshall,1981,https://link.springer.com/chapter/10.1007/978-1-4684-3920-5_17,Chapter
Suggestions for composing and specifying program design decisions,International Symposium on Programming,,,,10.1007/3-540-09981-6_22,M. Sintzoff,1980,https://link.springer.com/chapter/10.1007/3-540-09981-6_22,Conference paper
Surveys of Galactic Hydrogen Radio Recombination Line Emission,Radio Recombination Lines,,,,10.1007/978-94-009-9024-1_18,T. L. Wilson,1980,https://link.springer.com/chapter/10.1007/978-94-009-9024-1_18,Conference paper
Infrared Astronomy,Astrophysics from Spacelab,,,,10.1007/978-94-009-8979-5_8,Ezio BussolettiRoberto FabbriFrancesco Melchiorri,1980,https://link.springer.com/chapter/10.1007/978-94-009-8979-5_8,Chapter
The observed infrared properties of grains in space,Astrophysics and Space Science,,,,10.1007/BF00643501,K. M. Merrill,1979,https://link.springer.com/article/10.1007/BF00643501,Article
Tholins: organic chemistry of interstellar grains and gas,Nature,,,,10.1038/277102a0,Carl SaganB. N. Khare,1979,https://link.springer.com/article/10.1038/277102a0,Article
The Bengkalis Hunger Riots of 1935,Between People and Statistics,,,,10.1007/978-94-009-8846-0_16,William J. O’Malley,1979,https://link.springer.com/chapter/10.1007/978-94-009-8846-0_16,Chapter
Systematics of transformation rules,Program Construction,,,,10.1007/BFb0014672,F. L. BauerM. BroyH. PartschP. PepperH. Wössner,1979,https://link.springer.com/chapter/10.1007/BFb0014672,Chapter
"Interstellar Matter, Nebulae","Literature 1979, Part 1",,,,10.1007/978-3-662-12316-4_14,Siegfried BöhmeUte EsserWalter FrickeInge HeinrichWilfried HofmannDietlinde KrahnDorothea RosaLutz D. SchmadelGert Zech,1979,https://link.springer.com/chapter/10.1007/978-3-662-12316-4_14,Chapter
The method of attributes for data flow analysis,Acta Informatica,,,,10.1007/BF00264319,Wayne A. BabichMehdi Jazayeri,1978,https://link.springer.com/article/10.1007/BF00264319,Article
Leukocyte Transfusions for the Modification of Host-versus-graft Reactions in Dogs,Experimental Hematology Today 1978,,,,10.1007/978-1-4612-6304-3_11,I. RiederH. J. KolbE. SchäfferH. KolbH. Gross-WildeS. ScholzS. Thierfelder,1978,https://link.springer.com/chapter/10.1007/978-1-4612-6304-3_11,Conference paper
Abstract Data Types and the Development of Data Structures,Pioneers and Their Contributions to Software Engineering,,,,10.1007/978-3-642-48354-7_16,B. WegbreitJohn Guttag,1977,https://link.springer.com/chapter/10.1007/978-3-642-48354-7_16,Chapter
New evidence on the origin of rotation measures in extragalactic radio sources,Nature,,,,10.1038/263653a0,P. P. KronbergMartine Simard-Normandin,1976,https://link.springer.com/article/10.1038/263653a0,Article
The Reforms and the Grain Trade,"Bread, Politics and Political Economy in the Reign of Louis XV",,,,10.1007/978-94-010-1404-5_6,Steven L. Kaplan,1976,https://link.springer.com/chapter/10.1007/978-94-010-1404-5_6,Chapter
Evaluating health programs,Journal of Community Health,,,,10.1007/BF01318942,Noralou P. Roos,1975,https://link.springer.com/article/10.1007/BF01318942,Article