Item Title,Publication Title,Book Series Title,Journal Volume,Journal Issue,Item DOI,Authors,Publication Year,URL,Content Type
Source-to-Source Optimization for HLS,FPGAs for Software Programmers,,,,10.1007/978-3-319-26408-0_8,Jason CongMuhuan HuangPeichen PanYuxin WangPeng Zhang,2016,https://link.springer.com/chapter/10.1007/978-3-319-26408-0_8,Chapter
Static Analysis by Abstract Interpretation of the Functional Correctness of Matrix Manipulating Programs,Static Analysis,,,,10.1007/978-3-662-53413-7_13,Matthieu JournaultAntoine Miné,2016,https://link.springer.com/chapter/10.1007/978-3-662-53413-7_13,Conference paper
Extending MUST to Check Hybrid-Parallel Programs for Correctness Using the OpenMP Tools Interface,Tools for High Performance Computing 2015,,,,10.1007/978-3-319-39589-0_7,Tim CramerFelix MünchhalfenChristian TerbovenTobias HilbrichMatthias S. Müller,2016,https://link.springer.com/chapter/10.1007/978-3-319-39589-0_7,Conference paper
Supporting Enhanced Exception Handling with OpenMP in Object-Oriented Languages,International Journal of Parallel Programming,,,,10.1007/s10766-016-0474-x,Xing FanMostafa MehrabiOliver SinnenNasser Giacaman,2016,https://link.springer.com/article/10.1007/s10766-016-0474-x,Article
Exhaustive Execution of CHR Through Source-to-Source Transformation,Logic-Based Program Synthesis and Transformation,,,,10.1007/978-3-319-17822-6_4,Ahmed ElsawyAmira ZakiSlim Abdennadher,2015,https://link.springer.com/chapter/10.1007/978-3-319-17822-6_4,Conference paper
CPArec: Verifying Recursive Programs via Source-to-Source Program Transformation,Tools and Algorithms for the Construction and Analysis of Systems,,,,10.1007/978-3-662-46681-0_35,Yu-Fang ChenChiao HsiehMing-Hsien TsaiBow-Yaw WangFarn Wang,2015,https://link.springer.com/chapter/10.1007/978-3-662-46681-0_35,Conference paper
Rolex: resilience-oriented language extensions for extreme-scale systems,The Journal of Supercomputing,,,,10.1007/s11227-016-1752-5,Saurabh HukerikarRobert F. Lucas,2016,https://link.springer.com/article/10.1007/s11227-016-1752-5,Article
Summarizing Software Artifacts: A Literature Review,Journal of Computer Science and Technology,,,,10.1007/s11390-016-1671-1,Najam NazarYan HuHe Jiang,2016,https://link.springer.com/article/10.1007/s11390-016-1671-1,Article
Program Transformation and Compilation,Deductive Software Verification – The KeY Book,,,,10.1007/978-3-319-49812-6_14,Ran JiRichard  Bubel,2016,https://link.springer.com/chapter/10.1007/978-3-319-49812-6_14,Chapter
Efficient family-based model checking via variability abstractions,International Journal on Software Tools for Technology Transfer,,,,10.1007/s10009-016-0425-2,Aleksandar S. DimovskiAhmad Salim Al-SibahiClaus BrabrandAndrzej Wąsowski,2016,https://link.springer.com/article/10.1007/s10009-016-0425-2,Article
Automated Test Case Generation for the CTRL Programming Language Using Pex: Lessons Learned,Software Engineering for Resilient Systems,,,,10.1007/978-3-319-45892-2_9,Stefan KlikovitsDavid P. Y. LawrenceManuel Gonzalez-BergesDidier Buchs,2016,https://link.springer.com/chapter/10.1007/978-3-319-45892-2_9,Conference paper
Runtime Vectorization Transformations of Binary Code,International Journal of Parallel Programming,,,,10.1007/s10766-016-0480-z,Nabil HallouErven RohouPhilippe Clauss,2016,https://link.springer.com/article/10.1007/s10766-016-0480-z,Article
"Analytical Validation of a Portable Mass Spectrometer Featuring Interchangeable, Ambient Ionization Sources for High Throughput Forensic Evidence Screening",Journal of The American Society for Mass Spectrometry,,,,10.1007/s13361-016-1562-2,Zachary E. LawtonAngelica TraubWilliam L. FatiganteJose ManciasAdam E. O’LearySeth E. HallJamie R. WielandHerbert OberacherMichael C. GizziChristopher C. Mulligan,2016,https://link.springer.com/article/10.1007/s13361-016-1562-2,Article
Secure computation of hidden Markov models and secure floating-point arithmetic in the malicious model,International Journal of Information Security,,,,10.1007/s10207-016-0350-0,Mehrdad AliasgariMarina BlantonFattaneh Bayatbabolghani,2016,https://link.springer.com/article/10.1007/s10207-016-0350-0,Article
Assessing resilient versus stop-and-restart fault-tolerant solutions in MPI applications,The Journal of Supercomputing,,,,10.1007/s11227-016-1863-z,Nuria LosadaMaría J. MartínPatricia González,2016,https://link.springer.com/article/10.1007/s11227-016-1863-z,Article
Lazy Sequentialization for the Safety Verification of Unbounded Concurrent Programs,Automated Technology for Verification and Analysis,,,,10.1007/978-3-319-46520-3_12,Truc L. NguyenBernd FischerSalvatore La TorreGennaro Parlato,2016,https://link.springer.com/chapter/10.1007/978-3-319-46520-3_12,Conference paper
Advances in Property-Based Testing for $$\alpha $$ Prolog,Tests and Proofs,,,,10.1007/978-3-319-41135-4_3,James CheneyAlberto MomiglianoMatteo Pessina,2016,https://link.springer.com/chapter/10.1007/978-3-319-41135-4_3,Conference paper
"Assessing and discovering parallelism in C<span class=""mathjax-tex"">\(++\)</span> code for heterogeneous platforms",The Journal of Supercomputing,,,,10.1007/s11227-016-1794-8,David del Rio AstorgaRafael SotomayorLuis Miguel SanchezJavier Garcia BlasAlejandro CalderonJavier Fernandez,2016,https://link.springer.com/article/10.1007/s11227-016-1794-8,Article
Petal Tool for Analyzing and Transforming Legacy MPI Applications,Languages and Compilers for Parallel Computing,,,,10.1007/978-3-319-29778-1_10,Hadia AhmedAnthony SkjellumPeter Pirkelbauer,2016,https://link.springer.com/chapter/10.1007/978-3-319-29778-1_10,Conference paper
Translation of Cognitive Models from ACT-R to Constraint Handling Rules,"Rule Technologies. Research, Tools, and Applications",,,,10.1007/978-3-319-42019-6_15,Daniel GallThom Frühwirth,2016,https://link.springer.com/chapter/10.1007/978-3-319-42019-6_15,Conference paper
Let’s Face It: Faceted Values for Taint Tracking,Computer Security – ESORICS 2016,,,,10.1007/978-3-319-45744-4_28,Daniel SchoepeMusard BalliuFrank PiessensAndrei Sabelfeld,2016,https://link.springer.com/chapter/10.1007/978-3-319-45744-4_28,Conference paper
Progress-Sensitive Security for SPARK,Engineering Secure Software and Systems,,,,10.1007/978-3-319-30806-7_2,Willard RafnssonDeepak GargAndrei Sabelfeld,2016,https://link.springer.com/chapter/10.1007/978-3-319-30806-7_2,Conference paper
"BFCA<Emphasis FontCategory=""NonProportional"">+</Emphasis>: automatic synthesis of parallel code with TLS capabilities",The Journal of Supercomputing,,,,10.1007/s11227-016-1623-0,Sergio AldeaDiego R. LlanosArturo Gonzalez-Escribano,2016,https://link.springer.com/article/10.1007/s11227-016-1623-0,Article
Hunting Memory Bugs in C Programs with Map2Check,Tools and Algorithms for the Construction and Analysis of Systems,,,,10.1007/978-3-662-49674-9_64,Herbert O. RochaRaimundo S. BarretoLucas C. Cordeiro,2016,https://link.springer.com/chapter/10.1007/978-3-662-49674-9_64,Conference paper
Combining Data and Computation Distribution Directives for Hybrid Parallel Programming : A Transformation System,International Journal of Parallel Programming,,,,10.1007/s10766-016-0428-3,Rachid HabelFrédérique Silber-ChaussumierFrançois IrigoinElisabeth BrunetFrançois Trahay,2016,https://link.springer.com/article/10.1007/s10766-016-0428-3,Article
"Methodological issues on the use of administrative data in healthcare research: the case of heart failure hospitalizations in Lombardy region, 2000 to 2012",BMC Health Services Research,,,,10.1186/s12913-016-1489-0,Cristina MazzaliAnna Maria PaganoniFrancesca IevaCristina MasellaMauro MaistrelloOrnella AgostoniSimonetta ScalviniMaria Frigerio,2016,https://link.springer.com/article/10.1186/s12913-016-1489-0,Article
An Algebraic Framework for Parallelizing Recurrence in Functional Programming,Programming Languages,,,,10.1007/978-3-319-45279-1_10,Rodrigo C. O. RochaLuís F. W. GóesFernando M. Q. Pereira,2016,https://link.springer.com/chapter/10.1007/978-3-319-45279-1_10,Conference paper
Soft Error Mitigation in Soft-Core Processors,FPGAs and Parallel Architectures for Aerospace Applications,,,,10.1007/978-3-319-14352-1_16,Antonio Martínez-ÁlvarezSergio Cuenca-AsensiFelipe Restrepo-Calle,2016,https://link.springer.com/chapter/10.1007/978-3-319-14352-1_16,Chapter
Incremental Computing with Abstract Data Structures,Functional and Logic Programming,,,,10.1007/978-3-319-29604-3_14,Akimasa Morihata,2016,https://link.springer.com/chapter/10.1007/978-3-319-29604-3_14,Conference paper
The Sunway TaihuLight supercomputer: system and applications,Science China Information Sciences,,,,10.1007/s11432-016-5588-7,Haohuan FuJunfeng LiaoJinzhe YangLanning WangZhenya SongXiaomeng HuangChao YangWei XueFangfang LiuFangli QiaoWei ZhaoXunqiang YinChaofeng HouChenglong ZhangWei GeJian ZhangYangang WangChunbo ZhouGuangwen Yang,2016,https://link.springer.com/article/10.1007/s11432-016-5588-7,Article
RT-CUDA: A Software Tool for CUDA Code Restructuring,International Journal of Parallel Programming,,,,10.1007/s10766-016-0433-6,Ayaz H. KhanMayez Al-MouhamedMuhammed Al-MulhemAdel F. Ahmed,2016,https://link.springer.com/article/10.1007/s10766-016-0433-6,Article
Portable SIMD Performance with OpenMP* 4.x Compiler Directives,Euro-Par 2016: Parallel Processing,,,,10.1007/978-3-319-43659-3_20,Florian WendeMatthias NoackThomas SteinkeMichael KlemmChris J. NewburnGeorg Zitzlsberger,2016,https://link.springer.com/chapter/10.1007/978-3-319-43659-3_20,Conference paper
Pragma Directed Shared Memory Centric Optimizations on GPUs,Journal of Computer Science and Technology,,,,10.1007/s11390-016-1624-8,Jing LiLei LiuYuan WuXiang-Hua LiuYi GaoXiao-Bing FengCheng-Yong Wu,2016,https://link.springer.com/article/10.1007/s11390-016-1624-8,Article
Correctness of Service Components and Service Component Ensembles,Software Engineering for Collective Autonomic Systems,,,,10.1007/978-3-319-16310-9_3,Jacques CombazSaddek BensalemFrancesco TiezziAndrea MargheriRosario PuglieseJan Kofroň,2015,https://link.springer.com/chapter/10.1007/978-3-319-16310-9_3,Chapter
Data stream processing via code annotations,The Journal of Supercomputing,,,,10.1007/s11227-016-1793-9,Marco DaneluttoTiziano De MatteisGabriele MencagliMassimo Torquati,2016,https://link.springer.com/article/10.1007/s11227-016-1793-9,Article
Automatic and Efficient Data Host-Device Communication for Many-Core Coprocessors,Languages and Compilers for Parallel Computing,,,,10.1007/978-3-319-29778-1_11,Bin RenNishkam RaviYi YangMin FengGagan AgrawalSrimat Chakradhar,2016,https://link.springer.com/chapter/10.1007/978-3-319-29778-1_11,Conference paper
Resource Management in Native Languages Using Dynamic Binary Instrumentation (PIN),Advanced Computing and Systems for Security,,,,10.1007/978-81-322-2653-6_8,Nachiketa ChatterjeeSaurabh Singh ThakurPartha Pratim Das,2016,https://link.springer.com/chapter/10.1007/978-81-322-2653-6_8,Chapter
Antioxidant and Antitumor Activity of a Bioactive Polyphenolic Fraction Isolated from the Brewing Process,Scientific Reports,,,,10.1038/srep36042,Marco TatulloGrazia Maria SimoneFranco TarulloGianfranco IrlandeseDanila De VitoMassimo MarrelliLuigi SantacroceTiziana CoccoAndrea BalliniSalvatore Scacco,2016,https://link.springer.com/article/10.1038/srep36042,Article
MU-CSeq 0.4: Individual Memory Location Unwindings,Tools and Algorithms for the Construction and Analysis of Systems,,,,10.1007/978-3-662-49674-9_65,Ermenegildo TomascoTruc L. NguyenOmar InversoBernd FischerSalvatore La TorreGennaro Parlato,2016,https://link.springer.com/chapter/10.1007/978-3-662-49674-9_65,Conference paper
Eye movements in software traceability link recovery,Empirical Software Engineering,,,,10.1007/s10664-016-9486-9,Bonita SharifJohn MeinkenTimothy ShafferHuzefa Kagdi,2016,https://link.springer.com/article/10.1007/s10664-016-9486-9,Article
HYDRA : Extending Shared Address Programming for Accelerator Clusters,Languages and Compilers for Parallel Computing,,,,10.1007/978-3-319-29778-1_9,Putt SakdhnagoolAmit SabneRudolf Eigenmann,2016,https://link.springer.com/chapter/10.1007/978-3-319-29778-1_9,Conference paper
Automatic CPU/GPU Generation of Multi-versioned OpenCL Kernels for C++ Scientific Applications,International Journal of Parallel Programming,,,,10.1007/s10766-016-0425-6,Rafael SotomayorLuis Miguel SanchezJavier Garcia BlasJavier FernandezJ. Daniel Garcia,2016,https://link.springer.com/article/10.1007/s10766-016-0425-6,Article
Effect of bovine pericardial extracellular matrix scaffold niche on seeded human mesenchymal stem cell function,Scientific Reports,,,,10.1038/srep37089,Zhi Zhao LiuMaelene L. WongLeigh G. Griffiths,2016,https://link.springer.com/article/10.1038/srep37089,Article
Functional Big-Step Semantics,Programming Languages and Systems,,,,10.1007/978-3-662-49498-1_23,Scott OwensMagnus O. MyreenRamana KumarYong Kiam Tan,2016,https://link.springer.com/chapter/10.1007/978-3-662-49498-1_23,Conference paper
Underapproximation of procedure summaries for integer programs,International Journal on Software Tools for Technology Transfer,,,,10.1007/s10009-016-0420-7,Pierre GantyRadu IosifFilip Konečný,2016,https://link.springer.com/article/10.1007/s10009-016-0420-7,Article
Exploiting Symmetry for Efficient Verification of Infinite-State Component-Based Systems,"Dependable Software Engineering: Theories, Tools, and Applications",,,,10.1007/978-3-319-47677-3_16,Qiang Wang,2016,https://link.springer.com/chapter/10.1007/978-3-319-47677-3_16,Conference paper
Interactive Composition of Compiler Optimizations,Languages and Compilers for Parallel Computing,,,,10.1007/978-3-319-29778-1_6,Brandon NesterenkoWenwen WangQing Yi,2016,https://link.springer.com/chapter/10.1007/978-3-319-29778-1_6,Conference paper
Exploiting Significance of Computations for Energy-Constrained Approximate Computing,International Journal of Parallel Programming,,,,10.1007/s10766-016-0409-6,Vassilis VassiliadisCharalampos ChaliosKonstantinos ParasyrisChristos D. AntonopoulosSpyros LalisNikolaos BellasHans VandierendonckDimitrios S. Nikolopoulos,2016,https://link.springer.com/article/10.1007/s10766-016-0409-6,Article
From Array Domains to Abstract Interpretation Under Store-Buffer-Based Memory Models,Static Analysis,,,,10.1007/978-3-662-53413-7_23,Thibault SuzanneAntoine Miné,2016,https://link.springer.com/chapter/10.1007/978-3-662-53413-7_23,Conference paper
When to Diversify,Automated Software Diversity,,,,10.1007/978-3-031-02346-0_4,Per LarsenStefan BrunthalerLucas DaviAhmad-Reza SadeghiMichael Franz,2016,https://link.springer.com/chapter/10.1007/978-3-031-02346-0_4,Chapter
Secure Application Execution in Mobile Devices,The New Codebreakers,,,,10.1007/978-3-662-49301-4_26,Mehari G. MsgnaHouda FerradiRaja Naeem AkramKonstantinos Markantonakis,2016,https://link.springer.com/chapter/10.1007/978-3-662-49301-4_26,Chapter
Embedded Honeypotting,Cyber Deception,,,,10.1007/978-3-319-32699-3_9,Frederico AraujoKevin W. Hamlen,2016,https://link.springer.com/chapter/10.1007/978-3-319-32699-3_9,Chapter
A Query Processing Framework for Array-Based Computations,Database and Expert Systems Applications,,,,10.1007/978-3-319-44403-1_15,Leonidas Fegaras,2016,https://link.springer.com/chapter/10.1007/978-3-319-44403-1_15,Conference paper
Automation of Research in Computational Modeling,Automation of Finite Element Methods,,,,10.1007/978-3-319-39005-5_2,Jože KorelcPeter Wriggers,2016,https://link.springer.com/chapter/10.1007/978-3-319-39005-5_2,Chapter
MAPS: A Software Development Environment for Embedded Multi-core Applications,Handbook of Hardware/Software Codesign,,,,10.1007/978-94-017-7358-4_2-1,Rainer LeupersMiguel Angel AguilarJuan Fernando EusseJeronimo CastrillonWeihua Sheng,2016,https://link.springer.com/rwe/10.1007/978-94-017-7358-4_2-1,Living reference work entry
Optimizing CUDA code by kernel fusion: application on BLAS,The Journal of Supercomputing,,,,10.1007/s11227-015-1483-z,Jiří FilipovičMatúš MadzinJan FousekLuděk Matyska,2015,https://link.springer.com/article/10.1007/s11227-015-1483-z,Article
Practical Optional Types for Clojure,Programming Languages and Systems,,,,10.1007/978-3-662-49498-1_4,Ambrose Bonnaire-SergeantRowan DaviesSam Tobin-Hochstadt,2016,https://link.springer.com/chapter/10.1007/978-3-662-49498-1_4,Conference paper
Automatic Parallelization: Executing Sequential Programs on a Task-Based Parallel Runtime,International Journal of Parallel Programming,,,,10.1007/s10766-016-0426-5,Alcides FonsecaBruno CabralJoão RafaelIvo Correia,2016,https://link.springer.com/article/10.1007/s10766-016-0426-5,Article
Source code fragment summarization with small-scale crowdsourcing based features,Frontiers of Computer Science,,,,10.1007/s11704-015-4409-2,Najam NazarHe JiangGuojun GaoTao ZhangXiaochen LiZhilei Ren,2016,https://link.springer.com/article/10.1007/s11704-015-4409-2,Article
Conflicting but close: Readers’ integration of information sources as a function of their disagreement,Memory & Cognition,,,,10.3758/s13421-016-0644-5,Gaston SauxAnne BrittLudovic Le BigotNicolas VibertDebora BurinJean-François Rouet,2016,https://link.springer.com/article/10.3758/s13421-016-0644-5,Article
A formal basis for the design and analysis of firewall security policies,Journal of King Saud University Computer and Information Sciences,,,,10.1016/j.jksuci.2016.11.008,Ahmed KhoumsiMohammed ErradiWadie Krombi,2016,https://link.springer.com/article/10.1016/j.jksuci.2016.11.008,Article
Influence of preozonation on the adsorptivity of humic substances onto activated carbon,Environmental Science and Pollution Research,,,,10.1007/s11356-016-7414-6,Francisco J. RodríguezMaría García-Valverde,2016,https://link.springer.com/article/10.1007/s11356-016-7414-6,Article
PSOA2Prolog: Object-Relational Rule Interoperation and Implementation by Translation from PSOA RuleML to ISO Prolog,"Rule Technologies: Foundations, Tools, and Applications",,,,10.1007/978-3-319-21542-6_12,Gen ZouHarold Boley,2015,https://link.springer.com/chapter/10.1007/978-3-319-21542-6_12,Conference paper
A parallel pattern for iterative stencil + reduce,The Journal of Supercomputing,,,,10.1007/s11227-016-1871-z,M. AldinucciM. DaneluttoM. DroccoP. KilpatrickC. MisaleG. Peretti PezziM. Torquati,2016,https://link.springer.com/article/10.1007/s11227-016-1871-z,Article
OpenMP as a High-Level Specification Language for Parallelism,"OpenMP: Memory, Devices, and Tasks",,,,10.1007/978-3-319-45550-1_11,Max GrossmanJun ShirakoVivek Sarkar,2016,https://link.springer.com/chapter/10.1007/978-3-319-45550-1_11,Conference paper
A high quality compiler tool for application-specific instruction-set processors with library and parallel supports,Multimedia Tools and Applications,,,,10.1007/s11042-015-2653-y,Benbin ChenChung-Ta KingXiaochao LiDonghui Guo,2015,https://link.springer.com/article/10.1007/s11042-015-2653-y,Article
An algebraic theory for web service contracts,Formal Aspects of Computing,,,,10.1007/s00165-015-0334-2,Cosimo LaneveLuca Padovani,2015,https://link.springer.com/article/10.1007/s00165-015-0334-2,Article
Two-Level Task Scheduling for Irregular Applications on GPU Platform,International Journal of Parallel Programming,,,,10.1007/s10766-015-0387-0,Jing LiLei LiuYuan WuXiaobing FengChengyong Wu,2015,https://link.springer.com/article/10.1007/s10766-015-0387-0,Article
Resilient MPI applications using an application-level checkpointing framework and ULFM,The Journal of Supercomputing,,,,10.1007/s11227-016-1629-7,Nuria LosadaIván CoresMaría J. MartínPatricia González,2016,https://link.springer.com/article/10.1007/s11227-016-1629-7,Article
Battling Memory Requirements of Array Programming Through Streaming,High Performance Computing,,,,10.1007/978-3-319-46079-6_32,Mads R. B. KristensenJames AveryTroels BlumSimon Andreas Frimann LundBrian Vinter,2016,https://link.springer.com/chapter/10.1007/978-3-319-46079-6_32,Conference paper
A Quick Tour of High-Level Synthesis Solutions for FPGAs,FPGAs for Software Programmers,,,,10.1007/978-3-319-26408-0_3,Frank Hannig,2016,https://link.springer.com/chapter/10.1007/978-3-319-26408-0_3,Chapter
Irregularly emitting air pollution sources: acute health risk assessment using AERMOD and the Monte Carlo approach to emission rate,"Air Quality, Atmosphere & Health",,,,10.1007/s11869-016-0428-x,B.M. BalterM.V. Faminskaya,2016,https://link.springer.com/article/10.1007/s11869-016-0428-x,Article
Comparative Analysis of OpenACC Compilers,Algorithms and Architectures for Parallel Processing,,,,10.1007/978-3-319-49956-7_7,Daniel BarbaArturo Gonzalez-EscribanoDiego R. Llanos,2016,https://link.springer.com/chapter/10.1007/978-3-319-49956-7_7,Conference paper
Porting Matlab Applications to High-Performance C++ Codes: CPU/GPU-Accelerated Spherical Deconvolution of Diffusion MRI Data,Algorithms and Architectures for Parallel Processing,,,,10.1007/978-3-319-49583-5_49,Javier Garcia BlasManuel F. DolzJ. Daniel GarciaJesus CarreteroAlessandro DaducciYasser AlemanErick Jorge Canales-Rodriguez,2016,https://link.springer.com/chapter/10.1007/978-3-319-49583-5_49,Conference paper
Towards the Implementation of a Source-to-Source Transformation Tool for CHR Operational Semantics,Logic-Based Program Synthesis and Transformation,,,,10.1007/978-3-319-14125-1_9,Ghada FakhryNada SharafSlim Abdennadher,2014,https://link.springer.com/chapter/10.1007/978-3-319-14125-1_9,Conference paper
Proving Safety with Trace Automata and Bounded Model Checking,FM 2015: Formal Methods,,,,10.1007/978-3-319-19249-9_21,Daniel KroeningMatt LewisGeorg Weissenbacher,2015,https://link.springer.com/chapter/10.1007/978-3-319-19249-9_21,Conference paper
Programming Support for Future Parallel Architectures,Mathematical and Engineering Methods in Computer Science,,,,10.1007/978-3-319-29817-7_1,Siegfried Benkner,2016,https://link.springer.com/chapter/10.1007/978-3-319-29817-7_1,Conference paper
Accelerating Application Migration in HPC,High Performance Computing,,,,10.1007/978-3-319-46079-6_46,Ramy GadSimon PickartzTim SüßLars NagelStefan LankesAndré Brinkmann,2016,https://link.springer.com/chapter/10.1007/978-3-319-46079-6_46,Conference paper
Enhanced and Secure Query Services in Cloud with Perfect Data Privacy for the Data Owner,Proceedings of the International Conference on Soft Computing Systems,,,,10.1007/978-81-322-2674-1_54,B. ThiyagarajanM. R. GokulG. Hemanth KumarR. Rahul PrasanthM. ShanmugamN. PazhanirajaK. Prem KumarV. Vijayakumar,2016,https://link.springer.com/chapter/10.1007/978-81-322-2674-1_54,Conference paper
Rahft: A Tool for Verifying Horn Clauses Using Abstract Interpretation and Finite Tree Automata,Computer Aided Verification,,,,10.1007/978-3-319-41528-4_14,Bishoksan KafleJohn P. GallagherJosé F. Morales,2016,https://link.springer.com/chapter/10.1007/978-3-319-41528-4_14,Conference paper
"Certifying a java type resolution function using program transformation, annotation, and reflection",Software Quality Journal,,,,10.1007/s11219-014-9262-2,Victor WinterCarl ReinkeJonathan Guerrero,2014,https://link.springer.com/article/10.1007/s11219-014-9262-2,Article
A Theory Agenda for Component-Based Design,"Software, Services, and Systems",,,,10.1007/978-3-319-15545-6_24,Joseph SifakisSaddek BensalemSimon BliudzeMarius Bozga,2015,https://link.springer.com/chapter/10.1007/978-3-319-15545-6_24,Chapter
Towards Automatic Lock Removal for Scalable Synchronization,Distributed Computing,,,,10.1007/978-3-662-48653-5_12,Maya ArbelGuy Golan-GuetaEshcar HillelIdit Keidar,2015,https://link.springer.com/chapter/10.1007/978-3-662-48653-5_12,Conference paper
Aggregate Data: Geostatistical Solutions for Reconstructing Attribute Surfaces,Encyclopedia of GIS,,,,10.1007/978-3-319-23519-6_1645-1,Phaedon Kyriakidis,2016,https://link.springer.com/rwe/10.1007/978-3-319-23519-6_1645-1,Living reference work entry
Data Types,Beginning Apache Pig,,,,10.1007/978-1-4842-2337-6_2,Balaswamy Vaddeman,2016,https://link.springer.com/chapter/10.1007/978-1-4842-2337-6_2,Chapter
Pragmatic Performance Portability with OpenMP 4.x,"OpenMP: Memory, Devices, and Tasks",,,,10.1007/978-3-319-45550-1_18,Matt MartineauJames PriceSimon McIntosh-SmithWayne Gaudin,2016,https://link.springer.com/chapter/10.1007/978-3-319-45550-1_18,Conference paper
Compiling Low Depth Circuits for Practical Secure Computation,Computer Security – ESORICS 2016,,,,10.1007/978-3-319-45741-3_5,Niklas BuescherAndreas HolzerAlina WeberStefan Katzenbeisser,2016,https://link.springer.com/chapter/10.1007/978-3-319-45741-3_5,Conference paper
Link-time smart card code hardening,International Journal of Information Security,,,,10.1007/s10207-015-0282-0,Ronald De KeulenaerJonas MaebeKoen De BosschereBjorn De Sutter,2015,https://link.springer.com/article/10.1007/s10207-015-0282-0,Article
Evaluation of Tool Interface Standards for Performance Analysis of OpenACC and OpenMP Programs,Tools for High Performance Computing 2015,,,,10.1007/978-3-319-39589-0_6,Robert DietrichRonny TschüterTim CramerGuido JuckelandAndreas Knüpfer,2016,https://link.springer.com/chapter/10.1007/978-3-319-39589-0_6,Conference paper
HIPAcc,FPGAs for Software Programmers,,,,10.1007/978-3-319-26408-0_12,Moritz SchmidOliver ReicheFrank HannigJürgen Teich,2016,https://link.springer.com/chapter/10.1007/978-3-319-26408-0_12,Chapter
"FPGA Versus Software Programming: Why, When, and How?",FPGAs for Software Programmers,,,,10.1007/978-3-319-26408-0_1,Dirk KochDaniel ZienerFrank Hannig,2016,https://link.springer.com/chapter/10.1007/978-3-319-26408-0_1,Chapter
Multifrequency studies of massive cores with complex spatial and kinematic structures,Astronomy Reports,,,,10.1134/S106377291610005X,L. E. PirogovV. M. Shul’gaI. I. ZinchenkoP. M. ZemlyanukhaA. N. PatokaM. Tomasson,2016,https://link.springer.com/article/10.1134/S106377291610005X,Article
Feedstocks study on CO<sub>2</sub> mineralization technology,Environmental Earth Sciences,,,,10.1007/s12665-016-5352-8,Heping XieLiang TangYufei WangTao LiuZhengmeng HouJinlong WangTao WangWen JiangPatrick Were,2016,https://link.springer.com/article/10.1007/s12665-016-5352-8,Article
An Analysis of Public Clouds Elasticity in the Execution of Scientific Applications: a Survey,Journal of Grid Computing,,,,10.1007/s10723-016-9361-3,Guilherme GalanteLuis Carlos Erpen De BonaAntonio Roberto MuryBruno SchulzeRodrigo da Rosa Righi,2016,https://link.springer.com/article/10.1007/s10723-016-9361-3,Article
Parametric Runtime Verification of C Programs,Tools and Algorithms for the Construction and Analysis of Systems,,,,10.1007/978-3-662-49674-9_17,Zhe ChenZhemin WangYunlong ZhuHongwei XiZhibin Yang,2016,https://link.springer.com/chapter/10.1007/978-3-662-49674-9_17,Conference paper
Approaches for On-board Water Provision for Water Injection,ATZ worldwide,,,,10.1007/s38311-015-0084-z,Martin BöhmBodo DurstGeorg UnterwegerStephan Rubbert,2015,https://link.springer.com/article/10.1007/s38311-015-0084-z,Article
FIInS Data Processing and Verification,A Far-Infrared Spectro-Spatial Space Interferometer,,,,10.1007/978-3-319-29400-1_5,Roser Juanola-Parramon,2016,https://link.springer.com/chapter/10.1007/978-3-319-29400-1_5,Chapter
Successful cuing of gender source memory does not improve location source memory,Memory & Cognition,,,,10.3758/s13421-016-0586-y,Jason L. HicksJeffrey J. Starns,2016,https://link.springer.com/article/10.3758/s13421-016-0586-y,Article
Improving performance portability for GPU-specific OpenCL kernels on multi-core/many-core CPUs by analysis-based transformations,Frontiers of Information Technology & Electronic Engineering,,,,10.1631/FITEE.1500032,Mei WenDa-fei HuangChang-qing XunDong Chen,2015,https://link.springer.com/article/10.1631/FITEE.1500032,Article
Family-Based Model Checking Without a Family-Based Model Checker,Model Checking Software,,,,10.1007/978-3-319-23404-5_18,Aleksandar S. DimovskiAhmad Salim Al-SibahiClaus BrabrandAndrzej Wąsowski,2015,https://link.springer.com/chapter/10.1007/978-3-319-23404-5_18,Conference paper
Verification Tools for Transactional Programs,"Transactional Memory. Foundations, Algorithms, Tools, and Applications",,,,10.1007/978-3-319-14720-8_14,Adrian CristalBurcu Kulahcioglu OzkanErnie CohenGokcen KestorIsmail KuruOsman UnsalSerdar TasiranSuha Orhun MutluergilTayfun Elmas,2015,https://link.springer.com/chapter/10.1007/978-3-319-14720-8_14,Chapter
Proving properties of functional programs by equality saturation,Programming and Computer Software,,,,10.1134/S0361768815030056,S. A. Grechanik,2015,https://link.springer.com/article/10.1134/S0361768815030056,Article
Automated Conflict-Free Concurrent Implementation of Timed Component-Based Models,NASA Formal Methods,,,,10.1007/978-3-319-17524-9_25,Ahlem TrikiBorzoo BonakdarpourJacques CombazSaddek Bensalem,2015,https://link.springer.com/chapter/10.1007/978-3-319-17524-9_25,Conference paper
Nanoindentation Measurements of Jute/Poly Lactic Acid Composites,Natural Fibres: Advances in Science and Technology Towards Industrial Applications,,,,10.1007/978-94-017-7515-1_11,Vijay BahetiJiri Militky,2016,https://link.springer.com/chapter/10.1007/978-94-017-7515-1_11,Conference paper
Supporting comprehension of unfamiliar programs by modeling cues,Software Quality Journal,,,,10.1007/s11219-015-9303-5,Naveen KulkarniVasudeva Varma,2016,https://link.springer.com/article/10.1007/s11219-015-9303-5,Article
Effective Abstractions for Verification under Relaxed Memory Models,"Verification, Model Checking, and Abstract Interpretation",,,,10.1007/978-3-662-46081-8_25,Andrei DanYuri MeshmanMartin VechevEran Yahav,2015,https://link.springer.com/chapter/10.1007/978-3-662-46081-8_25,Conference paper
Exact and Approximated Data-Reuse Optimizations for Tiling with Parametric Sizes,Compiler Construction,,,,10.1007/978-3-662-46663-6_8,Alain DarteAlexandre Isoard,2015,https://link.springer.com/chapter/10.1007/978-3-662-46663-6_8,Conference paper
Experiences of Using the OpenMP Accelerator Model to Port DOE Stencil Applications,OpenMP: Heterogenous Execution and Data Movements,,,,10.1007/978-3-319-24595-9_4,Pei-Hung LinChunhua LiaoDaniel J. QuinlanStephen Guzik,2015,https://link.springer.com/chapter/10.1007/978-3-319-24595-9_4,Conference paper
Graph Processing with Massive Datasets: A Kel Primer,Big Data Technologies and Applications,,,,10.1007/978-3-319-44550-2_11,David BaylissFlavio Villanustre,2016,https://link.springer.com/chapter/10.1007/978-3-319-44550-2_11,Chapter
Combining Forward and Backward Propagation,Frontiers of Combining Systems,,,,10.1007/978-3-319-24246-0_19,Amira ZakiSlim AbdennadherThom Frühwirth,2015,https://link.springer.com/chapter/10.1007/978-3-319-24246-0_19,Conference paper
Carbonaceous Components in PM<sub>2.5</sub> and PM<sub>0.1</sub> with Online Measurements of Gaseous and Particulate Pollutants: Implication of Thermal-Optical Derived EC2 Fraction as a Component of Ultrafine Particles in the Roadside Environment,Aerosol and Air Quality Research,,,,10.4209/aaqr.2014.10.0266,Kyung Hwan KimSung Ho WooSeung-Bok LeeGwi-Nam BaeKazuhiko SekiguchiRyota KobayashiMotomi Kamiyama,2016,https://link.springer.com/article/10.4209/aaqr.2014.10.0266,Article
Exception Handling with OpenMP in Object-Oriented Languages,OpenMP: Heterogenous Execution and Data Movements,,,,10.1007/978-3-319-24595-9_9,Xing FanMostafa MehrabiOliver SinnenNasser Giacaman,2015,https://link.springer.com/chapter/10.1007/978-3-319-24595-9_9,Conference paper
Meta-Level Reuse for Mastering Domain Specialization,"Leveraging Applications of Formal Methods, Verification and Validation: Discussion, Dissemination, Applications",,,,10.1007/978-3-319-47169-3_16,Stefan NaujokatJohannes NeubauerTiziana MargariaBernhard Steffen,2016,https://link.springer.com/chapter/10.1007/978-3-319-47169-3_16,Conference paper
Recognizing Emotion from Blood Volume Pulse and Skin Conductance Sensor Using Machine Learning Algorithms,XIV Mediterranean Conference on Medical and Biological Engineering and Computing 2016,,,,10.1007/978-3-319-32703-7_248,Ali Mehmood KhanMichael Lawo,2016,https://link.springer.com/chapter/10.1007/978-3-319-32703-7_248,Conference paper
Automated Source Code Instrumentation for Verifying Potential Vulnerabilities,ICT Systems Security and Privacy Protection,,,,10.1007/978-3-319-33630-5_15,Hongzhe LiJaesang OhHakjoo OhHeejo Lee,2016,https://link.springer.com/chapter/10.1007/978-3-319-33630-5_15,Conference paper
Using an Artificial Neural Network to Predict Loop Transformation Time,Artificial Intelligence and Soft Computing,,,,10.1007/978-3-319-19324-3_10,Marek PalkowskiWlodzimierz Bielecki,2015,https://link.springer.com/chapter/10.1007/978-3-319-19324-3_10,Conference paper
Context-based image acquisition from memory in digital systems,Journal of Real-Time Image Processing,,,,10.1007/s11554-016-0591-1,Jianxiong LiuChristos BouganisPeter Y. K. Cheung,2016,https://link.springer.com/article/10.1007/s11554-016-0591-1,Article
ICME international survey on teachers working and learning through collaboration: June 2016,ZDM,,,,10.1007/s11858-016-0797-5,Ornella RobuttiAnnalisa CusiAlison Clark-WilsonBarbara JaworskiOlive ChapmanCristina EsteleyMerrilyn GoosMasami IsodaMarie Joubert,2016,https://link.springer.com/article/10.1007/s11858-016-0797-5,Article
In Vitro Modeling of Nervous System: Engineering of the Reflex Arc,Neural Engineering,,,,10.1007/978-3-319-31433-4_9,Xiufang GuoFrank SommerhageChristopher McAleerCandace MartinChristopher LongYing WangNavaneetha SanthanamAlisha ColonCarlota Oleaga SanchoJames Hickman,2016,https://link.springer.com/chapter/10.1007/978-3-319-31433-4_9,Chapter
A combined approach for concern identification in KDM models,Journal of the Brazilian Computer Society,,,,10.1186/s13173-015-0030-3,Daniel San Martín SantibáñezRafael Serapilha DurelliValter Vieira de Camargo,2015,https://link.springer.com/article/10.1186/s13173-015-0030-3,Article
Beyond Data Parallelism: Identifying Parallel Tasks in Sequential Programs,Algorithms and Architectures for Parallel Processing,,,,10.1007/978-3-319-27140-8_39,Zhen LiBo ZhaoAli JannesariFelix Wolf,2015,https://link.springer.com/chapter/10.1007/978-3-319-27140-8_39,Conference paper
Integrating Transactions into the Data-Driven Multi-threading Model Using the TFlux Platform,International Journal of Parallel Programming,,,,10.1007/s10766-015-0369-2,Andreas DiavastosPedro TrancosoMikel LujánIan Watson,2015,https://link.springer.com/article/10.1007/s10766-015-0369-2,Article
OpenDwarfs: Characterization of Dwarf-Based Benchmarks on Fixed and Reconfigurable Architectures,Journal of Signal Processing Systems,,,,10.1007/s11265-015-1051-z,Konstantinos KrommydasWu-chun FengChristos D. AntonopoulosNikolaos Bellas,2015,https://link.springer.com/article/10.1007/s11265-015-1051-z,Article
Data Layout Optimization for Portable Performance,Euro-Par 2015: Parallel Processing,,,,10.1007/978-3-662-48096-0_20,Kamal SharmaIan KarlinJeff KeaslerJames R. McGrawVivek Sarkar,2015,https://link.springer.com/chapter/10.1007/978-3-662-48096-0_20,Conference paper
Systems of Partial Differential Equations in ExaSlang,Software for Exascale Computing - SPPEXA 2013-2015,,,,10.1007/978-3-319-40528-5_3,Christian SchmittSebastian KuckukFrank HannigJürgen TeichHarald KöstlerUlrich RüdeChristian Lengauer,2016,https://link.springer.com/chapter/10.1007/978-3-319-40528-5_3,Conference paper
Performance Prediction of Multigrid-Solver Configurations,Software for Exascale Computing - SPPEXA 2013-2015,,,,10.1007/978-3-319-40528-5_4,Alexander GrebhahnNorbert SiegmundHarald KöstlerSven Apel,2016,https://link.springer.com/chapter/10.1007/978-3-319-40528-5_4,Conference paper
Unbounded Lazy-CSeq: A Lazy Sequentialization Tool for C Programs with Unbounded Context Switches,Tools and Algorithms for the Construction and Analysis of Systems,,,,10.1007/978-3-662-46681-0_45,Truc L. NguyenBernd FischerSalvatore La TorreGennaro Parlato,2015,https://link.springer.com/chapter/10.1007/978-3-662-46681-0_45,Conference paper
Tracking Causal Dependencies in Web Services Orchestrations Defined in ORC,Networked Systems,,,,10.1007/978-3-319-26850-7_26,Matthieu PerrinClaude JardAchour Mostéfaoui,2015,https://link.springer.com/chapter/10.1007/978-3-319-26850-7_26,Conference paper
Water Sorption and Solvent Sorption Behavior of Epoxy/Rubber Polymer Blends,Handbook of Epoxy Blends,,,,10.1007/978-3-319-18158-5_12-1,Padmanabhan Krishnan,2016,https://link.springer.com/rwe/10.1007/978-3-319-18158-5_12-1,Living reference work entry
A Synchronous-Based Code Generator for Explicit Hybrid Systems Languages,Compiler Construction,,,,10.1007/978-3-662-46663-6_4,Timothy BourkeJean-Louis ColaçoBruno PaganoCédric PasteurMarc Pouzet,2015,https://link.springer.com/chapter/10.1007/978-3-662-46663-6_4,Conference paper
Reverse Code Generation for Parallel Discrete Event Simulation,Reversible Computation,,,,10.1007/978-3-319-20860-2_6,Markus SchordanDavid JeffersonPeter BarnesTomas OppelstrupDaniel Quinlan,2015,https://link.springer.com/chapter/10.1007/978-3-319-20860-2_6,Conference paper
Stream Ciphers: A Practical Solution for Efficient Homomorphic-Ciphertext Compression,Fast Software Encryption,,,,10.1007/978-3-662-52993-5_16,Anne CanteautSergiu CarpovCaroline FontaineTancrède LepointMaría Naya-PlasenciaPascal PaillierRenaud Sirdey,2016,https://link.springer.com/chapter/10.1007/978-3-662-52993-5_16,Conference paper
FPGA-Based Soft-Core Processors for Image Processing Applications,Journal of Signal Processing Systems,,,,10.1007/s11265-016-1185-7,Moslem AmiriFahad Manzoor SiddiquiColm KellyRoger WoodsKaren RaffertyBurak Bardak,2016,https://link.springer.com/article/10.1007/s11265-016-1185-7,Article
Combining Processing with Racket,"Languages, Applications and Technologies",,,,10.1007/978-3-319-27653-3_10,Hugo CorreiaAntónio Menezes Leitão,2015,https://link.springer.com/chapter/10.1007/978-3-319-27653-3_10,Conference paper
Exposure to Environmental Hazards and Effects on Chronic Disease,Environmental Determinants of Human Health,,,,10.1007/978-3-319-43142-0_2,Miranda Loh,2016,https://link.springer.com/chapter/10.1007/978-3-319-43142-0_2,Chapter
Genus: Vanda to Zeuxine,Medicinal Orchids of Asia,,,,10.1007/978-3-319-24274-3_22,Eng Soon Teoh,2016,https://link.springer.com/chapter/10.1007/978-3-319-24274-3_22,Chapter
How to trust a few among many,Autonomous Agents and Multi-Agent Systems,,,,10.1007/s10458-016-9337-5,Anthony EtukTimothy J. NormanMurat ŞensoyMudhakar Srivatsa,2016,https://link.springer.com/article/10.1007/s10458-016-9337-5,Article
Automatic scoping of task clauses for the OpenMP tasking model,The Journal of Supercomputing,,,,10.1007/s11227-014-1326-3,Chun-Kun WangPeng-Sheng Chen,2014,https://link.springer.com/article/10.1007/s11227-014-1326-3,Article
StrongUpdate: An Immediate Dynamic Software Update System for Multi-threaded Applications,Human Centered Computing,,,,10.1007/978-3-319-15554-8_30,Deqing ZouHao WangHai Jin,2015,https://link.springer.com/chapter/10.1007/978-3-319-15554-8_30,Conference paper
"Prospect of bamboo as a renewable textile fiber, historical overview, labeling, controversies and regulation",Fashion and Textiles,,,,10.1186/s40691-015-0054-5,Lopamudra NayakSiba Prasad Mishra,2016,https://link.springer.com/article/10.1186/s40691-015-0054-5,Article
Software Verification and Verifiable Witnesses,Tools and Algorithms for the Construction and Analysis of Systems,,,,10.1007/978-3-662-46681-0_31,Dirk Beyer,2015,https://link.springer.com/chapter/10.1007/978-3-662-46681-0_31,Conference paper
TuCCompi: A Multi-layer Model for Distributed Heterogeneous Computing with Tuning Capabilities,International Journal of Parallel Programming,,,,10.1007/s10766-015-0349-6,Hector Ortega-ArranzYuri TorresArturo Gonzalez-EscribanoDiego R. Llanos,2015,https://link.springer.com/article/10.1007/s10766-015-0349-6,Article
Towards Exascale Co-design in a Runtime System,Solving Software Challenges for Exascale,,,,10.1007/978-3-319-15976-8_6,Thomas SterlingMatthew AndersonP. Kevin BohanMaciej BrodowiczAbhishek KulkarniBo Zhang,2015,https://link.springer.com/chapter/10.1007/978-3-319-15976-8_6,Conference paper
"A framework for deadlock detection in <Emphasis FontCategory=""NonProportional"">core&#xa0;ABS</Emphasis>
                  ",Software & Systems Modeling,,,,10.1007/s10270-014-0444-y,Elena GiachinoCosimo LaneveMichael Lienhardt,2015,https://link.springer.com/article/10.1007/s10270-014-0444-y,Article
Finding Suitable Variability Abstractions for Family-Based Analysis,FM 2016: Formal Methods,,,,10.1007/978-3-319-48989-6_14,Aleksandar S. DimovskiClaus BrabrandAndrzej Wąsowski,2016,https://link.springer.com/chapter/10.1007/978-3-319-48989-6_14,Conference paper
Profile Guided Dataflow Transformation for FPGAs and CPUs,Journal of Signal Processing Systems,,,,10.1007/s11265-015-1044-y,Robert StewartDeepayan BhowmikAndrew WallaceGreg Michaelson,2015,https://link.springer.com/article/10.1007/s11265-015-1044-y,Article
Invasive Tightly Coupled Processor Arrays,Invasive Tightly Coupled Processor Arrays,,,,10.1007/978-981-10-1058-3_2,Vahid Lari,2016,https://link.springer.com/chapter/10.1007/978-981-10-1058-3_2,Chapter
Sampling and Characterization of Bulk Particulate Materials and Products,"Production, Handling and Characterization of Particulate Materials",,,,10.1007/978-3-319-20949-4_15,Don McGlinchey,2016,https://link.springer.com/chapter/10.1007/978-3-319-20949-4_15,Chapter
Oil Spills and Response,Springer Handbook of Ocean Engineering,,,,10.1007/978-3-319-16649-0_43,Merv Fingas,2016,https://link.springer.com/chapter/10.1007/978-3-319-16649-0_43,Chapter
Aspect-Based Source to Source Transformations,Compilation and Synthesis for Embedded Reconfigurable Systems,,,,10.1007/978-1-4614-4894-5_4,José Gabriel de F. CoutinhoJoão M. P. CardosoTiago CarvalhoSujit BhattacharyaWayne LukGeorge ConstantinidesPedro C. DinizZlatko Petrov,2013,https://link.springer.com/chapter/10.1007/978-1-4614-4894-5_4,Chapter
Sustainability Assessment Methodologies,Virtual Biorefinery,,,,10.1007/978-3-319-26045-7_6,Marcos D. B. WatanabeLucas G. PereiraMateus F. ChagasMarcelo Pereira da CunhaCharles D. F. JesusAlexandre SouzaElmer C. RiveraR. Maciel FilhoOtávio CavalettAntonio Bonomi,2016,https://link.springer.com/chapter/10.1007/978-3-319-26045-7_6,Chapter
Constraint Handling Rules - What Else?,"Rule Technologies: Foundations, Tools, and Applications",,,,10.1007/978-3-319-21542-6_2,Thom Frühwirth,2015,https://link.springer.com/chapter/10.1007/978-3-319-21542-6_2,Conference paper
Rigorous System Design Flow for Autonomous Systems,"Leveraging Applications of Formal Methods, Verification and Validation. Technologies for Mastering Change",,,,10.1007/978-3-662-45234-9_13,Saddek BensalemMarius BozgaJacques CombazAhlem Triki,2014,https://link.springer.com/chapter/10.1007/978-3-662-45234-9_13,Conference paper
"Evidence-Based Development Approach for Safe, Sustainable and Secure Mobile Medical App",Wearable Electronics Sensors,,,,10.1007/978-3-319-18191-2_6,Priyanka BagadeAyan BanerjeeSandeep K. S. Gupta,2015,https://link.springer.com/chapter/10.1007/978-3-319-18191-2_6,Chapter
Neutron Stars—Thermal Emitters,The Strongest Magnetic Fields in the Universe,,,,10.1007/978-1-4939-3550-5_6,Alexander Y. PotekhinAndrea De LucaJosé A. Pons,2016,https://link.springer.com/chapter/10.1007/978-1-4939-3550-5_6,Chapter
Samoan predicate initial word order and object positions,Natural Language & Linguistic Theory,,,,10.1007/s11049-016-9340-1,James N. Collins,2016,https://link.springer.com/article/10.1007/s11049-016-9340-1,Article
Optimizing Task Parallelism with Library-Semantics-Aware Compilation,Euro-Par 2015: Parallel Processing,,,,10.1007/978-3-662-48096-0_19,Peter ThomanStefan MoosbruggerThomas Fahringer,2015,https://link.springer.com/chapter/10.1007/978-3-662-48096-0_19,Conference paper
The productivity of variable disyllabic tone sandhi in Tianjin Chinese,Journal of East Asian Linguistics,,,,10.1007/s10831-015-9135-0,Jie ZhangJiang Liu,2015,https://link.springer.com/article/10.1007/s10831-015-9135-0,Article
Abstract Analysis of Universal Properties for tccp,Logic-Based Program Synthesis and Transformation,,,,10.1007/978-3-319-27436-2_10,Marco CominiMaría del Mar GallardoLaura TitoloAlicia Villanueva,2015,https://link.springer.com/chapter/10.1007/978-3-319-27436-2_10,Conference paper
Comingle: Distributed Logic Programming for&#xa0;Decentralized Mobile Ensembles,Coordination Models and Languages,,,,10.1007/978-3-319-19282-6_4,Edmund Soon Lee LamIliano CervesatoNabeeha Fatima,2015,https://link.springer.com/chapter/10.1007/978-3-319-19282-6_4,Conference paper
Fairness Modulo Theory: A New Approach to LTL Software Model Checking,Computer Aided Verification,,,,10.1007/978-3-319-21690-4_4,Daniel DietschMatthias HeizmannVincent LangenfeldAndreas Podelski,2015,https://link.springer.com/chapter/10.1007/978-3-319-21690-4_4,Conference paper
"Aborting, suspending, and resuming goals and plans in BDI agents",Autonomous Agents and Multi-Agent Systems,,,,10.1007/s10458-015-9322-4,James HarlandDavid N. MorleyJohn ThangarajahNeil Yorke-Smith,2015,https://link.springer.com/article/10.1007/s10458-015-9322-4,Article
Performance Analysis of a High-Level Abstractions-Based Hydrocode on Future Computing Systems,"High Performance Computing Systems. Performance Modeling, Benchmarking, and Simulation",,,,10.1007/978-3-319-17248-4_5,G. R. MudaligeI. Z. RegulyM. B. GilesA. C. MallinsonW. P. GaudinJ. A. Herdman,2015,https://link.springer.com/chapter/10.1007/978-3-319-17248-4_5,Conference paper
Energy Consumption Analysis of HPC Applications Using NoSQL Database Feature of EnergyAnalyzer,Intelligent Cloud Computing,,,,10.1007/978-3-319-19848-4_7,Shajulin BenedictR. S. RejithaC. Bright,2015,https://link.springer.com/chapter/10.1007/978-3-319-19848-4_7,Conference paper
Optimistic Parallelism on GPUs,Languages and Compilers for Parallel Computing,,,,10.1007/978-3-319-17473-0_1,Min FengRajiv GuptaLaxmi N. Bhuyan,2015,https://link.springer.com/chapter/10.1007/978-3-319-17473-0_1,Conference paper
Interprocedural Reachability for Flat Integer Programs,Fundamentals of Computation Theory,,,,10.1007/978-3-319-22177-9_11,Pierre GantyRadu Iosif,2015,https://link.springer.com/chapter/10.1007/978-3-319-22177-9_11,Conference paper
Effects of Thermal Radiation on People: Predicting 1st and 2nd Degree Skin Burns,SFPE Handbook of Fire Protection Engineering,,,,10.1007/978-1-4939-2565-0_68,Christopher J. WieczorekNicholas A. Dembsey,2016,https://link.springer.com/chapter/10.1007/978-1-4939-2565-0_68,Chapter
Optimizing memory bandwidth exploitation for OpenVX applications on embedded many-core accelerators,Journal of Real-Time Image Processing,,,,10.1007/s11554-015-0544-0,Giuseppe TagliaviniGermain HaugouAndrea MarongiuLuca Benini,2015,https://link.springer.com/article/10.1007/s11554-015-0544-0,Article
The EDSL’s Struggle for Their Sources,Central European Functional Programming School,,,,10.1007/978-3-319-15940-9_7,Gergely DévaiDániel LeskóMáté Tejfel,2015,https://link.springer.com/chapter/10.1007/978-3-319-15940-9_7,Chapter
Unimodular Loop Transformations with Source-to-Source Translation for GPUs,Algorithms and Architectures for Parallel Processing,,,,10.1007/978-3-319-03859-9_15,Pasquale CantielloBeniamino Di MartinoFrancesco Piccolo,2013,https://link.springer.com/chapter/10.1007/978-3-319-03859-9_15,Conference paper
Code Structuring Concepts,Erlang and Elixir for Imperative Programmers,,,,10.1007/978-1-4842-2394-9_16,Wolfgang Loder,2016,https://link.springer.com/chapter/10.1007/978-1-4842-2394-9_16,Chapter
GLES: A Practical GPGPU Optimizing Compiler Using Data Sharing and Thread Coarsening,Languages and Compilers for Parallel Computing,,,,10.1007/978-3-319-17473-0_3,Zhen LinXiaopeng GaoHan WanBo Jiang,2015,https://link.springer.com/chapter/10.1007/978-3-319-17473-0_3,Conference paper
Concurrent Programming Languages and Methods for Semantic Analyses (Extended Abstract of Invited Talk),Rewriting and Typed Lambda Calculi,,,,10.1007/978-3-319-08918-8_2,Manfred Schmidt-Schauß,2014,https://link.springer.com/chapter/10.1007/978-3-319-08918-8_2,Conference paper
OpenMP 4.0 Device Support in the OMPi Compiler,OpenMP: Heterogenous Execution and Data Movements,,,,10.1007/978-3-319-24595-9_15,Alexandros PapadogiannakisSpiros N. AgathosVassilios V. Dimakopoulos,2015,https://link.springer.com/chapter/10.1007/978-3-319-24595-9_15,Conference paper
Regenerating and Quantifying Quality of Benchmarking Data Using Static and Dynamic Provenance,Provenance and Annotation of Data and Processes,,,,10.1007/978-3-319-16462-5_5,Devarshi GhoshalArun ChauhanBeth Plale,2015,https://link.springer.com/chapter/10.1007/978-3-319-16462-5_5,Conference paper
Carbonaceous aerosols over Pune and Hyderabad (India) and influence of meteorological factors,Journal of Atmospheric Chemistry,,,,10.1007/s10874-015-9314-4,Kaushar AliA. S. PanickerG. BeigR. SrinivasP. Acharja,2015,https://link.springer.com/article/10.1007/s10874-015-9314-4,Article
Evaluating Performance Portability of OpenACC,Languages and Compilers for Parallel Computing,,,,10.1007/978-3-319-17473-0_4,Amit SabnePutt SakdhnagoolSeyong LeeJeffrey S. Vetter,2015,https://link.springer.com/chapter/10.1007/978-3-319-17473-0_4,Conference paper
Application-Level Energy Awareness for OpenMP,OpenMP: Heterogenous Execution and Data Movements,,,,10.1007/978-3-319-24595-9_16,Ferdinando AlessiPeter ThomanGiorgis GeorgakoudisThomas FahringerDimitrios S. Nikolopoulos,2015,https://link.springer.com/chapter/10.1007/978-3-319-24595-9_16,Conference paper
Portable and Efficient Run-time Monitoring of JavaScript Applications Using Virtual Machine Layering,ECOOP 2014 – Object-Oriented Programming,,,,10.1007/978-3-662-44202-9_22,Erick LavoieBruno DufourMarc Feeley,2014,https://link.springer.com/chapter/10.1007/978-3-662-44202-9_22,Conference paper
Scalasca v2: Back to the Future,Tools for High Performance Computing 2014,,,,10.1007/978-3-319-16012-2_1,Ilya ZhukovChristian FeldMarkus GeimerMichael KnoblochBernd MohrPavel Saviankou,2015,https://link.springer.com/chapter/10.1007/978-3-319-16012-2_1,Conference paper
Statistical Drain Current and Input Capacitance of MOSFET Model for High Speed CMOS Circuits Application,Silicon,,,,10.1007/s12633-015-9284-9,Siddhasen R. PatilD. K. Gautam,2015,https://link.springer.com/article/10.1007/s12633-015-9284-9,Article
MetaFork: A Framework for Concurrency Platforms Targeting Multicores,"Using and Improving OpenMP for Devices, Tasks, and More",,,,10.1007/978-3-319-11454-5_3,Xiaohui ChenMarc Moreno MazaSushek ShekarPriya Unnikrishnan,2014,https://link.springer.com/chapter/10.1007/978-3-319-11454-5_3,Conference paper
Checking Java Assertions Using Automated Test-Case Generation,Logic-Based Program Synthesis and Transformation,,,,10.1007/978-3-319-27436-2_13,Rafael CaballeroManuel MontenegroHerbert KuchenVincent von Hof,2015,https://link.springer.com/chapter/10.1007/978-3-319-27436-2_13,Conference paper
MU-CSeq 0.3: Sequentialization by Read-Implicit and Coarse-Grained Memory Unwindings,Tools and Algorithms for the Construction and Analysis of Systems,,,,10.1007/978-3-662-46681-0_38,Ermenegildo TomascoOmar InversoBernd FischerSalvatore La TorreGennaro Parlato,2015,https://link.springer.com/chapter/10.1007/978-3-662-46681-0_38,Conference paper
Program equivalence by circular reasoning,Formal Aspects of Computing,,,,10.1007/s00165-014-0319-6,Dorel LucanuVlad Rusu,2014,https://link.springer.com/article/10.1007/s00165-014-0319-6,Article
A High-Level IR Transformation System,Euro-Par 2013: Parallel Processing Workshops,,,,10.1007/978-3-642-54420-0_63,Herbert JordanPeter ThomanThomas Fahringer,2014,https://link.springer.com/chapter/10.1007/978-3-642-54420-0_63,Conference paper
The impact of composite AUC estimates on the prediction of systemic exposure in toxicology experiments,Journal of Pharmacokinetics and Pharmacodynamics,,,,10.1007/s10928-015-9413-5,Tarjinder SahotaMeindert DanhofOscar Della Pasqua,2015,https://link.springer.com/article/10.1007/s10928-015-9413-5,Article
Introduction,Dynamic Memory Management for Embedded Systems,,,,10.1007/978-3-319-10572-7_1,David Atienza AlonsoStylianos MamagkakisChristophe PoucetMiguel Peón-QuirósAlexandros BartzasFrancky CatthoorDimitrios Soudris,2015,https://link.springer.com/chapter/10.1007/978-3-319-10572-7_1,Chapter
A Survey of Dynamic Program Analysis Techniques and Tools,Proceedings of the 3rd International Conference on Frontiers of Intelligent Computing: Theory and Applications (FICTA) 2014,,,,10.1007/978-3-319-11933-5_13,Anjana GosainGanga Sharma,2015,https://link.springer.com/chapter/10.1007/978-3-319-11933-5_13,Conference paper
Planning and Money Management,A Critically Compassionate Approach to Financial Literacy,,,,10.1007/978-94-6300-130-4_4,Thomas A. LuceyMary Frances AgnelloJames Duke Laney,2015,https://link.springer.com/chapter/10.1007/978-94-6300-130-4_4,Chapter
Automatic recovery from resource exhaustion exceptions by collecting leaked resources,Journal of Zhejiang University SCIENCE C,,,,10.1631/jzus.C1300352,Zi-ying DaiXiao-guang MaoLi-qian ChenYan Lei,2014,https://link.springer.com/article/10.1631/jzus.C1300352,Article
Self-adaptation by coordination-targeted reconfigurations,Journal of Software Engineering Research and Development,,,,10.1186/s40411-015-0021-2,Nuno OliveiraLuís S Barbosa,2015,https://link.springer.com/article/10.1186/s40411-015-0021-2,Article
Static Analysis of Non-interference in Expressive Low-Level Languages,Static Analysis,,,,10.1007/978-3-662-48288-9_1,Peter AldousMatthew Might,2015,https://link.springer.com/chapter/10.1007/978-3-662-48288-9_1,Conference paper
Towards Task-Parallel Reductions in OpenMP,OpenMP: Heterogenous Execution and Data Movements,,,,10.1007/978-3-319-24595-9_14,Jan CieskoSergi MateoXavier TeruelXavier MartorellEduard AyguadéJesús LabartaAlex DuranBronis R. de SupinskiStephen OlivierKelvin LiAlexandre E. Eichenberger,2015,https://link.springer.com/chapter/10.1007/978-3-319-24595-9_14,Conference paper
Method-level code clone detection through LWH (Light Weight Hybrid) approach,Journal of Software Engineering Research and Development,,,,10.1186/s40411-014-0012-8,Egambaram KodhaiSelvadurai Kanmani,2014,https://link.springer.com/article/10.1186/s40411-014-0012-8,Article
Wireless Rogue Access Point Detection Using Shadow Honeynet,Wireless Personal Communications,,,,10.1007/s11277-015-2408-0,Neha AgrawalShashikala Tapaswi,2015,https://link.springer.com/article/10.1007/s11277-015-2408-0,Article
ABS: A High-Level Modeling Language for Cloud-Aware Programming,SOFSEM 2016: Theory and Practice of Computer Science,,,,10.1007/978-3-662-49192-8_35,Nikolaos BezirgiannisFrank de Boer,2016,https://link.springer.com/chapter/10.1007/978-3-662-49192-8_35,Conference paper
Getting Started,Material Design implementation with AngularJS,,,,10.1007/978-1-4842-2190-7_2,V. Keerti Kotaru,2016,https://link.springer.com/chapter/10.1007/978-1-4842-2190-7_2,Chapter
CindyGL: Authoring GPU-Based Interactive Mathematical Content,Mathematical Software – ICMS 2016,,,,10.1007/978-3-319-42432-3_44,Aaron MontagJürgen Richter-Gebert,2016,https://link.springer.com/chapter/10.1007/978-3-319-42432-3_44,Conference paper
Reproducible Experiments in Parallel Computing: Concepts and Stencil Compiler Benchmark Study,Euro-Par 2014: Parallel Processing Workshops,,,,10.1007/978-3-319-14325-5_40,Danilo GuerreraHelmar BurkhartAntonio Maffia,2014,https://link.springer.com/chapter/10.1007/978-3-319-14325-5_40,Conference paper
Impact of Accuracy Optimization on the Convergence of Numerical Iterative&#xa0;Methods,Logic-Based Program Synthesis and Transformation,,,,10.1007/978-3-319-27436-2_9,Nasrine DamoucheMatthieu MartelAlexandre Chapoutot,2015,https://link.springer.com/chapter/10.1007/978-3-319-27436-2_9,Conference paper
Excipient Applications in Formulation Design and Drug Delivery,Excipient Applications in Formulation Design and Drug Delivery,,,,10.1007/978-3-319-20206-8_1,Ajit S. NarangSai HS. Boddu,2015,https://link.springer.com/chapter/10.1007/978-3-319-20206-8_1,Chapter
Multi-parameters Models,Bayesian Methods for the Physical Sciences,,,,10.1007/978-3-319-15287-5_6,Stefano AndreonBrian Weaver,2015,https://link.springer.com/chapter/10.1007/978-3-319-15287-5_6,Chapter
Parametric GPU Code Generation for Affine Loop Programs,Languages and Compilers for Parallel Computing,,,,10.1007/978-3-319-09967-5_8,Athanasios KonstantinidisPaul H. J. KellyJ. RamanujamP. Sadayappan,2014,https://link.springer.com/chapter/10.1007/978-3-319-09967-5_8,Conference paper
Pre-indexed Terms for Prolog,Logic-Based Program Synthesis and Transformation,,,,10.1007/978-3-319-17822-6_18,J. F. MoralesM. Hermenegildo,2015,https://link.springer.com/chapter/10.1007/978-3-319-17822-6_18,Conference paper
Data Movement in the Internet of Things Domain,Service Oriented and Cloud Computing,,,,10.1007/978-3-319-24072-5_17,Francesco D’AndriaDaniel FieldAliki KopaneliGeorge KousiourisDavid Garcia-PerezBarbara PerniciPierluigi Plebani,2015,https://link.springer.com/chapter/10.1007/978-3-319-24072-5_17,Conference paper
The SeaHorn Verification Framework,Computer Aided Verification,,,,10.1007/978-3-319-21690-4_20,Arie GurfinkelTemesghen KahsaiAnvesh KomuravelliJorge A. Navas,2015,https://link.springer.com/chapter/10.1007/978-3-319-21690-4_20,Conference paper
Typed JS: A Lightweight Typed JavaScript Engine for Mobile Devices,"Mobile Computing, Applications, and Services",,,,10.1007/978-3-319-29003-4_7,Ryan H. ChoiYoungil Choi,2015,https://link.springer.com/chapter/10.1007/978-3-319-29003-4_7,Conference paper
TuningGenie: Auto-Tuning Framework Based on Rewriting Rules,"Information and Communication Technologies in Education, Research, and Industrial Applications",,,,10.1007/978-3-319-13206-8_7,Pavlo A. IvanenkoAnatoliy Y. DoroshenkoKostiantyn A. Zhereb,2014,https://link.springer.com/chapter/10.1007/978-3-319-13206-8_7,Conference paper
"Scalable and scope-bounded software verification in <span>Varvel</span>
                  ",Automated Software Engineering,,,,10.1007/s10515-014-0164-0,Franjo IvančićGogul BalakrishnanAarti GuptaSriram SankaranarayananNaoto MaedaTakashi ImotoRakesh PothengilMustafa Hussain,2014,https://link.springer.com/article/10.1007/s10515-014-0164-0,Article
Lessons Learned from Implementing OMPD: A Debugging Interface for OpenMP,OpenMP: Heterogenous Execution and Data Movements,,,,10.1007/978-3-319-24595-9_7,Joachim ProtzeIgnacio LagunaDong H. AhnJohn Del SignoreAriel BurtonMartin SchulzMatthias S. Müller,2015,https://link.springer.com/chapter/10.1007/978-3-319-24595-9_7,Conference paper
Probabilistic Programs as Spreadsheet Queries,Programming Languages and Systems,,,,10.1007/978-3-662-46669-8_1,Andrew D. GordonClaudio RussoMarcin SzymczakJohannes BorgströmNicolas RollandThore GraepelDaniel Tarlow,2015,https://link.springer.com/chapter/10.1007/978-3-662-46669-8_1,Conference paper
Evaluation of the impact of extended aging duration on visco-elastic properties of asphalt binders,Archives of Civil and Mechanical Engineering,,,,10.1016/j.acme.2015.02.006,M. O. HamzahS. R. OmranianA. S. Yahaya,2015,https://link.springer.com/article/10.1016/j.acme.2015.02.006,Article
Probabilistic risk assessment of major accidents: application to offshore blowouts in the Gulf of Mexico,Natural Hazards,,,,10.1007/s11069-014-1271-8,Nima KhakzadSina KhakzadFaisal Khan,2014,https://link.springer.com/article/10.1007/s11069-014-1271-8,Article
PETRA: Performance Evaluation Tool for Modern Parallelizing Compilers,International Journal of Parallel Programming,,,,10.1007/s10766-014-0307-8,Dheya MustafaRudolf Eigenmann,2014,https://link.springer.com/article/10.1007/s10766-014-0307-8,Article
Fast Integer Word-length Optimization for Fixed-point Systems,Journal of Signal Processing Systems,,,,10.1007/s11265-015-0990-8,Riham NehmehDaniel MenardErwan NoguesAndrei BanciuThierry MichelRomuald Rocher,2015,https://link.springer.com/article/10.1007/s11265-015-0990-8,Article
On the Use of a Multiple View Interactive Environment for MATLAB and Octave Program Comprehension,Computational Science and Its Applications -- ICCSA 2015,,,,10.1007/978-3-319-21410-8_49,Ivan M. LessaGlauco de F. CarneiroMiguel P. MonteiroFernando Brito e Abreu,2015,https://link.springer.com/chapter/10.1007/978-3-319-21410-8_49,Conference paper
India and Other Maturing Asian Space Enthusiasts,Yearbook on Space Policy 2012/2013,,,,10.1007/978-3-7091-1827-6_9,Ajey Lele,2015,https://link.springer.com/chapter/10.1007/978-3-7091-1827-6_9,Chapter
High Content Screening for Modulators of Cardiac Differentiation in Human Pluripotent Stem Cells,Chemical Biology,,,,10.1007/978-1-4939-2269-7_4,Sean SpieringHerman DavidovicsPaul J. BushwayMark MercolaErik Willems,2015,https://link.springer.com/chapter/10.1007/978-1-4939-2269-7_4,Protocol
Exploiting Narrow Data-Width to Mask Soft Errors in Register Files,"Computer Safety, Reliability, and Security",,,,10.1007/978-3-319-10506-2_9,Jianjun XuQingping TanZeming ShaoHong Ning,2014,https://link.springer.com/chapter/10.1007/978-3-319-10506-2_9,Conference paper
The PLA Navy’s Capability Profile,Assessing China's Naval Power,,,,10.1007/978-3-662-47127-2_5,Sarah Kirchberger,2015,https://link.springer.com/chapter/10.1007/978-3-662-47127-2_5,Chapter
Collaborative Information Seeking Around Big Data,Collaborative Information Seeking,,,,10.1007/978-3-319-18988-8_11,Mark S. Pfaff,2015,https://link.springer.com/chapter/10.1007/978-3-319-18988-8_11,Chapter
An Automated Performance-Aware Approach to Reliability Transformations,Euro-Par 2014: Parallel Processing Workshops,,,,10.1007/978-3-319-14325-5_45,Jacob LidmanSally A. McKeeDaniel J. QuinlanChunhua Liao,2014,https://link.springer.com/chapter/10.1007/978-3-319-14325-5_45,Conference paper
Improving Speculation Accuracy with Inter-thread Fetching Value Prediction,Algorithms and Architectures for Parallel Processing,,,,10.1007/978-3-319-11194-0_19,Fan XuLi ShenZhiying WangHui GuoBo SuWei Chen,2014,https://link.springer.com/chapter/10.1007/978-3-319-11194-0_19,Conference paper
Towards Transactional Memory for OpenMP,"Using and Improving OpenMP for Devices, Tasks, and More",,,,10.1007/978-3-319-11454-5_10,Michael WongEduard AyguadéJustin GottschlichVictor LuchangcoBronis R. de SupinskiBarna Bihari,2014,https://link.springer.com/chapter/10.1007/978-3-319-11454-5_10,Conference paper
Information Aggregation in an Enterprise,Smart Information Systems,,,,10.1007/978-3-319-14178-7_4,Erwin GunadiSahin Albayrak,2015,https://link.springer.com/chapter/10.1007/978-3-319-14178-7_4,Chapter
Enhanced Features of SLOs: Focus on Specialization,Smart Learning Objects for Smart Education in Computer Science,,,,10.1007/978-3-319-16913-2_7,Vytautas Štuikys,2015,https://link.springer.com/chapter/10.1007/978-3-319-16913-2_7,Chapter
Introducing ‘Movers’ into Community Reconstructions: Linking Civil Registers of Vital Events to Local and National Census Data: A Scottish Experiment,Population Reconstruction,,,,10.1007/978-3-319-19884-2_13,Eilidh GarrettAlice Reid,2015,https://link.springer.com/chapter/10.1007/978-3-319-19884-2_13,Chapter
Test Infrastructure for GEneral Relativity (TIGER),Extracting Physics from Gravitational Waves,,,,10.1007/978-3-319-19273-4_7,Tjonnie G. F. Li,2015,https://link.springer.com/chapter/10.1007/978-3-319-19273-4_7,Chapter
A Case for Adaptive Redundancy for HPC Resilience,Euro-Par 2013: Parallel Processing Workshops,,,,10.1007/978-3-642-54420-0_67,Saurabh HukerikarPedro C. DinizRobert F. Lucas,2014,https://link.springer.com/chapter/10.1007/978-3-642-54420-0_67,Conference paper
Parsing in a Broad Sense,Model-Driven Engineering Languages and Systems,,,,10.1007/978-3-319-11653-2_4,Vadim ZaytsevAnya Helene Bagge,2014,https://link.springer.com/chapter/10.1007/978-3-319-11653-2_4,Conference paper
Software Analysis for Transient Faults: A Review of Recent Methods,"Intelligent Data analysis and its Applications, Volume II",,,,10.1007/978-3-319-07773-4_57,Guochang ZhouBaolong GuoXiang GaoWeikang NingYunyi Yan,2014,https://link.springer.com/chapter/10.1007/978-3-319-07773-4_57,Conference paper
Demand and Supply of Maritime Transport Services: Analysis of Market Cycles,HSBA Handbook on Ship Finance,,,,10.1007/978-3-662-43410-9_1,Burkhard LemperMichael Tasto,2015,https://link.springer.com/chapter/10.1007/978-3-662-43410-9_1,Chapter
Scalability and Parallel Execution of OmpSs-OpenCL Tasks on Heterogeneous CPU-GPU Environment,Supercomputing,,,,10.1007/978-3-319-07518-1_9,Vinoth Krishnan ElangovanRosa. M. BadiaEduard Ayguadé,2014,https://link.springer.com/chapter/10.1007/978-3-319-07518-1_9,Conference paper
Marine Algae: Gathered Resource to Global Food Industry,The Algae World,,,,10.1007/978-94-017-7321-8_15,Jeff T. HaftingM. Lynn CornishAmy DeveauAlan T. Critchley,2015,https://link.springer.com/chapter/10.1007/978-94-017-7321-8_15,Chapter
Cooling aware job migration for reducing cost in cloud environment,The Journal of Supercomputing,,,,10.1007/s11227-014-1349-9,Elahe NaserianSeyed Mohammad GhoreyshiHossein ShafieiPayam MousaviAhmad Khonsari,2014,https://link.springer.com/article/10.1007/s11227-014-1349-9,Article
Results,Extracting Physics from Gravitational Waves,,,,10.1007/978-3-319-19273-4_8,Tjonnie G. F. Li,2015,https://link.springer.com/chapter/10.1007/978-3-319-19273-4_8,Chapter
Selective SWIFT-R,Journal of Electronic Testing,,,,10.1007/s10836-013-5416-6,Felipe Restrepo-CalleAntonio Martínez-ÁlvarezSergio Cuenca-AsensiAntonio Jimeno-Morenilla,2013,https://link.springer.com/article/10.1007/s10836-013-5416-6,Article
Polysaccharides from Bioagro-Waste for New Biomolecules,Polysaccharides,,,,10.1007/978-3-319-16298-0_16,Paola Di DonatoAnnarita PoliValentina TaurisanoBarbara Nicolaus,2015,https://link.springer.com/rwe/10.1007/978-3-319-16298-0_16,Reference work entry
Performance-aware composition framework for GPU-based systems,The Journal of Supercomputing,,,,10.1007/s11227-014-1105-1,Usman DastgeerChristoph Kessler,2014,https://link.springer.com/article/10.1007/s11227-014-1105-1,Article
Platform Deployment,Pro MEAN Stack Development,,,,10.1007/978-1-4842-2044-3_10,Elad Elrom,2016,https://link.springer.com/chapter/10.1007/978-1-4842-2044-3_10,Chapter
Build Scripts,Pro MEAN Stack Development,,,,10.1007/978-1-4842-2044-3_9,Elad Elrom,2016,https://link.springer.com/chapter/10.1007/978-1-4842-2044-3_9,Chapter
JavaScript Code-Organization Techniques and Patterns,Beginning SOLID Principles and Design Patterns for ASP.NET  Developers,,,,10.1007/978-1-4842-1848-8_11,Bipin Joshi,2016,https://link.springer.com/chapter/10.1007/978-1-4842-1848-8_11,Chapter
pocl: A Performance-Portable OpenCL Implementation,International Journal of Parallel Programming,,,,10.1007/s10766-014-0320-y,Pekka JääskeläinenCarlos Sánchez de La LamaErik SchnetterKalle RaiskilaJarmo TakalaHeikki Berg,2014,https://link.springer.com/article/10.1007/s10766-014-0320-y,Article
The BonaFide C Analyzer: automatic loop-level characterization and coverage measurement,The Journal of Supercomputing,,,,10.1007/s11227-014-1091-3,Sergio AldeaDiego R. LlanosArturo Gonzalez-Escribano,2014,https://link.springer.com/article/10.1007/s11227-014-1091-3,Article
Studying Police Integrity,Measuring Police Integrity Across the World,,,,10.1007/978-1-4939-2279-6_1,Sanja Kutnjak Ivković,2015,https://link.springer.com/chapter/10.1007/978-1-4939-2279-6_1,Chapter
Bounded Model Checking of Multi-threaded C Programs via Lazy Sequentialization,Computer Aided Verification,,,,10.1007/978-3-319-08867-9_39,Omar InversoErmenegildo TomascoBernd FischerSalvatore La TorreGennaro Parlato,2014,https://link.springer.com/chapter/10.1007/978-3-319-08867-9_39,Conference paper
Deadlock Detection in Linear Recursive Programs,Formal Methods for Executable Software Models,,,,10.1007/978-3-319-07317-0_2,Elena GiachinoCosimo Laneve,2014,https://link.springer.com/chapter/10.1007/978-3-319-07317-0_2,Chapter
OpenMDSP: Extending OpenMP to Program Multi-Core DSPs,Journal of Computer Science and Technology,,,,10.1007/s11390-014-1433-x,Jiang-Zhou HeWen-Guang ChenGuang-Ri ChenWei-Min ZhengZhi-Zhong TangHan-Dong Ye,2014,https://link.springer.com/article/10.1007/s11390-014-1433-x,Article
Synthesis of Memory Fences via Refinement Propagation,Static Analysis,,,,10.1007/978-3-319-10936-7_15,Yuri MeshmanAndrei DanMartin VechevEran Yahav,2014,https://link.springer.com/chapter/10.1007/978-3-319-10936-7_15,Conference paper
Error propagation methods for LCA—a comparison,The International Journal of Life Cycle Assessment,,,,10.1007/s11367-014-0751-0,Reinout HeijungsManfred Lenzen,2014,https://link.springer.com/article/10.1007/s11367-014-0751-0,Article
OpenMC: Towards Simplifying Programming for TianHe Supercomputers,Journal of Computer Science and Technology,,,,10.1007/s11390-014-1447-4,Xiang-Ke LiaoCan-Qun YungTao TangHui-Zhan YiFeng WangQiang WuJingling Xue,2014,https://link.springer.com/article/10.1007/s11390-014-1447-4,Article
Speculative Program Parallelization with Scalable and Decentralized Runtime Verification,Runtime Verification,,,,10.1007/978-3-319-11164-3_11,Aravind Sukumaran-RajamJuan Manuel Martinez CaamañoWilly WolffAlexandra JimboreanPhilippe Clauss,2014,https://link.springer.com/chapter/10.1007/978-3-319-11164-3_11,Conference paper
Classification model for code clones based on machine learning,Empirical Software Engineering,,,,10.1007/s10664-014-9316-x,Jiachen YangKeisuke HottaYoshiki HigoHiroshi IgakiShinji Kusumoto,2014,https://link.springer.com/article/10.1007/s10664-014-9316-x,Article
A DSL for specifying run-time adaptations for embedded systems: an application to vehicle stereo navigation,The Journal of Supercomputing,,,,10.1007/s11227-014-1192-z,André C. SantosJoão M. P. CardosoPedro C. DinizDiogo R. FerreiraZlatko Petrov,2014,https://link.springer.com/article/10.1007/s11227-014-1192-z,Article
In-memory application-level checkpoint-based migration for MPI programs,The Journal of Supercomputing,,,,10.1007/s11227-014-1120-2,Iván CoresGabriel RodríguezMaría J. MartínPatricia González,2014,https://link.springer.com/article/10.1007/s11227-014-1120-2,Article
Pre-execution data prefetching with I/O scheduling,The Journal of Supercomputing,,,,10.1007/s11227-013-1060-2,Yue ZhaoKenji YoshigoeMengjun Xie,2013,https://link.springer.com/article/10.1007/s11227-013-1060-2,Article
Defensive JavaScript,Foundations of Security Analysis and Design VII,,,,10.1007/978-3-319-10082-1_4,Karthikeyan BhargavanAntoine Delignat-LavaudSergio Maffeis,2014,https://link.springer.com/chapter/10.1007/978-3-319-10082-1_4,Chapter
Automatic summarization of risk factors preceding disease progression an insight-driven healthcare service case study on using medical records of diabetic patients,World Wide Web,,,,10.1007/s11280-014-0304-2,Pei-Yun S. HsuehXin Xin ZhuMark J. H. HsiaoSelina Y. F. LeeVincent DengSreeram Ramakrishnan,2014,https://link.springer.com/article/10.1007/s11280-014-0304-2,Article
Semi-automatic Composition of Data Layout Transformations for Loop Vectorization,Network and Parallel Computing,,,,10.1007/978-3-662-44917-2_40,Shixiong XuDavid Gregg,2014,https://link.springer.com/chapter/10.1007/978-3-662-44917-2_40,Conference paper
RevivePath: Resilient Network-on-Chip Design Through Data Path Salvaging of Router,Journal of Computer Science and Technology,,,,10.1007/s11390-013-1396-3,Yin-He HanCheng LiuHang LuWen-Bo LiLei ZhangXiao-Wei Li,2013,https://link.springer.com/article/10.1007/s11390-013-1396-3,Article
Conpy: Concolic Execution Engine for Python Applications,Algorithms and Architectures for Parallel Processing,,,,10.1007/978-3-319-11194-0_12,Ting ChenXiao-song ZhangRui-dong ChenBo YangYang Bai,2014,https://link.springer.com/chapter/10.1007/978-3-319-11194-0_12,Conference paper
Analyzing Narratives About the Camino: From Claims in Support of Local Elements to the Success of the Xacobeo,"Heritage, Pilgrimage and the Camino to Finisterre",,,,10.1007/978-3-319-20212-9_3,Manuel Vilar,2015,https://link.springer.com/chapter/10.1007/978-3-319-20212-9_3,Chapter
Transformations for Compositional Verification of Assumption-Commitment Properties,Reachability Problems,,,,10.1007/978-3-319-11439-2_17,Ahmed MahdiBernd WestphalMartin Fränzle,2014,https://link.springer.com/chapter/10.1007/978-3-319-11439-2_17,Conference paper
Usage of the TRACO Compiler for Neural Network Parallelization,Artificial Intelligence and Soft Computing,,,,10.1007/978-3-319-07173-2_12,Marek PalkowskiWlodzimierz Bielecki,2014,https://link.springer.com/chapter/10.1007/978-3-319-07173-2_12,Conference paper
"Quasi-Equal Clock Reduction: More Networks, More Queries",Tools and Algorithms for the Construction and Analysis of Systems,,,,10.1007/978-3-642-54862-8_20,Christian HerreraBernd WestphalAndreas Podelski,2014,https://link.springer.com/chapter/10.1007/978-3-642-54862-8_20,Conference paper
A Comparison between OPARI2 and the OpenMP Tools Interface in the Context of Score-P,"Using and Improving OpenMP for Devices, Tasks, and More",,,,10.1007/978-3-319-11454-5_12,Daniel LorenzRobert DietrichRonny TschüterFelix Wolf,2014,https://link.springer.com/chapter/10.1007/978-3-319-11454-5_12,Conference paper
Image Processing: Object Recognition,Smart Multicore Embedded Systems,,,,10.1007/978-1-4614-8800-2_8,Marius BozgaGeorge ChasapisVassilios V. DimakopoulosAggelis Aggelis,2014,https://link.springer.com/chapter/10.1007/978-1-4614-8800-2_8,Chapter
Compiling a High-Level Directive-Based Programming Model for GPGPUs,Languages and Compilers for Parallel Computing,,,,10.1007/978-3-319-09967-5_6,Xiaonan TianRengan XuYonghong YanZhifeng YunSunita ChandrasekaranBarbara Chapman,2014,https://link.springer.com/chapter/10.1007/978-3-319-09967-5_6,Conference paper
Python 3000,Pro Python,,,,10.1007/978-1-4842-0334-7_17,J. Burton BrowningMarty Alchin,2014,https://link.springer.com/chapter/10.1007/978-1-4842-0334-7_17,Chapter
MetaJC++: A flexible and automatic program transformation technique using meta framework,Central European Journal of Engineering,,,,10.2478/s13531-013-0161-2,Nadera S. BeeviM. ReghuD. ChitraprasadS. S. Vinodchandra,2014,https://link.springer.com/article/10.2478/s13531-013-0161-2,Article
MU-CSeq: Sequentialization of C Programs by Shared Memory Unwindings,Tools and Algorithms for the Construction and Analysis of Systems,,,,10.1007/978-3-642-54862-8_30,Ermenegildo TomascoOmar InversoBernd FischerSalvatore La TorreGennaro Parlato,2014,https://link.springer.com/chapter/10.1007/978-3-642-54862-8_30,Conference paper
Optimized Compilation of Multiset Rewriting with Comprehensions,Programming Languages and Systems,,,,10.1007/978-3-319-12736-1_2,Edmund Soon Lee LamIliano Cervesato,2014,https://link.springer.com/chapter/10.1007/978-3-319-12736-1_2,Conference paper
Degradation mechanisms in gate-all-around silicon Nanowire field effect transistor under electrostatic discharge stress a modeling approach,Nano Convergence,,,,10.1186/s40580-014-0011-9,Cher Ming TanXiangchen Chen,2014,https://link.springer.com/article/10.1186/s40580-014-0011-9,Article
Dependency-Based Automatic Parallelization of Java Applications,Euro-Par 2014: Parallel Processing Workshops,,,,10.1007/978-3-319-14313-2_16,João RafaelIvo CorreiaAlcides FonsecaBruno Cabral,2014,https://link.springer.com/chapter/10.1007/978-3-319-14313-2_16,Conference paper
Software mutational robustness,Genetic Programming and Evolvable Machines,,,,10.1007/s10710-013-9195-8,Eric SchulteZachary P. FryEthan FastWestley WeimerStephanie Forrest,2013,https://link.springer.com/article/10.1007/s10710-013-9195-8,Article
Scout: A Source-to-Source Transformator for SIMD-Optimizations,Euro-Par 2011: Parallel Processing Workshops,,,,10.1007/978-3-642-29740-3_17,Olaf KrzikallaKim FeldhoffRalph Müller-PfefferkornWolfgang E. Nagel,2012,https://link.springer.com/chapter/10.1007/978-3-642-29740-3_17,Conference paper
"Selective Growth of CdTe on Nano-patterned CdS via 
Close-Space Sublimation",Journal of Electronic Materials,,,,10.1007/s11664-014-3104-7,Brandon A. AguirreDavid ZubiaRafael OrdonezFarhana AnwarHeber PrietoCarlos A. SanchezMaria T. SalazarAlejandro. A. PimentelJoseph R. MichaelXiaowang ZhouJohn C. McclureGregory N. NielsonJose L. Cruz-Campa,2014,https://link.springer.com/article/10.1007/s11664-014-3104-7,Article
Parallel Code Flow,Programming Heterogeneous MPSoCs,,,,10.1007/978-3-319-00675-8_6,Jerónimo Castrillón MazoRainer Leupers,2014,https://link.springer.com/chapter/10.1007/978-3-319-00675-8_6,Chapter
Modelling Stochastic Processes with Time Series Analysis,Statistics for Chemical and Process Engineers,,,,10.1007/978-3-319-21509-9_5,Yuri A. W. Shardt,2015,https://link.springer.com/chapter/10.1007/978-3-319-21509-9_5,Chapter
Optimization of Massively Parallel Data Flows,Large-Scale Data Analytics,,,,10.1007/978-1-4614-9242-9_2,Fabian HueskeVolker Markl,2014,https://link.springer.com/chapter/10.1007/978-1-4614-9242-9_2,Chapter
Related Work,Model-Driven Software Migration: A Methodology,,,,10.1007/978-3-658-05270-6_4,Christian Wagner,2014,https://link.springer.com/chapter/10.1007/978-3-658-05270-6_4,Chapter
Automatic Development of Embedded Systems Using Model Driven Engineering and Compile-Time Virtualisation,Embedded and Real Time System Development: A Software Engineering Perspective,,,,10.1007/978-3-642-40888-5_2,Neil AudsleyIan GrayDimitris KolovosNikos MatragkasRichard PaigeLeandro Soares Indrusiak,2014,https://link.springer.com/chapter/10.1007/978-3-642-40888-5_2,Chapter
X-ray reverberation around accreting black holes,The Astronomy and Astrophysics Review,,,,10.1007/s00159-014-0072-0,P. UttleyE. M. CackettA. C. FabianE. KaraD. R. Wilkins,2014,https://link.springer.com/article/10.1007/s00159-014-0072-0,Article
High Performance Cloud: A MapReduce and GPGPU Based Hybrid Approach,Internet and Distributed Computing Systems,,,,10.1007/978-3-319-11692-1_6,Beniamino Di MartinoAntonio EspositoAndrea Barbato,2014,https://link.springer.com/chapter/10.1007/978-3-319-11692-1_6,Conference paper
Approximation Algorithms for Fragmenting a Graph Against a Stochastically-Located Threat,Theory of Computing Systems,,,,10.1007/s00224-014-9548-6,David B. ShmoysGwen Spencer,2014,https://link.springer.com/article/10.1007/s00224-014-9548-6,Article
OpenSHMEM Extensions and a Vision for Its Future Direction,"OpenSHMEM and Related Technologies. Experiences, Implementations, and Tools",,,,10.1007/978-3-319-05215-1_11,Stephen PoolePavel ShamisAaron WelchSwaroop PophaleManjunath Gorentla VenkataOscar HernandezGregory KoenigTony CurtisChung-Hsing Hsu,2014,https://link.springer.com/chapter/10.1007/978-3-319-05215-1_11,Conference paper
Neutron Stars—Thermal Emitters,Space Science Reviews,,,,10.1007/s11214-014-0102-2,Alexander Y. PotekhinAndrea De LucaJosé A. Pons,2014,https://link.springer.com/article/10.1007/s11214-014-0102-2,Article
A family of experiments to assess the effectiveness and efficiency of source code obfuscation techniques,Empirical Software Engineering,,,,10.1007/s10664-013-9248-x,Mariano CeccatoMassimiliano Di PentaPaolo FalcarinFilippo RiccaMarco TorchianoPaolo Tonella,2013,https://link.springer.com/article/10.1007/s10664-013-9248-x,Article
Task-Parallel Reductions in OpenMP and OmpSs,"Using and Improving OpenMP for Devices, Tasks, and More",,,,10.1007/978-3-319-11454-5_1,Jan CieskoSergi MateoXavier TeruelVicenç BeltranXavier MartorellRosa M. BadiaEduard AyguadéJesús Labarta,2014,https://link.springer.com/chapter/10.1007/978-3-319-11454-5_1,Conference paper
Implementation of Partial Separability in a Source-to-Source Transformation AD Tool,Recent Advances in Algorithmic Differentiation,,,,10.1007/978-3-642-30023-3_31,Sri Hari Krishna NarayananBoyana NorrisPaul HovlandAssefaw Gebremedhin,2012,https://link.springer.com/chapter/10.1007/978-3-642-30023-3_31,Conference paper
Motivation and Introduction,Algorithmic Differentiation of Pragma-Defined Parallel Regions,,,,10.1007/978-3-658-07597-2_1,Michael Förster,2014,https://link.springer.com/chapter/10.1007/978-3-658-07597-2_1,Chapter
Level Up!,Advanced Game Design with HTML5 and JavaScript,,,,10.1007/978-1-4302-5801-8_1,Rex van der Spuy,2015,https://link.springer.com/chapter/10.1007/978-1-4302-5801-8_1,Chapter
Dynamic and Speculative Polyhedral Parallelization Using Compiler-Generated Skeletons,International Journal of Parallel Programming,,,,10.1007/s10766-013-0259-4,Alexandra JimboreanPhilippe ClaussJean-François DollingerVincent LoechnerJuan Manuel Martinez Caamaño,2013,https://link.springer.com/article/10.1007/s10766-013-0259-4,Article
A review of multiple natural hazards and risks in Germany,Natural Hazards,,,,10.1007/s11069-014-1265-6,Heidi KreibichPhilip BubeckMichael KunzHolger MahlkeStefano ParolaiBijan KhazaiJames DaniellTobia LakesKai Schröter,2014,https://link.springer.com/article/10.1007/s11069-014-1265-6,Article
CoreTSAR: Adaptive Worksharing for Heterogeneous Systems,Supercomputing,,,,10.1007/978-3-319-07518-1_11,Thomas R. W. ScoglandWu-chun FengBarry RountreeBronis R. de Supinski,2014,https://link.springer.com/chapter/10.1007/978-3-319-07518-1_11,Conference paper
Component Assemblies in the Context of Manycore,Formal Methods for Components and Objects,,,,10.1007/978-3-642-35887-6_17,Ananda BasuSaddek BensalemMarius BozgaParaskevas BourgosMayur MaheshwariJoseph Sifakis,2013,https://link.springer.com/chapter/10.1007/978-3-642-35887-6_17,Chapter
Compiler-Driven Data Layout Transformation for Heterogeneous Platforms,Euro-Par 2013: Parallel Processing Workshops,,,,10.1007/978-3-642-54420-0_19,Deepak MajetiRajkishore BarikJisheng ZhaoMax GrossmanVivek Sarkar,2014,https://link.springer.com/chapter/10.1007/978-3-642-54420-0_19,Conference paper
Engineered Substrates for Advanced CMOS Technology Nodes and More-Than-Moore Applications,"Functional Nanomaterials and Devices for Electronics, Sensors and Energy Harvesting",,,,10.1007/978-3-319-08804-4_1,Konstantin K. Bourdelle,2014,https://link.springer.com/chapter/10.1007/978-3-319-08804-4_1,Chapter
"Axial resonances <i>a</i>
              <sub>1</sub>(1260), <i>b</i>
              <sub>1</sub>(1235) and their decays from the lattice",Journal of High Energy Physics,,,,10.1007/JHEP04(2014)162,C.B. LangLuka LeskovecDaniel MohlerSasa Prelovsek,2014,https://link.springer.com/article/10.1007/JHEP04(2014)162,Article
Modeling the Impact of Reduced Memory Bandwidth on HPC Applications,Euro-Par 2014 Parallel Processing,,,,10.1007/978-3-319-09873-9_6,Ananta TiwariAnthony GamstMichael A. LaurenzanoMartin SchulzLaura Carrington,2014,https://link.springer.com/chapter/10.1007/978-3-319-09873-9_6,Conference paper
Language Design and Implementation via the Combination of Embedding and Parsing,Software Technologies,,,,10.1007/978-3-662-44920-2_9,Gergely DévaiDániel LeskóMáté Tejfel,2014,https://link.springer.com/chapter/10.1007/978-3-662-44920-2_9,Conference paper
Period Mappings for Families of Complex Manifolds,Period Mappings with Applications to Symplectic Complex Spaces,,,,10.1007/978-3-319-17521-8_1,Tim Kirschner,2015,https://link.springer.com/chapter/10.1007/978-3-319-17521-8_1,Chapter
Task-Based Programming with OmpSs and Its Application,Euro-Par 2014: Parallel Processing Workshops,,,,10.1007/978-3-319-14313-2_51,Alejandro FernándezVicenç BeltranXavier MartorellRosa M. BadiaEduard AyguadéJesus Labarta,2014,https://link.springer.com/chapter/10.1007/978-3-319-14313-2_51,Conference paper
Nutritional and Antioxidant Properties of the White Desert Truffle Tirmania nivea (Zubaidi),Desert Truffles,,,,10.1007/978-3-642-40096-4_18,Abdul Ameer A. Al-Laith,2014,https://link.springer.com/chapter/10.1007/978-3-642-40096-4_18,Chapter
A Coarray Fortran implementation to support data-intensive application development,Cluster Computing,,,,10.1007/s10586-013-0302-7,Deepak EachempatiAlan RichardsonSiddhartha JanaTerrence LiaoHenri CalandraBarbara Chapman,2013,https://link.springer.com/article/10.1007/s10586-013-0302-7,Article
Detecting SIMDization Opportunities through Static/Dynamic Dependence Analysis,Euro-Par 2013: Parallel Processing Workshops,,,,10.1007/978-3-642-54420-0_62,Olivier AumageDenis BarthouChristopher HaineTamara Meunier,2014,https://link.springer.com/chapter/10.1007/978-3-642-54420-0_62,Conference paper
Combining Monitoring with Run-Time Assertion Checking,Formal Methods for Executable Software Models,,,,10.1007/978-3-319-07317-0_6,Frank S. de BoerStijn de Gouw,2014,https://link.springer.com/chapter/10.1007/978-3-319-07317-0_6,Chapter
"James Mark Baldwin, the Baldwin Effect, Organic Selection, and the American “Immigrant Crisis” at the Turn of the Twentieth Century",Entangled Life,,,,10.1007/978-94-007-7067-6_3,Christopher D. Green,2014,https://link.springer.com/chapter/10.1007/978-94-007-7067-6_3,Chapter
Exploratory Spatial Data Analysis,Handbook of Regional Science,,,,10.1007/978-3-642-23430-9_76,Jürgen Symanzik,2014,https://link.springer.com/rwe/10.1007/978-3-642-23430-9_76,Reference work entry
Bounded phase analysis of message-passing programs,International Journal on Software Tools for Technology Transfer,,,,10.1007/s10009-013-0276-z,Ahmed BouajjaniMichael Emmi,2013,https://link.springer.com/article/10.1007/s10009-013-0276-z,Article
On the combination of correlated estimates of a physics observable,The European Physical Journal C,,,,10.1140/epjc/s10052-014-3004-2,Richard Nisius,2014,https://link.springer.com/article/10.1140/epjc/s10052-014-3004-2,Article
Data-Management Directory for OpenMP 4.0 and OpenACC,Euro-Par 2013: Parallel Processing Workshops,,,,10.1007/978-3-642-54420-0_17,Julien JaegerPatrick CarribaultMarc Pérache,2014,https://link.springer.com/chapter/10.1007/978-3-642-54420-0_17,Conference paper
CPU-GPU System Designs for High Performance Cloud Computing,High Performance Cloud Auditing and Applications,,,,10.1007/978-1-4614-3296-8_11,Yiran ChenJie GuoZhenyu Sun,2014,https://link.springer.com/chapter/10.1007/978-1-4614-3296-8_11,Chapter
Library Support for Resource Constrained Accelerators,"Using and Improving OpenMP for Devices, Tasks, and More",,,,10.1007/978-3-319-11454-5_14,Laust Brock-NannestadSven Karlsson,2014,https://link.springer.com/chapter/10.1007/978-3-319-11454-5_14,Conference paper
Compiler-Guided Identification of Critical Sections in Parallel Code,Compiler Construction,,,,10.1007/978-3-642-37051-9_11,Stefan KempfRonald VeldemaMichael Philippsen,2013,https://link.springer.com/chapter/10.1007/978-3-642-37051-9_11,Conference paper
Reversible Language Extensions and Their Application in Debugging,Practical Aspects of Declarative Languages,,,,10.1007/978-3-642-45284-0_14,Zoé DreyJosé F. MoralesManuel V. HermenegildoManuel Carro,2013,https://link.springer.com/chapter/10.1007/978-3-642-45284-0_14,Conference paper
"Genomic analyses with biofilter 2.0: knowledge driven filtering, annotation, and model development",BioData Mining,,,,10.1186/1756-0381-6-25,Sarah A PendergrassAlex FraseJohn WallaceDaniel WolfeNeerja KatiyarCarrie MooreMarylyn D Ritchie,2013,https://link.springer.com/article/10.1186/1756-0381-6-25,Article
Investigating hydrochemistry of groundwater in Indo-Gangetic alluvial plain using multivariate chemometric approaches,Environmental Science and Pollution Research,,,,10.1007/s11356-014-2517-4,Kunwar P. SinghShikha GuptaPremanjali Rai,2014,https://link.springer.com/article/10.1007/s11356-014-2517-4,Article
"Multi Objective Optimization of HPC Kernels for Performance, Power, and Energy","High Performance Computing Systems. Performance Modeling, Benchmarking and Simulation",,,,10.1007/978-3-319-10214-6_12,Prasanna BalaprakashAnanta TiwariStefan M. Wild,2014,https://link.springer.com/chapter/10.1007/978-3-319-10214-6_12,Conference paper
Implantable Medical Devices,Focal Controlled Drug Delivery,,,,10.1007/978-1-4614-9434-8_2,Wahid KhanEameema MuntimaduguMichael JaffeAbraham J. Domb,2014,https://link.springer.com/chapter/10.1007/978-1-4614-9434-8_2,Chapter
Sustained Petascale Performance of Seismic Simulations with SeisSol on SuperMUC,Supercomputing,,,,10.1007/978-3-319-07518-1_1,Alexander BreuerAlexander HeineckeSebastian RettenbergerMichael BaderAlice-Agnes GabrielChristian Pelties,2014,https://link.springer.com/chapter/10.1007/978-3-319-07518-1_1,Conference paper
Inferring protein–protein interaction complexes from immunoprecipitation data,BMC Research Notes,,,,10.1186/1756-0500-6-468,Joachim KutzeraHuub CJ HoefslootAnna MalovannayaAugust B SmitIven Van MechelenAge K Smilde,2013,https://link.springer.com/article/10.1186/1756-0500-6-468,Article
Babelsberg/JS,ECOOP 2014 – Object-Oriented Programming,,,,10.1007/978-3-662-44202-9_17,Tim FelgentreffAlan BorningRobert HirschfeldJens LinckeYoshiki OhshimaBert FreudenbergRobert Krahn,2014,https://link.springer.com/chapter/10.1007/978-3-662-44202-9_17,Conference paper
Evaluation of OpenMP Dependent Tasks with the KASTORS Benchmark Suite,"Using and Improving OpenMP for Devices, Tasks, and More",,,,10.1007/978-3-319-11454-5_2,Philippe VirouleauPierrick BrunetFrançois BroquedisNathalie FurmentoSamuel ThibaultOlivier AumageThierry Gautier,2014,https://link.springer.com/chapter/10.1007/978-3-319-11454-5_2,Conference paper
Checking and Enforcing Robustness against TSO,Programming Languages and Systems,,,,10.1007/978-3-642-37036-6_29,Ahmed BouajjaniEgor DerevenetcRoland Meyer,2013,https://link.springer.com/chapter/10.1007/978-3-642-37036-6_29,Conference paper
SHAPE—an approach for self-healing and self-protection in complex distributed networks,The Journal of Supercomputing,,,,10.1007/s11227-013-1019-3,Inderpreet ChopraManinder Singh,2013,https://link.springer.com/article/10.1007/s11227-013-1019-3,Article
The Code of Hammurabi: Reducing Risk,Trading Thalesians,,,,10.1057/9781137399533_4,Saeed Amen,2014,https://link.springer.com/chapter/10.1057/9781137399533_4,Chapter
Integrated Measurement for Cross-Platform OpenMP Performance Analysis,"Using and Improving OpenMP for Devices, Tasks, and More",,,,10.1007/978-3-319-11454-5_11,Kevin A. HuckAllen D. MalonySameer ShendeDoug W. Jacobsen,2014,https://link.springer.com/chapter/10.1007/978-3-319-11454-5_11,Conference paper
"On the Roles of the Programmer, the Compiler and the Runtime System When Programming Accelerators in OpenMP","Using and Improving OpenMP for Devices, Tasks, and More",,,,10.1007/978-3-319-11454-5_16,Guray OzenEduard AyguadéJesús Labarta,2014,https://link.springer.com/chapter/10.1007/978-3-319-11454-5_16,Conference paper
Mitigating Smart Card Fault Injection with Link-Time Code Rewriting: A Feasibility Study,Financial Cryptography and Data Security,,,,10.1007/978-3-642-39884-1_19,Jonas MaebeRonald De KeulenaerBjorn De SutterKoen De Bosschere,2013,https://link.springer.com/chapter/10.1007/978-3-642-39884-1_19,Conference paper
The Implementation of a High Performance GPGPU Compiler,International Journal of Parallel Programming,,,,10.1007/s10766-012-0228-3,Yi YangHuiyang Zhou,2012,https://link.springer.com/article/10.1007/s10766-012-0228-3,Article
Compiler Automatic Discovery of OmpSs Task Dependencies,Languages and Compilers for Parallel Computing,,,,10.1007/978-3-642-37658-0_16,Sara RoyuelaAlejandro DuranXavier Martorell,2013,https://link.springer.com/chapter/10.1007/978-3-642-37658-0_16,Conference paper
Electrons: Entrapment and Polarization,Relaxation of the Chemical Bond,,,,10.1007/978-981-4585-21-7_16,Chang Q. Sun,2014,https://link.springer.com/chapter/10.1007/978-981-4585-21-7_16,Chapter
Automatic Exploration of Potential Parallelism in Sequential Applications,Supercomputing,,,,10.1007/978-3-319-07518-1_10,Vladimir SuboticEduard AyguadéJesus LabartaMateo Valero,2014,https://link.springer.com/chapter/10.1007/978-3-319-07518-1_10,Conference paper
Introduction,English Teachers in a Postwar Democracy,,,,10.1057/9781137005144_1,Peter MedwayJohn HardcastleGeorgina BrewisDavid Crook,2014,https://link.springer.com/chapter/10.1057/9781137005144_1,Chapter
A preliminary evaluation of OpenACC implementations,The Journal of Supercomputing,,,,10.1007/s11227-012-0853-z,Ruymán ReyesIván LópezJuan J. FumeroFrancisco de Sande,2013,https://link.springer.com/article/10.1007/s11227-012-0853-z,Article
A survey of fault tolerance mechanisms and checkpoint/restart implementations for high performance computing systems,The Journal of Supercomputing,,,,10.1007/s11227-013-0884-0,Ifeanyi P. EgwutuohaDavid LevyBran SelicShiping Chen,2013,https://link.springer.com/article/10.1007/s11227-013-0884-0,Article
Expressive Power of Priorities in CHR,Constraints Meet Concurrency,,,,10.2991/978-94-6239-067-6_6,Jacopo Mauro,2014,https://link.springer.com/chapter/10.2991/978-94-6239-067-6_6,Chapter
Graph database benchmarking on cloud environments with XGDBench,Automated Software Engineering,,,,10.1007/s10515-013-0138-7,Miyuru DayarathnaToyotaro Suzumura,2013,https://link.springer.com/article/10.1007/s10515-013-0138-7,Article
The Future of JavaScript,Pro JavaScript Techniques,,,,10.1007/978-1-4302-6392-0_11,John ResigRuss FergusonJohn Paxton,2015,https://link.springer.com/chapter/10.1007/978-1-4302-6392-0_11,Chapter
Inside the DOM Abstraction,Pro React,,,,10.1007/978-1-4842-1260-8_2,Cássio de Sousa Antonio,2015,https://link.springer.com/chapter/10.1007/978-1-4842-1260-8_2,Chapter
An Infrastructure for Tackling Input-Sensitivity of GPU Program Optimizations,International Journal of Parallel Programming,,,,10.1007/s10766-012-0236-3,Xipeng ShenYixun LiuEddy Z. ZhangPoornima Bhamidipati,2012,https://link.springer.com/article/10.1007/s10766-012-0236-3,Article
Semantic Trajectories from Positioning Sensors,Semantics in Mobile Sensing,,,,10.1007/978-3-031-79453-7_2,Zhixian YanDipanjan Chakraborty,2014,https://link.springer.com/chapter/10.1007/978-3-031-79453-7_2,Chapter
"Oil Price Shock, Pass-Through Policy and its Impact on India","Market, Regulations and Finance",,,,10.1007/978-81-322-1795-4_13,Surajit DasSukanya BoseN. R. Bhanumurthy,2014,https://link.springer.com/chapter/10.1007/978-81-322-1795-4_13,Chapter
Improving Scalability of Application-Level Checkpoint-Recovery by Reducing Checkpoint Sizes,New Generation Computing,,,,10.1007/s00354-013-0302-4,Iván CoresGabriel RodríguezMará J. martínPatricia GonzálezRoberto R. Osorio,2013,https://link.springer.com/article/10.1007/s00354-013-0302-4,Article
Models and emerging trends of concurrent constraint programming,Constraints,,,,10.1007/s10601-013-9145-3,Carlos OlarteCamilo RuedaFrank D. Valencia,2013,https://link.springer.com/article/10.1007/s10601-013-9145-3,Article
Introduction,Compilation and Synthesis for Embedded Reconfigurable Systems,,,,10.1007/978-1-4614-4894-5_1,Pedro C. DinizJoão M. P. CardosoJosé Gabriel de F. CoutinhoZlatko Petrov,2013,https://link.springer.com/chapter/10.1007/978-1-4614-4894-5_1,Chapter
"Trust, Control, and Comprehensive School Reform: Investigating Growth in Teacher-Teacher Relational Trust in Success for All Schools",Trust and School Life,,,,10.1007/978-94-017-8014-8_11,Timothy G. Ford,2014,https://link.springer.com/chapter/10.1007/978-94-017-8014-8_11,Chapter
"Method Slots: Supporting Methods, Events, and Advices by a Single Language Construct",Transactions on Aspect-Oriented Software Development XI,,,,10.1007/978-3-642-55099-7_3,YungYu ZhuangShigeru Chiba,2014,https://link.springer.com/chapter/10.1007/978-3-642-55099-7_3,Chapter
Implicit Staging of EDSL Expressions: A Bridge between Shallow and Deep Embedding,ECOOP 2014 – Object-Oriented Programming,,,,10.1007/978-3-662-44202-9_16,Maximilian ScherrShigeru Chiba,2014,https://link.springer.com/chapter/10.1007/978-3-662-44202-9_16,Conference paper
Polysaccharides: Applications in Biology and Biotechnology/Polysaccharides from Bioagro-Waste New Biomolecules-Life,Polysaccharides,,,,10.1007/978-3-319-03751-6_16-1,Paola Di DonatoAnnarita PoliValentina TaurisanoBarbara Nicolaus,2014,https://link.springer.com/rwe/10.1007/978-3-319-03751-6_16-1,Living reference work entry
Machine Learning for Auspicious Social Network Mining,Social Networking,,,,10.1007/978-3-319-05164-2_3,Sagar S. DeSatchidananda Dehuri,2014,https://link.springer.com/chapter/10.1007/978-3-319-05164-2_3,Chapter
Parallelizing Legacy Fortran Programs Using Rewriting Rules Technique and Algebraic Program Models,"ICT in Education, Research, and Industrial Applications",,,,10.1007/978-3-642-35737-4_3,Anatoliy DoroshenkoKostiantyn Zhereb,2013,https://link.springer.com/chapter/10.1007/978-3-642-35737-4_3,Conference paper
Early Experiences with the OpenMP Accelerator Model,OpenMP in the Era of Low Power Devices and Accelerators,,,,10.1007/978-3-642-40698-0_7,Chunhua LiaoYonghong YanBronis R. de SupinskiDaniel J. QuinlanBarbara Chapman,2013,https://link.springer.com/chapter/10.1007/978-3-642-40698-0_7,Conference paper
Parray: A Unifying Array Representation for Heterogeneous Parallelism,GPU Solutions to Multi-scale Problems in Science and Engineering,,,,10.1007/978-3-642-16405-7_5,Yifeng ChenXiang CuiHong Mei,2013,https://link.springer.com/chapter/10.1007/978-3-642-16405-7_5,Chapter
The REFLECT Design-Flow,Compilation and Synthesis for Embedded Reconfigurable Systems,,,,10.1007/978-1-4614-4894-5_2,João M. P. CardosoJosé Gabriel de F. CoutinhoRazvan NaneVlad-Mihai SimaBryan OlivierTiago CarvalhoRicardo NobrePedro C. DinizZlatko PetrovKoen BertelsFernando GonçalvesHans van SomerenMichael HübnerGeorge ConstantinidesWayne LukJürgen BeckerKamil KrátkýSujit BhattacharyaJosé Carlos AlvesJoão Canas Ferreira,2013,https://link.springer.com/chapter/10.1007/978-1-4614-4894-5_2,Chapter
Developing and Optimizing Parallel Programs with Algebra-Algorithmic and Term Rewriting Tools,"Information and Communication Technologies in Education, Research, and Industrial Applications",,,,10.1007/978-3-319-03998-5_5,Anatoliy DoroshenkoKostiantyn ZherebOlena Yatsenko,2013,https://link.springer.com/chapter/10.1007/978-3-319-03998-5_5,Conference paper
Modelling Spectral and Timing Properties of Accreting Black Holes: The Hybrid Hot Flow Paradigm,Space Science Reviews,,,,10.1007/s11214-013-0033-3,Juri PoutanenAlexandra Veledina,2014,https://link.springer.com/article/10.1007/s11214-013-0033-3,Article
Reachability Modulo Theories,Reachability Problems,,,,10.1007/978-3-642-41036-9_4,Akash LalShaz Qadeer,2013,https://link.springer.com/chapter/10.1007/978-3-642-41036-9_4,Conference paper
Transactional Encoding for Tolerating Transient Hardware Errors,"Stabilization, Safety, and Security of Distributed Systems",,,,10.1007/978-3-319-03089-0_1,Jons-Tobias WamhoffMario SchwalbeRasha FaqehChristof FetzerPascal Felber,2013,https://link.springer.com/chapter/10.1007/978-3-319-03089-0_1,Conference paper
A Case Study of Implementing Supernode Transformations,International Journal of Parallel Programming,,,,10.1007/s10766-013-0248-7,Johann SteinbrecherCesar J. PhilippidisWeijia Shang,2013,https://link.springer.com/article/10.1007/s10766-013-0248-7,Article
Really Automatic Scalable Object-Oriented Reengineering,ECOOP 2013 – Object-Oriented Programming,,,,10.1007/978-3-642-39038-8_20,Marco TrudelCarlo A. FuriaMartin NordioBertrand Meyer,2013,https://link.springer.com/chapter/10.1007/978-3-642-39038-8_20,Conference paper
Experiences Developing the OpenUH Compiler and Runtime Infrastructure,International Journal of Parallel Programming,,,,10.1007/s10766-012-0230-9,Barbara ChapmanDeepak EachempatiOscar Hernandez,2012,https://link.springer.com/article/10.1007/s10766-012-0230-9,Article
Compiler Optimizations for Industrial Unstructured Mesh CFD Applications on GPUs,Languages and Compilers for Parallel Computing,,,,10.1007/978-3-642-37658-0_8,C. BertolliA. BettsN. LoriantG. R. MudaligeD. RadfordD. A. HamM. B. GilesP. H. J. Kelly,2013,https://link.springer.com/chapter/10.1007/978-3-642-37658-0_8,Conference paper
A Dynamic Approach to Locating Memory Leaks,Testing Software and Systems,,,,10.1007/978-3-642-41707-8_17,Kostyantyn VorobyovPadmanabhan KrishnanPhil Stocks,2013,https://link.springer.com/chapter/10.1007/978-3-642-41707-8_17,Conference paper
Methods in Trauma Biomechanics,Trauma Biomechanics,,,,10.1007/978-3-642-53920-6_2,Kai-Uwe SchmittPeter F. NiedererDuane S. CroninMarkus H. MuserFelix Walz,2014,https://link.springer.com/chapter/10.1007/978-3-642-53920-6_2,Chapter
Data Fusion: Resolving Conflicts from Multiple Sources,Handbook of Data Quality,,,,10.1007/978-3-642-36257-6_13,Xin Luna DongLaure Berti-EquilleDivesh Srivastava,2013,https://link.springer.com/chapter/10.1007/978-3-642-36257-6_13,Chapter
Water Balance Model,"Analysis and Modelling of Water Supply and Demand Under Climate Change, Land Use Transformation and Socio-Economic Development",,,,10.1007/978-3-319-01610-8_3,Katharina Fricke,2014,https://link.springer.com/chapter/10.1007/978-3-319-01610-8_3,Chapter
An Algorithm for Layout Preservation in Refactoring Transformations,Software Language Engineering,,,,10.1007/978-3-642-28830-2_3,Maartje de JongeEelco Visser,2012,https://link.springer.com/chapter/10.1007/978-3-642-28830-2_3,Conference paper
ByteSTM: Virtual Machine-Level Java Software Transactional Memory,Coordination Models and Languages,,,,10.1007/978-3-642-38493-6_12,Mohamed MohamedinBinoy RavindranRoberto Palmieri,2013,https://link.springer.com/chapter/10.1007/978-3-642-38493-6_12,Conference paper
Querying Conflicting Web Data Sources,Advanced Query Processing,,,,10.1007/978-3-642-28323-9_11,Gilles NachoukiMohamed QuafafouOmar BoucelmaFrançois-Marie Colonna,2013,https://link.springer.com/chapter/10.1007/978-3-642-28323-9_11,Chapter
On-Demand Proactive Defense against Memory Vulnerabilities,Network and Parallel Computing,,,,10.1007/978-3-642-40820-5_31,Gang ChenHai JinDeqing ZouWeiqi Dai,2013,https://link.springer.com/chapter/10.1007/978-3-642-40820-5_31,Conference paper
OmpSs-OpenCL Programming Model for Heterogeneous Systems,Languages and Compilers for Parallel Computing,,,,10.1007/978-3-642-37658-0_7,Vinoth Krishnan ElangovanRosa. M. BadiaEduard Ayguade Parra,2013,https://link.springer.com/chapter/10.1007/978-3-642-37658-0_7,Conference paper
Trends in sugar supply and consumption in Australia: is there an Australian Paradox?,BMC Public Health,,,,10.1186/1471-2458-13-668,Wavne RikkersDavid LawrenceKatherine HafekostFrancis MitrouStephen R Zubrick,2013,https://link.springer.com/article/10.1186/1471-2458-13-668,Article
Pretty-Big-Step Semantics,Programming Languages and Systems,,,,10.1007/978-3-642-37036-6_3,Arthur Charguéraud,2013,https://link.springer.com/chapter/10.1007/978-3-642-37036-6_3,Conference paper
AlphaZ: A System for Design Space Exploration in the Polyhedral Model,Languages and Compilers for Parallel Computing,,,,10.1007/978-3-642-37658-0_2,Tomofumi YukiGautam GuptaDaeGon KimTanveer PathanSanjay Rajopadhye,2013,https://link.springer.com/chapter/10.1007/978-3-642-37658-0_2,Conference paper
Parallel Task for Parallelising Object-Oriented Desktop Applications,International Journal of Parallel Programming,,,,10.1007/s10766-013-0238-9,Nasser GiacamanOliver Sinnen,2013,https://link.springer.com/article/10.1007/s10766-013-0238-9,Article
Rigorous System Design: The BIP Approach,Mathematical and Engineering Methods in Computer Science,,,,10.1007/978-3-642-25929-6_1,Ananda BasuSaddek BensalemMarius BozgaParaskevas BourgosJoseph Sifakis,2012,https://link.springer.com/chapter/10.1007/978-3-642-25929-6_1,Conference paper
Hardware/Software Compilation,Compilation and Synthesis for Embedded Reconfigurable Systems,,,,10.1007/978-1-4614-4894-5_5,Ricardo NobreJoão M. P. CardosoBryan OlivierRazvan NaneLiam FitzpatrickJosé Gabriel de F. CoutinhoHans van SomerenVlad-Mihai SimaKoen BertelsPedro C. Diniz,2013,https://link.springer.com/chapter/10.1007/978-1-4614-4894-5_5,Chapter
Rigorous Component-Based System Design,Rewriting Logic and Its Applications,,,,10.1007/978-3-642-34005-5_1,Ananda BasuSaddek BensalemMarius BozgaJoseph Sifakis,2012,https://link.springer.com/chapter/10.1007/978-3-642-34005-5_1,Conference paper
The AuScope geodetic VLBI array,Journal of Geodesy,,,,10.1007/s00190-013-0626-3,J. E. J. LovellJ. N. McCallumP. B. ReidP. M. McCullochB. E. BaynesJ. M. DickeyS. S. ShabalaC. S. Watson O. TitovR. RuddickR. TwilleyC. ReynoldsS. J. TingayP. ShieldR. AdadaS. P. EllingsenJ. S. MorganH. E. Bignall,2013,https://link.springer.com/article/10.1007/s00190-013-0626-3,Article
RedCard: Redundant Check Elimination for Dynamic Race Detectors,ECOOP 2013 – Object-Oriented Programming,,,,10.1007/978-3-642-39038-8_11,Cormac FlanaganStephen N. Freund,2013,https://link.springer.com/chapter/10.1007/978-3-642-39038-8_11,Conference paper
Properties of adjoint sea ice sensitivities to atmospheric forcing and implications for the causes of the long term trend of Arctic sea ice,Climate Dynamics,,,,10.1007/s00382-013-1816-7,Nikolay V. KoldunovArmin KöhlDetlef Stammer,2013,https://link.springer.com/article/10.1007/s00382-013-1816-7,Article
CSeq: A Sequentialization Tool for C,Tools and Algorithms for the Construction and Analysis of Systems,,,,10.1007/978-3-642-36742-7_46,Bernd FischerOmar InversoGennaro Parlato,2013,https://link.springer.com/chapter/10.1007/978-3-642-36742-7_46,Conference paper
Impact-Driven Regression Test Selection for Mainframe Business Systems,Evaluation of Novel Approaches to Software Engineering,,,,10.1007/978-3-642-54092-9_15,Abhishek DharmapurikarBenjamin J. R. WierwilleJayashree RamanthanRajiv Ramnath,2013,https://link.springer.com/chapter/10.1007/978-3-642-54092-9_15,Conference paper
A Buffering Method for Parallelized Loop with Non-Uniform Dependencies in High-Level Synthesis,Algorithms and Architectures for Parallel Processing,,,,10.1007/978-3-319-03859-9_34,Akihiro SudaHideki TakaseKazuyoshi TakagiNaofumi Takagi,2013,https://link.springer.com/chapter/10.1007/978-3-319-03859-9_34,Conference paper
UPC-CHECK: a scalable tool for detecting run-time errors in Unified Parallel C,Computer Science - Research and Development,,,,10.1007/s00450-012-0214-4,James CoyleIndranil RoyMarina KraevaGlenn R. Luecke,2012,https://link.springer.com/article/10.1007/s00450-012-0214-4,Article
Impact of Three-Parameter Weibull Models in Probabilistic Assessment of Earthquake Hazards,Pure and Applied Geophysics,,,,10.1007/s00024-013-0704-8,Sumanta PasariOnkar Dikshit,2013,https://link.springer.com/article/10.1007/s00024-013-0704-8,Article
JShadObf: A JavaScript Obfuscator Based on Multi-Objective Optimization Algorithms,Network and System Security,,,,10.1007/978-3-642-38631-2_25,Benoît BertholonSébastien VarrettePascal Bouvry,2013,https://link.springer.com/chapter/10.1007/978-3-642-38631-2_25,Conference paper
Vectorized Higher Order Finite Difference Kernels,Applied Parallel and Scientific Computing,,,,10.1007/978-3-642-36803-5_25,Gerhard Zumbusch,2013,https://link.springer.com/chapter/10.1007/978-3-642-36803-5_25,Conference paper
Auto-tuning of Numerical Programs by Block Multi-color Ordering Code Generation and Job-Level Parallel Execution,High Performance Computing for Computational Science - VECPAR 2012,,,,10.1007/978-3-642-38718-0_37,Tatsuya AbeMitsuhisa Sato,2013,https://link.springer.com/chapter/10.1007/978-3-642-38718-0_37,Conference paper
A Mutable Hardware Abstraction to Replace Threads,Languages and Compilers for Parallel Computing,,,,10.1007/978-3-642-36036-7_13,Sean HalleAlbert Cohen,2013,https://link.springer.com/chapter/10.1007/978-3-642-36036-7_13,Conference paper
Static Compilation Analysis for Host-Accelerator Communication Optimization,Languages and Compilers for Parallel Computing,,,,10.1007/978-3-642-36036-7_16,Mehdi AminiFabien CoelhoFrançois IrigoinRonan Keryell,2013,https://link.springer.com/chapter/10.1007/978-3-642-36036-7_16,Conference paper
Impact of Variable Privatization on Extracting Synchronization-Free Slices for Multi-core Computers,Facing the Multicore-Challenge III,,,,10.1007/978-3-642-35893-7_7,Marek Palkowski,2013,https://link.springer.com/chapter/10.1007/978-3-642-35893-7_7,Chapter
"An Abstract, Reusable, and Extensible Programming Language Design Architecture",In Search of Elegance in the Theory and Practice of Computation,,,,10.1007/978-3-642-41660-6_6,Hassan Aït-Kaci,2013,https://link.springer.com/chapter/10.1007/978-3-642-41660-6_6,Chapter
Related Work,Compilation and Synthesis for Embedded Reconfigurable Systems,,,,10.1007/978-1-4614-4894-5_7,João M. P. CardosoJosé Gabriel de F. CoutinhoPedro C. Diniz,2013,https://link.springer.com/chapter/10.1007/978-1-4614-4894-5_7,Chapter
Exposing Behavioral Differences in Cross-Language API Mapping Relations,Fundamental Approaches to Software Engineering,,,,10.1007/978-3-642-37057-1_10,Hao ZhongSuresh ThummalapentaTao Xie,2013,https://link.springer.com/chapter/10.1007/978-3-642-37057-1_10,Conference paper
Search Process and Interfaces,Web Information Retrieval,,,,10.1007/978-3-642-39314-3_14,Stefano CeriAlessandro BozzonMarco BrambillaEmanuele Della VallePiero FraternaliSilvia Quarteroni,2013,https://link.springer.com/chapter/10.1007/978-3-642-39314-3_14,Chapter
Boosting CUDA Applications with CPU–GPU Hybrid Computing,International Journal of Parallel Programming,,,,10.1007/s10766-013-0252-y,Changmin LeeWon Woo RoJean-Luc Gaudiot,2013,https://link.springer.com/article/10.1007/s10766-013-0252-y,Article
VCS: A Verifier for Component-Based Systems,Automated Technology for Verification and Analysis,,,,10.1007/978-3-319-02444-8_39,Fei HeLiangze YinBow-Yaw WangLianyi ZhangGuanyu MuWenrui Meng,2013,https://link.springer.com/chapter/10.1007/978-3-319-02444-8_39,Conference paper
Simplifying the Verification of Quantified Array Assertions via Code Transformation,Logic-Based Program Synthesis and Transformation,,,,10.1007/978-3-642-38197-3_13,Mohamed Nassim SeghirMartin Brain,2013,https://link.springer.com/chapter/10.1007/978-3-642-38197-3_13,Conference paper
A Case Study in Evidence-Based DSL Evolution,Modelling Foundations and Applications,,,,10.1007/978-3-642-39013-5_15,Jeroen van den BosTijs van der Storm,2013,https://link.springer.com/chapter/10.1007/978-3-642-39013-5_15,Conference paper
Towards a Domain-Specific Language for Patterns-Oriented Parallel Programming,Programming Languages,,,,10.1007/978-3-642-40922-6_8,Dalvan GrieblerLuiz Gustavo Fernandes,2013,https://link.springer.com/chapter/10.1007/978-3-642-40922-6_8,Conference paper
Leveraging Static Analysis in an IDE,Generative and Transformational Techniques in Software Engineering IV,,,,10.1007/978-3-642-35992-7_3,Robert M. Fuhrer,2013,https://link.springer.com/chapter/10.1007/978-3-642-35992-7_3,Chapter
Automatic Fortran to C++ conversion with FABLE,Source Code for Biology and Medicine,,,,10.1186/1751-0473-7-5,Ralf W Grosse-KunstleveThomas C TerwilligerNicholas K SauterPaul D Adams,2012,https://link.springer.com/article/10.1186/1751-0473-7-5,Article
Compiling for VLIW DSPs,Handbook of Signal Processing Systems,,,,10.1007/978-1-4614-6859-2_36,Christoph W. Kessler,2013,https://link.springer.com/chapter/10.1007/978-1-4614-6859-2_36,Chapter
Automation of Quantitative Information-Flow Analysis,Formal Methods for Dynamical Systems,,,,10.1007/978-3-642-38874-3_1,Boris KöpfAndrey Rybalchenko,2013,https://link.springer.com/chapter/10.1007/978-3-642-38874-3_1,Chapter
UniChem: a unified chemical structure cross-referencing and identifier tracking system,Journal of Cheminformatics,,,,10.1186/1758-2946-5-3,Jon ChambersMark DaviesAnna GaultonAnne HerseySameer VelankarRobert PetryszakJanna HastingsLouisa BellisShaun McGlincheyJohn P Overington,2013,https://link.springer.com/article/10.1186/1758-2946-5-3,Article
Locality-Aware Task Scheduling and Data Distribution on NUMA Systems,OpenMP in the Era of Low Power Devices and Accelerators,,,,10.1007/978-3-642-40698-0_12,Ananya MuddukrishnaPeter A. JonssonVladimir VlassovMats Brorsson,2013,https://link.springer.com/chapter/10.1007/978-3-642-40698-0_12,Conference paper
DHT Platforms,Distributed Hash Table,,,,10.1007/978-1-4614-9008-1_3,Hao ZhangYonggang WenHaiyong XieNenghai Yu,2013,https://link.springer.com/chapter/10.1007/978-1-4614-9008-1_3,Chapter
A 2.4-GHz Narrowband MEMS-Based Radio,MEMS-based Circuits and Systems for Wireless Communication,,,,10.1007/978-1-4419-8798-3_10,David RuffieuxJérémie ChablozMatteo ContaldoChristian C. Enz,2013,https://link.springer.com/chapter/10.1007/978-1-4419-8798-3_10,Chapter
A Language for the Definition of Fortran Source to Source Transformations,Computational Science and High Performance Computing IV,,,,10.1007/978-3-642-17770-5_14,Uwe Küster,2011,https://link.springer.com/chapter/10.1007/978-3-642-17770-5_14,Conference paper
Automatic Scaling of OpenMP Beyond Shared Memory,Languages and Compilers for Parallel Computing,,,,10.1007/978-3-642-36036-7_1,Okwan KwonFahed JubairSeung-Jai MinHansang BaeRudolf EigenmannSamuel P. Midkiff,2013,https://link.springer.com/chapter/10.1007/978-3-642-36036-7_1,Conference paper
"PRO3D, Programming for Future 3D Manycore Architectures: Project’s Interim Status",Formal Methods for Components and Objects,,,,10.1007/978-3-642-35887-6_15,Christian FabreIuliana BacivarovAnanda BasuMartino RuggieroDavid AtienzaÉric FlamandJean-Pierre KrimmJulien MottinLars SchorPratyush KumarHoeseok YangDevesh B. ChokshiLothar ThieleSaddek BensalemMarius BozgaLuca BeniniMohamed M. SabryYusuf LeblebiciGiovanni De MicheliDiego Melpignano,2013,https://link.springer.com/chapter/10.1007/978-3-642-35887-6_15,Chapter
LARA Experiments,Compilation and Synthesis for Embedded Reconfigurable Systems,,,,10.1007/978-1-4614-4894-5_6,Fernando GonçalvesZlatko PetrovJosé Gabriel de F. CoutinhoRazvan NaneVlad-Mihai SimaJoão M. P. CardosoStephan WernerSujit BhattacharyaTiago CarvalhoRicardo NobreJosé de SáJoão TeixeiraPedro C. DinizKoen BertelsGeorge ConstantinidesWayne LukJuergen BeckerJosé Carlos AlvesJoão Canas FerreiraGabriel M. Almeida,2013,https://link.springer.com/chapter/10.1007/978-1-4614-4894-5_6,Chapter
PartialRC: A Partial Recomputing Method for Efficient Fault Recovery on GPGPUs,Journal of Computer Science and Technology,,,,10.1007/s11390-012-1220-5,Xin-Hai XuXue-Jun YangJing-Ling XueYu-Fei LinYi-Song Lin,2012,https://link.springer.com/article/10.1007/s11390-012-1220-5,Article
Factors controlling <i>N</i>-nitrosodimethylamine (NDMA) formation from dissolved organic matter,Frontiers of Environmental Science & Engineering,,,,10.1007/s11783-013-0482-7,Chengkun WangXiaojian ZhangChao ChenJun Wang,2013,https://link.springer.com/article/10.1007/s11783-013-0482-7,Article
A framework for automated distributed implementation of component-based models,Distributed Computing,,,,10.1007/s00446-012-0168-6,Borzoo BonakdarpourMarius BozgaMohamad JaberJean QuilbeufJoseph Sifakis,2012,https://link.springer.com/article/10.1007/s00446-012-0168-6,Article
Internet Topology Discovery,Data Traffic Monitoring and Analysis,,,,10.1007/978-3-642-36784-7_3,Benoit Donnet,2013,https://link.springer.com/chapter/10.1007/978-3-642-36784-7_3,Chapter
Predictive Taint Analysis for Extended Testing of Parallel Executions,Hardware and Software: Verification and Testing,,,,10.1007/978-3-319-03077-7_9,Emmanuel SifakisLaurent Mounier,2013,https://link.springer.com/chapter/10.1007/978-3-319-03077-7_9,Conference paper
Inferring Required Permissions for Statically Composed Programs,Secure IT Systems,,,,10.1007/978-3-642-41488-6_4,Tero HasuAnya Helene BaggeMagne Haveraaen,2013,https://link.springer.com/chapter/10.1007/978-3-642-41488-6_4,Conference paper
Type-Safe Symmetric Composition of Metamodels Using Templates,System Analysis and Modeling: Theory and Practice,,,,10.1007/978-3-642-36757-1_10,Henning BergBirger Møller-Pedersen,2013,https://link.springer.com/chapter/10.1007/978-3-642-36757-1_10,Conference paper
GPCC's new land surface precipitation climatology based on quality-controlled in situ data and its role in quantifying the global water cycle,Theoretical and Applied Climatology,,,,10.1007/s00704-013-0860-x,Udo SchneiderAndreas BeckerPeter FingerAnja Meyer-ChristofferMarkus ZieseBruno Rudolf,2013,https://link.springer.com/article/10.1007/s00704-013-0860-x,Article
"Phytases and Phosphatases of Thermophilic Microbes: Production, Characteristics and Multifarious Biotechnological Applications",Thermophilic Microbes in Environmental and Industrial Biotechnology,,,,10.1007/978-94-007-5899-5_25,Bijender SinghTulasi Satyanarayana,2013,https://link.springer.com/chapter/10.1007/978-94-007-5899-5_25,Chapter
Tools and techniques for non-invasive explicit parallelization,The Journal of Supercomputing,,,,10.1007/s11227-012-0822-6,Ritu AroraPurushotham BangaloreMarjan Mernik,2012,https://link.springer.com/article/10.1007/s11227-012-0822-6,Article
The Compiler Forest,Programming Languages and Systems,,,,10.1007/978-3-642-37036-6_2,Mihai BudiuJoel GalensonGordon D. Plotkin,2013,https://link.springer.com/chapter/10.1007/978-3-642-37036-6_2,Conference paper
"A Tunable, Software-Based DRAM Error Detection and Correction Library for HPC",Euro-Par 2011: Parallel Processing Workshops,,,,10.1007/978-3-642-29740-3_29,David FialaKurt B. FerreiraFrank MuellerChristian Engelmann,2012,https://link.springer.com/chapter/10.1007/978-3-642-29740-3_29,Conference paper
Adaptive Implementation Selection in the SkePU Skeleton Programming Library,Advanced Parallel Processing Technologies,,,,10.1007/978-3-642-45293-2_13,Usman DastgeerLu LiChristoph Kessler,2013,https://link.springer.com/chapter/10.1007/978-3-642-45293-2_13,Conference paper
Interplanetary scintillations of an ensemble of radio sources during the solar activity minimum of cycles 23/24,Cosmic Research,,,,10.1134/S0010952513010024,I. V. ChasheiV. I. ShishovS. A. Tyul’bashevA. V. GlyantsevI. A. Subaev,2013,https://link.springer.com/article/10.1134/S0010952513010024,Article
PASS: String Solving with Parameterized Array and Interval Automaton,Hardware and Software: Verification and Testing,,,,10.1007/978-3-319-03077-7_2,Guodong LiIndradeep Ghosh,2013,https://link.springer.com/chapter/10.1007/978-3-319-03077-7_2,Conference paper
Adaptive Granularity Control in Task Parallel Programs Using Multiversioning,Euro-Par 2013 Parallel Processing,,,,10.1007/978-3-642-40047-6_19,Peter ThomanHerbert JordanThomas Fahringer,2013,https://link.springer.com/chapter/10.1007/978-3-642-40047-6_19,Conference paper
Parallel simulation of Brownian dynamics on shared memory systems with OpenMP and Unified Parallel C,The Journal of Supercomputing,,,,10.1007/s11227-012-0843-1,Carlos TeijeiroGodehard SutmannGuillermo L. TaboadaJuan Touriño,2012,https://link.springer.com/article/10.1007/s11227-012-0843-1,Article
Predictive Modeling in a Polyhedral Optimization Space,International Journal of Parallel Programming,,,,10.1007/s10766-013-0241-1,Eunjung ParkJohn CavazosLouis-Noël PouchetCédric BastoulAlbert CohenP. Sadayappan,2013,https://link.springer.com/article/10.1007/s10766-013-0241-1,Article
Object Model Construction for Inheritance in C++ and Its Applications to Program Analysis,Compiler Construction,,,,10.1007/978-3-642-28652-0_8,Jing YangGogul BalakrishnanNaoto MaedaFranjo IvančićAarti GuptaNishant SinhaSriram SankaranarayananNaveen Sharma,2012,https://link.springer.com/chapter/10.1007/978-3-642-28652-0_8,Conference paper
Optimizing Inequality Joins in Datalog with Approximated Constraint Propagation,Practical Aspects of Declarative Languages,,,,10.1007/978-3-642-27694-1_9,Dario CampagnaBeata Sarna-StarostaTom Schrijvers,2012,https://link.springer.com/chapter/10.1007/978-3-642-27694-1_9,Conference paper
Automatic Source Code Transformation for GPUs Based on Program Comprehension,Euro-Par 2011: Parallel Processing Workshops,,,,10.1007/978-3-642-29740-3_22,Pasquale CantielloBeniamino Di Martino,2012,https://link.springer.com/chapter/10.1007/978-3-642-29740-3_22,Conference paper
An automated method for analysis of microcirculation videos for accurate assessment of tissue perfusion,BMC Medical Imaging,,,,10.1186/1471-2342-12-37,Sumeyra U DemirRoya HakimzadehRosalyn Hobson HargravesKevin R WardEric V MyerKayvan Najarian,2012,https://link.springer.com/article/10.1186/1471-2342-12-37,Article
Web-Scale Analytics for BIG Data,Web-Scale Data Management for the Cloud,,,,10.1007/978-1-4614-6856-1_4,Wolfgang LehnerKai-Uwe Sattler,2013,https://link.springer.com/chapter/10.1007/978-1-4614-6856-1_4,Chapter
Inference and Declaration of Independence in Task-Parallel Programs,Advanced Parallel Processing Technologies,,,,10.1007/978-3-642-45293-2_1,Foivos S. ZakkakDimitrios ChasapisPolyvios PratikakisAngelos BilasDimitrios S. Nikolopoulos,2013,https://link.springer.com/chapter/10.1007/978-3-642-45293-2_1,Conference paper
CUDA-For-Clusters: A System for Efficient Execution of CUDA Kernels on Multi-core Clusters,Euro-Par 2012 Parallel Processing,,,,10.1007/978-3-642-32820-6_42,Raghu PrabhakarR. GovindarajanMatthew J. Thazhuthaveetil,2012,https://link.springer.com/chapter/10.1007/978-3-642-32820-6_42,Conference paper
Eve: A Parallel Event-Driven Programming Language,Euro-Par 2014: Parallel Processing Workshops,,,,10.1007/978-3-319-14313-2_15,Alcides FonsecaJoão RafaelBruno Cabral,2014,https://link.springer.com/chapter/10.1007/978-3-319-14313-2_15,Conference paper
SDL Implementations for Wireless Sensor Networks – Incorporation of PragmaDev’s RTDS into the Deterministic Protocol Stack BiPS,System Analysis and Modeling: Models and Reusability,,,,10.1007/978-3-319-11743-0_19,Tobias BraunDennis ChristmannReinhard GotzheinAlexander Mater,2014,https://link.springer.com/chapter/10.1007/978-3-319-11743-0_19,Conference paper
Shifting Two-tiered Boundaries of Belonging: A Study of the Hukou System and Rural-Urban Migration in China,Shifting Boundaries of Belonging and New Migration Dynamics in Europe and China,,,,10.1057/9780230369726_6,Zhang Jijiao,2013,https://link.springer.com/chapter/10.1057/9780230369726_6,Chapter
Studies on stability of bi-functional P3HT:PCBM:rubrene optoelectronic devices,Applied Physics A,,,,10.1007/s00339-012-7303-x,Ankita GaurPankaj Kumar,2012,https://link.springer.com/article/10.1007/s00339-012-7303-x,Article
"
              <sup>238</sup>U and <sup>222</sup>Rn activity concentrations and total radioactivity levels in lake waters",Journal of Radioanalytical and Nuclear Chemistry,,,,10.1007/s10967-012-2228-6,Ö. Selçuk ZorerT. ŞahanH. CeylanM. DoğruS. Şahin,2012,https://link.springer.com/article/10.1007/s10967-012-2228-6,Article
Extensible Recognition of Algorithmic Patterns in DSP Programs for Automatic Parallelization,International Journal of Parallel Programming,,,,10.1007/s10766-012-0229-2,Amin Shafiee SarvestaniErik HanssonChristoph Kessler,2012,https://link.springer.com/article/10.1007/s10766-012-0229-2,Article
Writing a Digital History with Digital Documents,Digital Culture Industry,,,,10.1057/9781137033475_2,James Allen-Robertson,2013,https://link.springer.com/chapter/10.1057/9781137033475_2,Chapter
Modeling power and energy of the task-parallel Cholesky factorization on multicore processors,Computer Science - Research and Development,,,,10.1007/s00450-012-0227-z,Pedro AlonsoManuel F. DolzRafael MayoEnrique S. Quintana-Ortí,2012,https://link.springer.com/article/10.1007/s00450-012-0227-z,Article
Temporal property verification as a program analysis task,Formal Methods in System Design,,,,10.1007/s10703-012-0153-5,Byron CookEric KoskinenMoshe Vardi,2012,https://link.springer.com/article/10.1007/s10703-012-0153-5,Article
On the Determination of Inlining Vectors for Program Optimization,Compiler Construction,,,,10.1007/978-3-642-37051-9_9,Rosario CammarotaAlexandru NicolauAlexander V. VeidenbaumArun KejariwalDebora DonatoMukund Madhugiri,2013,https://link.springer.com/chapter/10.1007/978-3-642-37051-9_9,Conference paper
"Continuation-Passing C, compiling threads to events through continuations",Higher-Order and Symbolic Computation,,,,10.1007/s10990-012-9084-5,Gabriel KerneisJuliusz Chroboczek,2011,https://link.springer.com/article/10.1007/s10990-012-9084-5,Article
CUDA-Zero: a framework for porting shared memory GPU applications to multi-GPUs,Science China Information Sciences,,,,10.1007/s11432-011-4497-z,DeHao ChenWenGuang ChenWeiMin Zheng,2012,https://link.springer.com/article/10.1007/s11432-011-4497-z,Article
Estimate of Mean and Variance and Confidence Intervals,Statistics and Analysis of Scientific Data,,,,10.1007/978-1-4614-7984-0_4,Massimiliano Bonamente,2013,https://link.springer.com/chapter/10.1007/978-1-4614-7984-0_4,Chapter
Security Based Operation in Container Line Supply Chain: a Literature Review,Decision Aid Models for Disaster Management and Emergencies,,,,10.2991/978-94-91216-74-9_5,Dawei TangDong-Ling XuJian-Bo YangYu-wang Chen,2013,https://link.springer.com/chapter/10.2991/978-94-91216-74-9_5,Chapter
Real-Time Tasks in SDL,System Analysis and Modeling: Theory and Practice,,,,10.1007/978-3-642-36757-1_4,Dennis ChristmannReinhard Gotzhein,2013,https://link.springer.com/chapter/10.1007/978-3-642-36757-1_4,Conference paper
Automatic Parallelization of Array-oriented Programs for a Multi-core Machine,International Journal of Parallel Programming,,,,10.1007/s10766-012-0197-6,Wai-Mee ChingDa Zheng,2012,https://link.springer.com/article/10.1007/s10766-012-0197-6,Article
Long-term earthquake prediction in western Anatolia with the time- and magnitude-predictable model,Natural Hazards,,,,10.1007/s11069-012-0532-7,Nilgün Sayıl,2012,https://link.springer.com/article/10.1007/s11069-012-0532-7,Article
Underapproximation of Procedure Summaries for Integer Programs,Tools and Algorithms for the Construction and Analysis of Systems,,,,10.1007/978-3-642-36742-7_18,Pierre GantyRadu IosifFilip Konečný,2013,https://link.springer.com/chapter/10.1007/978-3-642-36742-7_18,Conference paper
Auto-scoping for OpenMP Tasks,OpenMP in a Heterogeneous World,,,,10.1007/978-3-642-30961-8_3,Sara RoyuelaAlejandro DuranChunhua LiaoDaniel J. Quinlan,2012,https://link.springer.com/chapter/10.1007/978-3-642-30961-8_3,Conference paper
Compiler Support for Fine-Grain Software-Only Checkpointing,Compiler Construction,,,,10.1007/978-3-642-28652-0_11,Chuck (Chengyan) ZhaoJ. Gregory SteffanCristiana AmzaAllan Kielstra,2012,https://link.springer.com/chapter/10.1007/978-3-642-28652-0_11,Conference paper
Advances in MALDI Mass Spectrometry in Clinical Diagnostic Applications,Chemical Diagnostics,,,,10.1007/128_2012_413,Eddy W. Y. NgMelody Y. M. WongTerence C. W. Poon,2013,https://link.springer.com/chapter/10.1007/128_2012_413,Chapter
Foundation Stories: The Heroes of Viennese Monasticism,Received Medievalisms,,,,10.1057/9780230393585_4,Cynthia J. Cyrus,2013,https://link.springer.com/chapter/10.1057/9780230393585_4,Chapter
"SDL Real-Time Tasks – Concept, Implementation, and Evaluation",SDL 2013: Model-Driven Dependability Engineering,,,,10.1007/978-3-642-38911-5_14,Dennis ChristmannTobias BraunReinhard Gotzhein,2013,https://link.springer.com/chapter/10.1007/978-3-642-38911-5_14,Conference paper
accULL : An OpenACC Implementation with CUDA and OpenCL Support,Euro-Par 2012 Parallel Processing,,,,10.1007/978-3-642-32820-6_86,Ruymán ReyesIván López-RodríguezJuan J. FumeroFrancisco de Sande,2012,https://link.springer.com/chapter/10.1007/978-3-642-32820-6_86,Conference paper
Generating Verifiable Java Code from Verified PVS Specifications,NASA Formal Methods,,,,10.1007/978-3-642-28891-3_30,Leonard LensinkSjaak SmetsersMarko van Eekelen,2012,https://link.springer.com/chapter/10.1007/978-3-642-28891-3_30,Conference paper
A framework for efficient performance prediction of distributed applications in heterogeneous systems,The Journal of Supercomputing,,,,10.1007/s11227-012-0823-5,Bogdan Florin CorneaJulien Bourgeois,2012,https://link.springer.com/article/10.1007/s11227-012-0823-5,Article
Cultures of Communication,Cultures of Environmental Communication,,,,10.1007/978-3-658-00952-6_4,Sara Nofri,2013,https://link.springer.com/chapter/10.1007/978-3-658-00952-6_4,Chapter
Classification-Based Improvement of Application Robustness and Quality of Service in Probabilistic Computer Systems,Architecture of Computing Systems – ARCS 2012,,,,10.1007/978-3-642-28293-5_1,Andreas HeinigVincent J. MooneyFlorian SchmollPeter MarwedelKrishna PalemMichael Engel,2012,https://link.springer.com/chapter/10.1007/978-3-642-28293-5_1,Conference paper
Modelling Spectral and Timing Properties of Accreting Black Holes: The Hybrid Hot Flow Paradigm,The Physics of Accretion onto Black Holes,,,,10.1007/978-1-4939-2227-7_5,Juri PoutanenAlexandra Veledina,2013,https://link.springer.com/chapter/10.1007/978-1-4939-2227-7_5,Chapter
Nutrition and signaling in slave markets: a new look at a puzzle within the antebellum puzzle,Cliometrica,,,,10.1007/s11698-012-0086-7,Lee A. CraigRobert G. Hammond,2012,https://link.springer.com/article/10.1007/s11698-012-0086-7,Article
Pause ’n’ Play: Formalizing Asynchronous C $^\sharp$,ECOOP 2012 – Object-Oriented Programming,,,,10.1007/978-3-642-31057-7_12,Gavin BiermanClaudio RussoGeoffrey MainlandErik MeijerMads Torgersen,2012,https://link.springer.com/chapter/10.1007/978-3-642-31057-7_12,Conference paper
Symbolic Testing of OpenCL Code,Hardware and Software: Verification and Testing,,,,10.1007/978-3-642-34188-5_18,Peter CollingbourneCristian CadarPaul H. J. Kelly,2012,https://link.springer.com/chapter/10.1007/978-3-642-34188-5_18,Conference paper
Using Dynamic Task Level Redundancy for OpenMP Fault Tolerance,Architecture of Computing Systems – ARCS 2012,,,,10.1007/978-3-642-28293-5_3,Oussama TahanMohamed Shawky,2012,https://link.springer.com/chapter/10.1007/978-3-642-28293-5_3,Conference paper
A Certified Constraint Solver over Finite Domains,FM 2012: Formal Methods,,,,10.1007/978-3-642-32759-9_12,Matthieu CarlierCatherine DuboisArnaud Gotlieb,2012,https://link.springer.com/chapter/10.1007/978-3-642-32759-9_12,Conference paper
Provenance variation in cone and seed characteristics of <i>Cedrus deodara</i> (D. DON) G. DON in Jammu and Kashmir,Forestry Studies in China,,,,10.1007/s11632-012-0306-z,A. H. MughalR. C. Thapliyal,2012,https://link.springer.com/article/10.1007/s11632-012-0306-z,Article
Effects of Compiler Optimizations in OpenMP to CUDA Translation,OpenMP in a Heterogeneous World,,,,10.1007/978-3-642-30961-8_13,Amit SabnePutt SakdhnagoolRudolf Eigenmann,2012,https://link.springer.com/chapter/10.1007/978-3-642-30961-8_13,Conference paper
Tulipse: A Visualization Framework for User-Guided Parallelization,Euro-Par 2012 Parallel Processing,,,,10.1007/978-3-642-32820-6_3,Yi Wen WongTomasz DubrownikWai Teng TangWen Jun TanRubing DuanRick Siow Mong GohShyh-hao KuoStephen John TurnerWeng-Fai Wong,2012,https://link.springer.com/chapter/10.1007/978-3-642-32820-6_3,Conference paper
Interpolants as Classifiers,Computer Aided Verification,,,,10.1007/978-3-642-31424-7_11,Rahul SharmaAditya V. NoriAlex Aiken,2012,https://link.springer.com/chapter/10.1007/978-3-642-31424-7_11,Conference paper
Bounded-Interference Sequentialization for Testing Concurrent Programs,"Leveraging Applications of Formal Methods, Verification and Validation. Technologies for Mastering Change",,,,10.1007/978-3-642-34026-0_28,Niloofar RazaviAzadeh FarzanAndreas Holzer,2012,https://link.springer.com/chapter/10.1007/978-3-642-34026-0_28,Conference paper
The New Syntax,TypeScript Revealed,,,,10.1007/978-1-4302-5726-4_2,Dan Maharry,2013,https://link.springer.com/chapter/10.1007/978-1-4302-5726-4_2,Chapter
Survey of Low-Energy Techniques for Instruction Memory Organisations in Embedded Systems,Journal of Signal Processing Systems,,,,10.1007/s11265-012-0694-2,Antonio ArtesJose L. AyalaJos HuiskenFrancky Catthoor,2012,https://link.springer.com/article/10.1007/s11265-012-0694-2,Article
Automated Code Injection Prevention for Web Applications,Theory of Security and Applications,,,,10.1007/978-3-642-27375-9_11,Zhengqin LuoTamara RezkManuel Serrano,2012,https://link.springer.com/chapter/10.1007/978-3-642-27375-9_11,Conference paper
Multi-result Supercompilation as Branching Growth of the Penultimate Level in Metasystem Transitions,Perspectives of Systems Informatics,,,,10.1007/978-3-642-29709-0_19,Ilya KlyuchnikovSergei A. Romanenko,2012,https://link.springer.com/chapter/10.1007/978-3-642-29709-0_19,Conference paper
Software Bertillonage,Empirical Software Engineering,,,,10.1007/s10664-012-9199-7,Julius DaviesDaniel M. GermanMichael W. GodfreyAbram Hindle,2012,https://link.springer.com/article/10.1007/s10664-012-9199-7,Article
Developing a comprehensive time series of GDP per capita for 210 countries from 1950 to 2015,Population Health Metrics,,,,10.1186/1478-7954-10-12,Spencer L JamesPaul GubbinsChristopher JL MurrayEmmanuela Gakidou,2012,https://link.springer.com/article/10.1186/1478-7954-10-12,Article
Using Detailed Performance Analysis to Guide Optimization,Performance Analysis and Tuning for General Purpose Graphics Processing Units (GPGPU),,,,10.1007/978-3-031-01737-7_4,Hyesoon KimRichard VuducSara BaghsorkhiJee ChoiWen-mei Hwu,2012,https://link.springer.com/chapter/10.1007/978-3-031-01737-7_4,Chapter
Comparison of type-based and alias-based component recognition for embedded systems software,International Journal on Software Tools for Technology Transfer,,,,10.1007/s10009-012-0251-0,Dietmar SchreinerGergö BaranyMarkus SchordanJens Knoop,2012,https://link.springer.com/article/10.1007/s10009-012-0251-0,Article
MPA: Parallelization Made Easy,Scalable Multi-core Architectures,,,,10.1007/978-1-4419-6778-7_6,Geert VanmeerbeeckThomas J. Ashby,2012,https://link.springer.com/chapter/10.1007/978-1-4419-6778-7_6,Chapter
Gradual Ownership Types,Programming Languages and Systems,,,,10.1007/978-3-642-28869-2_29,Ilya SergeyDave Clarke,2012,https://link.springer.com/chapter/10.1007/978-3-642-28869-2_29,Conference paper
Applications,Solution-Focused Supervision,,,,10.1007/978-1-4614-6052-7_7,Frank N. Thomas,2013,https://link.springer.com/chapter/10.1007/978-1-4614-6052-7_7,Chapter
High-Level Support for Pipeline Parallelism on Many-Core Architectures,Euro-Par 2012 Parallel Processing,,,,10.1007/978-3-642-32820-6_61,Siegfried BenknerEnes BajrovicErich MarthMartin SandrieserRaymond NamystSamuel Thibault,2012,https://link.springer.com/chapter/10.1007/978-3-642-32820-6_61,Conference paper
Recovering Role-Based Access Control Security Models from Dynamic Web Applications,Web Engineering,,,,10.1007/978-3-642-31753-8_9,Manar H. AlalfiJames R. CordyThomas R. Dean,2012,https://link.springer.com/chapter/10.1007/978-3-642-31753-8_9,Conference paper
Exact Dependence Analysis for Increased Communication Overlap,Recent Advances in the Message Passing Interface,,,,10.1007/978-3-642-33518-1_14,Simone PellegriniTorsten HoeflerThomas Fahringer,2012,https://link.springer.com/chapter/10.1007/978-3-642-33518-1_14,Conference paper
Pattern-Independent Detection of Manual Collectives in MPI Programs,Euro-Par 2012 Parallel Processing,,,,10.1007/978-3-642-32820-6_5,Alexandru CalotoiuChristian SiebertFelix Wolf,2012,https://link.springer.com/chapter/10.1007/978-3-642-32820-6_5,Conference paper
Applying Automatic Differentiation to the Community Land Model,Recent Advances in Algorithmic Differentiation,,,,10.1007/978-3-642-30023-3_5,Azamat MametjanovBoyana NorrisXiaoyan ZengBeth DrewniakJean UtkeMihai AnitescuPaul Hovland,2012,https://link.springer.com/chapter/10.1007/978-3-642-30023-3_5,Conference paper
Exploring Object-Level Parallelism on Chip Multi-processors,Algorithms and Architectures for Parallel Processing,,,,10.1007/978-3-642-33065-0_9,Weixing JiYizhuo WangZhi HuangJunqing ZhaoXi Li,2012,https://link.springer.com/chapter/10.1007/978-3-642-33065-0_9,Conference paper
"The Girl Who Knew Her Brother Would Be Coming Home: <i>Ārṣajñāna</i> in <i>Praśastapādabhāṣya</i>, <i>Nyāyakandalī</i> and <i>Vyomavatī</i>
            ",Journal of Indian Philosophy,,,,10.1007/s10781-012-9162-3,Anna-Pya Sjödin,2012,https://link.springer.com/article/10.1007/s10781-012-9162-3,Article
Introducing Task Cancellation to OpenMP,OpenMP in a Heterogeneous World,,,,10.1007/978-3-642-30961-8_6,Oussama TahanMats BrorssonMohamed Shawky,2012,https://link.springer.com/chapter/10.1007/978-3-642-30961-8_6,Conference paper
"Side-effect localization for lazy, purely functional languages via aspects",Higher-Order and Symbolic Computation,,,,10.1007/s10990-011-9073-0,Kung ChenShu-Chun WengJia-Yin LinMeng WangSiau-Cheng Khoo,2011,https://link.springer.com/article/10.1007/s10990-011-9073-0,Article
Domain-Specific Optimization in Digital Forensics,Theory and Practice of Model Transformations,,,,10.1007/978-3-642-30476-7_8,Jeroen van den BosTijs van der Storm,2012,https://link.springer.com/chapter/10.1007/978-3-642-30476-7_8,Conference paper
"Being, Becoming and the Undivided Universe: A Dialogue Between Relational Blockworld and the Implicate Order Concerning the Unification of Relativity and Quantum Theory",Foundations of Physics,,,,10.1007/s10701-012-9653-9,Michael SilbersteinW. M. StuckeyTimothy McDevitt,2012,https://link.springer.com/article/10.1007/s10701-012-9653-9,Article
"A Principled, Complete, and Efficient Representation of C++",Mathematics in Computer Science,,,,10.1007/s11786-011-0094-1,Gabriel Dos ReisBjarne Stroustrup,2011,https://link.springer.com/article/10.1007/s11786-011-0094-1,Article
Water Quality Assessment of Newton Creek and Its Effect on Hog Island Inlet of Lake Superior,"Water Quality, Exposure and Health",,,,10.1007/s12403-012-0071-1,William Bajjali,2012,https://link.springer.com/article/10.1007/s12403-012-0071-1,Article
Design and Performance of the OP2 Library for Unstructured Mesh Applications,Euro-Par 2011: Parallel Processing Workshops,,,,10.1007/978-3-642-29737-3_22,Carlo BertolliAdam BettsGihan MudaligeMike GilesPaul Kelly,2012,https://link.springer.com/chapter/10.1007/978-3-642-29737-3_22,Conference paper
Extracting statistics indicators from tables of basic structure,Pattern Recognition and Image Analysis,,,,10.1134/S1054661811040110,P. Yu. Kudinov,2011,https://link.springer.com/article/10.1134/S1054661811040110,Article
SCADA Protocol Vulnerabilities,Critical Infrastructure Protection,,,,10.1007/978-3-642-28920-0_8,Julian L. Rrushi,2012,https://link.springer.com/chapter/10.1007/978-3-642-28920-0_8,Chapter
Dynamic Information-Flow Analysis for Multi-threaded Applications,"Leveraging Applications of Formal Methods, Verification and Validation. Technologies for Mastering Change",,,,10.1007/978-3-642-34026-0_27,Laurent MounierEmmanuel Sifakis,2012,https://link.springer.com/chapter/10.1007/978-3-642-34026-0_27,Conference paper
A Domain-Specific Language for Scripting Refactorings in Erlang,Fundamental Approaches to Software Engineering,,,,10.1007/978-3-642-28872-2_34,Huiqing LiSimon Thompson,2012,https://link.springer.com/chapter/10.1007/978-3-642-28872-2_34,Conference paper
Fate of Graywater Constituents After Long-Term Application for Landscape Irrigation,"Water, Air, & Soil Pollution",,,,10.1007/s11270-012-1229-y,Masoud Negahban-AzarSybil E. SharvelleMary E. StrombergerChristopher OlsonLarry A. Roesner,2012,https://link.springer.com/article/10.1007/s11270-012-1229-y,Article
Finding concurrency-related bugs using random isolation,International Journal on Software Tools for Technology Transfer,,,,10.1007/s10009-011-0197-7,Nicholas KiddThomas RepsJulian DolbyMandana Vaziri,2011,https://link.springer.com/article/10.1007/s10009-011-0197-7,Article
Automatic OpenMP Loop Scheduling: A Combined Compiler and Runtime Approach,OpenMP in a Heterogeneous World,,,,10.1007/978-3-642-30961-8_7,Peter ThomanHerbert JordanSimone PellegriniThomas Fahringer,2012,https://link.springer.com/chapter/10.1007/978-3-642-30961-8_7,Conference paper
Automatic Restructuring of GPU Kernels for Exploiting Inter-thread Data Locality,Compiler Construction,,,,10.1007/978-3-642-28652-0_2,Swapneela UnkuleChristopher ShaltzApan Qasem,2012,https://link.springer.com/chapter/10.1007/978-3-642-28652-0_2,Conference paper
Perspectives on Permanent Magnetic Materials for Energy Conversion and Power Generation,Metallurgical and Materials Transactions A,,,,10.1007/s11661-012-1278-2,Laura H. LewisFélix Jiménez-Villacorta,2012,https://link.springer.com/article/10.1007/s11661-012-1278-2,Article
Efficient Computation of Observation Impact in 4D-Var Data Assimilation,Uncertainty Quantification in Scientific Computing,,,,10.1007/978-3-642-32677-6_16,Alexandru CioacaAdrian SanduEric De SturlerEmil Constantinescu,2012,https://link.springer.com/chapter/10.1007/978-3-642-32677-6_16,Conference paper
Modular implementation of dynamic algorithm switching in parallel simulations,Cluster Computing,,,,10.1007/s10586-012-0205-z,Pilsung Kang,2012,https://link.springer.com/article/10.1007/s10586-012-0205-z,Article
Turbulence Models and Large Eddy Simulations Applied to Ascending Mixed Convection Flows,"Flow, Turbulence and Combustion",,,,10.1007/s10494-012-9401-4,Amir KeshmiriMark A. CottonYacine AddadDominique Laurence,2012,https://link.springer.com/article/10.1007/s10494-012-9401-4,Article
Architecture and Language for Semantic Reduction of Domain-Specific Models in BPMS,Perspectives in Business Informatics Research,,,,10.1007/978-3-642-33281-4_6,Lelde LaceRenārs LiepiņšEdgars Rencis,2012,https://link.springer.com/chapter/10.1007/978-3-642-33281-4_6,Conference paper
"A Low-Overhead, Value-Tracking Approach to Information Flow Security",Software Engineering and Formal Methods,,,,10.1007/978-3-642-33826-7_26,Kostyantyn VorobyovPadmanabhan KrishnanPhil Stocks,2012,https://link.springer.com/chapter/10.1007/978-3-642-33826-7_26,Conference paper
Traceability Between Run-Time and Development Time Abstractions,Software and Systems Traceability,,,,10.1007/978-1-4471-2239-5_13,Wouter De BorgerBert LagaisseWouter Joosen,2012,https://link.springer.com/chapter/10.1007/978-1-4471-2239-5_13,Chapter
Bounded Phase Analysis of Message-Passing Programs,Tools and Algorithms for the Construction and Analysis of Systems,,,,10.1007/978-3-642-28756-5_31,Ahmed BouajjaniMichael Emmi,2012,https://link.springer.com/chapter/10.1007/978-3-642-28756-5_31,Conference paper
Domain-Specific Languages in Few Steps,Software Composition,,,,10.1007/978-3-642-30564-1_11,Walter Cazzola,2012,https://link.springer.com/chapter/10.1007/978-3-642-30564-1_11,Conference paper
Service for Crowd-Driven Gathering of Non-Discoverable Knowledge,Service-Oriented Computing - ICSOC 2011 Workshops,,,,10.1007/978-3-642-31875-7_39,Jim LaredoMaja VukovicSriram Rajagopal,2012,https://link.springer.com/chapter/10.1007/978-3-642-31875-7_39,Conference paper
Trace-Based Performance Analysis for Hardware Accelerators,Tools for High Performance Computing 2011,,,,10.1007/978-3-642-31476-6_8,Guido Juckeland,2012,https://link.springer.com/chapter/10.1007/978-3-642-31476-6_8,Conference paper
McSAF: A Static Analysis Framework for MATLAB,ECOOP 2012 – Object-Oriented Programming,,,,10.1007/978-3-642-31057-7_7,Jesse DohertyLaurie Hendren,2012,https://link.springer.com/chapter/10.1007/978-3-642-31057-7_7,Conference paper
Nanodust in the Interstellar Medium in Comparison to the Solar System,Nanodust in the Solar System: Discoveries and Interpretations,,,,10.1007/978-3-642-27543-2_2,Aigen LiIngrid Mann,2012,https://link.springer.com/chapter/10.1007/978-3-642-27543-2_2,Chapter
Parameterized Program Equivalence Checking,High-Level Verification,,,,10.1007/978-1-4419-9359-5_8,Zachary Tatlock,2011,https://link.springer.com/chapter/10.1007/978-1-4419-9359-5_8,Chapter
Overloading Is NP-Complete,Logic and Program Semantics,,,,10.1007/978-3-642-29485-3_13,Jens Palsberg,2012,https://link.springer.com/chapter/10.1007/978-3-642-29485-3_13,Chapter
A High Level Language for Solver Independent Model Manipulation and Generation of Hybrid Solvers,Integration of AI and OR Techniques in Contraint Programming for Combinatorial Optimzation Problems,,,,10.1007/978-3-642-29828-8_12,Daniel FontaineLaurent Michel,2012,https://link.springer.com/chapter/10.1007/978-3-642-29828-8_12,Conference paper
A Language for Fortran Source to Source Transformation,High Performance Computing on Vector Systems 2009,,,,10.1007/978-3-642-03913-3_7,Uwe Küster,2010,https://link.springer.com/chapter/10.1007/978-3-642-03913-3_7,Conference paper
Component-based waveform development: the Nucleus tool flow for efficient and portable software defined radio,Analog Integrated Circuits and Signal Processing,,,,10.1007/s10470-011-9670-1,Jeronimo CastrillonStefan SchürmansAnastasia StulovaWeihua ShengTorsten KempfRainer LeupersGerd AscheidHeinrich Meyr,2011,https://link.springer.com/article/10.1007/s10470-011-9670-1,Article
Tracking the Trackers: Fast and Scalable Dynamic Analysis of Web Content for Privacy Violations,Applied Cryptography and Network Security,,,,10.1007/978-3-642-31284-7_25,Minh TranXinshu DongZhenkai LiangXuxian Jiang,2012,https://link.springer.com/chapter/10.1007/978-3-642-31284-7_25,Conference paper
Experiences with High-Level Programming Directives for Porting Applications to GPUs,Facing the Multicore - Challenge II,,,,10.1007/978-3-642-30397-5_9,Oscar HernandezWei DingBarbara ChapmanChristos KartsaklisRamanan SankaranRichard Graham,2012,https://link.springer.com/chapter/10.1007/978-3-642-30397-5_9,Chapter
Refactoring techniques for aggressive object inlining in Java applications,Automated Software Engineering,,,,10.1007/s10515-011-0096-x,Yosi Ben AsherTomer GalGadi HaberMarcel Zalmanovici,2011,https://link.springer.com/article/10.1007/s10515-011-0096-x,Article
Automated Translation of Java Source Code to Eiffel,"Objects, Models, Components, Patterns",,,,10.1007/978-3-642-21952-8_4,Marco TrudelManuel OriolCarlo A. FuriaMartin Nordio,2011,https://link.springer.com/chapter/10.1007/978-3-642-21952-8_4,Conference paper
Building Materials,Fundamentals of Sustainable Dwellings,,,,10.5822/978-1-61091-211-2_6,Avi Friedman,2012,https://link.springer.com/chapter/10.5822/978-1-61091-211-2_6,Chapter
Native Sound API,Pro Android C++ with the NDK,,,,10.1007/978-1-4302-4828-6_13,Onur Cinar,2012,https://link.springer.com/chapter/10.1007/978-1-4302-4828-6_13,Chapter
Effective Source-to-Source Outlining to Support Whole Program Empirical Optimization,Languages and Compilers for Parallel Computing,,,,10.1007/978-3-642-13374-9_21,Chunhua LiaoDaniel J. QuinlanRichard VuducThomas Panas,2010,https://link.springer.com/chapter/10.1007/978-3-642-13374-9_21,Conference paper
Construction and Demolition Wastes,Encyclopedia of Sustainability Science and Technology,,,,10.1007/978-1-4419-0851-3_118,Thomas Dyer,2012,https://link.springer.com/rwe/10.1007/978-1-4419-0851-3_118,Reference work entry
Analytical Bounds for Optimal Tile Size Selection,Compiler Construction,,,,10.1007/978-3-642-28652-0_6,Jun ShirakoKamal SharmaNaznin FauziaLouis-Noël PouchetJ. RamanujamP. SadayappanVivek Sarkar,2012,https://link.springer.com/chapter/10.1007/978-3-642-28652-0_6,Conference paper
TCP / IP Tricks,Network Hacks - Intensivkurs,,,,10.1007/978-3-642-24305-9_5,Bastian Ballmann,2012,https://link.springer.com/chapter/10.1007/978-3-642-24305-9_5,Chapter
Operating System Kernel Data Disambiguation to Support Security Analysis,Network and System Security,,,,10.1007/978-3-642-34601-9_20,Amani S. IbrahimJohn GrundyJames Hamlyn-HarrisMohamed Almorsy,2012,https://link.springer.com/chapter/10.1007/978-3-642-34601-9_20,Conference paper
Mapping Embedded Applications on MPSoCs: The MNEMEE Approach,VLSI 2010 Annual Symposium,,,,10.1007/978-94-007-1488-5_10,Christos BaloukasLazaros PapadopoulosDimitrios SoudrisSander StuijkOlivera JovanovicFlorian SchmollPeter MarwedelDaniel CordesRobert PykaArindam MallikStylianos MamagkakisFrançois CapmanSéverin ColletNikolaos MitasDimitrios Kritharidis,2011,https://link.springer.com/chapter/10.1007/978-94-007-1488-5_10,Conference paper
Incremental Maintenance of Materialized XML Views,Database and Expert Systems Applications,,,,10.1007/978-3-642-23091-2_2,Leonidas Fegaras,2011,https://link.springer.com/chapter/10.1007/978-3-642-23091-2_2,Conference paper
Functional Programs,Modern Compiler Design,,,,10.1007/978-1-4614-4699-6_12,Dick GruneKees van ReeuwijkHenri E. BalCeriel J. H. JacobsKoen Langendoen,2012,https://link.springer.com/chapter/10.1007/978-1-4614-4699-6_12,Chapter
A Big-Picture Overview,Pro SQL Server 2012 BI Solutions,,,,10.1007/978-1-4302-3489-0_2,Randal RootCaryn Mason,2012,https://link.springer.com/chapter/10.1007/978-1-4302-3489-0_2,Chapter
Source-to-Source Optimization of CUDA C for GPU Accelerated Cardiac Cell Modeling,Euro-Par 2010 - Parallel Processing,,,,10.1007/978-3-642-15277-1_5,Fred V. LionettiAndrew D. McCullochScott B. Baden,2010,https://link.springer.com/chapter/10.1007/978-3-642-15277-1_5,Conference paper
"Organic carbon source in formulated sediments influences life traits and gene expression of <i>Caenorhabditis elegans</i>
            ",Ecotoxicology,,,,10.1007/s10646-011-0816-9,Julia FranzenRalph MenzelSebastian HössEvelyn ClausChristian E. W. Steinberg,2011,https://link.springer.com/article/10.1007/s10646-011-0816-9,Article
A Programming Language Interface to Describe Transformations and Code Generation,Languages and Compilers for Parallel Computing,,,,10.1007/978-3-642-19595-2_10,Gabe RudyMalik Murtaza KhanMary HallChun ChenJacqueline Chame,2011,https://link.springer.com/chapter/10.1007/978-3-642-19595-2_10,Conference paper
The hArtes Tool Chain,Hardware/Software Co-design for Heterogeneous Multi-core Platforms,,,,10.1007/978-94-007-1406-9_2,Koen BertelsAriano LattanziEmanuele CiavattiniFerruccio BettarelliMaria Teresa ChiaradiaRaffaele NutricatoAlberto MoreaAnna AntolaFabrizio FerrandiMarco LattuadaChristian PilatoDonatella SciutoRoel J. MeeuwsYana YankovaVlad Mihai SimaKamana SigdelWayne LukJose Gabriel de Figueiredo CoutinhoYuet Ming LamTim TodmanAndrea MichelottiAntonio Cerruto,2012,https://link.springer.com/chapter/10.1007/978-94-007-1406-9_2,Chapter
"Reuse, Recycle to De-bloat Software",ECOOP 2011 – Object-Oriented Programming,,,,10.1007/978-3-642-22655-7_19,Suparna BhattacharyaMangala Gowri NandaK. GopinathManish Gupta,2011,https://link.springer.com/chapter/10.1007/978-3-642-22655-7_19,Conference paper
A Lightweight Approach for Loop Summarization,Automated Technology for Verification and Analysis,,,,10.1007/978-3-642-24372-1_25,Mohamed Nassim Seghir,2011,https://link.springer.com/chapter/10.1007/978-3-642-24372-1_25,Conference paper
Automatic MPI to AMPI Program Transformation Using Photran,Euro-Par 2010 Parallel Processing Workshops,,,,10.1007/978-3-642-21878-1_65,Stas NegaraGengbin ZhengKuo-Chuan PanNatasha NegaraRalph E. JohnsonLaxmikant V. KaléPaul M. Ricker,2011,https://link.springer.com/chapter/10.1007/978-3-642-21878-1_65,Conference paper
REFLECT: Rendering FPGAs to Multi-core Embedded Computing,Reconfigurable Computing,,,,10.1007/978-1-4614-0061-5_11,João M. P. CardosoPedro C. DinizZlatko PetrovKoen BertelsMichael HübnerHans van SomerenFernando GonçalvesJosé Gabriel F. de CoutinhoGeorge A. ConstantinidesBryan OlivierWayne LukJuergen BeckerGeorgi KuzmanovFlorian ThomaLars BraunMatthias KühnleRazvan NaneVlad Mihai SimaKamil KrátkýJosé Carlos AlvesJoão Canas Ferreira,2011,https://link.springer.com/chapter/10.1007/978-1-4614-0061-5_11,Chapter
Continuous Random Variables and Probability Distributions,Modern Mathematical Statistics with Applications,,,,10.1007/978-1-4614-0391-3_4,Jay L. DevoreKenneth N. Berk,2012,https://link.springer.com/chapter/10.1007/978-1-4614-0391-3_4,Chapter
The Whole Heliosphere Interval in the Context of a Long and Structured Solar Minimum: An Overview from Sun to Earth,Solar Physics,,,,10.1007/s11207-011-9921-4,S. E. GibsonG. de TomaB. EmeryP. RileyL. ZhaoY. ElsworthR. J. LeamonJ. LeiS. McIntoshR. A. MewaldtB. J. ThompsonD. Webb,2011,https://link.springer.com/article/10.1007/s11207-011-9921-4,Article
Lie Theorem Via Rank 2 Distributions (Integration of PDE of Class <i>ω</i> = 1),Journal of Nonlinear Mathematical Physics,,,,10.1142/S1402925112500118,Boris Kruglikov,2012,https://link.springer.com/article/10.1142/S1402925112500118,Article
Multi-level Automated Refactoring Using Design Exploration,Search Based Software Engineering,,,,10.1007/978-3-642-23716-4_9,Iman Hemati Moghadam,2011,https://link.springer.com/chapter/10.1007/978-3-642-23716-4_9,Conference paper
Putting it All Together: Black Hole Engines of All Sizes,Black Hole Astrophysics,,,,10.1007/978-3-642-01936-4_16,David L. Meier,2012,https://link.springer.com/chapter/10.1007/978-3-642-01936-4_16,Chapter
A Formal Approach for Incremental Construction with an Application to Autonomous Robotic Systems,Software Composition,,,,10.1007/978-3-642-22045-6_8,Saddek BensalemLavindra de SilvaAndreas GriesmayerFelix IngrandAxel LegayRongjie Yan,2011,https://link.springer.com/chapter/10.1007/978-3-642-22045-6_8,Conference paper
Model-Driven Engineering and Optimizing Compilers: A Bridge Too Far?,Model Driven Engineering Languages and Systems,,,,10.1007/978-3-642-24485-8_45,Antoine FlochTomofumi YukiClement GuySteven DerrienBenoit CombemaleSanjay RajopadhyeRobert B. France,2011,https://link.springer.com/chapter/10.1007/978-3-642-24485-8_45,Conference paper
Raising the level of abstraction for developing message passing applications,The Journal of Supercomputing,,,,10.1007/s11227-010-0490-3,Ritu AroraPurushotham BangaloreMarjan Mernik,2010,https://link.springer.com/article/10.1007/s11227-010-0490-3,Article
A New Method for Dependent Parsing,Programming Languages and Systems,,,,10.1007/978-3-642-19718-5_20,Trevor JimYitzhak Mandelbaum,2011,https://link.springer.com/chapter/10.1007/978-3-642-19718-5_20,Conference paper
Dyna: Extending Datalog for Modern AI,Datalog Reloaded,,,,10.1007/978-3-642-24206-9_11,Jason EisnerNathaniel W. Filardo,2011,https://link.springer.com/chapter/10.1007/978-3-642-24206-9_11,Conference paper
ParTool: A Feedback-Directed Parallelizer,Advanced Parallel Processing Technologies,,,,10.1007/978-3-642-24151-2_12,Varun MishraSanjeev K. Aggarwal,2011,https://link.springer.com/chapter/10.1007/978-3-642-24151-2_12,Conference paper
A Systematic Analysis of XSS Sanitization in Web Application Frameworks,Computer Security – ESORICS 2011,,,,10.1007/978-3-642-23822-2_9,Joel WeinbergerPrateek SaxenaDevdatta AkhaweMatthew FinifterRichard ShinDawn Song,2011,https://link.springer.com/chapter/10.1007/978-3-642-23822-2_9,Conference paper
CaPiTo: protocol stacks for services,Formal Aspects of Computing,,,,10.1007/s00165-011-0174-7,Han GaoFlemming NielsonHanne Riis Nielson,2011,https://link.springer.com/article/10.1007/s00165-011-0174-7,Article
HTAF: Hybrid Testing Automation Framework to Leverage Local and Global Computing Resources,Computational Science and Its Applications - ICCSA 2011,,,,10.1007/978-3-642-21931-3_37,Keun Soo YimDavid HreczanyRavishankar K. Iyer,2011,https://link.springer.com/chapter/10.1007/978-3-642-21931-3_37,Conference paper
Polaris,Encyclopedia of Parallel Computing,,,,10.1007/978-0-387-09766-4_273,Rudolf Eigenmann,2011,https://link.springer.com/rwe/10.1007/978-0-387-09766-4_273,Reference work entry
Call Invariants,NASA Formal Methods,,,,10.1007/978-3-642-20398-5_18,Shuvendu K. LahiriShaz Qadeer,2011,https://link.springer.com/chapter/10.1007/978-3-642-20398-5_18,Conference paper
Models of Quasars,Fifty Years of Quasars,,,,10.1007/978-3-642-27564-7_6,Mauro D’OnofrioPaola MarzianiJack W. SulenticJulian KrolikMartin GaskellSuzi CollinHagai NetzerBozena CzernyKrzysztof HryniewiczLuigi FoschiniMichael EracleousDaniel ProgaPaolo PadovaniSerguei KomissarovIsaac ShlosmanMartin Elvis,2012,https://link.springer.com/chapter/10.1007/978-3-642-27564-7_6,Chapter
An Assume Guarantee Approach for Checking Quantified Array Assertions,Algebraic Methodology and Software Technology,,,,10.1007/978-3-642-17796-5_15,Mohamed Nassim Seghir,2011,https://link.springer.com/chapter/10.1007/978-3-642-17796-5_15,Conference paper
Automatic code generation for GPUs in llc,The Journal of Supercomputing,,,,10.1007/s11227-011-0591-7,Ruyman ReyesFrancisco de Sande,2011,https://link.springer.com/article/10.1007/s11227-011-0591-7,Article
Hierarchical Bayes Models for Variability,Bayesian Inference for Probabilistic Risk Assessment,,,,10.1007/978-1-84996-187-5_7,Dana KellyCurtis Smith,2011,https://link.springer.com/chapter/10.1007/978-1-84996-187-5_7,Chapter
"Automatically performing weak mutation with the aid of symbolic execution, concolic testing and search-based testing",Software Quality Journal,,,,10.1007/s11219-011-9142-y,Mike PapadakisNicos Malevris,2011,https://link.springer.com/article/10.1007/s11219-011-9142-y,Article
Microquasars: Black Holes (and Neutron Stars) of Stellar Mass in Our Galaxy,Black Hole Astrophysics,,,,10.1007/978-3-642-01936-4_3,David L. Meier,2012,https://link.springer.com/chapter/10.1007/978-3-642-01936-4_3,Chapter
Profiling for Run-Time Checking of Computational Properties and Performance Debugging in Logic Programs,Practical Aspects of Declarative Languages,,,,10.1007/978-3-642-18378-2_6,Edison MeraTeresa TrigoPedro Lopez-GarcíaManuel Hermenegildo,2011,https://link.springer.com/chapter/10.1007/978-3-642-18378-2_6,Conference paper
JPure: A Modular Purity System for Java,Compiler Construction,,,,10.1007/978-3-642-19861-8_7,David J. Pearce,2011,https://link.springer.com/chapter/10.1007/978-3-642-19861-8_7,Conference paper
HOMPI: A Hybrid Programming Framework for Expressing and Deploying Task-Based Parallelism,Euro-Par 2011 Parallel Processing,,,,10.1007/978-3-642-23397-5_3,Vassilios V. DimakopoulosPanagiotis E. Hadjidoukas,2011,https://link.springer.com/chapter/10.1007/978-3-642-23397-5_3,Conference paper
Additional Topics,Bayesian Inference for Probabilistic Risk Assessment,,,,10.1007/978-1-84996-187-5_13,Dana KellyCurtis Smith,2011,https://link.springer.com/chapter/10.1007/978-1-84996-187-5_13,Chapter
Translator Generation Using ART,Software Language Engineering,,,,10.1007/978-3-642-19440-5_20,Adrian JohnstoneElizabeth Scott,2011,https://link.springer.com/chapter/10.1007/978-3-642-19440-5_20,Conference paper
Acquired hemophilia: a rare but life-threatening potential cause of bleeding in the intensive care unit,Intensive Care Medicine,,,,10.1007/s00134-011-2258-5,Aryeh ShanderChristopher E. WalshCaroline Cromwell,2011,https://link.springer.com/article/10.1007/s00134-011-2258-5,Article
SDL Code Generation for Network Simulators,System Analysis and Modeling: About Models,,,,10.1007/978-3-642-21652-7_9,Mihal BrumbulliJoachim Fischer,2011,https://link.springer.com/chapter/10.1007/978-3-642-21652-7_9,Conference paper
Operating System Interface Obfuscation and the Revealing of Hidden Operations,"Detection of Intrusions and Malware, and Vulnerability Assessment",,,,10.1007/978-3-642-22424-9_13,Abhinav SrivastavaAndrea LanziJonathon GiffinDavide Balzarotti,2011,https://link.springer.com/chapter/10.1007/978-3-642-22424-9_13,Conference paper
Semantic-Aware Automatic Parallelization of Modern Applications Using High-Level Abstractions,International Journal of Parallel Programming,,,,10.1007/s10766-010-0139-0,Chunhua LiaoDaniel J. QuinlanJeremiah J. WillcockThomas Panas,2010,https://link.springer.com/article/10.1007/s10766-010-0139-0,Article
HICFD: Highly Efficient Implementation of CFD Codes for HPC Many-Core Architectures,Competence in High Performance Computing 2010,,,,10.1007/978-3-642-24025-6_1,Achim BasermannHans-Peter KerskenAndreas SchreiberThomas GerholdJens JägersküpperNorbert KrollJan BackhausEdmund KügelerThomas AlrutzChristian SimmendingerKim FeldhoffOlaf KrzikallaRalph Müller-PfefferkornMathias PuetzPetra AumannOlaf KnoblochJörg HungerCarsten Zscherp,2011,https://link.springer.com/chapter/10.1007/978-3-642-24025-6_1,Conference paper
SUDS: an infrastructure for creating dynamic software defect detection tools,Automated Software Engineering,,,,10.1007/s10515-010-0067-7,Eric Larson,2010,https://link.springer.com/article/10.1007/s10515-010-0067-7,Article
Component-based Construction of Heterogeneous Real-time Systems in BIP,The Future of Software Engineering,,,,10.1007/978-3-642-15187-3_10,Joseph Sifakis,2011,https://link.springer.com/chapter/10.1007/978-3-642-15187-3_10,Chapter
Hardware and Software Tradeoffs for Task Synchronization on Manycore Architectures,Euro-Par 2011 Parallel Processing,,,,10.1007/978-3-642-23397-5_12,Yonghong YanSanjay ChatterjeeDaniel A. OrozcoElkin GarciaZoran BudimlićJun ShirakoRobert S. PavelGuang R. GaoVivek Sarkar,2011,https://link.springer.com/chapter/10.1007/978-3-642-23397-5_12,Conference paper
HLS Tools for FPGA: Faster Development with Better Performance,"Reconfigurable Computing: Architectures, Tools and Applications",,,,10.1007/978-3-642-19475-7_8,Alexandre CornuSteven DerrienDominique Lavenier,2011,https://link.springer.com/chapter/10.1007/978-3-642-19475-7_8,Conference paper
Intel®Parallel Inspector,Encyclopedia of Parallel Computing,,,,10.1007/978-0-387-09766-4_191,Paul Petersen,2011,https://link.springer.com/rwe/10.1007/978-0-387-09766-4_191,Reference work entry
Creating a Cyber Moving Target for Critical Infrastructure Applications,Critical Infrastructure Protection V,,,,10.1007/978-3-642-24864-1_8,Hamed OkhraviAdam ComellaEric RobinsonStephen YannalfoPeter MichaleasJoshua Haines,2011,https://link.springer.com/chapter/10.1007/978-3-642-24864-1_8,Conference paper
Random Variables,Probability: A Graduate Course,,,,10.1007/978-1-4614-4708-5_2,Allan Gut,2012,https://link.springer.com/chapter/10.1007/978-1-4614-4708-5_2,Chapter
Diversity,Dependable and Historic Computing,,,,10.1007/978-3-642-24541-1_23,John C. Knight,2011,https://link.springer.com/chapter/10.1007/978-3-642-24541-1_23,Chapter
Case Studies in Automatic GPGPU Code Generation with llc,Euro-Par 2010 Parallel Processing Workshops,,,,10.1007/978-3-642-21878-1_3,Ruymán ReyesFrancisco de Sande,2011,https://link.springer.com/chapter/10.1007/978-3-642-21878-1_3,Conference paper
Parafrase,Encyclopedia of Parallel Computing,,,,10.1007/978-0-387-09766-4_434,Bruce Leasure,2011,https://link.springer.com/rwe/10.1007/978-0-387-09766-4_434,Reference work entry
An Introduction to Software Product Line Refactoring,Generative and Transformational Techniques in Software Engineering III,,,,10.1007/978-3-642-18023-1_1,Paulo Borba,2011,https://link.springer.com/chapter/10.1007/978-3-642-18023-1_1,Chapter
A Self-adaptive Cross-Domain Query Approach on the Deep Web,Web-Age Information Management,,,,10.1007/978-3-642-23535-1_6,Yingjun LiDerong ShenTiezheng NieGe YuJing ShanKou Yue,2011,https://link.springer.com/chapter/10.1007/978-3-642-23535-1_6,Conference paper
R-Stream Compiler,Encyclopedia of Parallel Computing,,,,10.1007/978-0-387-09766-4_515,Benoit MeisterNicolas VasilacheDavid WohlfordMuthu Manikandan BaskaranAllen LeungRichard Lethin,2011,https://link.springer.com/rwe/10.1007/978-0-387-09766-4_515,Reference work entry
Temporal Property Verification as a Program Analysis Task,Computer Aided Verification,,,,10.1007/978-3-642-22110-1_26,Byron CookEric KoskinenMoshe Vardi,2011,https://link.springer.com/chapter/10.1007/978-3-642-22110-1_26,Conference paper
Knowledge Resources in and for School Mathematics Teaching,From Text to 'Lived' Resources,,,,10.1007/978-94-007-1966-8_1,Jill Adler,2011,https://link.springer.com/chapter/10.1007/978-94-007-1966-8_1,Chapter
Taint-Enhanced Anomaly Detection,Information Systems Security,,,,10.1007/978-3-642-25560-1_11,Lorenzo CavallaroR. Sekar,2011,https://link.springer.com/chapter/10.1007/978-3-642-25560-1_11,Conference paper
"Parallelism Detection in Nested Loops, Optimal",Encyclopedia of Parallel Computing,,,,10.1007/978-0-387-09766-4_519,Alain Darte,2011,https://link.springer.com/rwe/10.1007/978-0-387-09766-4_519,Reference work entry
Griffon – GPU Programming APIs for Scientific and General Purpose Computing,International Symposium on Distributed Computing and Artificial Intelligence,,,,10.1007/978-3-642-19934-9_22,Pisit MakpaisitWorawan Marurngsith,2011,https://link.springer.com/chapter/10.1007/978-3-642-19934-9_22,Conference paper
ASPIDE: Integrated Development Environment for Answer Set Programming,Logic Programming and Nonmonotonic Reasoning,,,,10.1007/978-3-642-20895-9_37,Onofrio FebbraroKristian RealeFrancesco Ricca,2011,https://link.springer.com/chapter/10.1007/978-3-642-20895-9_37,Conference paper
Vampir,Encyclopedia of Parallel Computing,,,,10.1007/978-0-387-09766-4_60,Holger BrunstAndreas Knüpfer,2011,https://link.springer.com/rwe/10.1007/978-0-387-09766-4_60,Reference work entry
Provenance-Enabled Automatic Data Publishing,Scientific and Statistical Database Management,,,,10.1007/978-3-642-22351-8_14,James FrewGreg JanéePeter Slaughter,2011,https://link.springer.com/chapter/10.1007/978-3-642-22351-8_14,Conference paper
Formally based tool support for model checking Erlang applications,International Journal on Software Tools for Technology Transfer,,,,10.1007/s10009-010-0179-1,Qiang GuoJohn Derrick,2010,https://link.springer.com/article/10.1007/s10009-010-0179-1,Article
Puma: An Aspect-Oriented Code Analysis and Manipulation Framework for C and C++,Transactions on Aspect-Oriented Software Development VIII,,,,10.1007/978-3-642-22031-9_5,Matthias UrbanDaniel LohmannOlaf Spinczyk,2011,https://link.springer.com/chapter/10.1007/978-3-642-22031-9_5,Chapter
A Memory Access Pattern Based Data Distribution Technique for Array Processors,Convergence and Hybrid Information Technology,,,,10.1007/978-3-642-24106-2_80,Doosan Cho,2011,https://link.springer.com/chapter/10.1007/978-3-642-24106-2_80,Conference paper
SPMD Computational Model,Encyclopedia of Parallel Computing,,,,10.1007/978-0-387-09766-4_26,Frederica Darema,2011,https://link.springer.com/rwe/10.1007/978-0-387-09766-4_26,Reference work entry
Software Automatic Tuning: Concepts and State-of-the-Art Results,Software Automatic Tuning,,,,10.1007/978-1-4419-6935-4_1,Reiji SudaKen NaonoKeita TeranishiJohn Cavazos,2011,https://link.springer.com/chapter/10.1007/978-1-4419-6935-4_1,Chapter
Reverse Generics: Parametrization after the Fact,Software and Data Technologies,,,,10.1007/978-3-642-20116-5_9,Alexandre BergelLorenzo Bettini,2011,https://link.springer.com/chapter/10.1007/978-3-642-20116-5_9,Conference paper
How Do We Make Sense of Platform State?,Bootstrapping Trust in Modern Computers,,,,10.1007/978-1-4614-1460-5_5,Bryan ParnoJonathan M. McCuneAdrian Perrig,2011,https://link.springer.com/chapter/10.1007/978-1-4614-1460-5_5,Chapter
Comparison of the XML and Semantic Web Worlds,Data Management and Query Processing in Semantic Web Databases,,,,10.1007/978-3-642-19357-6_12,Sven Groppe,2011,https://link.springer.com/chapter/10.1007/978-3-642-19357-6_12,Chapter
OpenMP Profiling with OmpP,Encyclopedia of Parallel Computing,,,,10.1007/978-0-387-09766-4_58,Karl Fürlinger,2011,https://link.springer.com/rwe/10.1007/978-0-387-09766-4_58,Reference work entry
TH-1: China’s first petaflop supercomputer,Frontiers of Computer Science in China,,,,10.1007/s11704-010-0383-x,Xuejun YangXiangke LiaoWeixia XuJunqiang SongQingfeng HuJinshu SuLiquan XiaoKai LuQiang DouJuping JiangCanqun Yang,2010,https://link.springer.com/article/10.1007/s11704-010-0383-x,Article
Assisting Programmers Resolving Vulnerabilities in Java Web Applications,Advanced Computing,,,,10.1007/978-3-642-17881-8_26,Pranjal BathiaBharath Reddy BeerelliMarc-André Laverdière,2011,https://link.springer.com/chapter/10.1007/978-3-642-17881-8_26,Conference paper
Parallel Implementation of the Integral Histogram,Advanced Concepts for Intelligent Vision Systems,,,,10.1007/978-3-642-23687-7_53,Pieter BellensKannappan PalaniappanRosa M. BadiaGuna SeetharamanJesus Labarta,2011,https://link.springer.com/chapter/10.1007/978-3-642-23687-7_53,Conference paper
Scalability Evaluation of a Polymorphic Register File: A CG Case Study,Architecture of Computing Systems - ARCS 2011,,,,10.1007/978-3-642-19137-4_2,Cătălin B. CiobanuXavier MartorellGeorgi K. KuzmanovAlex RamirezGeorgi N. Gaydadjiev,2011,https://link.springer.com/chapter/10.1007/978-3-642-19137-4_2,Conference paper
OpenMP for Accelerators,OpenMP in the Petascale Era,,,,10.1007/978-3-642-21487-5_9,James C. BeyerEric J. StotzerAlistair HartBronis R. de Supinski,2011,https://link.springer.com/chapter/10.1007/978-3-642-21487-5_9,Conference paper
Trading Off Complexity for Expressiveness in Programming Languages for Embedded Devices: Visions and Experiences,Advanced Communication and Networking,,,,10.1007/978-3-642-23312-8_20,Vincenzo De FlorioChris Blondia,2011,https://link.springer.com/chapter/10.1007/978-3-642-23312-8_20,Conference paper
A Deductive Database with Datalog and SQL Query Languages,Programming Languages and Systems,,,,10.1007/978-3-642-25318-8_8,Fernando Sáenz-PérezRafael CaballeroYolanda García-Ruiz,2011,https://link.springer.com/chapter/10.1007/978-3-642-25318-8_8,Conference paper
Priority Scheduling in SDL,SDL 2011: Integrating System and Software Modeling,,,,10.1007/978-3-642-25264-8_16,Dennis ChristmannPhilipp BeckerReinhard Gotzhein,2011,https://link.springer.com/chapter/10.1007/978-3-642-25264-8_16,Conference paper
A Schema-Based Translation of XQuery Updates,Database and XML Technologies,,,,10.1007/978-3-642-15684-7_6,Leonidas Fegaras,2010,https://link.springer.com/chapter/10.1007/978-3-642-15684-7_6,Conference paper
Score-P: A Unified Performance Measurement System for Petascale Applications,Competence in High Performance Computing 2010,,,,10.1007/978-3-642-24025-6_8,Dieter an MeyScott BiersdorfChristian BischofKai DiethelmDominic EschweilerMichael GerndtAndreas KnüpferDaniel LorenzAllen MalonyWolfgang E. NagelYury OleynikChristian RösselPavel SaviankouDirk SchmidlSameer ShendeMichael WagnerBert WesargFelix Wolf,2011,https://link.springer.com/chapter/10.1007/978-3-642-24025-6_8,Conference paper
Automatic Generation of FPGA-Specific Pipelined Accelerators,"Reconfigurable Computing: Architectures, Tools and Applications",,,,10.1007/978-3-642-19475-7_7,Christophe AliasBogdan PascaAlexandru Plesco,2011,https://link.springer.com/chapter/10.1007/978-3-642-19475-7_7,Conference paper
μ-Profiler: Design and Implementation,Application Analysis Tools for ASIP Design,,,,10.1007/978-1-4419-8255-1_5,Kingshuk KaruriRainer Leupers,2011,https://link.springer.com/chapter/10.1007/978-1-4419-8255-1_5,Chapter
A ROSE-Based OpenMP 3.0 Research Compiler Supporting Multiple Runtime Libraries,"Beyond Loop Level Parallelism in OpenMP: Accelerators, Tasking and More",,,,10.1007/978-3-642-13217-9_2,Chunhua LiaoDaniel J. QuinlanThomas PanasBronis R. de Supinski,2010,https://link.springer.com/chapter/10.1007/978-3-642-13217-9_2,Conference paper
Implementing a GPU Programming Model on a Non-GPU Accelerator Architecture,Computer Architecture,,,,10.1007/978-3-642-24322-6_5,Stephen M. KofskyDaniel R. JohnsonJohn A. StrattonWen-mei W. HwuSanjay J. PatelSteven S. Lumetta,2011,https://link.springer.com/chapter/10.1007/978-3-642-24322-6_5,Conference paper
Multiple Time-Series Prediction through Multiple Time-Series Relationships Profiling and Clustered Recurring Trends,Advances in Knowledge Discovery and Data Mining,,,,10.1007/978-3-642-20847-8_14,Harya WidiputraRussel PearsNikola Kasabov,2011,https://link.springer.com/chapter/10.1007/978-3-642-20847-8_14,Conference paper
Compiling Higher Order Logic by Proof,Design and Verification of Microprocessor Systems for High-Assurance Applications,,,,10.1007/978-1-4419-1539-9_7,Konrad SlindGuodong LiScott Owens,2010,https://link.springer.com/chapter/10.1007/978-1-4419-1539-9_7,Chapter
Support for the Evolution of C++ Generic Functions,Software Language Engineering,,,,10.1007/978-3-642-19440-5_8,Peter PirkelbauerDamian DechevBjarne Stroustrup,2011,https://link.springer.com/chapter/10.1007/978-3-642-19440-5_8,Conference paper
The Commercialization of Smart Fabrics: Intelligent Textiles,Wearable Monitoring Systems,,,,10.1007/978-1-4419-7384-9_13,George KotrotsiosJean Luprano,2011,https://link.springer.com/chapter/10.1007/978-1-4419-7384-9_13,Chapter
Unified Parallel C for GPU Clusters: Language Extensions and Compiler Implementation,Languages and Compilers for Parallel Computing,,,,10.1007/978-3-642-19595-2_11,Li ChenLei LiuShenglin TangLei HuangZheng JingShixiong XuDingfei ZhangBaojiang Shou,2011,https://link.springer.com/chapter/10.1007/978-3-642-19595-2_11,Conference paper
Information Exploration in Search Computing,Search Computing,,,,10.1007/978-3-642-19668-3_2,Alessandro BozzonMarco BrambillaStefano CeriPiero Fraternali,2011,https://link.springer.com/chapter/10.1007/978-3-642-19668-3_2,Chapter
A model checking-based approach for security policy verification of mobile systems,Formal Aspects of Computing,,,,10.1007/s00165-010-0159-y,Chiara BraghinNatasha SharyginaKaterina Barone-Adesi,2010,https://link.springer.com/article/10.1007/s00165-010-0159-y,Article
EASY Meta-programming with Rascal,Generative and Transformational Techniques in Software Engineering III,,,,10.1007/978-3-642-18023-1_6,Paul KlintTijs van der StormJurgen Vinju,2011,https://link.springer.com/chapter/10.1007/978-3-642-18023-1_6,Chapter
PsyToolkit: A software package for programming psychological experiments using Linux,Behavior Research Methods,,,,10.3758/BRM.42.4.1096,Gijsbert Stoet,2010,https://link.springer.com/article/10.3758/BRM.42.4.1096,Article
Real-Time Signaling in SDL,SDL 2011: Integrating System and Software Modeling,,,,10.1007/978-3-642-25264-8_15,Marc KrämerTobias BraunDennis ChristmannReinhard Gotzhein,2011,https://link.springer.com/chapter/10.1007/978-3-642-25264-8_15,Conference paper
Milepost GCC: Machine Learning Enabled Self-tuning Compiler,International Journal of Parallel Programming,,,,10.1007/s10766-010-0161-2,Grigori FursinYuriy KashnikovAbdul Wahid MemonZbigniew ChamskiOlivier TemamMircea NamolaruElad Yom-TovBilha MendelsonAyal ZaksEric CourtoisFrancois BodinPhil BarnardElton AshtonEdwin BonillaJohn ThomsonChristopher K. I. WilliamsMichael O’Boyle,2011,https://link.springer.com/article/10.1007/s10766-010-0161-2,Article
Advanced Theming,The Definitive Guide to Drupal 7,,,,10.1007/978-1-4302-3136-3_16,Jacine Luisi,2011,https://link.springer.com/chapter/10.1007/978-1-4302-3136-3_16,Chapter
Development of a maritime transportation planning support system for car carriers based on genetic algorithm,Applied Intelligence,,,,10.1007/s10489-011-0278-z,Moo Hong KangHyung Rim ChoiHyun Soo KimByung Joo Park,2011,https://link.springer.com/article/10.1007/s10489-011-0278-z,Article
The Transformational Approach to Program Development,A 25-Year Perspective on Logic Programming,,,,10.1007/978-3-642-14309-0_6,Alberto PettorossiMaurizio ProiettiValerio Senni,2010,https://link.springer.com/chapter/10.1007/978-3-642-14309-0_6,Chapter
Context-Bounded Translations for Concurrent Software: An Empirical Evaluation,Model Checking Software,,,,10.1007/978-3-642-16164-3_17,Naghmeh GhafariAlan J. HuZvonimir Rakamarić,2010,https://link.springer.com/chapter/10.1007/978-3-642-16164-3_17,Conference paper
The Economics of Environment Protection,Energy Economics,,,,10.1007/978-0-85729-268-1_23,Subhes C. Bhattacharyya,2011,https://link.springer.com/chapter/10.1007/978-0-85729-268-1_23,Chapter
Source Code Rejuvenation Is Not Refactoring,SOFSEM 2010: Theory and Practice of Computer Science,,,,10.1007/978-3-642-11266-9_53,Peter PirkelbauerDamian DechevBjarne Stroustrup,2010,https://link.springer.com/chapter/10.1007/978-3-642-11266-9_53,Conference paper
The effectiveness of publicity versus advertising: a meta-analytic investigation of its moderators,Journal of the Academy of Marketing Science,,,,10.1007/s11747-010-0224-3,Martin EisendFranziska Küster,2010,https://link.springer.com/article/10.1007/s11747-010-0224-3,Article
memCUDA: Map Device Memory to Host Memory on GPGPU Platform,Network and Parallel Computing,,,,10.1007/978-3-642-15672-4_26,Hai JinBo LiRan ZhengQin ZhangWenbing Ao,2010,https://link.springer.com/chapter/10.1007/978-3-642-15672-4_26,Conference paper
A comparative approach for the investigation of biological information processing: An examination of the structure and function of computer hard drives and DNA,Theoretical Biology and Medical Modelling,,,,10.1186/1742-4682-7-3,David J D'OnofrioGary An,2010,https://link.springer.com/article/10.1186/1742-4682-7-3,Article
Flexible feature binding in software product lines,Automated Software Engineering,,,,10.1007/s10515-011-0080-5,Marko RosenmüllerNorbert SiegmundSven ApelGunter Saake,2011,https://link.springer.com/article/10.1007/s10515-011-0080-5,Article
Transforming flow information during code optimization for timing analysis,Real-Time Systems,,,,10.1007/s11241-010-9091-8,Raimund KirnerPeter PuschnerAdrian Prantl,2010,https://link.springer.com/article/10.1007/s11241-010-9091-8,Article
Aspect-Oriented Implementation of Fault Tolerance: An Assessment of Overhead,"Computer Safety, Reliability, and Security",,,,10.1007/978-3-642-15651-9_34,Ruben AlexanderssonPeter ÖhmanJohan Karlsson,2010,https://link.springer.com/chapter/10.1007/978-3-642-15651-9_34,Conference paper
"Mathematical Modeling Procedures for Airflow, Heat and Mass Transfer During Forced Convection Cooling of Produce: A Review",Food Engineering Reviews,,,,10.1007/s12393-010-9027-z,Jalal DehghannyaMichael NgadiClement Vigneault,2010,https://link.springer.com/article/10.1007/s12393-010-9027-z,Article
A technique for non-invasive application-level checkpointing,The Journal of Supercomputing,,,,10.1007/s11227-010-0383-5,Ritu AroraPurushotham BangaloreMarjan Mernik,2010,https://link.springer.com/article/10.1007/s11227-010-0383-5,Article
Oxidative Stability of Marine Phospholipids in the Liposomal Form and Their Applications,Lipids,,,,10.1007/s11745-010-3496-y,F. S. Henna LuN. S. NielsenM. Timm-HeinrichC. Jacobsen,2010,https://link.springer.com/article/10.1007/s11745-010-3496-y,Article
Surface and Interface Characterization,Springer Handbook of Metrology and Testing,,,,10.1007/978-3-642-16641-9_6,Martin SeahLeonardo De Chiffre,2011,https://link.springer.com/chapter/10.1007/978-3-642-16641-9_6,Chapter
An Extension to Improve OpenMP Tasking Control,"Beyond Loop Level Parallelism in OpenMP: Accelerators, Tasking and More",,,,10.1007/978-3-642-13217-9_5,Eduard AyguadéJames BeyerAlejandro DuranRoger FerrerGrant HaabKelvin LiFederico Massaioli,2010,https://link.springer.com/chapter/10.1007/978-3-642-13217-9_5,Conference paper
Source-Level Support for Timing Analysis,"Leveraging Applications of Formal Methods, Verification, and Validation",,,,10.1007/978-3-642-16561-0_40,Gergö BaranyAdrian Prantl,2010,https://link.springer.com/chapter/10.1007/978-3-642-16561-0_40,Conference paper
Higher order numerical differentiation on the Infinity Computer,Optimization Letters,,,,10.1007/s11590-010-0221-y,Yaroslav D. Sergeyev,2010,https://link.springer.com/article/10.1007/s11590-010-0221-y,Article
Automatically Tuning Parallel and Parallelized Programs,Languages and Compilers for Parallel Computing,,,,10.1007/978-3-642-13374-9_9,Chirag DaveRudolf Eigenmann,2010,https://link.springer.com/chapter/10.1007/978-3-642-13374-9_9,Conference paper
Conversion by Evaluation,Practical Aspects of Declarative Languages,,,,10.1007/978-3-642-11503-5_7,Mathieu Boespflug,2010,https://link.springer.com/chapter/10.1007/978-3-642-11503-5_7,Conference paper
Property-Based Testing - The ProTest Project,Formal Methods for Components and Objects,,,,10.1007/978-3-642-17071-3_13,John DerrickNeil WalkinshawThomas ArtsClara Benac EarleFrancesco CesariniLars-Ake FredlundVictor GuliasJohn HughesSimon Thompson,2010,https://link.springer.com/chapter/10.1007/978-3-642-17071-3_13,Conference paper
Reasoning about Safety and Progress Using Contracts,Formal Methods and Software Engineering,,,,10.1007/978-3-642-16901-4_29,Imene Ben-HafaiedhSusanne GrafSophie Quinton,2010,https://link.springer.com/chapter/10.1007/978-3-642-16901-4_29,Conference paper
Idea: Enforcing Consumer-Specified Security Properties for Modular Software,Engineering Secure Software and Systems,,,,10.1007/978-3-642-11747-3_14,Giacomo A. GalileiVincenzo Gervasi,2010,https://link.springer.com/chapter/10.1007/978-3-642-11747-3_14,Conference paper
ACOTES Project: Advanced Compiler Technologies for Embedded Streaming,International Journal of Parallel Programming,,,,10.1007/s10766-010-0132-7,Harm MunkEduard AyguadéCédric BastoulPaul CarpenterZbigniew ChamskiAlbert CohenMarco CorneroPhilippe DumontMarc DurantonMohammed FellahiRoger FerrerRazya LadelskyMenno LindwerXavier MartorellCupertino MirandaDorit NuzmanAndrea OrnsteinAntoniu PopSebastian PopLouis-Noël PouchetAlex RamírezDavid RódenasErven RohouIra RosenUzi ShvadronKonrad TrifunovićAyal Zaks,2010,https://link.springer.com/article/10.1007/s10766-010-0132-7,Article
Utilization of Lignocellulose-feeding Insects for Viable Biofuels: an Emerging and Promising Area of Entomological Science,Recent Advances in Entomological Research,,,,10.1007/978-3-642-17815-3_25,Jianzhong SunXuguo Joe Zhou,2011,https://link.springer.com/chapter/10.1007/978-3-642-17815-3_25,Chapter
Concurrent and Reactive Constraint Programming,A 25-Year Perspective on Logic Programming,,,,10.1007/978-3-642-14309-0_11,Maurizio GabbrielliCatuscia PalamidessiFrank D. Valencia,2010,https://link.springer.com/chapter/10.1007/978-3-642-14309-0_11,Chapter
One Stack to Run Them All,Model Checking Software,,,,10.1007/978-3-642-16164-3_18,Nicholas KiddSuresh JagannathanJan Vitek,2010,https://link.springer.com/chapter/10.1007/978-3-642-16164-3_18,Conference paper
A Tool Supporting C code Parallelization,Innovations in Computing Sciences and Software Engineering,,,,10.1007/978-90-481-9112-3_44,Ilona BluemkeJoanna Fugas,2010,https://link.springer.com/chapter/10.1007/978-90-481-9112-3_44,Conference paper
Abstract Certification of Global Non-interference in Rewriting Logic,Formal Methods for Components and Objects,,,,10.1007/978-3-642-17071-3_6,Mauricio Alba-CastroMaría AlpuenteSantiago Escobar,2010,https://link.springer.com/chapter/10.1007/978-3-642-17071-3_6,Conference paper
SDL Modules – Concepts and Tool Support,System Analysis and Modeling: About Models,,,,10.1007/978-3-642-21652-7_1,Philipp BeckerMarc Krämer,2011,https://link.springer.com/chapter/10.1007/978-3-642-21652-7_1,Conference paper
Embedding Languages without Breaking Tools,ECOOP 2010 – Object-Oriented Programming,,,,10.1007/978-3-642-14107-2_19,Lukas RenggliTudor GîrbaOscar Nierstrasz,2010,https://link.springer.com/chapter/10.1007/978-3-642-14107-2_19,Conference paper
Domain-Specific Metamodelling Languages for Software Language Engineering,Software Language Engineering,,,,10.1007/978-3-642-12107-4_23,Steffen ZschalerDimitrios S. KolovosNikolaos DrivalosRichard F. PaigeAwais Rashid,2010,https://link.springer.com/chapter/10.1007/978-3-642-12107-4_23,Conference paper
"An application of regional time and magnitude predictable model for long-term earthquake prediction in the vicinity of October 8, 2005 Kashmir Himalaya earthquake",Natural Hazards,,,,10.1007/s11069-010-9519-4,R. B. S. YadavD. ShankerS. ChopraA. P. Singh,2010,https://link.springer.com/article/10.1007/s11069-010-9519-4,Article
A Grammar-Based Approach to Invertible Programs,Programming Languages and Systems,,,,10.1007/978-3-642-11957-6_24,Kazutaka MatsudaShin-Cheng MuZhenjiang HuMasato Takeichi,2010,https://link.springer.com/chapter/10.1007/978-3-642-11957-6_24,Conference paper
JNI Light: An Operational Model for the Core JNI,Programming Languages and Systems,,,,10.1007/978-3-642-17164-2_9,Gang Tan,2010,https://link.springer.com/chapter/10.1007/978-3-642-17164-2_9,Conference paper
Beyond loop bounds: comparing annotation languages for worst-case execution time analysis,Software & Systems Modeling,,,,10.1007/s10270-010-0161-0,Raimund KirnerJens KnoopAdrian PrantlMarkus SchordanAlbrecht Kadlec,2010,https://link.springer.com/article/10.1007/s10270-010-0161-0,Article
Extending OpenMP for Agent Based DSM on GRID,Innovations in Computing Sciences and Software Engineering,,,,10.1007/978-90-481-9112-3_45,Mahdi S. HaghighiM. Hadi ZahediA Mustafa GhazizadehFarnad Ahangary,2010,https://link.springer.com/chapter/10.1007/978-90-481-9112-3_45,Conference paper
Offload – Automating Code Migration to Heterogeneous Multicore Systems,High Performance Embedded Architectures and Compilers,,,,10.1007/978-3-642-11515-8_25,Pete CooperUwe DolinskyAlastair F. DonaldsonAndrew RichardsColin RileyGeorge Russell,2010,https://link.springer.com/chapter/10.1007/978-3-642-11515-8_25,Conference paper
Python 3000,Pro Python,,,,10.1007/978-1-4302-2758-8_17,Guido van Rossum,2010,https://link.springer.com/chapter/10.1007/978-1-4302-2758-8_17,Chapter
Encoding Ownership Types in Java,"Objects, Models, Components, Patterns",,,,10.1007/978-3-642-13953-6_15,Nicholas CameronJames Noble,2010,https://link.springer.com/chapter/10.1007/978-3-642-13953-6_15,Conference paper
Deforesting Logical Form,The Mathematics of Language,,,,10.1007/978-3-642-14322-9_2,Zhong ChenJohn T. Hale,2010,https://link.springer.com/chapter/10.1007/978-3-642-14322-9_2,Conference paper
Automatic C-to-CUDA Code Generation for Affine Programs,Compiler Construction,,,,10.1007/978-3-642-11970-5_14,Muthu Manikandan BaskaranJ. RamanujamP. Sadayappan,2010,https://link.springer.com/chapter/10.1007/978-3-642-11970-5_14,Conference paper
Topology-Aware OpenMP Process Scheduling,"Beyond Loop Level Parallelism in OpenMP: Accelerators, Tasking and More",,,,10.1007/978-3-642-13217-9_8,Peter ThomanHans MoritschThomas Fahringer,2010,https://link.springer.com/chapter/10.1007/978-3-642-13217-9_8,Conference paper
Unrolling Loops Containing Task Parallelism,Languages and Compilers for Parallel Computing,,,,10.1007/978-3-642-13374-9_30,Roger FerrerAlejandro DuranXavier MartorellEduard Ayguadé,2010,https://link.springer.com/chapter/10.1007/978-3-642-13374-9_30,Conference paper
Overall Framework for Exploration,Ultra-Low Energy Domain-Specific Instruction-Set Processors,,,,10.1007/978-90-481-9528-2_4,Francky CatthoorPraveen RaghavanAndy LambrechtsMurali JayapalaAngeliki KritikakouJaved Absar,2010,https://link.springer.com/chapter/10.1007/978-90-481-9528-2_4,Chapter
Static detection of application backdoors,Datenschutz und Datensicherheit - DuD,,,,10.1007/s11623-010-0024-4,Chris WysopalChris EngTyler Shields,2010,https://link.springer.com/article/10.1007/s11623-010-0024-4,Article
OpenMP compiler for distributed memory architectures,Science China Information Sciences,,,,10.1007/s11432-010-0074-0,Jue WangChangJun HuJiLin ZhangJianJiang Li,2010,https://link.springer.com/article/10.1007/s11432-010-0074-0,Article
Towards Preserving Model Coverage and Structural Code Coverage,EURASIP Journal on Embedded Systems,,,,10.1155/2009/127945,Raimund Kirner,2009,https://link.springer.com/article/10.1155/2009/127945,Article
A survey of new trends in symbolic execution for software testing and analysis,International Journal on Software Tools for Technology Transfer,,,,10.1007/s10009-009-0118-1,Corina S. PăsăreanuWillem Visser,2009,https://link.springer.com/article/10.1007/s10009-009-0118-1,Article
Region-based parallelization of irregular reductions on&#xa0;explicitly managed memory hierarchies,The Journal of Supercomputing,,,,10.1007/s11227-009-0340-3,Seonggun KimHwansoo HanKwang-Moo Choe,2009,https://link.springer.com/article/10.1007/s11227-009-0340-3,Article
PARBLO: Page-Allocation-Based DRAM Row Buffer Locality Optimization,Journal of Computer Science and Technology,,,,10.1007/s11390-009-9297-1,Wei MiXiao-Bing FengYao-Cang JiaLi ChenJing-Ling Xue,2009,https://link.springer.com/article/10.1007/s11390-009-9297-1,Article
Liberal Typing for Functional Logic Programs,Programming Languages and Systems,,,,10.1007/978-3-642-17164-2_7,Francisco López-FraguasEnrique Martin-MartinJuan Rodríguez-Hortalá,2010,https://link.springer.com/chapter/10.1007/978-3-642-17164-2_7,Conference paper
Reducing concurrent analysis under a context bound to&#xa0;sequential analysis,Formal Methods in System Design,,,,10.1007/s10703-009-0078-9,Akash LalThomas Reps,2009,https://link.springer.com/article/10.1007/s10703-009-0078-9,Article
A Proposal for User-Defined Reductions in OpenMP,"Beyond Loop Level Parallelism in OpenMP: Accelerators, Tasking and More",,,,10.1007/978-3-642-13217-9_4,Alejandro DuranRoger FerrerMichael KlemmBronis R. de SupinskiEduard Ayguadé,2010,https://link.springer.com/chapter/10.1007/978-3-642-13217-9_4,Conference paper
Estimating and Exploiting Potential Parallelism by Source-Level Dependence Profiling,Euro-Par 2010 - Parallel Processing,,,,10.1007/978-3-642-15277-1_4,Jonathan MakKarl-Filip FaxénSverker JansonAlan Mycroft,2010,https://link.springer.com/chapter/10.1007/978-3-642-15277-1_4,Conference paper
"Historical trace metal loading to a large river recorded in the sediments of Lake St. Croix, USA",Journal of Paleolimnology,,,,10.1007/s10933-010-9434-4,Steven J. BaloghLaura D. TriplettDaniel R. EngstromYabing H. Nollet,2010,https://link.springer.com/article/10.1007/s10933-010-9434-4,Article
A scheduler synthesis methodology for joint SW/HW design exploration of SoC,Design Automation for Embedded Systems,,,,10.1007/s10617-010-9051-5,Ismail AssayadSergio Yovine,2010,https://link.springer.com/article/10.1007/s10617-010-9051-5,Article
Secure Code Generation for Web Applications,Engineering Secure Software and Systems,,,,10.1007/978-3-642-11747-3_8,Martin JohnsChristian BeyerleinRosemaria GieseckeJoachim Posegga,2010,https://link.springer.com/chapter/10.1007/978-3-642-11747-3_8,Conference paper
Compilation of Polychronous Data Flow Equations,Synthesis of Embedded Software,,,,10.1007/978-1-4419-6400-7_1,Loïc BesnardThierry GautierPaul Le GuernicJean-Pierre Talpin,2010,https://link.springer.com/chapter/10.1007/978-1-4419-6400-7_1,Chapter
Integration of FlexRay into the SDL-Model-Driven Development Approach,System Analysis and Modeling: About Models,,,,10.1007/978-3-642-21652-7_4,Tobias BraunReinhard GotzheinMatthias Wiebel,2011,https://link.springer.com/chapter/10.1007/978-3-642-21652-7_4,Conference paper
Crowdsourced Web Augmentation: A Security Model,Web Information Systems Engineering – WISE 2010,,,,10.1007/978-3-642-17616-6_27,Cristóbal ArellanoOscar DíazJon Iturrioz,2010,https://link.springer.com/chapter/10.1007/978-3-642-17616-6_27,Conference paper
From Dust Astrophysics Towards Dust Mineralogy – A Historical Review,Astromineralogy,,,,10.1007/978-3-642-13259-9_1,J. Dorschner,2010,https://link.springer.com/chapter/10.1007/978-3-642-13259-9_1,Chapter
OSCAR API for Real-Time Low-Power Multicores and Its Performance on Multicores and SMP Servers,Languages and Compilers for Parallel Computing,,,,10.1007/978-3-642-13374-9_13,Keiji KimuraMasayoshi MaseHiroki MikamiTakamichi MiyamotoJun ShirakoHironori Kasahara,2010,https://link.springer.com/chapter/10.1007/978-3-642-13374-9_13,Conference paper
On-the-fly Inlining of Dynamic Security Monitors,Security and Privacy – Silver Linings in the Cloud,,,,10.1007/978-3-642-15257-3_16,Jonas MagaziniusAlejandro RussoAndrei Sabelfeld,2010,https://link.springer.com/chapter/10.1007/978-3-642-15257-3_16,Conference paper
"Synchrotron peak luminosity, black hole mass and Eddington ratio for SDSS flat-spectrum radio quasars","Science China Physics, Mechanics and Astronomy",,,,10.1007/s11433-010-0058-5,MinFeng GuZhaoYu Chen,2010,https://link.springer.com/article/10.1007/s11433-010-0058-5,Article
Hardware Support for OpenMP Collective Operations,Languages and Compilers for Parallel Computing,,,,10.1007/978-3-642-13374-9_3,Soohong P. KimSamuel P. MidkiffHenry G. Dietz,2010,https://link.springer.com/chapter/10.1007/978-3-642-13374-9_3,Conference paper
Stream Programming for FPGAs,Languages for Embedded Systems and their Applications,,,,10.1007/978-1-4020-9714-0_16,Franjo PlavecZvonko VranesicStephen Brown,2009,https://link.springer.com/chapter/10.1007/978-1-4020-9714-0_16,Chapter
Hybrid Parallel Programming on SMP Clusters Using XPFortran and OpenMP,"Beyond Loop Level Parallelism in OpenMP: Accelerators, Tasking and More",,,,10.1007/978-3-642-13217-9_11,Yuanyuan ZhangHidetoshi IwashitaKuninori IshiiMasanori KanekoTomotake NakamuraKohichiro Hotta,2010,https://link.springer.com/chapter/10.1007/978-3-642-13217-9_11,Conference paper
Performance Tuning of x86 OpenMP Codes with MAQAO,Tools for High Performance Computing 2009,,,,10.1007/978-3-642-11261-4_7,Denis BarthouAndres Charif RubialWilliam JalbySouad KoliaiCédric Valensi,2010,https://link.springer.com/chapter/10.1007/978-3-642-11261-4_7,Conference paper
Power Shifts: From League to Union,Rugby Union and Globalization,,,,10.1057/9780230289710_4,John Harris,2010,https://link.springer.com/chapter/10.1057/9780230289710_4,Chapter
The Polyhedral Model Is More Widely Applicable Than You Think,Compiler Construction,,,,10.1007/978-3-642-11970-5_16,Mohamed-Walid BenabderrahmaneLouis-Noël PouchetAlbert CohenCédric Bastoul,2010,https://link.springer.com/chapter/10.1007/978-3-642-11970-5_16,Conference paper
Towards Just-In-Time Partial Evaluation of Prolog,Logic-Based Program Synthesis and Transformation,,,,10.1007/978-3-642-12592-8_12,Carl Friedrich BolzMichael LeuschelArmin Rigo,2010,https://link.springer.com/chapter/10.1007/978-3-642-12592-8_12,Conference paper
From Multiwavelength to Mass Scaling: Accretion and Ejection in Microquasars and AGN,The Jet Paradigm,,,,10.1007/978-3-540-76937-8_6,S. Markoff,2010,https://link.springer.com/chapter/10.1007/978-3-540-76937-8_6,Chapter
In Vitro Tissue Engineering of Hyaline Articular Cartilage,Articular Cartilage Tissue Engineering,,,,10.1007/978-3-031-02578-5_3,Kyriacos A. AthanasiouEric M. DarlingJerry C. Hu,2010,https://link.springer.com/chapter/10.1007/978-3-031-02578-5_3,Chapter
Adjoint code generator,Science in China Series F: Information Sciences,,,,10.1007/s11432-009-0098-5,Qiang ChengJianWen CaoBin WangHaiBin Zhang,2009,https://link.springer.com/article/10.1007/s11432-009-0098-5,Article
WebAppArmor: A Framework for Robust Prevention of Attacks on Web Applications (Invited Paper),Information Systems Security,,,,10.1007/978-3-642-17714-9_2,V. N. VenkatakrishnanPrithvi BishtMike Ter LouwMichelle ZhouKalpana GondiKarthik Thotta Ganesh,2010,https://link.springer.com/chapter/10.1007/978-3-642-17714-9_2,Conference paper
Language Boxes,Software Language Engineering,,,,10.1007/978-3-642-12107-4_20,Lukas RenggliMarcus DenkerOscar Nierstrasz,2010,https://link.springer.com/chapter/10.1007/978-3-642-12107-4_20,Conference paper
Application of the Near Miss Strategy and Edit Distance to Handle Dirty Data,Data Engineering,,,,10.1007/978-1-4419-0176-7_5,Cihan VarolCoskun BayrakRick WagnerDana Goff,2009,https://link.springer.com/chapter/10.1007/978-1-4419-0176-7_5,Chapter
Ctuning: A reuse distance based cache performance tuning tool,Journal of Electronics (China),,,,10.1007/s11767-008-0023-x,Xiong FuRuchuan Wang,2009,https://link.springer.com/article/10.1007/s11767-008-0023-x,Article
Agent-Supported Programming of Multicore Computing Systems,Complex Intelligent Systems and Their Applications,,,,10.1007/978-1-4419-1636-5_10,Sabri PllanaSiegfried BenknerEduard MehoferLasse NatvigFatos Xhafa,2010,https://link.springer.com/chapter/10.1007/978-1-4419-1636-5_10,Chapter
The Dubious Strait,Practicing Memory in Central American Literature,,,,10.1057/9780230106253_2,Nicole Caso,2010,https://link.springer.com/chapter/10.1057/9780230106253_2,Chapter
A Mediator-Based Approach to Resolving Interface Heterogeneity of Web Services,Emerging Web Services Technology Volume III,,,,10.1007/978-3-0346-0104-7_4,Philipp LeitnerFlorian RosenbergAnton MichlmayrAndreas HuberSchahram Dustdar,2010,https://link.springer.com/chapter/10.1007/978-3-0346-0104-7_4,Conference paper
Extending Automatic Parallelization to Optimize High-Level Abstractions for Multicore,Evolving OpenMP in an Age of Extreme Parallelism,,,,10.1007/978-3-642-02303-3_3,Chunhua LiaoDaniel J. QuinlanJeremiah J. WillcockThomas Panas,2009,https://link.springer.com/chapter/10.1007/978-3-642-02303-3_3,Conference paper
Program Metamorphosis,ECOOP 2009 – Object-Oriented Programming,,,,10.1007/978-3-642-03013-0_18,Christoph ReichenbachDevin CoughlinAmer Diwan,2009,https://link.springer.com/chapter/10.1007/978-3-642-03013-0_18,Conference paper
"Volcanoes, Earthquakes, and Tsunamis",The Illustrated History of Natural Disasters,,,,10.1007/978-90-481-3325-3_2,,2010,https://link.springer.com/chapter/10.1007/978-90-481-3325-3_2,Chapter
Development of Al-based multilayer optics for EUV,Applied Physics A,,,,10.1007/s00339-009-5445-2,E. MeltchakovC. HecquetM. RoulliayS. De RossiY. MenesguenA. JéromeF. BridouF. VarniereM.-F. Ravet-KrillF. Delmotte,2009,https://link.springer.com/article/10.1007/s00339-009-5445-2,Article
VCC: A Practical System for Verifying Concurrent C,Theorem Proving in Higher Order Logics,,,,10.1007/978-3-642-03359-9_2,Ernie CohenMarkus DahlweidMark HillebrandDirk LeinenbachMichał MoskalThomas SantenWolfram SchulteStephan Tobies,2009,https://link.springer.com/chapter/10.1007/978-3-642-03359-9_2,Conference paper
Exploiting Locality on the Cell/B.E. through Bypassing,"Embedded Computer Systems: Architectures, Modeling, and Simulation",,,,10.1007/978-3-642-03138-0_35,Pieter BellensJosep M. PerezRosa M. BadiaJesus Labarta,2009,https://link.springer.com/chapter/10.1007/978-3-642-03138-0_35,Conference paper
Environmental Impact of Genetically Modified Maize Expressing Cry1 Proteins,Genetic Modification of Plants,,,,10.1007/978-3-642-02391-0_27,Detlef BartschYann DevosRosie HailsJozsef KissPaul Henning KroghSylvie MestdaghMarco NutiAngela SessitschJeremy SweetAchim Gathmann,2010,https://link.springer.com/chapter/10.1007/978-3-642-02391-0_27,Chapter
Unit Testing for Domain-Specific Languages,Domain-Specific Languages,,,,10.1007/978-3-642-03034-5_7,Hui WuJeff GrayMarjan Mernik,2009,https://link.springer.com/chapter/10.1007/978-3-642-03034-5_7,Conference paper
Parsing C/C++ Code without Pre-processing,Compiler Construction,,,,10.1007/978-3-642-00722-4_9,Yoann Padioleau,2009,https://link.springer.com/chapter/10.1007/978-3-642-00722-4_9,Conference paper
Probabilistic Inductive Querying Using ProbLog,Inductive Databases and Constraint-Based Data Mining,,,,10.1007/978-1-4419-7738-0_10,Luc De RaedtAngelika KimmigBernd GutmannKristian KerstingVítor Santos CostaHannu Toivonen,2010,https://link.springer.com/chapter/10.1007/978-1-4419-7738-0_10,Chapter
Static and Precise Detection of Concurrency Errors in Systems Code Using SMT Solvers,Computer Aided Verification,,,,10.1007/978-3-642-02658-4_38,Shuvendu K. LahiriShaz QadeerZvonimir Rakamarić,2009,https://link.springer.com/chapter/10.1007/978-3-642-02658-4_38,Conference paper
Methods in Trauma Biomechanics,Trauma Biomechanics,,,,10.1007/978-3-642-03713-9_2,Kai-Uwe SchmittPeter F. NiedererMarkus H. MuserFelix Walz,2010,https://link.springer.com/chapter/10.1007/978-3-642-03713-9_2,Chapter
Laser–Plasma Interactions,Laser Processing of Materials,,,,10.1007/978-3-642-13281-0_4,Ion N. MihailescuJörg Hermann,2010,https://link.springer.com/chapter/10.1007/978-3-642-13281-0_4,Chapter
Model-Driven Engineering Meets Generic Language Technology,Software Language Engineering,,,,10.1007/978-3-642-00434-6_2,M. G. J. van den Brand,2009,https://link.springer.com/chapter/10.1007/978-3-642-00434-6_2,Conference paper
Renal Dysfunction in Chronic Liver Disease,Intensive Care Medicine,,,,10.1007/978-1-4419-5562-3_33,A. SlackA. YeomanJ. Wendon,2010,https://link.springer.com/chapter/10.1007/978-1-4419-5562-3_33,Conference paper
Experimental evaluation of a tool for the verification and transformation of source code in event-driven systems,Empirical Software Engineering,,,,10.1007/s10664-009-9107-y,Gürcan GüleşirKlaas van den BergLodewijk BergmansMehmet Akşit,2009,https://link.springer.com/article/10.1007/s10664-009-9107-y,Article
"Hiding Communication Latency with Non-SPMD, Graph-Based Execution",Computational Science – ICCS 2009,,,,10.1007/978-3-642-01970-8_16,Jacob SorensenScott B. Baden,2009,https://link.springer.com/chapter/10.1007/978-3-642-01970-8_16,Conference paper
Application of time- and magnitude-predictable model in the Central Himalaya and vicinity for estimation of seismic hazard,Acta Geodaetica et Geophysica Hungarica,,,,10.1556/AGeod.44.2009.2.8,H. PaudyalD. ShankerH. N. SinghV. P. Singh,2009,https://link.springer.com/article/10.1556/AGeod.44.2009.2.8,Article
"Experimental study of partitioning of tantalum, niobium, manganese, and fluorine between aqueous fluoride fluid and granitic and alkaline melts",Doklady Earth Sciences,,,,10.1134/S1028334X09050341,G. P. BorodulinV. Yu. ChevychelovG. P. Zaraysky,2009,https://link.springer.com/article/10.1134/S1028334X09050341,Article
Semi-formal Models to Support Program Development: Autonomic Management within Component Based Parallel and Distributed Programming,Formal Methods for Components and Objects,,,,10.1007/978-3-642-04167-9_11,M. AldinucciM. DaneluttoP. Kilpatrick,2009,https://link.springer.com/chapter/10.1007/978-3-642-04167-9_11,Conference paper
Reading the tea leaves in an intelligent Coffee Corner: Challenges for understanding behavior,Behavior Research Methods,,,,10.3758/BRM.41.3.820,Ingrid MulderGabriele LenziniMortaza S. BarghBob Hulsebosch,2009,https://link.springer.com/article/10.3758/BRM.41.3.820,Article
"Isolating JavaScript with Filters, Rewriting, and Wrappers",Computer Security – ESORICS 2009,,,,10.1007/978-3-642-04444-1_31,Sergio MaffeisJohn C. MitchellAnkur Taly,2009,https://link.springer.com/chapter/10.1007/978-3-642-04444-1_31,Conference paper
Elucidating Raw Material Variability—Importance of Surface Properties and Functionality in Pharmaceutical Powders,AAPS PharmSciTech,,,,10.1208/s12249-009-9267-5,Sai P. ChamarthyRodolfo PinalM. Teresa Carvajal,2009,https://link.springer.com/article/10.1208/s12249-009-9267-5,Article
A Proposal to Extend the OpenMP Tasking Model with Dependent Tasks,International Journal of Parallel Programming,,,,10.1007/s10766-009-0101-1,Alejandro DuranRoger FerrerEduard AyguadéRosa M. BadiaJesus Labarta,2009,https://link.springer.com/article/10.1007/s10766-009-0101-1,Article
"Host plant volatiles serve to increase the response of male European grape berry moths, <i>Eupoecilia ambiguella,</i> to their sex pheromone",Journal of Comparative Physiology A,,,,10.1007/s00359-009-0464-1,Daniela Schmidt-BüsserMartin von ArxPatrick M. Guerin,2009,https://link.springer.com/article/10.1007/s00359-009-0464-1,Article
Verifying Information Flow Control over Unbounded Processes,FM 2009: Formal Methods,,,,10.1007/978-3-642-05089-3_49,William R. HarrisNicholas A. KiddSagar ChakiSomesh JhaThomas Reps,2009,https://link.springer.com/chapter/10.1007/978-3-642-05089-3_49,Conference paper
Session-Based Compilation Framework for Multicore Programming,Formal Methods for Components and Objects,,,,10.1007/978-3-642-04167-9_12,Nobuko YoshidaVasco VasconcelosHervé PaulinoKohei Honda,2009,https://link.springer.com/chapter/10.1007/978-3-642-04167-9_12,Conference paper
A Transformational Approach to Polyvariant BTA of Higher-Order Functional Programs,Logic-Based Program Synthesis and Transformation,,,,10.1007/978-3-642-00515-2_4,Gustavo ArroyoJ. Guadalupe RamosSalvador TamaritGermán Vidal,2009,https://link.springer.com/chapter/10.1007/978-3-642-00515-2_4,Conference paper
Remote Batch Invocation for Compositional Object Services,ECOOP 2009 – Object-Oriented Programming,,,,10.1007/978-3-642-03013-0_27,Ali IbrahimYang JiaoEli TilevichWilliam R. Cook,2009,https://link.springer.com/chapter/10.1007/978-3-642-03013-0_27,Conference paper
Live Debugging of Distributed Systems,Compiler Construction,,,,10.1007/978-3-642-00722-4_8,Darren DaoJeannie AlbrechtCharles KillianAmin Vahdat,2009,https://link.springer.com/chapter/10.1007/978-3-642-00722-4_8,Conference paper
An Empirical Study of Structural Constraint Solving Techniques,Formal Methods and Software Engineering,,,,10.1007/978-3-642-10373-5_5,Junaid Haroon SiddiquiSarfraz Khurshid,2009,https://link.springer.com/chapter/10.1007/978-3-642-10373-5_5,Conference paper
Building Secure Resources to Ensure Safe Computations in Distributed and Potentially Corrupted Environments,Euro-Par 2008 Workshops - Parallel Processing,,,,10.1007/978-3-642-00955-6_26,Sebastien VarretteJean-Louis RochGuillaume DucRonan Keryell,2009,https://link.springer.com/chapter/10.1007/978-3-642-00955-6_26,Conference paper
Analyzing the Politics of Health Care: Let’s Buy Ourselves Some Civilization,Journal of Business Ethics,,,,10.1007/s10551-009-0137-6,Bill ShawJessica A. Magaldi,2009,https://link.springer.com/article/10.1007/s10551-009-0137-6,Article
Prediction and Integration of Regulatory and Protein–Protein Interactions,Computational Systems Biology,,,,10.1007/978-1-59745-243-4_6,Duangdao WichadakulJason McDermottRam Samudrala,2009,https://link.springer.com/chapter/10.1007/978-1-59745-243-4_6,Protocol
Sequential equivalence checking between system level and RTL descriptions,Design Automation for Embedded Systems,,,,10.1007/s10617-008-9033-z,Shobha VasudevanVinod ViswanathJacob A. AbrahamJiaJin Tu,2008,https://link.springer.com/article/10.1007/s10617-008-9033-z,Article
XJava: Exploiting Parallelism with Object-Oriented Stream Programming,Euro-Par 2009 Parallel Processing,,,,10.1007/978-3-642-03869-3_81,Frank OttoVictor PankratiusWalter F. Tichy,2009,https://link.springer.com/chapter/10.1007/978-3-642-03869-3_81,Conference paper
A Skeletal Parallel Framework with Fusion Optimizer for GPGPU Programming,Programming Languages and Systems,,,,10.1007/978-3-642-10672-9_8,Shigeyuki SatoHideya Iwasaki,2009,https://link.springer.com/chapter/10.1007/978-3-642-10672-9_8,Conference paper
Simon Peyton Jones,Coders at Work,,,,10.1007/978-1-4302-1949-1_7,Peter Seibel,2009,https://link.springer.com/chapter/10.1007/978-1-4302-1949-1_7,Chapter
A Generic and Configurable Source-Code Instrumentation Component,Computational Science – ICCS 2009,,,,10.1007/978-3-642-01973-9_78,Markus GeimerSameer S. ShendeAllen D. MalonyFelix Wolf,2009,https://link.springer.com/chapter/10.1007/978-3-642-01973-9_78,Conference paper
Component-Based Construction of Heterogeneous Real-Time Systems in Bip,Applications and Theory of Petri Nets,,,,10.1007/978-3-642-02424-5_1,Joseph Sifakis,2009,https://link.springer.com/chapter/10.1007/978-3-642-02424-5_1,Conference paper
Resource Usage Analysis and Its Application to Resource Certification,Foundations of Security Analysis and Design V,,,,10.1007/978-3-642-03829-7_9,Elvira AlbertPuri ArenasSamir GenaimGermán PueblaDamiano Zanardini,2009,https://link.springer.com/chapter/10.1007/978-3-642-03829-7_9,Chapter
Algorithms for Automatically Computing the Causal Paths of Failures,Fundamental Approaches to Software Engineering,,,,10.1007/978-3-642-00593-0_24,William N. SumnerXiangyu Zhang,2009,https://link.springer.com/chapter/10.1007/978-3-642-00593-0_24,Conference paper
An Extension of the StarSs Programming Model for Platforms with Multiple GPUs,Euro-Par 2009 Parallel Processing,,,,10.1007/978-3-642-03869-3_79,Eduard AyguadéRosa M. BadiaFrancisco D. IgualJesús LabartaRafael MayoEnrique S. Quintana-Ortí,2009,https://link.springer.com/chapter/10.1007/978-3-642-03869-3_79,Conference paper
"Code Optimization with Mike Lee, the “World’s Toughest Programmer”",iPhone Games Projects,,,,10.1007/978-1-4302-1969-9_7,Mike Lee,2009,https://link.springer.com/chapter/10.1007/978-1-4302-1969-9_7,Chapter
A Model Engineering Approach to Tool Interoperability,Software Language Engineering,,,,10.1007/978-3-642-00434-6_12,Yu SunZekai DemirezenFrédéric JouaultRobert TairasJeff Gray,2009,https://link.springer.com/chapter/10.1007/978-3-642-00434-6_12,Conference paper
AN-Encoding Compiler: Building Safety-Critical Systems with Commodity Hardware,"Computer Safety, Reliability, and Security",,,,10.1007/978-3-642-04468-7_23,Christof FetzerUte SchiffelMartin Süßkraut,2009,https://link.springer.com/chapter/10.1007/978-3-642-04468-7_23,Conference paper
On the implementation of automatic differentiation tools,Higher-Order and Symbolic Computation,,,,10.1007/s10990-008-9034-4,Christian H. BischofPaul D. HovlandBoyana Norris,2008,https://link.springer.com/article/10.1007/s10990-008-9034-4,Article
Design Methodology for Embedded Computer Vision Systems,Embedded Computer Vision,,,,10.1007/978-1-84800-304-0_2,Sankalita SahaShuvra S. Bhattacharyya,2009,https://link.springer.com/chapter/10.1007/978-1-84800-304-0_2,Chapter
Spatial Design,Dynamic System Reconfiguration in Heterogeneous Platforms,,,,10.1007/978-90-481-2427-5_13,Loic LagadecDamien PicardBernard Pottier,2009,https://link.springer.com/chapter/10.1007/978-90-481-2427-5_13,Chapter
Automatic Differentiation of FLOWer and MUGRIDO,MEGADESIGN and MegaOpt - German Initiatives for Aerodynamic Simulation and Optimization in Aircraft Design,,,,10.1007/978-3-642-04093-1_16,Ralf GieringThomas KaminskiBernhard EisfeldNicolas GaugerJochen RaddatzLars Reimer,2009,https://link.springer.com/chapter/10.1007/978-3-642-04093-1_16,Conference paper
Hastening Slowly: European Union Studies — Between Reinvention and Continuing Fragmentation,Research Agendas in EU Studies,,,,10.1057/9780230279445_17,William E. PatersonNeill NugentMichelle Egan,2010,https://link.springer.com/chapter/10.1057/9780230279445_17,Chapter
The Abstract Streaming Machine: Compile-Time Performance Modelling of Stream Programs on Heterogeneous Multiprocessors,"Embedded Computer Systems: Architectures, Modeling, and Simulation",,,,10.1007/978-3-642-03138-0_3,Paul M. CarpenterAlex RamirezEduard Ayguade,2009,https://link.springer.com/chapter/10.1007/978-3-642-03138-0_3,Conference paper
Dynamic Symbolic Execution for Testing Distributed Objects,Tests and Proofs,,,,10.1007/978-3-642-02949-3_9,Andreas GriesmayerBernhard AichernigEinar Broch JohnsenRudolf Schlatte,2009,https://link.springer.com/chapter/10.1007/978-3-642-02949-3_9,Conference paper
JCUDA: A Programmer-Friendly Interface for Accelerating Java Programs with CUDA,Euro-Par 2009 Parallel Processing,,,,10.1007/978-3-642-03869-3_82,Yonghong YanMax GrossmanVivek Sarkar,2009,https://link.springer.com/chapter/10.1007/978-3-642-03869-3_82,Conference paper
Details by Others,Handbook of Detailing,,,,10.1007/978-3-211-99135-0_12,Ralph W. Liebing,2009,https://link.springer.com/chapter/10.1007/978-3-211-99135-0_12,Chapter
Recent Progress in the VLBI2010 Development,Observing our Changing Earth,,,,10.1007/978-3-540-85426-5_96,D BehrendJ BöhmP CharlotT ClarkB CoreyJ GipsonR HaasY KoyamaD MacMillanZ MalkinA NiellT NilssonB PetrachenkoA RogersG TuccariJ Wresnik,2009,https://link.springer.com/chapter/10.1007/978-3-540-85426-5_96,Conference paper
Complete Def-Use Analysis in Recursive Programs with Dynamic Data Structures,Euro-Par 2008 Workshops - Parallel Processing,,,,10.1007/978-3-642-00955-6_32,R. CastilloF. CorberaA. NavarroR. AsenjoE. L. Zapata,2009,https://link.springer.com/chapter/10.1007/978-3-642-00955-6_32,Conference paper
An Exploratory Study for Identifying and Implementing Concerns in Integer Programming,Transactions on Aspect-Oriented Software Development V,,,,10.1007/978-3-642-02059-9_2,Norelva NiñoChristiane MetznerAlejandro CremaEliezer Correa,2009,https://link.springer.com/chapter/10.1007/978-3-642-02059-9_2,Chapter
Towards an Intelligent Environment for Programming Multi-core Computing Systems,Euro-Par 2008 Workshops - Parallel Processing,,,,10.1007/978-3-642-00955-6_19,Sabri PllanaSiegfried BenknerEduard MehoferLasse NatvigFatos Xhafa,2009,https://link.springer.com/chapter/10.1007/978-3-642-00955-6_19,Conference paper
Finding Concurrency-Related Bugs Using Random Isolation,"Verification, Model Checking, and Abstract Interpretation",,,,10.1007/978-3-540-93900-9_18,Nicholas KiddThomas RepsJulian DolbyMandana Vaziri,2008,https://link.springer.com/chapter/10.1007/978-3-540-93900-9_18,Conference paper
Genesys: service-oriented construction of property conform code generators,Innovations in Systems and Software Engineering,,,,10.1007/s11334-008-0071-2,Sven JörgesTiziana MargariaBernhard Steffen,2008,https://link.springer.com/article/10.1007/s11334-008-0071-2,Article
Attributed Data for CHR Indexing,Logic Programming,,,,10.1007/978-3-642-02846-5_30,Beata Sarna-StarostaTom Schrijvers,2009,https://link.springer.com/chapter/10.1007/978-3-642-02846-5_30,Conference paper
Lebanon’s Militia Wars,Lebanon,,,,10.1057/9780230622432_4,Tony Badran,2009,https://link.springer.com/chapter/10.1057/9780230622432_4,Chapter
An investigation of Jones optimality and BTI-universal specializers,Higher-Order and Symbolic Computation,,,,10.1007/s10990-008-9033-5,Robert Glück,2008,https://link.springer.com/article/10.1007/s10990-008-9033-5,Article
Tile Reduction: The First Step towards Tile Aware Parallelization in OpenMP,Evolving OpenMP in an Age of Extreme Parallelism,,,,10.1007/978-3-642-02303-3_12,Ge GanXu WangJoseph ManzanoGuang R. Gao,2009,https://link.springer.com/chapter/10.1007/978-3-642-02303-3_12,Conference paper
Tile Percolation: An OpenMP Tile Aware Parallelization Technique for the Cyclops-64 Multicore Processor,Euro-Par 2009 Parallel Processing,,,,10.1007/978-3-642-03869-3_78,Ge GanXu WangJoseph ManzanoGuang R. Gao,2009,https://link.springer.com/chapter/10.1007/978-3-642-03869-3_78,Conference paper
Faster Scannerless GLR Parsing,Compiler Construction,,,,10.1007/978-3-642-00722-4_10,Giorgios EconomopoulosPaul KlintJurgen Vinju,2009,https://link.springer.com/chapter/10.1007/978-3-642-00722-4_10,Conference paper
Annotation Algorithms for Unrestricted Independent And-Parallelism in Logic Programs,Logic-Based Program Synthesis and Transformation,,,,10.1007/978-3-540-78769-3_10,Amadeo CasasManuel CarroManuel V. Hermenegildo,2008,https://link.springer.com/chapter/10.1007/978-3-540-78769-3_10,Conference paper
Nebelung: Execution Environment for Transactional OpenMP,International Journal of Parallel Programming,,,,10.1007/s10766-008-0073-6,Miloš MilovanovićRoger FerrerVladimir GajinovOsman S. UnsalAdrian CristalEduard AyguadéMateo Valero,2008,https://link.springer.com/article/10.1007/s10766-008-0073-6,Article
Aggregates for CHR through Program Transformation,Logic-Based Program Synthesis and Transformation,,,,10.1007/978-3-540-78769-3_5,Peter Van WeertJon SneyersBart Demoen,2008,https://link.springer.com/chapter/10.1007/978-3-540-78769-3_5,Conference paper
Application of Value-Focused Process Engineering to HRM Context,Value-Focused Business Process Engineering : a Systems Approach,,,,10.1007/978-0-387-09521-9_8,Dina NeigerLeonid ChurilovAndrew Flitman,2009,https://link.springer.com/chapter/10.1007/978-0-387-09521-9_8,Chapter
Slicing for Security of Code,Trusted Computing - Challenges and Applications,,,,10.1007/978-3-540-68979-9_10,Benjamin MonateJulien Signoles,2008,https://link.springer.com/chapter/10.1007/978-3-540-68979-9_10,Conference paper
Testability Transformation – Program Transformation to Improve Testability,Formal Methods and Testing,,,,10.1007/978-3-540-78917-8_11,Mark HarmanAndré BareselDavid BinkleyRobert HieronsLin HuBogdan KorelPhil McMinnMarc Roper,2008,https://link.springer.com/chapter/10.1007/978-3-540-78917-8_11,Chapter
Rotating Radio Transients,Neutron Stars and Pulsars,,,,10.1007/978-3-540-76965-1_3,Maura McLaughlin,2009,https://link.springer.com/chapter/10.1007/978-3-540-76965-1_3,Chapter
Design Consideration,Hardware Software Co-Design of a Multimedia SOC Platform,,,,10.1007/978-1-4020-9623-5_2,Sao-Jie ChenGuang-Huei LinPao-Ann HsiungYu-Hen Hu,2009,https://link.springer.com/chapter/10.1007/978-1-4020-9623-5_2,Chapter
Incorporation of OpenMP Memory Consistency into Conventional Dataflow Analysis,OpenMP in a New Era of Parallelism,,,,10.1007/978-3-540-79561-2_7,Ayon BasumallikRudolf Eigenmann,2008,https://link.springer.com/chapter/10.1007/978-3-540-79561-2_7,Conference paper
A Domain-Specific Language for Application-Level Checkpointing,Distributed Computing and Internet Technology,,,,10.1007/978-3-540-89737-8_3,Ritu AroraMarjan MernikPurushotham BangaloreSuman RoychoudhurySaraswathi Mukkai,2008,https://link.springer.com/chapter/10.1007/978-3-540-89737-8_3,Conference paper
I Like Particle Engines!,The Essential Guide to Processing for Flash Developers,,,,10.1007/978-1-4302-1980-4_5,Ira J. Greenberg,2009,https://link.springer.com/chapter/10.1007/978-1-4302-1980-4_5,Chapter
STEP: A Distributed OpenMP for Coarse-Grain Parallelism Tool,OpenMP in a New Era of Parallelism,,,,10.1007/978-3-540-79561-2_8,Daniel MillotAlain MullerChristian ParrotFrédérique Silber-Chaussumier,2008,https://link.springer.com/chapter/10.1007/978-3-540-79561-2_8,Conference paper
Automatic Transformation for Overlapping Communication and Computation,Network and Parallel Computing,,,,10.1007/978-3-540-88140-7_19,Changjun HuYewei ShaoJue WangJianjiang Li,2008,https://link.springer.com/chapter/10.1007/978-3-540-88140-7_19,Conference paper
Pre-synthesis Optimization for Asynchronous Circuits Using Compiler Techniques,Advances in Computer Science and Engineering,,,,10.1007/978-3-540-89985-3_141,Sharareh ZamanZadehMehrdad NajibiHossein Pedram,2008,https://link.springer.com/chapter/10.1007/978-3-540-89985-3_141,Conference paper
Extending Model Checking with Dynamic Analysis,"Verification, Model Checking, and Abstract Interpretation",,,,10.1007/978-3-540-78163-9_15,Alex GroceRajeev Joshi,2008,https://link.springer.com/chapter/10.1007/978-3-540-78163-9_15,Conference paper
Fusion Simulation Project Workshop Report,Journal of Fusion Energy,,,,10.1007/s10894-008-9151-4,Arnold KritzDavid Keyes,2008,https://link.springer.com/article/10.1007/s10894-008-9151-4,Article
Development and First Applications of TAC++,Advances in Automatic Differentiation,,,,10.1007/978-3-540-68942-3_17,Michael VoßbeckRalf GieringThomas Kaminski,2008,https://link.springer.com/chapter/10.1007/978-3-540-68942-3_17,Conference paper
Automatic Sensitivity Analysis of DAE-systems Generated from Equation-Based Modeling Languages,Advances in Automatic Differentiation,,,,10.1007/978-3-540-68942-3_21,Atya ElsheikhWolfgang Wiechert,2008,https://link.springer.com/chapter/10.1007/978-3-540-68942-3_21,Conference paper
Clustering Countries to Evaluate Health Outcomes Globally,Journal of Public Health Policy,,,,10.1057/jphp.2008.13,Sue Thomas HegyvaryDevon M BerryAlejandro Murua,2008,https://link.springer.com/article/10.1057/jphp.2008.13,Article
Guard Reasoning in the Refined Operational Semantics of CHR,Constraint Handling Rules,,,,10.1007/978-3-540-92243-8_8,Jon SneyersTom SchrijversBart Demoen,2008,https://link.springer.com/chapter/10.1007/978-3-540-92243-8_8,Chapter
An Overview of the Ciao Multiparadigm Language and Program Development Environment and Its Design Philosophy,"Concurrency, Graphs and Models",,,,10.1007/978-3-540-68679-8_14,Manuel V. HermenegildoFrancisco BuenoManuel CarroPedro LópezJosé F. MoralesGerman Puebla,2008,https://link.springer.com/chapter/10.1007/978-3-540-68679-8_14,Chapter
Preservation of Proof Obligations from Java to the Java Virtual Machine,Automated Reasoning,,,,10.1007/978-3-540-71070-7_7,Gilles BartheBenjamin GrégoireMariela Pavlova,2008,https://link.springer.com/chapter/10.1007/978-3-540-71070-7_7,Conference paper
MCUDA: An Efficient Implementation of CUDA Kernels for Multi-core CPUs,Languages and Compilers for Parallel Computing,,,,10.1007/978-3-540-89740-8_2,John A. StrattonSam S. StoneWen-mei W. Hwu,2008,https://link.springer.com/chapter/10.1007/978-3-540-89740-8_2,Conference paper
Implementing an OpenMP Execution Environment on InfiniBand Clusters,OpenMP Shared Memory Parallel Programming,,,,10.1007/978-3-540-68555-5_6,Jie TaoWolfgang KarlCarsten Trinitis,2008,https://link.springer.com/chapter/10.1007/978-3-540-68555-5_6,Conference paper
CUDA-Lite: Reducing GPU Programming Complexity,Languages and Compilers for Parallel Computing,,,,10.1007/978-3-540-89740-8_1,Sain-Zee UengMelvin LatharaSara S. BaghsorkhiWen-mei W. Hwu,2008,https://link.springer.com/chapter/10.1007/978-3-540-89740-8_1,Conference paper
Application of Photogrammetric 3D-PTV Technique to Track Particles in Porous Media,Transport in Porous Media,,,,10.1007/s11242-008-9270-4,Moroni MonicaJohn H. CushmanAntonio Cenedese,2008,https://link.springer.com/article/10.1007/s11242-008-9270-4,Article
A Compile/Run-time Environment for the Automatic Transformation of Linked List Data Structures,International Journal of Parallel Programming,,,,10.1007/s10766-008-0085-2,H. L. A. van der SpekS. GrootE. M. BakkerH. A. G. Wijshoff,2008,https://link.springer.com/article/10.1007/s10766-008-0085-2,Article
Directly reflective meta-programming,Higher-Order and Symbolic Computation,,,,10.1007/s10990-007-9022-0,Aaron Stump,2008,https://link.springer.com/article/10.1007/s10990-007-9022-0,Article
Energy-Aware System Design with SDL,SDL 2009: Design for Motes and Mobiles,,,,10.1007/978-3-642-04554-7_2,Reinhard GotzheinMarc KrämerLothar LitzAlain Chamaken,2009,https://link.springer.com/chapter/10.1007/978-3-642-04554-7_2,Conference paper
Automatic Transformation of Bit-Level C Code to Support Multiple Equivalent Data Layouts,Compiler Construction,,,,10.1007/978-3-540-78791-4_6,Marius NitaDan Grossman,2008,https://link.springer.com/chapter/10.1007/978-3-540-78791-4_6,Conference paper
A Formal Approach to Detect Functionally Irrelevant Barriers in MPI Programs,Recent Advances in Parallel Virtual Machine and Message Passing Interface,,,,10.1007/978-3-540-87475-1_36,Subodh SharmaSarvani VakkalankaGanesh GopalakrishnanRobert M. KirbyRajeev ThakurWilliam Gropp,2008,https://link.springer.com/chapter/10.1007/978-3-540-87475-1_36,Conference paper
"Estimation of uranium and radon concentration in some drinking water samples of Upper Siwaliks, India",Environmental Monitoring and Assessment,,,,10.1007/s10661-008-0373-8,Joga SinghHarmanjit SinghSurinder SinghB. S. Bajwa,2008,https://link.springer.com/article/10.1007/s10661-008-0373-8,Article
Partial Differential Equations: Finite Difference Approaches,Numerical Methods for Nonlinear Engineering Models,,,,10.1007/978-1-4020-9920-5_12,,2009,https://link.springer.com/chapter/10.1007/978-1-4020-9920-5_12,Chapter
ompP : A Profiling Tool for OpenMP,OpenMP Shared Memory Parallel Programming,,,,10.1007/978-3-540-68555-5_2,Karl FürlingerMichael Gerndt,2008,https://link.springer.com/chapter/10.1007/978-3-540-68555-5_2,Conference paper
High Level Loop Transformations for Systematic Signal Processing Embedded Applications,"Embedded Computer Systems: Architectures, Modeling, and Simulation",,,,10.1007/978-3-540-70550-5_21,Calin GlitiaPierre Boulet,2008,https://link.springer.com/chapter/10.1007/978-3-540-70550-5_21,Conference paper
Transactional Memory and OpenMP,A Practical Programming Model for the Multi-Core Era,,,,10.1007/978-3-540-69303-1_4,Miloš MilovanovićRoger FerrerOsman S. UnsalAdrian CristalXavier MartorellEduard AyguadéJesús LabartaMateo Valero,2008,https://link.springer.com/chapter/10.1007/978-3-540-69303-1_4,Conference paper
CPPC-G: Fault-Tolerant Applications on the Grid,Parallel Processing and Applied Mathematics,,,,10.1007/978-3-540-68111-3_90,Daniel DíazXoán C. PardoMaría J. MartínPatricia GonzálezGabriel Rodríguez,2008,https://link.springer.com/chapter/10.1007/978-3-540-68111-3_90,Conference paper
Implementing Probabilistic Abductive Logic Programming with Constraint Handling Rules,Constraint Handling Rules,,,,10.1007/978-3-540-92243-8_5,Henning Christiansen,2008,https://link.springer.com/chapter/10.1007/978-3-540-92243-8_5,Chapter
SPRINT: A Tool to Generate Concurrent Transaction-Level Models from Sequential Code,EURASIP Journal on Advances in Signal Processing,,,,10.1155/2007/75373,Johan CockxKristof DenolfBart VanhoofRichard Stahl,2007,https://link.springer.com/article/10.1155/2007/75373,Article
Architectural Transformations: From Legacy to Three-Tier and Services,Software Evolution,,,,10.1007/978-3-540-76440-3_7,Reiko HeckelRui CorreiaCarlos MatosMohammad El-RamlyGeorgios KoutsoukosLuis Andrade,2008,https://link.springer.com/chapter/10.1007/978-3-540-76440-3_7,Chapter
Abstracts of the International Workshop on Cyberinfrastructure for Geosciences (IWCG2006),Visual Geosciences,,,,10.1007/s10069-007-0005-4,Huai Zhang,2008,https://link.springer.com/article/10.1007/s10069-007-0005-4,Article
Distributed Semantics and Implementation for Systems with Interaction and Priority,Formal Techniques for Networked and Distributed Systems – FORTE 2008,,,,10.1007/978-3-540-68855-6_8,Ananda BasuPhilippe BidingerMarius BozgaJoseph Sifakis,2008,https://link.springer.com/chapter/10.1007/978-3-540-68855-6_8,Conference paper
Software Manipulation with Annotations in Java,Advances in Software Engineering,,,,10.1007/978-3-540-89762-0_6,Vincenzo GervasiGiacomo A. Galilei,2008,https://link.springer.com/chapter/10.1007/978-3-540-89762-0_6,Chapter
Runtime Verification of C Programs,Testing of Software and Communicating Systems,,,,10.1007/978-3-540-68524-1_3,Klaus Havelund,2008,https://link.springer.com/chapter/10.1007/978-3-540-68524-1_3,Conference paper
Automation of the Finite Element Method by J. Korelc,Nonlinear Finite Element Methods,,,,10.1007/978-3-540-71001-1_12,Peter Wriggers,2008,https://link.springer.com/chapter/10.1007/978-3-540-71001-1_12,Chapter
An Operational Semantics for JavaScript,Programming Languages and Systems,,,,10.1007/978-3-540-89330-1_22,Sergio MaffeisJohn C. MitchellAnkur Taly,2008,https://link.springer.com/chapter/10.1007/978-3-540-89330-1_22,Conference paper
Using MPI Communication Patterns to Guide Source Code Transformations,Computational Science – ICCS 2008,,,,10.1007/978-3-540-69389-5_29,Robert PreisslMartin SchulzDieter KranzlmüllerBronis R. de SupinskiDaniel J. Quinlan,2008,https://link.springer.com/chapter/10.1007/978-3-540-69389-5_29,Conference paper
Remote Entrusting by Run-Time Software Authentication,SOFSEM 2008: Theory and Practice of Computer Science,,,,10.1007/978-3-540-77566-9_8,Mariano CeccatoYoram OfekPaolo Tonella,2008,https://link.springer.com/chapter/10.1007/978-3-540-77566-9_8,Conference paper
"Introduction: Logos, Mythos, and Truth","God, the Bible, and Human Consciousness",,,,10.1057/9780230611986_1,Nancy Tenfelde Clasby,2008,https://link.springer.com/chapter/10.1057/9780230611986_1,Chapter
Techniques for Efficient Software Checking,Languages and Compilers for Parallel Computing,,,,10.1007/978-3-540-85261-2_2,Jing YuMaría Jesús GarzaránMarc Snir,2008,https://link.springer.com/chapter/10.1007/978-3-540-85261-2_2,Conference paper
A Proposal for OpenMP for Java,OpenMP Shared Memory Parallel Programming,,,,10.1007/978-3-540-68555-5_33,Michael KlemmRonald VeldemaMatthias BezoldMichael Philippsen,2008,https://link.springer.com/chapter/10.1007/978-3-540-68555-5_33,Conference paper
Explicit Dependence Metadata in an Active Visual Effects Library,Languages and Compilers for Parallel Computing,,,,10.1007/978-3-540-85261-2_12,Jay L. T. CornwallPaul H. J. KellyPhil ParsonageBruno Nicoletti,2008,https://link.springer.com/chapter/10.1007/978-3-540-85261-2_12,Conference paper
A Polynomial-Time Algorithm for Detecting Directed Axial Symmetry in Hessian Computational Graphs,Advances in Automatic Differentiation,,,,10.1007/978-3-540-68942-3_9,Sanjukta BhowmickPaul D. Hovland,2008,https://link.springer.com/chapter/10.1007/978-3-540-68942-3_9,Conference paper
A Flexible Search Framework for CHR,Constraint Handling Rules,,,,10.1007/978-3-540-92243-8_2,Leslie De KoninckTom SchrijversBart Demoen,2008,https://link.springer.com/chapter/10.1007/978-3-540-92243-8_2,Chapter
Performance Evaluation of a Multi-Zone Application in Different OpenMP Approaches,International Journal of Parallel Programming,,,,10.1007/s10766-008-0074-5,Haoqiang JinBarbara ChapmanLei HuangDieter an MeyThomas Reichstein,2008,https://link.springer.com/article/10.1007/s10766-008-0074-5,Article
Data Space Randomization,"Detection of Intrusions and Malware, and Vulnerability Assessment",,,,10.1007/978-3-540-70542-0_1,Sandeep BhatkarR. Sekar,2008,https://link.springer.com/chapter/10.1007/978-3-540-70542-0_1,Conference paper
A Sound Semantics for OCaml light,Programming Languages and Systems,,,,10.1007/978-3-540-78739-6_1,Scott Owens,2008,https://link.springer.com/chapter/10.1007/978-3-540-78739-6_1,Conference paper
The Vampir Performance Analysis Tool-Set,Tools for High Performance Computing,,,,10.1007/978-3-540-68564-7_9,Andreas KnüpferHolger BrunstJens DoleschalMatthias JurenzMatthias LieberHolger MicklerMatthias S. MüllerWolfgang E. Nagel,2008,https://link.springer.com/chapter/10.1007/978-3-540-68564-7_9,Conference paper
Guarded Program Transformations Using JTL,"Objects, Components, Models and Patterns",,,,10.1007/978-3-540-69824-1_7,Tal CohenJoseph (Yossi) GilItay Maman,2008,https://link.springer.com/chapter/10.1007/978-3-540-69824-1_7,Conference paper
On the Limits of Information Flow Techniques for Malware Analysis and Containment,"Detection of Intrusions and Malware, and Vulnerability Assessment",,,,10.1007/978-3-540-70542-0_8,Lorenzo CavallaroPrateek SaxenaR. Sekar,2008,https://link.springer.com/chapter/10.1007/978-3-540-70542-0_8,Conference paper
Automatic Inference of Upper Bounds for Recurrence Relations in Cost Analysis,Static Analysis,,,,10.1007/978-3-540-69166-2_15,Elvira AlbertPuri ArenasSamir GenaimGermán Puebla,2008,https://link.springer.com/chapter/10.1007/978-3-540-69166-2_15,Conference paper
Universal Regular Path Queries,Automatic Program Development,,,,10.1007/978-1-4020-6585-9_11,Oege de MoorDavid LaceyEric Van Wyk,2008,https://link.springer.com/chapter/10.1007/978-1-4020-6585-9_11,Chapter
The Challenges of Using SDL for the Development of Wireless Sensor Networks,SDL 2009: Design for Motes and Mobiles,,,,10.1007/978-3-642-04554-7_13,Klaus AhrensIngmar EveslageJoachim FischerFrank KühnlenzDorian Weber,2009,https://link.springer.com/chapter/10.1007/978-3-642-04554-7_13,Conference paper
Model-Driven Development of Time-Critical Protocols with SDL-MDD,SDL 2009: Design for Motes and Mobiles,,,,10.1007/978-3-642-04554-7_3,Philipp BeckerDennis ChristmannReinhard Gotzhein,2009,https://link.springer.com/chapter/10.1007/978-3-642-04554-7_3,Conference paper
First Experiences with Intel Cluster OpenMP,OpenMP in a New Era of Parallelism,,,,10.1007/978-3-540-79561-2_5,Christian TerbovenDieter an MeyDirk SchmidlMarcus Wagner,2008,https://link.springer.com/chapter/10.1007/978-3-540-79561-2_5,Conference paper
Evolution of a Parallel Performance System,Tools for High Performance Computing,,,,10.1007/978-3-540-68564-7_11,Allen D. MalonySameer ShendeAlan MorrisScott BiersdorffWyatt SpearKevin HuckAroon Nataraj,2008,https://link.springer.com/chapter/10.1007/978-3-540-68564-7_11,Conference paper
Computational Divided Differencing and Divided-Difference Arithmetics,Automatic Program Development,,,,10.1007/978-1-4020-6585-9_13,Thomas W. RepsLouis B. Rall,2008,https://link.springer.com/chapter/10.1007/978-1-4020-6585-9_13,Chapter
ES3: A Demonstration of Transparent Provenance for Scientific Computation,Provenance and Annotation of Data and Processes,,,,10.1007/978-3-540-89965-5_21,James FrewPeter Slaughter,2008,https://link.springer.com/chapter/10.1007/978-3-540-89965-5_21,Conference paper
A Component-Based Integrated Toolkit,Making Grids Work,,,,10.1007/978-0-387-78448-9_11,Enric TejedorRosa M. BadiaThilo KielmannVladimir Getov,2008,https://link.springer.com/chapter/10.1007/978-0-387-78448-9_11,Chapter
Efficient Modeling of Concurrent Systems in BMC,Model Checking Software,,,,10.1007/978-3-540-85114-1_10,Malay K. GanaiAarti Gupta,2008,https://link.springer.com/chapter/10.1007/978-3-540-85114-1_10,Conference paper
Object-Oriented Reengineering,Software Evolution,,,,10.1007/978-3-540-76440-3_5,Serge Demeyer,2008,https://link.springer.com/chapter/10.1007/978-3-540-76440-3_5,Chapter
Exploiting Sparsity in Jacobian Computation via Coloring and Automatic Differentiation: A Case Study in a Simulated Moving Bed Process,Advances in Automatic Differentiation,,,,10.1007/978-3-540-68942-3_29,Assefaw H. GebremedhinAlex PothenAndrea Walther,2008,https://link.springer.com/chapter/10.1007/978-3-540-68942-3_29,Conference paper
Probing the Depths of CSP-M: A New fdr-Compliant Validation Tool,Formal Methods and Software Engineering,,,,10.1007/978-3-540-88194-0_18,Michael LeuschelMarc Fontaine,2008,https://link.springer.com/chapter/10.1007/978-3-540-88194-0_18,Conference paper
Using Voltage and Frequency Adjustments to Manage Dynamic Power,Computer Architecture Techniques for Power-Efficiency,,,,10.1007/978-3-031-01721-6_3,Stefanos KaxirasMargaret Martonosi,2008,https://link.springer.com/chapter/10.1007/978-3-031-01721-6_3,Chapter
PARO: Synthesis of Hardware Accelerators for Multi-dimensional Dataflow-Intensive Applications,"Reconfigurable Computing: Architectures, Tools and Applications",,,,10.1007/978-3-540-78610-8_30,Frank HannigHolger RuckdeschelHritam DuttaJürgen Teich,2008,https://link.springer.com/chapter/10.1007/978-3-540-78610-8_30,Conference paper
The Long-Short-Key Primitive and Its Applications to Key Security,Advances in Information and Computer Security,,,,10.1007/978-3-540-89598-5_19,Matthew CaryMatthias JacobMariusz H. JakubowskiRamarathnam Venkatesan,2008,https://link.springer.com/chapter/10.1007/978-3-540-89598-5_19,Conference paper
Compiler-Enhanced Incremental Checkpointing,Languages and Compilers for Parallel Computing,,,,10.1007/978-3-540-85261-2_1,Greg BronevetskyDaniel MarquesKeshav PingaliRadu Rugina,2008,https://link.springer.com/chapter/10.1007/978-3-540-85261-2_1,Conference paper
Characterization and Evaluation of Elevation Data Uncertainty in Water Resources Modeling with GIS,Water Resources Management,,,,10.1007/s11269-007-9204-x,Simon WuJonathan LiG. H. Huang,2007,https://link.springer.com/article/10.1007/s11269-007-9204-x,Article
A new view of proto-planetary disks with ALMA,Science with the Atacama Large Millimeter Array,,,,10.1007/978-1-4020-6935-2_19,Stéphane GuilloteauAnne Dutrey,2008,https://link.springer.com/chapter/10.1007/978-1-4020-6935-2_19,Conference paper
A service level model and Internet mobility monitor,Telecommunication Systems,,,,10.1007/s11235-008-9072-6,Christer ÅhlundStefan WallinKarl AnderssonRobert Brännström,2008,https://link.springer.com/article/10.1007/s11235-008-9072-6,Article
Evolving a DSL Implementation,Generative and Transformational Techniques in Software Engineering II,,,,10.1007/978-3-540-88643-3_11,Laurence Tratt,2008,https://link.springer.com/chapter/10.1007/978-3-540-88643-3_11,Chapter
Ontologies in the Legal Domain,Digital Government,,,,10.1007/978-0-387-71611-4_13,Tom Van EngersAlexander BoerJoost BreukerAndré ValenteRadboud Winkels,2008,https://link.springer.com/chapter/10.1007/978-0-387-71611-4_13,Chapter
"Design and Implementation of a Context-Sensitive, Flow-Sensitive Activity Analysis Algorithm for Automatic Differentiation",Advances in Automatic Differentiation,,,,10.1007/978-3-540-68942-3_11,Jaewook ShinPriyadarshini MalusarePaul D. Hovland,2008,https://link.springer.com/chapter/10.1007/978-3-540-68942-3_11,Conference paper
Mathematics in Vietnam,"Encyclopaedia of the History of Science, Technology, and Medicine in Non-Western Cultures",,,,10.1007/978-1-4020-4425-0_8744,Alexei Volkov,2008,https://link.springer.com/rwe/10.1007/978-1-4020-4425-0_8744,Reference work entry
A Component Framework for Java-Based Real-Time Embedded Systems,Middleware 2008,,,,10.1007/978-3-540-89856-6_7,Aleš PlšekFrédéric LoiretPhilippe MerleLionel Seinturier,2008,https://link.springer.com/chapter/10.1007/978-3-540-89856-6_7,Conference paper
Performance Evaluation of a Multi-zone Application in Different OpenMP Approaches,A Practical Programming Model for the Multi-Core Era,,,,10.1007/978-3-540-69303-1_3,Haoqiang JinBarbara ChapmanLei Huang,2008,https://link.springer.com/chapter/10.1007/978-3-540-69303-1_3,Conference paper
Streams: Emerging from a Shared Memory Model,OpenMP in a New Era of Parallelism,,,,10.1007/978-3-540-79561-2_12,Benedict R. Gaster,2008,https://link.springer.com/chapter/10.1007/978-3-540-79561-2_12,Conference paper
Synthesis and post-processing of nanomaterials using microreaction technology,Journal of Nanoparticle Research,,,,10.1007/s11051-007-9355-y,Chih-Hung ChangBrian K. PaulVincent T. RemchoSundar AtreJames E. Hutchison,2008,https://link.springer.com/article/10.1007/s11051-007-9355-y,Article
An Introduction to Balder — An OpenMP Run-time Library for Clusters of SMPs,OpenMP Shared Memory Parallel Programming,,,,10.1007/978-3-540-68555-5_7,Sven Karlsson,2008,https://link.springer.com/chapter/10.1007/978-3-540-68555-5_7,Conference paper
Eliminating synchronization faults in air traffic control software via design for verification with concurrency controllers,Automated Software Engineering,,,,10.1007/s10515-007-0008-2,Aysu Betin CanTevfik BultanMikael LindvallBenjamin LuxStefan Topp,2007,https://link.springer.com/article/10.1007/s10515-007-0008-2,Article
Model-Driven Platform-Specific Testing through Configurable Simulations,Model Driven Architecture – Foundations and Applications,,,,10.1007/978-3-540-69100-6_19,Thomas KuhnReinhard Gotzhein,2008,https://link.springer.com/chapter/10.1007/978-3-540-69100-6_19,Conference paper
Securing Current and Future Process Control Systems,Critical Infrastructure Protection,,,,10.1007/978-0-387-75462-8_8,Robert CunninghamSteven CheungMartin FongUlf LindqvistDavid NicolRonald PawlowskiEric RobinsonWilliam SandersSankalp SinghAlfonso ValdesBradley WoodworthMichael Zhivich,2008,https://link.springer.com/chapter/10.1007/978-0-387-75462-8_8,Conference paper
Efficient Deterministic Approaches for Aerodynamic Shape Optimization,Optimization and Computational Fluid Dynamics,,,,10.1007/978-3-540-72153-6_5,Nicolas R. Gauger,2008,https://link.springer.com/chapter/10.1007/978-3-540-72153-6_5,Chapter
Adaptive and Interactive Approaches to Document Analysis,Machine Learning in Document Analysis and Recognition,,,,10.1007/978-3-540-76280-5_9,George NagySriharsha Veeramachaneni,2008,https://link.springer.com/chapter/10.1007/978-3-540-76280-5_9,Chapter
Constraint Prioritization for Efficient Analysis of Declarative Models,FM 2008: Formal Methods,,,,10.1007/978-3-540-68237-0_22,Engin UzuncaovaSarfraz Khurshid,2008,https://link.springer.com/chapter/10.1007/978-3-540-68237-0_22,Conference paper
Growing a Language: The GLoo Perspective,Software Composition,,,,10.1007/978-3-540-78789-1_1,Markus Lumpe,2008,https://link.springer.com/chapter/10.1007/978-3-540-78789-1_1,Conference paper
CoBoxes: Unifying Active Objects and Structured Heaps,Formal Methods for Open Object-Based Distributed Systems,,,,10.1007/978-3-540-68863-1_13,Jan SchäferArnd Poetzsch-Heffter,2008,https://link.springer.com/chapter/10.1007/978-3-540-68863-1_13,Conference paper
A new view of proto-planetary disks with ALMA,Astrophysics and Space Science,,,,10.1007/s10509-007-9666-6,Stéphane GuilloteauAnne Dutrey,2007,https://link.springer.com/article/10.1007/s10509-007-9666-6,Article
Compilation and Synthesis Flows,Compilation Techniques for Reconfigurable Architectures,,,,10.1007/978-0-387-09671-1_3,João M. P. CardosoPedro C. Diniz,2008,https://link.springer.com/chapter/10.1007/978-0-387-09671-1_3,Chapter
KeY-C: A Tool for Verification of C Programs,Automated Deduction – CADE-21,,,,10.1007/978-3-540-73595-3_27,Oleg MürkDaniel LarssonReiner Hähnle,2007,https://link.springer.com/chapter/10.1007/978-3-540-73595-3_27,Conference paper
Model Checking a Video–on–Demand Server Using McErlang,Computer Aided Systems Theory – EUROCAST 2007,,,,10.1007/978-3-540-75867-9_68,Lars-Åke FredlundJuan José Sánchez Penas,2007,https://link.springer.com/chapter/10.1007/978-3-540-75867-9_68,Conference paper
Application of the time-predictable model in Peninsular India for future seismic hazard assessment,Acta Geophysica,,,,10.2478/s11600-007-0017-3,Daya ShankerH. N. Singh,2007,https://link.springer.com/article/10.2478/s11600-007-0017-3,Article
A Concurrency Abstraction for Reliable Sensor Network Applications,Reliable Systems on Unreliable Networked Platforms,,,,10.1007/978-3-540-71156-8_8,János SallaiMiklós MarótiÁkos Lédeczi,2007,https://link.springer.com/chapter/10.1007/978-3-540-71156-8_8,Conference paper
Instrumentation Framework,Cooperative Bug Isolation,,,,10.1007/978-3-540-71878-9_2,Ben Liblit,2007,https://link.springer.com/chapter/10.1007/978-3-540-71878-9_2,Chapter
Verifying Erlang/OTP Components in μCRL,Formal Techniques for Networked and Distributed Systems – FORTE 2007,,,,10.1007/978-3-540-73196-2_15,Qiang Guo,2007,https://link.springer.com/chapter/10.1007/978-3-540-73196-2_15,Conference paper
Implementing Fault Tolerance Using Aspect Oriented Programming,Dependable Computing,,,,10.1007/978-3-540-75294-3_6,Ruben AlexanderssonPeter Öhman,2007,https://link.springer.com/chapter/10.1007/978-3-540-75294-3_6,Conference paper
Semantics-Based Transformation of Arithmetic Expressions,Static Analysis,,,,10.1007/978-3-540-74061-2_19,Matthieu Martel,2007,https://link.springer.com/chapter/10.1007/978-3-540-74061-2_19,Conference paper
Structure of a Proof-Producing Compiler for a Subset of Higher Order Logic,Programming Languages and Systems,,,,10.1007/978-3-540-71316-6_15,Guodong LiScott OwensKonrad Slind,2007,https://link.springer.com/chapter/10.1007/978-3-540-71316-6_15,Conference paper
Parallelization of Generic Libraries Based on Type Properties,Computational Science – ICCS 2007,,,,10.1007/978-3-540-72584-8_82,Prabhanjan KambadurDouglas GregorAndrew Lumsdaine,2007,https://link.springer.com/chapter/10.1007/978-3-540-72584-8_82,Conference paper
Compilation Techniques for Partitioned Global Address Space Languages,Languages and Compilers for Parallel Computing,,,,10.1007/978-3-540-72521-3_1,Kathy Yelick,2007,https://link.springer.com/chapter/10.1007/978-3-540-72521-3_1,Conference paper
Distant radio galaxies and their environments,The Astronomy and Astrophysics Review,,,,10.1007/s00159-007-0008-z,George MileyCarlos De Breuck,2008,https://link.springer.com/article/10.1007/s00159-007-0008-z,Article
Strategies for Compiling μTC to Novel Chip Multiprocessors,"Embedded Computer Systems: Architectures, Modeling, and Simulation",,,,10.1007/978-3-540-73625-7_15,Thomas A. M. BernardChris R. JesshopePeter M. W. Knijnenburg,2007,https://link.springer.com/chapter/10.1007/978-3-540-73625-7_15,Conference paper
Enhancing Fault-Tolerance of Large-Scale MPI Scientific Applications,Parallel Computing Technologies,,,,10.1007/978-3-540-73940-1_15,G. RodríguezP. GonzálezM. J. MartínJ. Touriño,2007,https://link.springer.com/chapter/10.1007/978-3-540-73940-1_15,Conference paper
A Parallel Infrastructure on Dynamic EPIC SMT,Algorithms and Architectures for Parallel Processing,,,,10.1007/978-3-540-72905-1_15,Qingying DengMinxuan ZhangJiang Jiang,2007,https://link.springer.com/chapter/10.1007/978-3-540-72905-1_15,Conference paper
Practical Considerations,Cooperative Bug Isolation,,,,10.1007/978-3-540-71878-9_3,Ben Liblit,2007,https://link.springer.com/chapter/10.1007/978-3-540-71878-9_3,Chapter
Code Generation from GRC,Compiling Esterel,,,,10.1007/978-0-387-70628-3_9,,2007,https://link.springer.com/chapter/10.1007/978-0-387-70628-3_9,Chapter
Data Dependence Analysis for the Parallelization of Numerical Tree Codes,Applied Parallel Computing. State of the Art in Scientific Computing,,,,10.1007/978-3-540-75755-9_106,Gerhard Zumbusch,2007,https://link.springer.com/chapter/10.1007/978-3-540-75755-9_106,Conference paper
Debugging Aspect-Enabled Programs,Software Composition,,,,10.1007/978-3-540-77351-1_17,Marc EaddyAlfred AhoWeiping HuPaddy McDonaldJulian Burger,2007,https://link.springer.com/chapter/10.1007/978-3-540-77351-1_17,Conference paper
A Novel Fault-Tolerant Parallel Algorithm,Advanced Parallel Processing Technologies,,,,10.1007/978-3-540-76837-1_6,Panfeng WangYunfei DuHongyi FuHaifang ZhouXuejun YangWenjing Yang,2007,https://link.springer.com/chapter/10.1007/978-3-540-76837-1_6,Conference paper
An Information Flow Verifier for Small Embedded Systems,"Information Security Theory and Practices. Smart Cards, Mobile and Ubiquitous Computing Systems",,,,10.1007/978-3-540-72354-7_16,Dorina GhindiciGilles GrimaudIsabelle Simplot-Ryl,2007,https://link.springer.com/chapter/10.1007/978-3-540-72354-7_16,Conference paper
"Compilation Techniques for Power, Energy, and Thermal Management",Designing Embedded Processors,,,,10.1007/978-1-4020-5869-1_13,Ulrich Kremer,2007,https://link.springer.com/chapter/10.1007/978-1-4020-5869-1_13,Chapter
Formal Efficiency Analysis for Tree Transducer Composition,Theory of Computing Systems,,,,10.1007/s00224-006-1235-9,Janis Voigtlander,2007,https://link.springer.com/article/10.1007/s00224-006-1235-9,Article
Region Stability Proofs for Hybrid Systems,Formal Modeling and Analysis of Timed Systems,,,,10.1007/978-3-540-75454-1_23,Andreas PodelskiSilke Wagner,2007,https://link.springer.com/chapter/10.1007/978-3-540-75454-1_23,Conference paper
Choosing a Test Modeling Language: A Survey,"Hardware and Software, Verification and Testing",,,,10.1007/978-3-540-70889-6_16,Alan HartmanMika KataraSergey Olvovsky,2007,https://link.springer.com/chapter/10.1007/978-3-540-70889-6_16,Conference paper
"Language, Migration and Citizenship: New Challenges in the Regulation of Bilingualism",Bilingualism: A Social Approach,,,,10.1057/9780230596047_7,Melissa G. MoyerLuisa Martín Rojo,2007,https://link.springer.com/chapter/10.1057/9780230596047_7,Chapter
Parallelizing Constraint Programs Transparently,Principles and Practice of Constraint Programming – CP 2007,,,,10.1007/978-3-540-74970-7_37,Laurent MichelAndrew SeePascal Van Hentenryck,2007,https://link.springer.com/chapter/10.1007/978-3-540-74970-7_37,Conference paper
GASP! A Standardized Performance Analysis Tool Interface for Global Address Space Programming Models,Applied Parallel Computing. State of the Art in Scientific Computing,,,,10.1007/978-3-540-75755-9_54,Hung-Hsun SuDan BonacheaAdam LekoHans SherburneMax BillingsleyAlan D. George,2007,https://link.springer.com/chapter/10.1007/978-3-540-75755-9_54,Conference paper
Anomalous X-ray pulsars: persistent states with fallback disks,Astrophysics and Space Science,,,,10.1007/s10509-007-9328-8,Ü. ErtanM. A. AlparM. H. ErkutK. Y. EkşiŞ. Çalışkan,2007,https://link.springer.com/article/10.1007/s10509-007-9328-8,Article
Security for Multithreaded Programs Under Cooperative Scheduling,Perspectives of Systems Informatics,,,,10.1007/978-3-540-70881-0_43,Alejandro RussoAndrei Sabelfeld,2007,https://link.springer.com/chapter/10.1007/978-3-540-70881-0_43,Conference paper
Extension and Implementation of CHR,Logic Programming,,,,10.1007/978-3-540-74610-2_48,Peter Van Weert,2007,https://link.springer.com/chapter/10.1007/978-3-540-74610-2_48,Conference paper
Related Work,Cooperative Bug Isolation,,,,10.1007/978-3-540-71878-9_5,Ben Liblit,2007,https://link.springer.com/chapter/10.1007/978-3-540-71878-9_5,Chapter
Architecture Migration Driven by Code Categorization,Software Architecture,,,,10.1007/978-3-540-75132-8_10,Rui CorreiaCarlos M. P. MatosReiko HeckelMohammad El-Ramly,2007,https://link.springer.com/chapter/10.1007/978-3-540-75132-8_10,Conference paper
Supervising Offline Partial Evaluation of Logic Programs Using Online Techniques,Logic-Based Program Synthesis and Transformation,,,,10.1007/978-3-540-71410-1_5,Michael LeuschelStephen-John CraigDan Elphick,2007,https://link.springer.com/chapter/10.1007/978-3-540-71410-1_5,Conference paper
Static Analysis on x86 Executables for Preventing Automatic Mimicry Attacks,"Detection of Intrusions and Malware, and Vulnerability Assessment",,,,10.1007/978-3-540-73614-1_13,Danilo BruschiLorenzo CavallaroAndrea Lanzi,2007,https://link.springer.com/chapter/10.1007/978-3-540-73614-1_13,Conference paper
ACSAR: Software Model Checking with Transfinite Refinement,Model Checking Software,,,,10.1007/978-3-540-73370-6_19,Mohamed Nassim SeghirAndreas Podelski,2007,https://link.springer.com/chapter/10.1007/978-3-540-73370-6_19,Conference paper
Runtime support for scalable programming in Java,The Journal of Supercomputing,,,,10.1007/s11227-007-0125-5,Sang Boem LimHanku LeeBryan CarpenterGeoffrey Fox,2007,https://link.springer.com/article/10.1007/s11227-007-0125-5,Article
Living in a physical world X. Pumping fluids through conduits,Journal of Biosciences,,,,10.1007/s12038-007-0021-4,Steven Vogel,2007,https://link.springer.com/article/10.1007/s12038-007-0021-4,Article
A Parallel Infrastructure on Dynamic EPIC SMT and Its Speculation Optimization,Parallel and Distributed Processing and Applications,,,,10.1007/978-3-540-74742-0_23,Qingying DengMinxuan ZhangJiang Jiang,2007,https://link.springer.com/chapter/10.1007/978-3-540-74742-0_23,Conference paper
Delayed and Controlled Failures in Tamper-Resistant Software,Information Hiding,,,,10.1007/978-3-540-74124-4_15,Gang TanYuqun ChenMariusz H. Jakubowski,2007,https://link.springer.com/chapter/10.1007/978-3-540-74124-4_15,Conference paper
An Interactive Graphical Environment for Code Optimization,Computational Science – ICCS 2007,,,,10.1007/978-3-540-72586-2_117,Jie TaoThomas DresslerWolfgang Karl,2007,https://link.springer.com/chapter/10.1007/978-3-540-72586-2_117,Conference paper
Matchete: Paths through the Pattern Matching Jungle,Practical Aspects of Declarative Languages,,,,10.1007/978-3-540-77442-6_11,Martin HirzelNathaniel NystromBard BloomJan Vitek,2007,https://link.springer.com/chapter/10.1007/978-3-540-77442-6_11,Conference paper
Register File Management and Compiler Optimization on EDSMT,Frontiers of High Performance Computing and Networking ISPA 2007 Workshops,,,,10.1007/978-3-540-74767-3_41,Qingying DengMinxuan ZhangJiang Jiang,2007,https://link.springer.com/chapter/10.1007/978-3-540-74767-3_41,Conference paper
Metaprogramming with Traits,ECOOP 2007 – Object-Oriented Programming,,,,10.1007/978-3-540-73589-2_18,John ReppyAaron Turon,2007,https://link.springer.com/chapter/10.1007/978-3-540-73589-2_18,Conference paper
Anomalous X-ray pulsars: persistent states with fallback disks,Isolated Neutron Stars: From the Surface to the Interior,,,,10.1007/978-1-4020-5998-8_10,Ü. ErtanM. A. AlparM. H. ErkutK. Y. EkşiŞ. Çalışkan,2007,https://link.springer.com/chapter/10.1007/978-1-4020-5998-8_10,Conference paper
Introducing Java SE 6,Beginning Java™ SE 6 Platform,,,,10.1007/978-1-4302-0246-2_1,,2007,https://link.springer.com/chapter/10.1007/978-1-4302-0246-2_1,Chapter
Terrestriality and tree stratum use in a group of Sichuan snub-nosed monkeys,Primates,,,,10.1007/s10329-006-0035-9,Yiming Li,2007,https://link.springer.com/article/10.1007/s10329-006-0035-9,Article
Compiling C Programs into a Strongly Typed Assembly Language,Advances in Computer Science – ASIAN 2007. Computer and Network Security,,,,10.1007/978-3-540-76929-3_3,Takahiro KosakaiToshiyuki MaedaAkinori Yonezawa,2007,https://link.springer.com/chapter/10.1007/978-3-540-76929-3_3,Conference paper
Attribute Grammar-Based Language Extensions for Java,ECOOP 2007 – Object-Oriented Programming,,,,10.1007/978-3-540-73589-2_27,Eric Van WykLijesh KrishnanDerek BodinAugust Schwerdfeger,2007,https://link.springer.com/chapter/10.1007/978-3-540-73589-2_27,Conference paper
Optimisation Framework,Grid Computing,,,,10.1007/978-3-540-69262-1_6,Radu ProdanThomas Fahringer,2007,https://link.springer.com/chapter/10.1007/978-3-540-69262-1_6,Chapter
Expression and Loop Libraries for High-Performance Code Synthesis,Languages and Compilers for Parallel Computing,,,,10.1007/978-3-540-72521-3_7,Christopher MuellerAndrew Lumsdaine,2007,https://link.springer.com/chapter/10.1007/978-3-540-72521-3_7,Conference paper
Background,Sustainable Water Quality Management Policy,,,,10.1007/978-1-4020-5863-9_1,,2007,https://link.springer.com/chapter/10.1007/978-1-4020-5863-9_1,Chapter
Relaxation Labeling for Selecting and Exploiting Efficiently Non-local Dependencies in Sequence Labeling,Knowledge Discovery in Databases: PKDD 2007,,,,10.1007/978-3-540-74976-9_30,Guillaume WisniewskiPatrick Gallinari,2007,https://link.springer.com/chapter/10.1007/978-3-540-74976-9_30,Conference paper
DCGs + Memoing = Packrat Parsing but Is It Worth It?,Practical Aspects of Declarative Languages,,,,10.1007/978-3-540-77442-6_13,Ralph BecketZoltan Somogyi,2007,https://link.springer.com/chapter/10.1007/978-3-540-77442-6_13,Conference paper
The ZEN Experiment Specification Language,Grid Computing,,,,10.1007/978-3-540-69262-1_3,Radu ProdanThomas Fahringer,2007,https://link.springer.com/chapter/10.1007/978-3-540-69262-1_3,Chapter
ZENTURIO Experiment Management Tool,Grid Computing,,,,10.1007/978-3-540-69262-1_4,Radu ProdanThomas Fahringer,2007,https://link.springer.com/chapter/10.1007/978-3-540-69262-1_4,Chapter
Achieving Sustainable Development,Moving Millions,,,,10.1007/978-1-4020-6702-0_3,,2007,https://link.springer.com/chapter/10.1007/978-1-4020-6702-0_3,Chapter
Towards a Source Level Compiler: Source Level Modulo Scheduling,"Program Analysis and Compilation, Theory and Practice",,,,10.1007/978-3-540-71322-7_16,Yosi Ben-AsherDanny Meisler,2007,https://link.springer.com/chapter/10.1007/978-3-540-71322-7_16,Chapter
Automated Generation of Micro Protocol Descriptions from SDL Design Specifications,SDL 2007: Design for Dependable Systems,,,,10.1007/978-3-540-74984-4_10,Ingmar FliegeReinhard Gotzhein,2007,https://link.springer.com/chapter/10.1007/978-3-540-74984-4_10,Conference paper
Writing Code in InfoPath,Pro InfoPath 2007,,,,10.1007/978-1-4302-0334-6_9,,2007,https://link.springer.com/chapter/10.1007/978-1-4302-0334-6_9,Chapter
Memory Bank Locality and Its Usage in Reducing Energy Consumption,Designing Embedded Processors,,,,10.1007/978-1-4020-5869-1_8,Mahmut Kandemir,2007,https://link.springer.com/chapter/10.1007/978-1-4020-5869-1_8,Chapter
Methods in Trauma-Biomechanics,Trauma Biomechanics,,,,10.1007/978-3-540-73873-2_2,,2007,https://link.springer.com/chapter/10.1007/978-3-540-73873-2_2,Chapter
Modernist Ethics: Really Engaging Popular Culture in Mexico and Brazil,The Ethics of Latin American Literary Criticism,,,,10.1057/9780230607385_5,Esther Gabara,2007,https://link.springer.com/chapter/10.1057/9780230607385_5,Chapter
Raw materials,The Printing Ink Manual,,,,10.1007/978-1-4020-6187-5_4,M. Clayton,2007,https://link.springer.com/chapter/10.1007/978-1-4020-6187-5_4,Chapter
SDL Profiles – Formal Semantics and Tool Support,Fundamental Approaches to Software Engineering,,,,10.1007/978-3-540-71289-3_17,R. GrammesR. Gotzhein,2007,https://link.springer.com/chapter/10.1007/978-3-540-71289-3_17,Conference paper
Specifying Input Port Bounds in SDL,SDL 2007: Design for Dependable Systems,,,,10.1007/978-3-540-74984-4_7,Reinhard GotzheinRüdiger GrammesThomas Kuhn,2007,https://link.springer.com/chapter/10.1007/978-3-540-74984-4_7,Conference paperPEQtest: Testing Functional Equivalence,Fundamental Approaches to Software Engineering,,,,10.1007/978-3-030-99429-7_11,Marie-Christine JakobsMaik Wiesner,2022,https://link.springer.com/chapter/10.1007/978-3-030-99429-7_11,Conference paper
Negative Perceptions About the Applicability of Source-to-Source Compilers in HPC: A Literature Review,High Performance Computing,,,,10.1007/978-3-030-90539-2_16,Reed MilewiczPeter PirkelbauerPrema SoundararajanHadia AhmedTony Skjellum,2021,https://link.springer.com/chapter/10.1007/978-3-030-90539-2_16,Conference paper
Verifying Fortran Programs with CIVL,Tools and Algorithms for the Construction and Analysis of Systems,,,,10.1007/978-3-030-99524-9_6,Wenhao WuJan HückelheimPaul D. HovlandStephen F. Siegel,2022,https://link.springer.com/chapter/10.1007/978-3-030-99524-9_6,Conference paper
Source-to-source compilation targeting OpenMP-based automatic parallelization of C applications,The Journal of Supercomputing,,,,10.1007/s11227-019-03109-9,Hamid ArabnejadJoão BispoJoão M. P. CardosoJorge G. Barbosa,2019,https://link.springer.com/article/10.1007/s11227-019-03109-9,Article
heimdallr: Improving Compile Time Correctness Checking for Message Passing with Rust,High Performance Computing,,,,10.1007/978-3-030-90539-2_13,Michael BleselMichael KuhnJannek Squar,2021,https://link.springer.com/chapter/10.1007/978-3-030-90539-2_13,Conference paper
"Source-to-Source Parallelization Compilers for Scientific Shared-Memory Multi-core and Accelerated Multiprocessing: Analysis, Pitfalls, Enhancement and Potential",International Journal of Parallel Programming,,,,10.1007/s10766-019-00640-3,Re’em HarelIdan MosseriHarel LevinLee-or AlonMatan RusanovskyGal Oren,2019,https://link.springer.com/article/10.1007/s10766-019-00640-3,Article
Automatic Parallelization of&#xa0;Python Programs for&#xa0;Distributed Heterogeneous Computing,Euro-Par 2022: Parallel Processing,,,,10.1007/978-3-031-12597-3_22,Jun ShirakoAkihiro HayashiSri Raj PaulAlexey TumanovVivek Sarkar,2022,https://link.springer.com/chapter/10.1007/978-3-031-12597-3_22,Conference paper
SSCCJ: System for Source to Source Conversion from C++ to Java for Efficient Computing in IoT Era,"Proceedings of International Conference on IoT Inclusive Life (ICIIL 2019), NITTTR Chandigarh, India",,,,10.1007/978-981-15-3020-3_35,Preeti BhattHarmunish TanejaKavita Taneja,2020,https://link.springer.com/chapter/10.1007/978-981-15-3020-3_35,Conference paper
From Verified Scala to&#xa0;STIX File System Embedded Code Using Stainless,NASA Formal Methods,,,,10.1007/978-3-031-06773-0_21,Jad HamzaSimon FelixViktor KunčakIvo NussbaumerFilip Schramka,2022,https://link.springer.com/chapter/10.1007/978-3-031-06773-0_21,Conference paper
iCetus: A Semi-automatic Parallel Programming Assistant,Languages and Compilers for Parallel Computing,,,,10.1007/978-3-030-99372-6_2,Parinaz BarakhshanRudolf Eigenmann,2022,https://link.springer.com/chapter/10.1007/978-3-030-99372-6_2,Conference paper
DSParLib: A C++ Template Library for Distributed Stream Parallelism,International Journal of Parallel Programming,,,,10.1007/s10766-022-00737-2,Júnior LöffRenato B. HoffmannRicardo PieperDalvan GrieblerLuiz G. Fernandes,2022,https://link.springer.com/article/10.1007/s10766-022-00737-2,Article
OpenMP as runtime for providing high-level stream parallelism on multi-cores,The Journal of Supercomputing,,,,10.1007/s11227-021-04182-9,Renato B. HoffmannJúnior LöffDalvan GrieblerLuiz G. Fernandes,2022,https://link.springer.com/article/10.1007/s11227-021-04182-9,Article
Design Space Exploration Tools,Approximate Computing Techniques,,,,10.1007/978-3-030-94705-7_8,Mario BarbareschiSalvatore BaroneNicola MazzoccaAlberto Moriconi,2022,https://link.springer.com/chapter/10.1007/978-3-030-94705-7_8,Chapter
Software approaches for resilience of high performance computing systems: a survey,Frontiers of Computer Science,,,,10.1007/s11704-022-2096-3,Jie JiaYi LiuGuozhen ZhangYulin GaoDepei Qian,2022,https://link.springer.com/article/10.1007/s11704-022-2096-3,Article
Verifying Solidity Smart Contracts via Communication Abstraction in SmartACE,"Verification, Model Checking, and Abstract Interpretation",,,,10.1007/978-3-030-94583-1_21,Scott WesleyMaria ChristakisJorge A. NavasRichard TreflerValentin WüstholzArie Gurfinkel,2022,https://link.springer.com/chapter/10.1007/978-3-030-94583-1_21,Conference paper
MYX: Runtime Correctness Analysis for Multi-Level Parallel Programming Paradigms,Software for Exascale Computing - SPPEXA 2016-2019,,,,10.1007/978-3-030-47956-5_18,Joachim ProtzeMiwako TsujiChristian TerbovenThomas DufaudHitoshi MuraiSerge PetitonNahid EmadMatthias S. MüllerTaisuke Boku,2020,https://link.springer.com/chapter/10.1007/978-3-030-47956-5_18,Conference paper
Integrating Owicki–Gries for C11-Style Memory Models into Isabelle/HOL,Journal of Automated Reasoning,,,,10.1007/s10817-021-09610-2,Sadegh DalvandiBrijesh DongolSimon DohertyHeike Wehrheim,2021,https://link.springer.com/article/10.1007/s10817-021-09610-2,Article
Compiler-Assisted Instrumentation Selection for&#xa0;Large-Scale C++ Codes,High Performance Computing. ISC High Performance 2022 International Workshops,,,,10.1007/978-3-031-23220-6_1,Sebastian KreutzerChristian IwainskyJan-Patrick LehrChristian Bischof,2022,https://link.springer.com/chapter/10.1007/978-3-031-23220-6_1,Conference paper
Making legacy Fortran code type safe through automated program transformation,The Journal of Supercomputing,,,,10.1007/s11227-021-03839-9,Wim Vanderbauwhede,2021,https://link.springer.com/article/10.1007/s11227-021-03839-9,Article
ASSIST: An FDO Source-to-Source Transformation Tool for HPC Applications,Tools for High Performance Computing 2017,,,,10.1007/978-3-030-11987-4_3,Youenn LebrasAndres S. Charif RubialRomain DolbeauWilliam Jalby,2019,https://link.springer.com/chapter/10.1007/978-3-030-11987-4_3,Conference paper
A Note on&#xa0;Idleness Detection of&#xa0;Actor Systems,The Logic of Software. A Tasting Menu of Formal Methods,,,,10.1007/978-3-031-08166-8_21,Rudolf Schlatte,2022,https://link.springer.com/chapter/10.1007/978-3-031-08166-8_21,Chapter
Alpinist: An Annotation-Aware GPU Program Optimizer,Tools and Algorithms for the Construction and Analysis of Systems,,,,10.1007/978-3-030-99527-0_18,Ömer ŞakarMohsen SafariMarieke HuismanAnton Wijs,2022,https://link.springer.com/chapter/10.1007/978-3-030-99527-0_18,Conference paper
Refactoring for Performance with Semantic Patching: Case Study with Recipes,High Performance Computing,,,,10.1007/978-3-030-90539-2_15,Michele MartoneJulia Lawall,2021,https://link.springer.com/chapter/10.1007/978-3-030-90539-2_15,Conference paper
"Demonstration of Shor’s factoring algorithm for N <span class=""mathjax-tex"">\(=\)</span> 21 on IBM quantum processors",Scientific Reports,,,,10.1038/s41598-021-95973-w,Unathi SkosanaMark Tame,2021,https://link.springer.com/article/10.1038/s41598-021-95973-w,Article
Challenges and Solutions in Drug Product Process Development from a Material Science Perspective,Optimization of Pharmaceutical Processes,,,,10.1007/978-3-030-90924-6_16,Fanny StaufferPierre-François ChavezJulie FahierCorentin LarcyMehrdad PashaGabrielle Pilcer,2022,https://link.springer.com/chapter/10.1007/978-3-030-90924-6_16,Chapter
A Framework for&#xa0;Component Mapping Between Event-B and&#xa0;Python,Ambient Communications and Computer Systems,,,,10.1007/978-981-16-7952-0_13,Rahul Karmakar,2022,https://link.springer.com/chapter/10.1007/978-981-16-7952-0_13,Conference paper
Extending OpenMP to&#xa0;Support Automated Function Specialization Across Translation Units,OpenMP in a Modern World: From Multi-device Support to Meta Programming,,,,10.1007/978-3-031-15922-0_11,Giorgis GeorgakoudisThomas R. W. ScoglandChunhua LiaoBronis R. de Supinski,2022,https://link.springer.com/chapter/10.1007/978-3-031-15922-0_11,Conference paper
Accelerator Design with High-Level Synthesis,Handbook of Computer Architecture,,,,10.1007/978-981-15-6401-7_19-1,Christian PilatoStephanie Soldavini,2022,https://link.springer.com/rwe/10.1007/978-981-15-6401-7_19-1,Living reference work entry
Mapping Event-B Machines into Eiffel Programming Language,Proceedings of 6th International Conference in Software Engineering for Defence Applications,,,,10.1007/978-3-030-14687-0_23,Victor RiveraJooYoung LeeManuel Mazzara,2020,https://link.springer.com/chapter/10.1007/978-3-030-14687-0_23,Conference paper
MARTINI: The Little Match and&#xa0;Replace Tool for&#xa0;Automatic Application Rewriting with&#xa0;Code Examples,Euro-Par 2022: Parallel Processing,,,,10.1007/978-3-031-12597-3_2,Alister JohnsonCamille CotiAllen D. MalonyJohannes Doerfert,2022,https://link.springer.com/chapter/10.1007/978-3-031-12597-3_2,Conference paper
A Survey of Programming Language Memory Models,Programming and Computer Software,,,,10.1134/S0361768821060050,E. MoiseenkoA. PodkopaevD. Koznov,2021,https://link.springer.com/article/10.1134/S0361768821060050,Article
Efficient High-Level Programming in Plain Java,International Journal of Parallel Programming,,,,10.1007/s10766-022-00747-0,Rui S. SilvaJoão L. Sobral,2022,https://link.springer.com/article/10.1007/s10766-022-00747-0,Article
"The B Method Meets MDE: Review, Progress and Future",Research Challenges in Information Science,,,,10.1007/978-3-031-05760-1_29,Akram Idani,2022,https://link.springer.com/chapter/10.1007/978-3-031-05760-1_29,Conference paper
Modelling Flocks of&#xa0;Birds from&#xa0;the&#xa0;Bottom Up,"Leveraging Applications of Formal Methods, Verification and Validation. Adaptation and Learning",,,,10.1007/978-3-031-19759-8_6,Rocco De NicolaLuca Di StefanoOmar InversoSerenella Valiani,2022,https://link.springer.com/chapter/10.1007/978-3-031-19759-8_6,Conference paper
Property-Driven Code Obfuscations Reinterpreting Jones-Optimality in&#xa0;Abstract Interpretation,Static Analysis,,,,10.1007/978-3-031-22308-2_12,Roberto GiacobazziIsabella Mastroeni,2022,https://link.springer.com/chapter/10.1007/978-3-031-22308-2_12,Conference paper
Comprehensive Analysis of&#xa0;Software-Based Fault Tolerance with&#xa0;Arithmetic Coding for&#xa0;Performant Encoding of&#xa0;Integer Calculations,"Computer Safety, Reliability, and Security",,,,10.1007/978-3-031-14835-4_10,Marc FischerOliver RiedelArmin Lechler,2022,https://link.springer.com/chapter/10.1007/978-3-031-14835-4_10,Conference paper
Enhancing the Effectiveness of Inlining in Automatic Parallelization,International Journal of Parallel Programming,,,,10.1007/s10766-021-00722-1,Jichi GuoQing YiKleanthis Psarris,2021,https://link.springer.com/article/10.1007/s10766-021-00722-1,Article
Verification and refutation of C programs based on <i>k</i>-induction and invariant inference,International Journal on Software Tools for Technology Transfer,,,,10.1007/s10009-020-00564-1,Omar M. AlhawiHerbert RochaMikhail R. GadelhaLucas C. CordeiroEddie Batista,2020,https://link.springer.com/article/10.1007/s10009-020-00564-1,Article
Fortress Abstractions in X10 Framework,International Journal of Parallel Programming,,,,10.1007/s10766-021-00719-w,Anshu S. AnandKarthik SayaniR. K. Shyamasundar,2021,https://link.springer.com/article/10.1007/s10766-021-00719-w,Article
OmpSs-2@Cluster: Distributed Memory Execution of&#xa0;Nested OpenMP-style Tasks,Euro-Par 2022: Parallel Processing,,,,10.1007/978-3-031-12597-3_20,Jimmy Aguilar MenaOmar ShaabanVicenç BeltranPaul CarpenterEduard AyguadeJesus Labarta Mancho,2022,https://link.springer.com/chapter/10.1007/978-3-031-12597-3_20,Conference paper
Assessing Application Efficiency and Performance Portability in Single-Source Programming for Heterogeneous Parallel Systems,International Journal of Parallel Programming,,,,10.1007/s10766-022-00746-1,August ErnstssonDalvan GrieblerChristoph Kessler,2022,https://link.springer.com/article/10.1007/s10766-022-00746-1,Article
Towards Efficient HW Acceleration in&#xa0;Edge-Cloud Infrastructures: The SERRANO Approach,"Embedded Computer Systems: Architectures, Modeling, and Simulation",,,,10.1007/978-3-031-04580-6_24,Aggelos FerikoglouIoannis OroutzoglouArgyris KokkinisDimitrios DanopoulosDimosthenis MasourosEfthymios ChondrogiannisAitor Fernández GómezAristotelis KretsisPanagiotis KokkinosEmmanouel VarvarigosKostas Siozios,2022,https://link.springer.com/chapter/10.1007/978-3-031-04580-6_24,Conference paper
ComPar: Optimized Multi-compiler for Automatic OpenMP S2S Parallelization,OpenMP: Portable Multi-Level Parallelism on Modern Systems,,,,10.1007/978-3-030-58144-2_16,Idan MosseriLee-Or AlonRe’Em HarelGal Oren,2020,https://link.springer.com/chapter/10.1007/978-3-030-58144-2_16,Conference paper
On the&#xa0;Migration of&#xa0;OpenACC-Based Applications into&#xa0;OpenMP 5+,OpenMP in a Modern World: From Multi-device Support to Meta Programming,,,,10.1007/978-3-031-15922-0_9,Harald ServatGiacomo RossiAlejandro DuranRavi Narayanaswamy,2022,https://link.springer.com/chapter/10.1007/978-3-031-15922-0_9,Conference paper
Superblock-based performance optimization for Sunway Math Library on SW26010 many-core processor,The Journal of Supercomputing,,,,10.1007/s11227-021-03997-w,Hao CaoShaozhong GuoJiangwei HaoYuanyuan XiaJinchen Xu,2021,https://link.springer.com/article/10.1007/s11227-021-03997-w,Article
Hardware/Software Codesign for Energy Efficiency and Robustness: From Error-Tolerant Computing to Approximate Computing,Dependable Embedded Systems,,,,10.1007/978-3-030-52017-5_22,Abbas RahimiRajesh K. Gupta,2021,https://link.springer.com/chapter/10.1007/978-3-030-52017-5_22,Chapter
VeriMon: A Formally Verified Monitoring Tool,Theoretical Aspects of Computing – ICTAC 2022,,,,10.1007/978-3-031-17715-6_1,David BasinThibault DardinierNico HauserLukas HeimesJonathan Julián Huerta y MuniveNicolas KaletschSrđan KrstićEmanuele MarsicanoMartin RaszykJoshua SchneiderDawit Legesse TiroreDmitriy TraytelSheila Zingg,2022,https://link.springer.com/chapter/10.1007/978-3-031-17715-6_1,Conference paper
QSPcc reduces bottlenecks in computational model simulations,Communications Biology,,,,10.1038/s42003-021-02553-9,Danilo TomasoniAlessio ParisStefano GiampiccoloFederico RealiGiulia SimoniLuca MarchettiChanchala KaddiSusana Neves-ZaphCorrado PriamiKarim AzerRosario Lombardo,2021,https://link.springer.com/article/10.1038/s42003-021-02553-9,Article
A new method of software vulnerability detection based on a quantum neural network,Scientific Reports,,,,10.1038/s41598-022-11227-3,Xin ZhouJianmin PangFeng YueFudong LiuJiayu GuoWenfu LiuZhihui SongGuoqiang ShuBing XiaZheng Shan,2022,https://link.springer.com/article/10.1038/s41598-022-11227-3,Article
Leveraging HW Approximation for Exploiting Performance-Energy Trade-offs Within the Edge-Cloud Computing Continuum,High Performance Computing,,,,10.1007/978-3-030-90539-2_27,Argyris KokkinisAggelos FerikoglouDimitrios DanopoulosDimosthenis MasourosKostas Siozios,2021,https://link.springer.com/chapter/10.1007/978-3-030-90539-2_27,Conference paper
Efficient heterogeneous programming with FPGAs using the Controller model,The Journal of Supercomputing,,,,10.1007/s11227-021-03792-7,Gabriel Rodriguez-CanalYuri TorresFrancisco J. AndújarArturo Gonzalez-Escribano,2021,https://link.springer.com/article/10.1007/s11227-021-03792-7,Article
Runtime Abstract Interpretation for Numerical Accuracy and Robustness,"Verification, Model Checking, and Abstract Interpretation",,,,10.1007/978-3-030-67067-2_12,Franck VédrineMaxime JacqueminNikolai KosmatovJulien Signoles,2021,https://link.springer.com/chapter/10.1007/978-3-030-67067-2_12,Conference paper
Teaching sourcing during online inquiry&#xa0;–&#xa0;adolescents with the weakest skills benefited the most,Instructional Science,,,,10.1007/s11251-022-09597-2,Elina K. HämäläinenCarita KiiliEija RäikkönenMinna LakkalaLiisa IlomäkiAuli ToomMiika Marttunen,2022,https://link.springer.com/article/10.1007/s11251-022-09597-2,Article
A Framework and a Research Design Proposal to Identify Preservice Teachers’ Integration Performance of Science and Mathematics,"Canadian Journal of Science, Mathematics and Technology Education",,,,10.1007/s42330-022-00198-2,Bento CavadasSofia RézioJoão Robert NogueiraNeusa Branco,2022,https://link.springer.com/article/10.1007/s42330-022-00198-2,Article
Physical Diversity,A Few Tens au Scale Physical and Chemical Structures Around Young Low-Mass Protostars,,,,10.1007/978-981-19-1708-0_10,Yoko Oya,2022,https://link.springer.com/chapter/10.1007/978-981-19-1708-0_10,Chapter
What You See Is What You Get: Practical Effect Handlers in Capability-Passing Style,Ernst Denert Award for Software Engineering 2020,,,,10.1007/978-3-030-83128-8_3,Jonathan Immanuel Brachthäuser,2022,https://link.springer.com/chapter/10.1007/978-3-030-83128-8_3,Chapter
The Decidability of Verification under PS 2.0,Programming Languages and Systems,,,,10.1007/978-3-030-72019-3_1,Parosh Aziz AbdullaMohamed Faouzi AtigAdwait GodboleS. KrishnaViktor Vafeiadis,2021,https://link.springer.com/chapter/10.1007/978-3-030-72019-3_1,Conference paper
HiMLEdge – Energy-Aware Optimization for&#xa0;Hierarchical Machine Learning,"Advanced Research in Technologies, Information, Innovation and Sustainability",,,,10.1007/978-3-031-20316-9_2,Julio WissingStephan ScheeleAliya MohammedDorothea KolossaUte Schmid,2022,https://link.springer.com/chapter/10.1007/978-3-031-20316-9_2,Conference paper
Precompiler for the ACELAN-COMPOS Package Solvers,Parallel Computing Technologies,,,,10.1007/978-3-030-86359-3_8,Aleksandr VasilenkoVadim VeselovskiyElena MetelitsaNikita ZhivykhBoris SteinbergOleg Steinberg,2021,https://link.springer.com/chapter/10.1007/978-3-030-86359-3_8,Conference paper
Software Reuse Enabled by&#xa0;Machine Learning Based Source Code Analysis: A Case for&#xa0;Automated Classification of&#xa0;OpenSource Software with&#xa0;Respect to&#xa0;Requirements,"Complex, Intelligent and Software Intensive Systems",,,,10.1007/978-3-031-08812-4_45,Dario BrancoLuigi CuccaroBeniamino Di Martino,2022,https://link.springer.com/chapter/10.1007/978-3-031-08812-4_45,Conference paper
A Multi-engine Aspect-Oriented Language with Modeling Integration for Video Game Design,Evaluation of Novel Approaches to Software Engineering,,,,10.1007/978-3-030-70006-5_14,Ben J. GeislerShane L. Kavage,2021,https://link.springer.com/chapter/10.1007/978-3-030-70006-5_14,Conference paper
REFINITY to Model and Prove Program Transformation Rules,Programming Languages and Systems,,,,10.1007/978-3-030-64437-6_16,Dominic Steinhöfel,2020,https://link.springer.com/chapter/10.1007/978-3-030-64437-6_16,Conference paper
Three-Dimensional Fluid Code with XcalableMP,XcalableMP PGAS Programming Language,,,,10.1007/978-981-15-7683-6_6,Hitoshi Sakagami,2021,https://link.springer.com/chapter/10.1007/978-981-15-7683-6_6,Chapter
Compiler-Assisted Source-to-Source Skeletonization of Application Models for System Simulation,High Performance Computing,,,,10.1007/978-3-319-92040-5_7,Jeremiah J. WilkeJoseph P. KennySamuel KnightSebastien Rumley,2018,https://link.springer.com/chapter/10.1007/978-3-319-92040-5_7,Conference paper
Anti-obfuscation Binary Code Clone Detection Based on Software Gene,Data Science,,,,10.1007/978-981-16-5940-9_15,Ke TangFudong LiuZheng ShanChunyan Zhang,2021,https://link.springer.com/chapter/10.1007/978-981-16-5940-9_15,Conference paper
Data space randomization for securing cyber-physical systems,International Journal of Information Security,,,,10.1007/s10207-021-00568-1,Bradley PotteigerFeiyang CaiZhenkai ZhangXenofon Koutsoukos,2021,https://link.springer.com/article/10.1007/s10207-021-00568-1,Article
Verification of Quantum Circuits,Handbook of Computer Architecture,,,,10.1007/978-981-15-6401-7_43-1,Robert WilleLukas Burgholzer,2022,https://link.springer.com/rwe/10.1007/978-981-15-6401-7_43-1,Living reference work entry
Learning I/O Variables from&#xa0;Scientific Software’s User Manuals,Computational Science – ICCS 2022,,,,10.1007/978-3-031-08760-8_42,Zedong PengXuanyi LinSreelekhaa Nagamalli SanthoshkumarNan NiuUpulee Kanewala,2022,https://link.springer.com/chapter/10.1007/978-3-031-08760-8_42,Conference paper
A hierarchical Bayesian model for predicting fire ignitions after an earthquake with application to California,Natural Hazards,,,,10.1007/s11069-021-05109-6,Qi TongThomas Gernay,2021,https://link.springer.com/article/10.1007/s11069-021-05109-6,Article
Abstracting Containerisation and Orchestration for Cloud-Native Applications,Cloud Computing – CLOUD 2020,,,,10.1007/978-3-030-59635-4_12,José Ghislain QuenumGervasius Ishuuwa,2020,https://link.springer.com/chapter/10.1007/978-3-030-59635-4_12,Conference paper
Automatic translation of data parallel programs for heterogeneous parallelism through OpenMP offloading,The Journal of Supercomputing,,,,10.1007/s11227-020-03452-2,Farui WangWeizhe ZhangHaonan GuoMeng HaoGangzhao LuZheng Wang,2020,https://link.springer.com/article/10.1007/s11227-020-03452-2,Article
Qurzon: A Prototype for a Divide and Conquer-Based Quantum Compiler for Distributed Quantum Systems,SN Computer Science,,,,10.1007/s42979-022-01207-9,Turbasu ChatterjeeArnav DasShah Ishmam MohtashimAmit SahaAmlan Chakrabarti,2022,https://link.springer.com/article/10.1007/s42979-022-01207-9,Article
Design for manufacturing(DFM): a sustainable approach to drive the design process from suitability to low cost,International Journal on Interactive Design and Manufacturing (IJIDeM),,,,10.1007/s12008-022-00840-1,Hojjat MoeeniMehrdad JavadiSadigh Raissi,2022,https://link.springer.com/article/10.1007/s12008-022-00840-1,Article
Overview and introduction to development of non-ergodic earthquake ground-motion models,Bulletin of Earthquake Engineering,,,,10.1007/s10518-022-01485-x,Grigorios LavrentiadisNorman A. AbrahamsonKuehn M. NicolasYousef BozorgniaChristine A. GouletAnže BabičJorge MacedoMatjaž DolšekNicholas GregorAlbert R. KottkeMaxime LacourChenying LiuXiaofeng MengVan-Bang PhungChih-Hsuan SungMelanie Walling,2022,https://link.springer.com/article/10.1007/s10518-022-01485-x,Article
Machine learning in astronomy,Journal of Astrophysics and Astronomy,,,,10.1007/s12036-022-09871-2,Ajit KembhaviRohan Pattnaik,2022,https://link.springer.com/article/10.1007/s12036-022-09871-2,Article
Compiler-based Attack Origin Tracking with&#xa0;Dynamic Taint Analysis,Information Security and Cryptology – ICISC 2021,,,,10.1007/978-3-031-08896-4_9,Oliver BraunsdorfStefan SessinghausJulian Horsch,2022,https://link.springer.com/chapter/10.1007/978-3-031-08896-4_9,Conference paper
Extending OpenMP for Machine Learning-Driven Adaptation,Accelerator Programming Using Directives,,,,10.1007/978-3-030-97759-7_3,Chunhua LiaoAnjia WangGiorgis GeorgakoudisBronis R. de SupinskiYonghong YanDavid BeckingsaleTodd Gamblin,2022,https://link.springer.com/chapter/10.1007/978-3-030-97759-7_3,Conference paper
Discovering sparse interpretable dynamics from partial observations,Communications Physics,,,,10.1038/s42005-022-00987-z,Peter Y. LuJoan Ariño BernadMarin Soljačić,2022,https://link.springer.com/article/10.1038/s42005-022-00987-z,Article
ArcOLITIRS: A Toolbox for Radiometric Calibration and Surface Temperature Estimation from Landsat 8 Products in ArcGIS Environment,Journal of the Indian Society of Remote Sensing,,,,10.1007/s12524-022-01636-2,M. ArunachalamR. Melwyn JoshuaAjith Joseph KochuparampilJ. Saravanavel,2022,https://link.springer.com/article/10.1007/s12524-022-01636-2,Article
A Reversible Runtime Environment for Parallel Programs,Reversible Computation,,,,10.1007/978-3-030-52482-1_18,Takashi IkedaShoji Yuen,2020,https://link.springer.com/chapter/10.1007/978-3-030-52482-1_18,Conference paper
"Drinking Water Quality Assessment of Government, Non-Government and Self-Based Schemes in the Disaster Affected Areas of Khyber Pakhtunkhwa, Pakistan",Exposure and Health,,,,10.1007/s12403-022-00511-2,Javed NawabAbdur RahmanSardar KhanJunaid GhaniZahid UllahHaris KhanMuhammad Waqas,2022,https://link.springer.com/article/10.1007/s12403-022-00511-2,Article
Financial Inclusion and Digitalization,Digital Technologies and Institutions for Sustainable Development,,,,10.1007/978-3-031-04289-8_55,Svetlana V. GrishanovaVictor S. YakovenkoTamara V. SkrebtsovaIrina A. DemchenkoMarina V. Ponomarenko,2022,https://link.springer.com/chapter/10.1007/978-3-031-04289-8_55,Chapter
Current Advances in Hydroxyapatite- and β-Tricalcium Phosphate-Based Composites for Biomedical Applications: A Review,Biomedical Materials & Devices,,,,10.1007/s44174-022-00037-w,Sierra K. KuckoSarah M. RaemanTimothy J. Keenan,2022,https://link.springer.com/article/10.1007/s44174-022-00037-w,Article
Towards a&#xa0;Methodology for&#xa0;Formally Analyzing Federated Identity Management Systems,"Leveraging Applications of Formal Methods, Verification and Validation. Practice",,,,10.1007/978-3-031-19762-8_28,Katerina KsystraMaria DimarogkonaNikolaos TriantafyllouPetros StefaneasPetros Kavassalis,2022,https://link.springer.com/chapter/10.1007/978-3-031-19762-8_28,Conference paper
BinderAnn: Automated Reification of Source Annotations for Monadic EDSLs,Trends in Functional Programming,,,,10.1007/978-3-030-57761-2_2,Agustín MistaAlejandro Russo,2020,https://link.springer.com/chapter/10.1007/978-3-030-57761-2_2,Conference paper
"Keeping Employees Safe During Health Crises: The Effects of Media Exposure, HR Practices, and Age",Journal of Business and Psychology,,,,10.1007/s10869-022-09837-9,Shuqi LiHenry R. YoungMajid GhorbaniByron Y. LeeDaan van KnippenbergRussell E. Johnson,2022,https://link.springer.com/article/10.1007/s10869-022-09837-9,Article
Introduction to TypeScript,Building Web Applications with .NET Core 2.1 and JavaScript,,,,10.1007/978-1-4842-5352-6_10,Philip JapikseKevin GrossnicklausBen Dewey,2020,https://link.springer.com/chapter/10.1007/978-1-4842-5352-6_10,Chapter
Detecting Disaster Before It Strikes: On the Challenges of Automated Building and Testing in HPC Environments,Tools for High Performance Computing 2018 / 2019,,,,10.1007/978-3-030-66057-4_1,Christian FeldMarkus GeimerMarc-André HermannsPavel SaviankouAnke VisserBernd Mohr,2021,https://link.springer.com/chapter/10.1007/978-3-030-66057-4_1,Conference paper
Quasi-Equal Clock Reduction On-the-Fly,NASA Formal Methods,,,,10.1007/978-3-030-76384-8_23,Bernd Westphal,2021,https://link.springer.com/chapter/10.1007/978-3-030-76384-8_23,Conference paper
AspectSol: A Solidity Aspect-Oriented Programming Tool with&#xa0;Applications in&#xa0;Runtime Verification,Runtime Verification,,,,10.1007/978-3-031-17196-3_13,Shaun AzzopardiJoshua EllulRyan FalzonGordon J. Pace,2022,https://link.springer.com/chapter/10.1007/978-3-031-17196-3_13,Conference paper
mad-GP: automatic differentiation of Gaussian processes for molecules and materials,Journal of Mathematical Chemistry,,,,10.1007/s10910-022-01334-x,Daniel HuangChong TengJunwei Lucas BaoJean-Baptiste Tristan,2022,https://link.springer.com/article/10.1007/s10910-022-01334-x,Article
Keep Stepping Up: More Skills You Need to Know,The First Line of Code,,,,10.1007/978-981-19-1800-1_14,Lin Guo,2022,https://link.springer.com/chapter/10.1007/978-981-19-1800-1_14,Chapter
Modeling and Verification of A Timing Protection Mechanism in the OSEK/VDX OS using CSP,Formal Aspects of Computing,,,,10.1007/s00165-020-00511-6,Yanhong HuangHaiping PangJianqi Shi,2020,https://link.springer.com/article/10.1007/s00165-020-00511-6,Article
Remote OpenMP Offloading,High Performance Computing,,,,10.1007/978-3-031-07312-0_16,Atmn PatelJohannes Doerfert,2022,https://link.springer.com/chapter/10.1007/978-3-031-07312-0_16,Conference paper
ZKAttest: Ring and&#xa0;Group Signatures for&#xa0;Existing ECDSA Keys,Selected Areas in Cryptography,,,,10.1007/978-3-030-99277-4_4,Armando Faz-HernándezWatson LaddDeepak Maram,2022,https://link.springer.com/chapter/10.1007/978-3-030-99277-4_4,Conference paper
High Assurance Software for&#xa0;Financial Regulation and&#xa0;Business Platforms,"Verification, Model Checking, and Abstract Interpretation",,,,10.1007/978-3-030-94583-1_6,Stephen GoldbaumAttila MihalyTosha EllisonEarl T. BarrMark Marron,2022,https://link.springer.com/chapter/10.1007/978-3-030-94583-1_6,Conference paper
Separating Map Variables in a Logic-Based Intermediate Verification Language,Networked Systems,,,,10.1007/978-3-030-91014-3_12,Daniel DietschMatthias HeizmannJochen HoenickeAlexander NutzAndreas Podelski,2021,https://link.springer.com/chapter/10.1007/978-3-030-91014-3_12,Conference paper
"Performance Evaluation of OSCAR Multi-target Automatic Parallelizing Compiler on Intel, AMD, Arm and RISC-V Multicores",Languages and Compilers for Parallel Computing,,,,10.1007/978-3-030-99372-6_4,Birk Martin MagnussenTohma KawasumiHiroki MikamiKeiji KimuraHironori Kasahara,2022,https://link.springer.com/chapter/10.1007/978-3-030-99372-6_4,Conference paper
Characteristics of remnant radio galaxies detected in deep radio continuum observations from SKA pathfinders,Journal of Astrophysics and Astronomy,,,,10.1007/s12036-022-09883-y,SUSHANT DUTTAVEERESH SINGHC. H. ISHWARA CHANDRAYOGESH WADADEKARABHIJIT KAYAL,2022,https://link.springer.com/article/10.1007/s12036-022-09883-y,Article
Enhancing the Cognition and Efficacy of Machine Learning Through Similarity,SN Computer Science,,,,10.1007/s42979-022-01339-y,Vishnu PendyalaRakesh Amireddy,2022,https://link.springer.com/article/10.1007/s42979-022-01339-y,Article
Effects of&#xa0;Approximate Computing on&#xa0;Workload Characteristics,Architecture of Computing Systems,,,,10.1007/978-3-031-21867-5_6,Daniel MaierStefan SchirmeisterBen Juurlink,2022,https://link.springer.com/chapter/10.1007/978-3-031-21867-5_6,Conference paper
Facilitating the Evolutionary Modifications in Distributed Apps via Automated Refactoring,Web Engineering,,,,10.1007/978-3-030-19274-7_43,Kijin An,2019,https://link.springer.com/chapter/10.1007/978-3-030-19274-7_43,Conference paper
Towards a simple and safe Objective Caml compiling framework for the synchronous language SIGNAL,Frontiers of Computer Science,,,,10.1007/s11704-017-6485-y,Zhibin YangJean-Paul BodeveixMamoun Filali,2019,https://link.springer.com/article/10.1007/s11704-017-6485-y,Article
Additional Parallelization of Existing MPI Programs Using SAPFOR,Parallel Computing Technologies,,,,10.1007/978-3-030-86359-3_4,Nikita KataevAlexander Kolganov,2021,https://link.springer.com/chapter/10.1007/978-3-030-86359-3_4,Conference paper
Reconstructing “Lost” Vessels: A Methodology for Applying Photogrammetric Techniques to Historical Photographs,Journal of Maritime Archaeology,,,,10.1007/s11457-021-09311-2,Daniel E. Bishop,2021,https://link.springer.com/article/10.1007/s11457-021-09311-2,Article
Go2Pins: A Framework for the LTL Verification of Go Programs,Model Checking Software,,,,10.1007/978-3-030-84629-9_8,Alexandre KirszenbergAntoine MartinHugo MoreauEtienne Renault,2021,https://link.springer.com/chapter/10.1007/978-3-030-84629-9_8,Conference paper
"Recent Innovations in the Strategies for the Functionalization of Chitosan, Pectin, Alginate, Hyaluronic Acid, Dextran and Inulin Biomaterials for Anticancer Applications-A Review",Journal of Polymers and the Environment,,,,10.1007/s10924-022-02547-6,Showkat Ali GanieLuqman Jameel RatherQing Li,2022,https://link.springer.com/article/10.1007/s10924-022-02547-6,Article
Quantum Compiling,Quantum Computing Environments,,,,10.1007/978-3-030-89746-8_2,Marco MaroneseLorenzo MoroLorenzo RocuttoEnrico Prati,2022,https://link.springer.com/chapter/10.1007/978-3-030-89746-8_2,Chapter
Static Analysis of Endian Portability by Abstract Interpretation,Static Analysis,,,,10.1007/978-3-030-88806-0_5,David DelmasAbdelraouf OuadjaoutAntoine Miné,2021,https://link.springer.com/chapter/10.1007/978-3-030-88806-0_5,Conference paper
Hoare-Style Logic for Unstructured Programs,Software Engineering and Formal Methods,,,,10.1007/978-3-030-58768-0_11,Didrik LundbergRoberto GuancialeAndreas LindnerMads Dam,2020,https://link.springer.com/chapter/10.1007/978-3-030-58768-0_11,Conference paper
A Meta-analysis Approach for&#xa0;Estimating Salary Mean and&#xa0;Its Confidence Interval,Computational Science and Its Applications – ICCSA 2022 Workshops,,,,10.1007/978-3-031-10536-4_41,Flora FerreiraJosé SoaresFernanda SousaFilipe MagalhãesIsabel RibeiroDânia PintoPedro Pacheco,2022,https://link.springer.com/chapter/10.1007/978-3-031-10536-4_41,Conference paper
Refactoring GrPPI: Generic Refactoring for Generic Parallelism in C++,International Journal of Parallel Programming,,,,10.1007/s10766-020-00667-x,Christopher BrownVladimir JanjicAdam D. BarwellJ. Daniel GarciaKenneth MacKenzie,2020,https://link.springer.com/article/10.1007/s10766-020-00667-x,Article
Collider events on a quantum computer,Journal of High Energy Physics,,,,10.1007/JHEP11(2022)035,Gösta GustafsonStefan PrestelMichael SpannowskySimon Williams,2022,https://link.springer.com/article/10.1007/JHEP11(2022)035,Article
On how the ergodic assumption influences seismic risk,Bulletin of Earthquake Engineering,,,,10.1007/s10518-020-00992-z,Zehra Çağnan,2020,https://link.springer.com/article/10.1007/s10518-020-00992-z,Article
Information Flow Security Certification for SPARK Programs,Data and Applications Security and Privacy XXXIV,,,,10.1007/978-3-030-49669-2_8,Sandip GhosalR. K. Shyamasundar,2020,https://link.springer.com/chapter/10.1007/978-3-030-49669-2_8,Conference paper
On the Versatility of Open Logical Relations,Programming Languages and Systems,,,,10.1007/978-3-030-44914-8_3,Gilles BartheRaphaëlle CrubilléUgo Dal LagoFrancesco Gavazzo,2020,https://link.springer.com/chapter/10.1007/978-3-030-44914-8_3,Conference paper
Streamlining the OpenMP Programming Model on Ultra-Low-Power Multi-core MCUs,Architecture of Computing Systems,,,,10.1007/978-3-030-81682-7_11,Fabio MontagnaGiuseppe TagliaviniDavide RossiAngelo GarofaloLuca Benini,2021,https://link.springer.com/chapter/10.1007/978-3-030-81682-7_11,Conference paper
"Terror, Fear, Disbelief, and Complacency in the Face of Evil: The Reactions of the Hebrew Press in Palestine to the First News on the Extermination of the European Jewry by the Nazis in 1942",Media and the Dissemination of Fear,,,,10.1007/978-3-030-84989-4_6,Gideon Kouts,2022,https://link.springer.com/chapter/10.1007/978-3-030-84989-4_6,Chapter
Towards a recipe for language decomposition: quality assessment of language product lines,Empirical Software Engineering,,,,10.1007/s10664-021-10074-6,Walter CazzolaLuca Favalli,2022,https://link.springer.com/article/10.1007/s10664-021-10074-6,Article
Homologous recombination proficiency in ovarian and breast cancer patients,BMC Cancer,,,,10.1186/s12885-021-08863-9,Justin Fortune CreedenNisha S. NanavatyKatelyn R. EinlothCassidy E. GillmanLaura StanberyDanae M. HamoudaLance DworkinJohn Nemunaitis,2021,https://link.springer.com/article/10.1186/s12885-021-08863-9,Article
Unifying Parsing and Reflective Printing for Fully Disambiguated Grammars,New Generation Computing,,,,10.1007/s00354-019-00082-y,Zirun ZhuHsiang-Shang KoYongzhe ZhangPedro MartinsJoão SaraivaZhenjiang Hu,2020,https://link.springer.com/article/10.1007/s00354-019-00082-y,Article
Monoparametric Tiling of Polyhedral Programs,International Journal of Parallel Programming,,,,10.1007/s10766-021-00694-2,Guillaume IoossChristophe AliasSanjay Rajopadhye,2021,https://link.springer.com/article/10.1007/s10766-021-00694-2,Article
Empirical Performance Evaluation of&#xa0;Machine Learning based DDoS Attack Detections,Recent Advances in Internet of Things and Machine Learning,,,,10.1007/978-3-030-90119-6_23,Bao-Sam TranThi-Huyen HoThanh-Xuan DoKim-Hung Le,2022,https://link.springer.com/chapter/10.1007/978-3-030-90119-6_23,Chapter
Map2Check: Using Symbolic Execution and Fuzzing,Tools and Algorithms for the Construction and Analysis of Systems,,,,10.1007/978-3-030-45237-7_29,Herbert RochaRafael MenezesLucas C. CordeiroRaimundo Barreto,2020,https://link.springer.com/chapter/10.1007/978-3-030-45237-7_29,Conference paper
An Affine Scheduling Framework for Integrating Data Layout and&#xa0;Loop Transformations,Languages and Compilers for Parallel Computing,,,,10.1007/978-3-030-95953-1_1,Jun ShirakoVivek Sarkar,2022,https://link.springer.com/chapter/10.1007/978-3-030-95953-1_1,Conference paper
Parallel programming models for heterogeneous many-cores: a comprehensive survey,CCF Transactions on High Performance Computing,,,,10.1007/s42514-020-00039-4,Jianbin FangChun HuangTao TangZheng Wang,2020,https://link.springer.com/article/10.1007/s42514-020-00039-4,Article
OpenMP Target Device Offloading for the SX-Aurora TSUBASA Vector Engine,Parallel Processing and Applied Mathematics,,,,10.1007/978-3-030-43229-4_21,Tim CramerManoel RömmerBoris KosmyninErich FochtMatthias S. Müller,2020,https://link.springer.com/chapter/10.1007/978-3-030-43229-4_21,Conference paper
Provably Correct Floating-Point Implementation of a Point-in-Polygon Algorithm,Formal Methods – The Next 30 Years,,,,10.1007/978-3-030-30942-8_3,Mariano M. MoscatoLaura TitoloMarco A. FeliúCésar A. Muñoz,2019,https://link.springer.com/chapter/10.1007/978-3-030-30942-8_3,Conference paper
Calculation of seismicity parameters and strong ground movement in Lorestan province (Boroujerd city) based on seismic data,Arabian Journal of Geosciences,,,,10.1007/s12517-021-07675-2,Ali Ghiyas YeganeAli SolgiAli UromeieZahra MalekiNima Nezafati,2021,https://link.springer.com/article/10.1007/s12517-021-07675-2,Article
A Toolchain to Verify the Parallelization of OmpSs-2 Applications,Euro-Par 2020: Parallel Processing,,,,10.1007/978-3-030-57675-2_2,Simone EconomoSara RoyuelaEduard AyguadéVicenç Beltran,2020,https://link.springer.com/chapter/10.1007/978-3-030-57675-2_2,Conference paper
Preventing Privacy-Violating Information Flows in&#xa0;JavaScript Applications Using Dynamic Labelling,Information Systems Security,,,,10.1007/978-3-031-23690-7_12,Sandip GhosalR. K. Shyamasundar,2022,https://link.springer.com/chapter/10.1007/978-3-031-23690-7_12,Conference paper
Classification Techniques,Data Science and Analytics for SMEs,,,,10.1007/978-1-4842-8670-8_7,Afolabi Ibukun Tolulope,2022,https://link.springer.com/chapter/10.1007/978-1-4842-8670-8_7,Chapter
Variational quantum eigensolver techniques for simulating carbon monoxide oxidation,Communications Physics,,,,10.1038/s42005-022-00982-4,Mariia D. SapovaAleksey K. Fedorov,2022,https://link.springer.com/article/10.1038/s42005-022-00982-4,Article
"Active Phase for Activated Random Walk on <span class=""mathjax-tex"">\(\mathbb {Z}\)</span>",Communications in Mathematical Physics,,,,10.1007/s00220-022-04572-x,Christopher HoffmanJacob RicheyLeonardo T. Rolla,2022,https://link.springer.com/article/10.1007/s00220-022-04572-x,Article
Earth’s Water Distribution,Clean Water and Sanitation,,,,10.1007/978-3-319-95846-0_103,Oksana TarasovaDmytro Gulevets,2022,https://link.springer.com/rwe/10.1007/978-3-319-95846-0_103,Reference work entry
sBotics - Gamified Framework for Educational Robotics,Journal of Intelligent & Robotic Systems,,,,10.1007/s10846-021-01364-8,Lucas Moura do NascimentoDavi Souto NeriThiago do Nascimento FerreiraFrancinaldo de Almeida PereiraErika Akemi Yanaguibashi AlbuquerqueLuiz Marcos Garcia GonçalvesSarah Thomaz de Lima Sá,2021,https://link.springer.com/article/10.1007/s10846-021-01364-8,Article
"Shamo: A Tool for Electromagnetic Modeling, Simulation and Sensitivity Analysis of the Head",Neuroinformatics,,,,10.1007/s12021-022-09574-7,Martin GrignardChristophe GeuzaineChristophe Phillips,2022,https://link.springer.com/article/10.1007/s12021-022-09574-7,Article
Protecting Behavioral IPs During Design Time: Key-Based Obfuscation Techniques for HLS in the Cloud,Behavioral Synthesis for Hardware Security,,,,10.1007/978-3-030-78841-4_5,Hannah BadierJean-Christophe Le LannPhilippe CoussyGuy Gogniat,2022,https://link.springer.com/chapter/10.1007/978-3-030-78841-4_5,Chapter
Developing “Zero Waste Model” for Solid Waste Management to Shift the Paradigm Toward Sustainability,Handbook of Solid Waste Management,,,,10.1007/978-981-16-4230-2_20,Sudipti AroraJasmine SethiJayana RajvanshiDevanshi SutariaSonika Saxena,2022,https://link.springer.com/rwe/10.1007/978-981-16-4230-2_20,Reference work entry
Seismic fragility curves for the Italian RC residential buildings based on non-linear dynamic analyses,Bulletin of Earthquake Engineering,,,,10.1007/s10518-022-01605-7,V. ManfrediA. MasiG. NicodemoA. Digrisolo,2022,https://link.springer.com/article/10.1007/s10518-022-01605-7,Article
Exposing Functions Using Rcpp,C++ Software Interoperability for Windows Programmers,,,,10.1007/978-1-4842-7966-3_6,Adam Gladstone,2022,https://link.springer.com/chapter/10.1007/978-1-4842-7966-3_6,Chapter
Light Transport in Realistic Rendering: State-of-the-Art Simulation Methods,Programming and Computer Software,,,,10.1134/S0361768821040034,V. A. FrolovA. G. VoloboyS. V. ErshovV. A. Galaktionov,2021,https://link.springer.com/article/10.1134/S0361768821040034,Article
Real-time optical flow processing on embedded GPU: an hardware-aware algorithm to implementation strategy,Journal of Real-Time Image Processing,,,,10.1007/s11554-021-01187-8,Mickaël SeznecNicolas GacFrançois OrieuxAlvin Sashala Naik,2021,https://link.springer.com/article/10.1007/s11554-021-01187-8,Article
Supporting Multiple Programming Languages in an Online Judge,"Ludic, Co-design and Tools Supporting Smart Learning Ecosystems and Smart Education",,,,10.1007/978-981-15-7383-5_21,Ioana-Teodora TicaAlexandru-Corneliu OlteanuEmil Racec,2021,https://link.springer.com/chapter/10.1007/978-981-15-7383-5_21,Conference paper
Innovative Farm Practices and Water Use Efficiency: A Study of the System of Rice Intensification Under Different Settings in South India,The Irrigation Future of India,,,,10.1007/978-3-030-89613-3_13,A. Narayanamoorthy,2022,https://link.springer.com/chapter/10.1007/978-3-030-89613-3_13,Chapter
Transformation of agro-biomass into vanillin through novel membrane integrated value-addition process: a state-of-art review,Biomass Conversion and Biorefinery,,,,10.1007/s13399-022-03283-6,Jayato NayakAradhana BasuPinaki DeyRamesh KumarAnuradha UpadhayaSanchari GhoshBhaskar BishayeeSmruti Rekha MishraSuraj K. TripathyShirsendu BanerjeeMadhubanti PalParimal PalSnehasish MishraBikram BasakByong-Hun JeonSankha Chakrabortty,2022,https://link.springer.com/article/10.1007/s13399-022-03283-6,Article
Slow-Link Adaptation Algorithm for&#xa0;Multi-source Multi-relay Wireless Networks Using Best-Response Dynamics,"Network Games, Control and Optimization",,,,10.1007/978-3-030-87473-5_5,Ali Al KhansaStefan CerovicRaphael VisozYezekael HayelSamson Lasaulce,2021,https://link.springer.com/chapter/10.1007/978-3-030-87473-5_5,Conference paper
Evaluation of Reconstruction Practices,International Handbook of Disaster Research,,,,10.1007/978-981-16-8800-3_62-1,Akanchha Singh,2022,https://link.springer.com/rwe/10.1007/978-981-16-8800-3_62-1,Living reference work entry
Introduction,Deep Learning and Practice with MindSpore,,,,10.1007/978-981-16-2233-5_1,Chen Lei,2021,https://link.springer.com/chapter/10.1007/978-981-16-2233-5_1,Chapter
AceMesh: a structured data driven programming language for high performance computing,CCF Transactions on High Performance Computing,,,,10.1007/s42514-020-00047-4,Li ChenShenglin TangYou FuXiran GaoJie GuoShangzhi Jiang,2020,https://link.springer.com/article/10.1007/s42514-020-00047-4,Article
River Flow Monitoring and Data Quality for Equitable Nile Water Sharing,Nile and Grand Ethiopian Renaissance Dam,,,,10.1007/978-3-030-76437-1_16,Wossenu AbtewSemu A. MogesMenberu MelesMuluneh Imru,2021,https://link.springer.com/chapter/10.1007/978-3-030-76437-1_16,Chapter
"IDL-PMCFG, a Grammar Formalism for Describing Free Word Order Languages","Journal of Logic, Language and Information",,,,10.1007/s10849-022-09363-0,François Hublet,2022,https://link.springer.com/article/10.1007/s10849-022-09363-0,Article
Towards a Modular and Variability-Aware Aerodynamic Simulator,The Logic of Software. A Tasting Menu of Formal Methods,,,,10.1007/978-3-031-08166-8_8,Ferruccio DamianiMichael LienhardtBruno MaugarsBertrand Michel,2022,https://link.springer.com/chapter/10.1007/978-3-031-08166-8_8,Chapter
Traffic Accident Injury and Severity Prediction Using Machine Learning Algorithms,ICCCE 2020,,,,10.1007/978-981-15-7961-5_96,Nithin KashyapHari Raksha K. MalaliKoushik S. ERaju GT. H. Sreenivas,2021,https://link.springer.com/chapter/10.1007/978-981-15-7961-5_96,Conference paper
Application of the LLVM Compiler Infrastructure to the Program Analysis in SAPFOR,Supercomputing,,,,10.1007/978-3-030-05807-4_41,Nikita Kataev,2019,https://link.springer.com/chapter/10.1007/978-3-030-05807-4_41,Conference paper
Sensitivity analysis of deployable flexible space structures with a large number of design parameters,Nonlinear Dynamics,,,,10.1007/s11071-021-06741-4,Shuai WangQiang TianHaiyan HuJunwei ShiLingbin Zeng,2021,https://link.springer.com/article/10.1007/s11071-021-06741-4,Article
Implementation assessment of calcined and uncalcined cashew nut-shell ash with total recycled concrete aggregate in self-compacting concrete employing Bailey grading technique,Innovative Infrastructure Solutions,,,,10.1007/s41062-022-00907-8,Adithya TantriGopinatha NayakAdithya ShenoyKiran K. ShettyJagadisha AcharMuralidhar Kamath,2022,https://link.springer.com/article/10.1007/s41062-022-00907-8,Article
Blabbeur - An&#xa0;Accessible Text Generation Authoring System for&#xa0;Unity,Interactive Storytelling,,,,10.1007/978-3-030-92300-6_23,Jonathan LessardQuinn Kybartas,2021,https://link.springer.com/chapter/10.1007/978-3-030-92300-6_23,Conference paper
Transpiling Python to Rust for Optimized Performance,"Embedded Computer Systems: Architectures, Modeling, and Simulation",,,,10.1007/978-3-030-60939-9_9,Henri LunnikiviKai JylkkäTimo Hämäläinen,2020,https://link.springer.com/chapter/10.1007/978-3-030-60939-9_9,Conference paper
Optimizing Memory Bandwidth Efficiency with User-Preferred Kernel Merge,Euro-Par 2019: Parallel Processing Workshops,,,,10.1007/978-3-030-48340-1_6,Nabeeh JumahJulian Kunkel,2020,https://link.springer.com/chapter/10.1007/978-3-030-48340-1_6,Conference paper
"<span class=""mathjax-tex"">\(\hbox {CTL}^{\star }\)</span> family-based model checking using variability abstractions and modal transition systems",International Journal on Software Tools for Technology Transfer,,,,10.1007/s10009-019-00528-0,Aleksandar S. Dimovski,2019,https://link.springer.com/article/10.1007/s10009-019-00528-0,Article
Satisfaction in the Workplace,The Metrics of Happiness,,,,10.1007/978-3-031-10913-3_11,R. Allan Freeze,2022,https://link.springer.com/chapter/10.1007/978-3-031-10913-3_11,Chapter
Event-Based Keyframing: Transforming Observation Data into Compact and Meaningful Form,Advances in Artificial Intelligence and Applied Cognitive Computing,,,,10.1007/978-3-030-70296-0_17,Robert WrayRobert BridgmanJoshua HaleyLaura HamelAngela Woods,2021,https://link.springer.com/chapter/10.1007/978-3-030-70296-0_17,Conference paper
Pure Functions in C: A Small Keyword for Automatic Parallelization,International Journal of Parallel Programming,,,,10.1007/s10766-020-00660-4,Tim SüßLars NagelMarc-André VefAndré BrinkmannDustin FeldThomas Soddemann,2020,https://link.springer.com/article/10.1007/s10766-020-00660-4,Article
B2SMatcher: fine-Grained version identification of open-Source software in binary files,Cybersecurity,,,,10.1186/s42400-021-00085-7,Gu BanLili XuYang XiaoXinhua LiZimu YuanWei Huo,2021,https://link.springer.com/article/10.1186/s42400-021-00085-7,Article
"Development of a multi-technology, template-based quantum circuits compilation toolchain",Quantum Information Processing,,,,10.1007/s11128-022-03649-9,Manfredi AvitabileGiovanni Amedeo CirilloMario SimoniGiovanna TurvaniMariagrazia Graziano,2022,https://link.springer.com/article/10.1007/s11128-022-03649-9,Article
Reversible Languages and Incremental State Saving in Optimistic Parallel Discrete Event Simulation,Reversible Computation: Extending Horizons of Computing,,,,10.1007/978-3-030-47361-7_9,Markus SchordanTomas OppelstrupMichael Kirkedal ThomsenRobert Glück,2020,https://link.springer.com/chapter/10.1007/978-3-030-47361-7_9,Chapter
Accelerating Deep Learning Inference with Cross-Layer Data Reuse on GPUs,Euro-Par 2020: Parallel Processing,,,,10.1007/978-3-030-57675-2_14,Xueying WangGuangli LiXiao DongJiansong LiLei LiuXiaobing Feng,2020,https://link.springer.com/chapter/10.1007/978-3-030-57675-2_14,Conference paper
1.3 Technologie - Blogbeitrag: The Quantum GHZ game: a playful introduction to entanglement and error mitigation on real Quantum computers,Digitale Welt,,,,10.1007/s42354-021-0418-5,Lennart SchulzeIsabell HeiderJan-Rainer Lahmann,2021,https://link.springer.com/article/10.1007/s42354-021-0418-5,Article
Climate Change Mitigation,"Climate Change, Forests and Federalism",,,,10.1007/978-981-19-0742-5_2,Evgeny Guglyuvatyy,2022,https://link.springer.com/chapter/10.1007/978-981-19-0742-5_2,Chapter
Exact Numerical Differentiation on&#xa0;the&#xa0;Infinity Computer and&#xa0;Applications in&#xa0;Global Optimization,Numerical  Infinities and Infinitesimals in Optimization,,,,10.1007/978-3-030-93642-6_9,Maria Chiara NassoYaroslav D. Sergeyev,2022,https://link.springer.com/chapter/10.1007/978-3-030-93642-6_9,Chapter
Quantum Secret Sharing using GHZ State Qubit Positioning and Selective Qubits Strategy with Simulation Analysis,International Journal of Theoretical Physics,,,,10.1007/s10773-022-05237-0,Farhan MusannaSanjeev Kumar,2022,https://link.springer.com/article/10.1007/s10773-022-05237-0,Article
Application I: Verification,Automated Analysis of Virtual Prototypes at the Electronic System Level,,,,10.1007/978-3-030-44282-8_4,Mehran GoliRolf Drechsler,2020,https://link.springer.com/chapter/10.1007/978-3-030-44282-8_4,Chapter
Constrained quantum optimization for extractive summarization on a trapped-ion quantum computer,Scientific Reports,,,,10.1038/s41598-022-20853-w,Pradeep NiroulaRuslan ShaydulinRomina YalovetzkyPierre MinssenDylan HermanShaohan HuMarco Pistoia,2022,https://link.springer.com/article/10.1038/s41598-022-20853-w,Article
A quality by design approach in oral extended release drug delivery systems: where we are and where we are going?,Journal of Pharmaceutical Investigation,,,,10.1007/s40005-022-00603-w,A. S. SousaJ. SerraC. EstevensR. CostaA. J. Ribeiro,2022,https://link.springer.com/article/10.1007/s40005-022-00603-w,Article
Effectiveness of Annotation-Based Static Type Inference,Functional and Constraint Logic Programming,,,,10.1007/978-3-030-75333-7_5,Isabel WingenPhilipp Körner,2021,https://link.springer.com/chapter/10.1007/978-3-030-75333-7_5,Conference paper
The 2020 Expert Survey on Formal Methods,Formal Methods for Industrial Critical Systems,,,,10.1007/978-3-030-58298-2_1,Hubert GaravelMaurice H. ter BeekJaco van de Pol,2020,https://link.springer.com/chapter/10.1007/978-3-030-58298-2_1,Conference paper
Mutation Operators for Large Scale Data Processing Programs in Spark,Advanced Information Systems Engineering,,,,10.1007/978-3-030-49435-3_30,João Batista de Souza NetoAnamaria Martins MoreiraGenoveva Vargas-SolarMartin Alejandro Musicante,2020,https://link.springer.com/chapter/10.1007/978-3-030-49435-3_30,Conference paper
"Scopes, Functions, and&#xa0;Parameter Passing",Programming Language Design and Implementation,,,,10.1007/978-3-031-11806-7_5,Torben Ægidius Mogensen,2022,https://link.springer.com/chapter/10.1007/978-3-031-11806-7_5,Chapter
Co-processing of Wastes as AFRs in Cement Kilns,Sustainable Management of Wastes Through Co-processing,,,,10.1007/978-981-16-6073-3_10,Sadhan Kumar GhoshUlhas V. ParlikarKåre Helge Karstensen,2022,https://link.springer.com/chapter/10.1007/978-981-16-6073-3_10,Chapter
Computing graph edit distance on quantum devices,Quantum Machine Intelligence,,,,10.1007/s42484-022-00077-x,Massimiliano IncudiniFabio TaroccoRiccardo MengoniAlessandra Di PierroAntonio Mandarino,2022,https://link.springer.com/article/10.1007/s42484-022-00077-x,Article
Circuit Synthesis and Compilation,Quantum Computer Systems,,,,10.1007/978-3-031-01765-0_6,Yongshan DingFrederic T. Chong,2020,https://link.springer.com/chapter/10.1007/978-3-031-01765-0_6,Chapter
Quantum Computing Meets Artificial Intelligence: Innovations and Challenges,Handbook on Artificial Intelligence-Empowered Applied Software Engineering,,,,10.1007/978-3-031-08202-3_12,Maha A. MetaweiHesham EldeebSalwa M. NassarMohamed Taher,2022,https://link.springer.com/chapter/10.1007/978-3-031-08202-3_12,Chapter
Quantum Poker—a game for quantum computers suitable for benchmarking error mitigation techniques on NISQ devices,The European Physical Journal Plus,,,,10.1140/epjp/s13360-020-00360-5,Franz G. FuchsVemund FalchChristian Johnsen,2020,https://link.springer.com/article/10.1140/epjp/s13360-020-00360-5,Article
What is a vulva?,Anatomical Science International,,,,10.1007/s12565-022-00674-7,Matthew J. Zdilla,2022,https://link.springer.com/article/10.1007/s12565-022-00674-7,Article
Uncovering Information Flow Policy Violations in C Programs (Extended Abstract),Computer Security – ESORICS 2019,,,,10.1007/978-3-030-29962-0_2,Darion CasselYan HuangLimin Jia,2019,https://link.springer.com/chapter/10.1007/978-3-030-29962-0_2,Conference paper
Automatic Code Motion to Extend MPI Nonblocking Overlap Window,High Performance Computing,,,,10.1007/978-3-030-59851-8_4,Van Man NguyenEmmanuelle SaillardJulien JaegerDenis BarthouPatrick Carribault,2020,https://link.springer.com/chapter/10.1007/978-3-030-59851-8_4,Conference paper
A Model-Based Combination Language for Scheduling Verification,Model-Driven Engineering and Software Development,,,,10.1007/978-3-030-37873-8_2,Hui ZhaoLudovic ApvrilleFrédéric Mallet,2020,https://link.springer.com/chapter/10.1007/978-3-030-37873-8_2,Conference paper
Smart Energy Trend Observation,Advances in Sustainable Energy,,,,10.1007/978-3-030-74406-9_26,Ran WeiYong-jun GaoZhihua WuSai Raghuveer ChavaJingbo Louise LiuSajid Bashir,2021,https://link.springer.com/chapter/10.1007/978-3-030-74406-9_26,Chapter
A Methodology for Efficient Tile Size Selection for Affine Loop Kernels,International Journal of Parallel Programming,,,,10.1007/s10766-022-00734-5,Vasilios KelefourasKarim DjemameGeorgios KeramidasNikolaos Voros,2022,https://link.springer.com/article/10.1007/s10766-022-00734-5,Article
Multithreaded scheduling for program segments based on chemical reaction optimizer,Soft Computing,,,,10.1007/s00500-020-05334-4,Basel A. MahafzahRiad JabriOmayya Murad,2020,https://link.springer.com/article/10.1007/s00500-020-05334-4,Article
Formal verification of cP systems using PAT3 and ProB,Journal of Membrane Computing,,,,10.1007/s41965-020-00036-0,Yezhou LiuRadu NicolescuJing Sun,2020,https://link.springer.com/article/10.1007/s41965-020-00036-0,Article
Performance of Static and Dynamic Task Scheduling for Real-Time Engine Control System on Embedded Multicore Processor,Languages and Compilers for Parallel Computing,,,,10.1007/978-3-030-72789-5_1,Yoshitake OkiHiroki MikamiHikaru NishidaDan UmedaKeiji KimuraHironori Kasahara,2021,https://link.springer.com/chapter/10.1007/978-3-030-72789-5_1,Conference paper
A hybrid quantum image edge detector for the NISQ era,Quantum Machine Intelligence,,,,10.1007/s42484-022-00071-3,Alexander GengAli MoghisehClaudia RedenbachKatja Schladitz,2022,https://link.springer.com/article/10.1007/s42484-022-00071-3,Article
Pattern-Aware Staging for Hybrid Memory Systems,High Performance Computing,,,,10.1007/978-3-030-50743-5_24,Eishi ArimaMartin Schulz,2020,https://link.springer.com/chapter/10.1007/978-3-030-50743-5_24,Conference paper
$$\textsc {Wys}^\star $$ : A DSL for Verified Secure Multi-party Computations,Principles of Security and Trust,,,,10.1007/978-3-030-17138-4_5,Aseem RastogiNikhil SwamyMichael Hicks,2019,https://link.springer.com/chapter/10.1007/978-3-030-17138-4_5,Conference paper
Recovery&#xa0;of gas waste&#xa0;from the petroleum industry: a review,Environmental Chemistry Letters,,,,10.1007/s10311-021-01345-1,Ftwi Y. HagosAbd Rashid Abd AzizEzrann Zharif ZainalM. MofijurShams Forruque Ahmed,2021,https://link.springer.com/article/10.1007/s10311-021-01345-1,Article
Experimental Modeling of Eosinophil-Associated Diseases,Eosinophils,,,,10.1007/978-1-0716-1095-4_21,Sathisha Upparahalli VenkateshaiahMurli ManoharHemanth Kumar KandikattuAnil Mishra,2021,https://link.springer.com/chapter/10.1007/978-1-0716-1095-4_21,Protocol
Unified Analysis of Multiple ChIP-Seq Datasets,DNA Modifications,,,,10.1007/978-1-0716-0876-0_33,Gang MaIsaac A. BabarindeQiang ZhuangAndrew P. Hutchins,2021,https://link.springer.com/chapter/10.1007/978-1-0716-0876-0_33,Protocol
Observable quality assessment of broadband very long baseline interferometry system,Journal of Geodesy,,,,10.1007/s00190-021-01496-7,Ming H. XuJames M. AndersonRobert HeinkelmannSusanne LunzHarald SchuhGuangli Wang,2021,https://link.springer.com/article/10.1007/s00190-021-01496-7,Article
Let’s Talk About it: Discussing Retirement with Multiple Sources is Associated with Retirement Preparation in Young Adults,Journal of Family and Economic Issues,,,,10.1007/s10834-021-09782-4,Stanislav Treger,2021,https://link.springer.com/article/10.1007/s10834-021-09782-4,Article
Pragma-Controlled Source-to-Source Code Transformations for Robust Application Execution,Euro-Par 2016: Parallel Processing Workshops,,,,10.1007/978-3-319-58943-5_53,Pedro C. DinizChunhua LiaoDaniel J. QuinlanRobert F. Lucas,2017,https://link.springer.com/chapter/10.1007/978-3-319-58943-5_53,Conference paper
A performance- and energy-oriented extended tuning process for time-step-based scientific applications,The Journal of Supercomputing,,,,10.1007/s11227-020-03402-y,Natalia KalinnikRobert KieselThomas RauberMarcel RichterGudula Rünger,2020,https://link.springer.com/article/10.1007/s11227-020-03402-y,Article
Joint forces for memory safety checking revisited,International Journal on Software Tools for Technology Transfer,,,,10.1007/s10009-019-00526-2,Marek ChalupaJan StrejčekMartina Vitovská,2019,https://link.springer.com/article/10.1007/s10009-019-00526-2,Article
Impact of COVID-19 in India and Its Metro Cities: A Statistical Approach,Mathematical Analysis for Transmission of COVID-19,,,,10.1007/978-981-33-6264-2_10,Radha GuptaKokila RameshN. NethravathiB. Yamuna,2021,https://link.springer.com/chapter/10.1007/978-981-33-6264-2_10,Conference paper
Snapshot-Based Migration of ES6 JavaScript,Web Engineering,,,,10.1007/978-3-030-74296-6_31,Yong-Hwan YooSoo-Mook Moon,2021,https://link.springer.com/chapter/10.1007/978-3-030-74296-6_31,Conference paper
SQL Server on Linux,High Performance SQL Server,,,,10.1007/978-1-4842-6491-1_2,Benjamin Nevarez,2021,https://link.springer.com/chapter/10.1007/978-1-4842-6491-1_2,Chapter
Process Mining for Carbon Accounting: An Analysis of Requirements and Potentials,Digitalization Across Organizational Levels,,,,10.1007/978-3-031-06543-9_9,Lars BrehmJessica SlamkaAndreas Nickmann,2022,https://link.springer.com/chapter/10.1007/978-3-031-06543-9_9,Chapter
LLVM-based Hybrid Fuzzing with LibKluzzer (Competition Contribution),Fundamental Approaches to Software Engineering,,,,10.1007/978-3-030-45234-6_29,Hoang M. Le,2020,https://link.springer.com/chapter/10.1007/978-3-030-45234-6_29,Conference paper
Generated Behaviors,The Art of Immutable Architecture,,,,10.1007/978-1-4842-5955-9_12,Michael L. Perry,2020,https://link.springer.com/chapter/10.1007/978-1-4842-5955-9_12,Chapter
Implementation of quantum compression on IBM quantum computers,Scientific Reports,,,,10.1038/s41598-022-09881-8,Matej PivoluskaMartin Plesch,2022,https://link.springer.com/article/10.1038/s41598-022-09881-8,Article
Exploratory Spatial Data Analysis,Handbook of Regional Science,,,,10.1007/978-3-662-60723-7_76,Jürgen Symanzik,2021,https://link.springer.com/rwe/10.1007/978-3-662-60723-7_76,Reference work entry
Pragmatic reuse for DSML development,Software and Systems Modeling,,,,10.1007/s10270-020-00831-4,Stefan KlikovitsDidier Buchs,2020,https://link.springer.com/article/10.1007/s10270-020-00831-4,Article
Software Evolution,Handbook of Software Engineering,,,,10.1007/978-3-030-00262-6_6,Miryung KimNa MengTianyi Zhang,2019,https://link.springer.com/chapter/10.1007/978-3-030-00262-6_6,Chapter
A Flexible Tool for Estimating Applications Performance and Energy Consumption Through Static Analysis,SN Computer Science,,,,10.1007/s42979-020-00405-7,Charalampos MarantosKonstantinos SalapasLazaros PapadopoulosDimitrios Soudris,2021,https://link.springer.com/article/10.1007/s42979-020-00405-7,Article
A competitive analysis of EU ports by fixing spatial and economic dimensions,Journal of Shipping and Trade,,,,10.1186/s41072-020-00075-x,Claudio QuintanoPaolo MazzocchiAntonella Rocca,2020,https://link.springer.com/article/10.1186/s41072-020-00075-x,Article
Symbolic Simulation of Dataflow Synchronous Programs with Timers,"Languages, Design Methods, and Tools for Electronic System Design",,,,10.1007/978-3-030-02215-0_3,Guillaume BaudartTimothy BourkeMarc Pouzet,2019,https://link.springer.com/chapter/10.1007/978-3-030-02215-0_3,Chapter
OpenMP Device Offloading to FPGAs Using the Nymble Infrastructure,OpenMP: Portable Multi-Level Parallelism on Modern Systems,,,,10.1007/978-3-030-58144-2_17,Jens HuthmannLukas SommerArtur PodobasAndreas KochKentaro Sano,2020,https://link.springer.com/chapter/10.1007/978-3-030-58144-2_17,Conference paper
The digital revolution of Earth-system science,Nature Computational Science,,,,10.1038/s43588-021-00023-0,Peter BauerPeter D. DuebenTorsten HoeflerTiago QuintinoThomas C. SchulthessNils P. Wedi,2021,https://link.springer.com/article/10.1038/s43588-021-00023-0,Article
Designing a ROCm-Aware MPI Library for AMD GPUs: Early Experiences,High Performance Computing,,,,10.1007/978-3-030-78713-4_7,Kawthar Shafie KhorassaniJahanzeb HashmiChing-Hsiang ChuChen-Chun ChenHari SubramoniDhabaleswar K. Panda,2021,https://link.springer.com/chapter/10.1007/978-3-030-78713-4_7,Conference paper
Efficient code development for improving execution performance in high-performance computing centers,The Journal of Supercomputing,,,,10.1007/s11227-020-03382-z,Javier Corral-GarcíaFelipe Lemus-PrietoMiguel-Ángel Pérez-Toledano,2020,https://link.springer.com/article/10.1007/s11227-020-03382-z,Article
Statically Checking REST API Consumers,Software Engineering and Formal Methods,,,,10.1007/978-3-030-58768-0_15,Nuno BurnayAntónia LopesVasco T. Vasconcelos,2020,https://link.springer.com/chapter/10.1007/978-3-030-58768-0_15,Conference paper
Transitional Millisecond Pulsars,Millisecond Pulsars,,,,10.1007/978-3-030-85198-9_6,Alessandro PapittoDomitilla de Martino,2022,https://link.springer.com/chapter/10.1007/978-3-030-85198-9_6,Chapter
Mapping Quantum Circuits in IBM Q Devices Using Progressive Qubit Assignment for Global Ordering,New Generation Computing,,,,10.1007/s00354-022-00163-5,Lalengmawia ChhangteAlok Chakrabarty,2022,https://link.springer.com/article/10.1007/s00354-022-00163-5,Article
Learning to Generate Novel Domains for Domain Generalization,Computer Vision – ECCV 2020,,,,10.1007/978-3-030-58517-4_33,Kaiyang ZhouYongxin YangTimothy HospedalesTao Xiang,2020,https://link.springer.com/chapter/10.1007/978-3-030-58517-4_33,Conference paper
Natural quantum reservoir computing for temporal information processing,Scientific Reports,,,,10.1038/s41598-022-05061-w,Yudai SuzukiQi GaoKen C. PradelKenji YasuokaNaoki Yamamoto,2022,https://link.springer.com/article/10.1038/s41598-022-05061-w,Article
Earth’s Water Distribution,Clean Water and Sanitation,,,,10.1007/978-3-319-70061-8_103-1,Tarasova OksanaGulevets Dmytro,2021,https://link.springer.com/rwe/10.1007/978-3-319-70061-8_103-1,Living reference work entry
Cross-Domain Disentangle Network for Image Manipulation,Pattern Recognition and Computer Vision,,,,10.1007/978-3-030-60636-7_22,Zhening XingJinghuan WenHuimin Ma,2020,https://link.springer.com/chapter/10.1007/978-3-030-60636-7_22,Conference paper
ScaFi-Web: A Web-Based Application for Field-Based Coordination Programming,Coordination Models and Languages,,,,10.1007/978-3-030-78142-2_18,Gianluca AguzziRoberto CasadeiNiccolò MaltoniDanilo PianiniMirko Viroli,2021,https://link.springer.com/chapter/10.1007/978-3-030-78142-2_18,Conference paper
Cross-platform comparison of arbitrary quantum states,Nature Communications,,,,10.1038/s41467-022-34279-5,D. ZhuZ. P. CianC. NoelA. RisingerD. BiswasL. EganY. ZhuA. M. GreenC. Huerta AldereteN. H. NguyenQ. WangA. MaksymovY. NamM. CetinaN. M. LinkeM. HafeziC. Monroe,2022,https://link.springer.com/article/10.1038/s41467-022-34279-5,Article
Many-Particle Interference Hierarchy of&#xa0;Mutually Incoherent Sources,Testing Quantum Theory with Higher-Order Interference in Many-Particle Correlations,,,,10.1007/978-3-031-04454-0_7,Marc-Oliver Pleinert,2022,https://link.springer.com/chapter/10.1007/978-3-031-04454-0_7,Chapter
Experimental Approach of the Quantum Volume on Different Quantum Computing Devices,Intelligent Distributed Computing XIV,,,,10.1007/978-3-030-96627-0_43,Ilias P. GalanisIlias K. SavvasGeorgia Garani,2022,https://link.springer.com/chapter/10.1007/978-3-030-96627-0_43,Conference paper
An Analysis of&#xa0;the&#xa0;Security and&#xa0;Privacy Issues of&#xa0;the&#xa0;Neovote Online Voting System,Electronic Voting,,,,10.1007/978-3-031-15911-4_1,Enka BlanchardAntoine GallaisEmmanuel LeblondDjohar Sidhoum-RahalJuliette Walter,2022,https://link.springer.com/chapter/10.1007/978-3-031-15911-4_1,Conference paper
Pragmatics Twelve Years Later: A Report on&#xa0;Lingua Franca,"Leveraging Applications of Formal Methods, Verification and Validation. Software Engineering",,,,10.1007/978-3-031-19756-7_5,Reinhard von HanxledenEdward A. LeeHauke FuhrmannAlexander Schulz-RosengartenSören DomrösMarten LohstrohSoroush BateniChristian Menard,2022,https://link.springer.com/chapter/10.1007/978-3-031-19756-7_5,Conference paper
A Few More Words: Advanced React,Modern Full-Stack Development,,,,10.1007/978-1-4842-8811-5_4,Frank Zammetti,2022,https://link.springer.com/chapter/10.1007/978-1-4842-8811-5_4,Chapter
Morphological and elemental characterization of leaf-deposited particulate matter from different source types: a microscopic investigation,Environmental Science and Pollution Research,,,,10.1007/s11356-021-12369-z,Ana CastanheiroKaren WuytsJelle HofmanGert NuytsKarolien De WaelRoeland Samson,2021,https://link.springer.com/article/10.1007/s11356-021-12369-z,Article
Business Intelligence Culture,Business Intelligence,,,,10.1007/978-3-030-67032-0_9,Rimvydas Skyrius,2021,https://link.springer.com/chapter/10.1007/978-3-030-67032-0_9,Chapter
"Communication, TCP/IP, and Internet",Computer Architecture and Organization,,,,10.1007/978-981-16-5662-0_9,Shuangbao Paul Wang,2021,https://link.springer.com/chapter/10.1007/978-981-16-5662-0_9,Chapter
Quantum encryption with quantum permutation pad in IBMQ systems,EPJ Quantum Technology,,,,10.1140/epjqt/s40507-022-00145-y,Randy KuangMaria Perepechaenko,2022,https://link.springer.com/article/10.1140/epjqt/s40507-022-00145-y,Article
Seasonal Transport Pathway and Sources of Carbonaceous Aerosols at an Urban Site of Eastern Himalaya,Aerosol Science and Engineering,,,,10.1007/s41810-021-00106-5,Akansha RaiSauryadeep MukherjeeNikki ChoudharyAbhinandan GhoshA. ChatterjeeT. K. MandalS. K. SharmaR. K. Kotnala,2021,https://link.springer.com/article/10.1007/s41810-021-00106-5,Article
Simulating molecules on a cloud-based 5-qubit IBM-Q universal quantum computer,Communications Physics,,,,10.1038/s42005-021-00616-1,S. LeonticaF. TennieT. Farrow,2021,https://link.springer.com/article/10.1038/s42005-021-00616-1,Article
Transition technologies towards 6G networks,EURASIP Journal on Wireless Communications and Networking,,,,10.1186/s13638-021-01973-9,Thiago R. RaddoSimon RommelBruno CimoliChris VagionasDiego Perez-GalachoEvangelos PikasisEvangelos GrivasKonstantinos NtontinMichael KatsikisDimitrios KritharidisEugenio RuggeriIzabela SpaleniakMykhaylo DubovDimitrios KlonidisGeorge KalfasSalvador SalesNikos PlerosIdelfonso Tafur Monroy,2021,https://link.springer.com/article/10.1186/s13638-021-01973-9,Article
Developing “Zero Waste Model” for Solid Waste Management to Shift the Paradigm Toward Sustainability,Handbook of Solid Waste Management,,,,10.1007/978-981-15-7525-9_20-1,Sudipti AroraJasmine SethiJayana RajvanshiDevanshi SutariaSonika Saxena,2021,https://link.springer.com/rwe/10.1007/978-981-15-7525-9_20-1,Living reference work entry
29th Annual Computational Neuroscience Meeting: CNS*2020,BMC Neuroscience,,,,10.1186/s12868-020-00593-1,,2020,https://link.springer.com/article/10.1186/s12868-020-00593-1,Article
Evaluation of two satellite-based products against ground-based observation for drought analysis in the southern part of Iran,Natural Hazards,,,,10.1007/s11069-020-03965-2,Seyedeh Mahboobeh JafariMohammad Reza NikooMaryam DehghaniMohammadali Alijanian,2020,https://link.springer.com/article/10.1007/s11069-020-03965-2,Article
How verified (or tested) is my code? Falsification-driven verification and testing,Automated Software Engineering,,,,10.1007/s10515-018-0240-y,Alex GroceIftekhar AhmedCarlos JensenPaul E. McKenneyJosie Holmes,2018,https://link.springer.com/article/10.1007/s10515-018-0240-y,Article
Validation of Abstract Side-Channel Models for Computer Architectures,Computer Aided Verification,,,,10.1007/978-3-030-53288-8_12,Hamed NematiPablo BuirasAndreas LindnerRoberto GuancialeSwen Jacobs,2020,https://link.springer.com/chapter/10.1007/978-3-030-53288-8_12,Conference paper
Technical Debt Management and Energy Consumption Evaluation in Implantable Medical Devices: The SDK4ED Approach,"Embedded Computer Systems: Architectures, Modeling, and Simulation",,,,10.1007/978-3-030-60939-9_25,Charalampos MarantosAngeliki-Agathi TsintziraLazaros PapadopoulosApostolos AmpatzoglouAlexander ChatzigeorgiouDimitrios Soudris,2020,https://link.springer.com/chapter/10.1007/978-3-030-60939-9_25,Conference paper
Integrating Robotic Process Automation into Business Process Management,Business Process Management: Blockchain and Robotic Process Automation Forum,,,,10.1007/978-3-030-58779-6_9,Maximilian KönigLeon BeinAdriatik NikajMathias Weske,2020,https://link.springer.com/chapter/10.1007/978-3-030-58779-6_9,Conference paper
Cardiac Adipose Tissue Contributes to Cardiac Repair: a Review,Stem Cell Reviews and Reports,,,,10.1007/s12015-020-10097-4,Yan LinSiyin DingYuwen ChenMeixiang XiangYao Xie,2021,https://link.springer.com/article/10.1007/s12015-020-10097-4,Article
A Formal Model for Checking Cryptographic API Usage in JavaScript,Computer Security – ESORICS 2019,,,,10.1007/978-3-030-29959-0_17,Duncan MitchellJohannes Kinder,2019,https://link.springer.com/chapter/10.1007/978-3-030-29959-0_17,Conference paper
General error mitigation for quantum circuits,Quantum Information Processing,,,,10.1007/s11128-020-02913-0,Manpreet Singh JattanaFengping JinHans De RaedtKristel Michielsen,2020,https://link.springer.com/article/10.1007/s11128-020-02913-0,Article
Data Treatment,Introduction to Environmental Data Analysis and Modeling,,,,10.1007/978-3-030-36207-2_5,Moses Eterigho EmetereEsther Titilayo Akinlabi,2020,https://link.springer.com/chapter/10.1007/978-3-030-36207-2_5,Chapter
Obfuscated integration of software protections,International Journal of Information Security,,,,10.1007/s10207-020-00494-8,Jens Van den BroeckBart CoppensBjorn De Sutter,2020,https://link.springer.com/article/10.1007/s10207-020-00494-8,Article
Proteins and Other Nitrogenous Substances of Nutritional Significance,Fundamentals of Animal Nutrition,,,,10.1007/978-981-15-9125-9_7,Subodh Kumar SahaNitya Nand Pathak,2021,https://link.springer.com/chapter/10.1007/978-981-15-9125-9_7,Chapter
A novel three-party quantum secret sharing scheme based on Bell state sequential measurements with application in quantum image sharing,Quantum Information Processing,,,,10.1007/s11128-020-02854-8,Farhan MusannaSanjeev Kumar,2020,https://link.springer.com/article/10.1007/s11128-020-02854-8,Article
Comparative Energy and Emission Analysis of Oxy-Combustion and Conventional Air Combustion,Arabian Journal for Science and Engineering,,,,10.1007/s13369-020-05130-0,Ibrahim OzsariYasin UstHasan Kayhan Kayadelen,2021,https://link.springer.com/article/10.1007/s13369-020-05130-0,Article
Factors Influencing Trihalomethane Formation and Methods of Reduction—A Review,ICDSMLA 2019,,,,10.1007/978-981-15-1420-3_149,Geena PrasadJewel Yoko KentilitiscaManeesha Vinodini RameshK. Rohit,2020,https://link.springer.com/chapter/10.1007/978-981-15-1420-3_149,Conference paper
Performance of superconducting quantum computing chips under different architecture designs,Quantum Information Processing,,,,10.1007/s11128-022-03571-0,Wei HuYang YangWeiye XiaJiawei PiEnyi HuangXin-Ding ZhangHua Xu,2022,https://link.springer.com/article/10.1007/s11128-022-03571-0,Article
Eliminating Unstable Tests in Floating-Point Programs,Logic-Based Program Synthesis and Transformation,,,,10.1007/978-3-030-13838-7_10,Laura TitoloCésar A. MuñozMarco A. FeliúMariano M. Moscato,2019,https://link.springer.com/chapter/10.1007/978-3-030-13838-7_10,Conference paper
End-to-End Resilience for HPC Applications,High Performance Computing,,,,10.1007/978-3-030-20656-7_14,Arash RezaeiHarsh KhetawatOnkar PatilFrank MuellerPaul HargroveEric Roman,2019,https://link.springer.com/chapter/10.1007/978-3-030-20656-7_14,Conference paper
Commit2Vec: Learning Distributed Representations of Code Changes,SN Computer Science,,,,10.1007/s42979-021-00566-z,Rocío Cabrera LozoyaArnaud BaumannAntonino SabettaMichele Bezzi,2021,https://link.springer.com/article/10.1007/s42979-021-00566-z,Article
NoT: a high-level no-threading parallel programming method for heterogeneous systems,The Journal of Supercomputing,,,,10.1007/s11227-019-02749-1,Shusen WuXiaoshe DongXingjun ZhangZhengdong Zhu,2019,https://link.springer.com/article/10.1007/s11227-019-02749-1,Article
Actionable Program Analyses for Improving Software Performance,Ernst Denert Award for Software Engineering 2019,,,,10.1007/978-3-030-58617-1_7,Marija Selakovic,2020,https://link.springer.com/chapter/10.1007/978-3-030-58617-1_7,Chapter
Double controlled quantum phase gate based on three atoms trapped in separate optical cavities,Quantum Information Processing,,,,10.1007/s11128-022-03539-0,Amor GueddanaVasudevan Lakshminarayanan,2022,https://link.springer.com/article/10.1007/s11128-022-03539-0,Article
Analysis of Five Techniques for the Internal Representation of a Digital Image Inside a Quantum Processor,SN Computer Science,,,,10.1007/s42979-021-00847-7,Mario MastrianiSundaraja Sitharama IyengarLatesh Kumar,2021,https://link.springer.com/article/10.1007/s42979-021-00847-7,Article
Introduction to Solid Waste Management,Solid Waste Engineering and Management,,,,10.1007/978-3-030-84180-5_1,Hamidi Abdul AzizSalem S. Abu AmrP. Aarne VesilindLawrence K. WangYung-Tse Hung,2021,https://link.springer.com/chapter/10.1007/978-3-030-84180-5_1,Chapter
Security Vulnerabilities and Issues of Traditional Wireless Sensors Networks in IoT,Principles of Internet of Things (IoT) Ecosystem: Insight Paradigm,,,,10.1007/978-3-030-33596-0_21,Bhanu chanderKumaravelan Gopalakrishnan,2020,https://link.springer.com/chapter/10.1007/978-3-030-33596-0_21,Chapter
Static analysis for detecting high-level races in RTOS kernels,Formal Methods in System Design,,,,10.1007/s10703-020-00354-0,Rekha PaiAbhishek SinghDeepak D’SouzaMeenakshi D’SouzaPrathibha Prakash,2021,https://link.springer.com/article/10.1007/s10703-020-00354-0,Article
RETRACTED ARTICLE: An efficient soft computing approach for securing information over GAMEOVER Zeus Botnets with modified CPA algorithm,Soft Computing,,,,10.1007/s00500-020-04956-y,S. AanjankumarS. Poonkuntran,2020,https://link.springer.com/article/10.1007/s00500-020-04956-y,Article
Preliminaries,An Introduction to Numerical Methods for the Physical Sciences,,,,10.1007/978-3-031-02085-8_1,Colm T. Whelan,2020,https://link.springer.com/chapter/10.1007/978-3-031-02085-8_1,Chapter
"Short-term exposure to air pollution and occurrence of emergency stroke in Chongqing, China",International Archives of Occupational and Environmental Health,,,,10.1007/s00420-020-01557-y,Caizhi TangYu ChenQiaoling SongJianfei MaYing ZhouLiang GongXingshu ChenJifu QuYongjun Luo,2020,https://link.springer.com/article/10.1007/s00420-020-01557-y,Article
Lignin Nanoparticles and Their Biodegradable Composites,Green Composites,,,,10.1007/978-981-15-9643-8_11,Rizwan NasirTazien RashidKhuram MaqsoodDanial QadirDzeti Farhah MohshimAbulhassan AliHumbul SulemanHafiz Abdul MannanHilmi MukhtarAymn Abdulrahman,2021,https://link.springer.com/chapter/10.1007/978-981-15-9643-8_11,Chapter
Simplify and Clarify,A Math-Based Writing System for Engineers,,,,10.1007/978-3-030-10756-7_10,Brad Henderson,2020,https://link.springer.com/chapter/10.1007/978-3-030-10756-7_10,Chapter
AfterOMPT: An OMPT-Based Tool for Fine-Grained Tracing of Tasks and Loops,OpenMP: Portable Multi-Level Parallelism on Modern Systems,,,,10.1007/978-3-030-58144-2_11,Igor WodianyAndi DrebesRichard NeillAntoniu Pop,2020,https://link.springer.com/chapter/10.1007/978-3-030-58144-2_11,Conference paper
SciPy 1.0: fundamental algorithms for scientific computing in Python,Nature Methods,,,,10.1038/s41592-019-0686-2,Pauli VirtanenRalf GommersTravis E. OliphantMatt HaberlandTyler ReddyDavid CournapeauEvgeni BurovskiPearu PetersonWarren WeckesserJonathan BrightStéfan J. van der WaltMatthew BrettJoshua WilsonK. Jarrod MillmanNikolay MayorovAndrew R. J. NelsonEric JonesRobert KernEric LarsonC J Careyİlhan PolatYu FengEric W. MooreJake VanderPlasDenis LaxaldeJosef PerktoldRobert CimrmanIan HenriksenE. A. QuinteroCharles R. HarrisAnne M. ArchibaldAntônio H. RibeiroFabian PedregosaPaul van MulbregtAditya VijaykumarAlessandro Pietro BardelliAlex RothbergAndreas HilbollAndreas KloecknerAnthony ScopatzAntony LeeAriel RokemC. Nathan WoodsChad FultonCharles MassonChristian HäggströmClark FitzgeraldDavid A. NicholsonDavid R. HagenDmitrii V. PasechnikEmanuele OlivettiEric MartinEric WieserFabrice SilvaFelix LendersFlorian WilhelmG. YoungGavin A. PriceGert-Ludwig IngoldGregory E. AllenGregory R. LeeHervé AudrenIrvin ProbstJörg P. DietrichJacob SilterraJames T WebberJanko SlavičJoel NothmanJohannes BuchnerJohannes KulickJohannes L. SchönbergerJosé Vinícius de Miranda CardosoJoscha ReimerJoseph HarringtonJuan Luis Cano RodríguezJuan Nunez-IglesiasJustin KuczynskiKevin TritzMartin ThomaMatthew NewvilleMatthias KümmererMaximilian BolingbrokeMichael TartreMikhail PakNathaniel J. SmithNikolai NowaczykNikolay ShebanovOleksandr PavlykPer A. BrodtkorbPerry LeeRobert T. McGibbonRoman FeldbauerSam LewisSam TygierScott SievertSebastiano VignaStefan PetersonSurhud MoreTadeusz PudlikTakuya OshimaThomas J. PingelThomas P. RobitailleThomas SpuraThouis R. JonesTim CeraTim LeslieTiziano ZitoTom KraussUtkarsh UpadhyayYaroslav O. HalchenkoYoshiki Vázquez-Baeza,2020,https://link.springer.com/article/10.1038/s41592-019-0686-2,Article
Experimental study on the behavior of waste marble powder as partial replacement of sand in concrete,SN Applied Sciences,,,,10.1007/s42452-020-03349-y,Abdul GhaniZeeshan AliFasih Ahmed KhanSaid Rehan ShahSajjad Wali KhanMuhammad Rashid,2020,https://link.springer.com/article/10.1007/s42452-020-03349-y,Article
Pectin,"Food biopolymers: Structural, functional and nutraceutical properties",,,,10.1007/978-3-030-27061-2_6,Nairah NoorAsima ShahAsir GaniAdil GaniFaiza JhanZanoor ul AshrafBilal Ahmad AshwarTariq Ahmad Ganaie,2021,https://link.springer.com/chapter/10.1007/978-3-030-27061-2_6,Chapter
FlexSched: Efficient scheduling techniques for concurrent kernel execution on GPUs,The Journal of Supercomputing,,,,10.1007/s11227-021-03819-z,Bernabé López-AlbeldaFrancisco M. CastroJosé M. González-LinaresNicolás Guil,2021,https://link.springer.com/article/10.1007/s11227-021-03819-z,Article
Constraint Programming for Dynamic Symbolic Execution of JavaScript,"Integration of Constraint Programming, Artificial Intelligence, and Operations Research",,,,10.1007/978-3-030-19212-9_1,Roberto AmadiniMak AndrlonGraeme GangePeter SchachteHarald  SøndergaardPeter J. Stuckey,2019,https://link.springer.com/chapter/10.1007/978-3-030-19212-9_1,Conference paper
A Survey on Performance Optimization of High-Level Synthesis Tools,Journal of Computer Science and Technology,,,,10.1007/s11390-020-9414-8,Lan HuangDa-Lin LiKang-Ping WangTeng GaoAdriano Tavares,2020,https://link.springer.com/article/10.1007/s11390-020-9414-8,Article
Crude Oil Refinery and Refinery Products,Chemical and Process Industries,,,,10.1007/978-3-030-79139-1_9,Osei-Wusu AchawEric Danso-Boateng,2021,https://link.springer.com/chapter/10.1007/978-3-030-79139-1_9,Chapter
"Albert, An Intermediate Smart-Contract Language for the Tezos Blockchain",Financial Cryptography and Data Security,,,,10.1007/978-3-030-54455-3_41,Bruno BernardoRaphaël CauderlierBasile PesinJulien Tesson,2020,https://link.springer.com/chapter/10.1007/978-3-030-54455-3_41,Conference paper
Fabrication and Potential Applications of Nanoporous Membranes for Separation Processes,Environmental Nanotechnology Volume 5,,,,10.1007/978-3-030-73010-9_4,Oluranti AgboolaPatricia PopoolaRotimi SadikuSamuel Eshorame SanniDamilola Elizabeth BabatundeAyodeji AyoolaOlubunmi Grace Abatan,2021,https://link.springer.com/chapter/10.1007/978-3-030-73010-9_4,Chapter
Demonstration of quantum Darwinism on quantum computer,Quantum Information Processing,,,,10.1007/s11128-022-03471-3,Rakesh SainiBikash K. Behera,2022,https://link.springer.com/article/10.1007/s11128-022-03471-3,Article
Generation of Reversible C++ Code for Optimistic Parallel Discrete Event Simulation,New Generation Computing,,,,10.1007/s00354-018-0038-2,Markus SchordanTomas OppelstrupDavid JeffersonPeter D. Barnes Jr.,2018,https://link.springer.com/article/10.1007/s00354-018-0038-2,Article
"Potential based, spatial simulation of dynamically nested particles",BMC Bioinformatics,,,,10.1186/s12859-019-3092-y,Till KösterPhilipp HenningAdelinde M. Uhrmacher,2019,https://link.springer.com/article/10.1186/s12859-019-3092-y,Article
On a poset of quantum exact promise problems,Quantum Information Processing,,,,10.1007/s11128-021-03156-3,Elías F. CombarroSofia VallecorsaAlberto Di MeglioAlejandro PiñeraIgnacio Fernández Rúa,2021,https://link.springer.com/article/10.1007/s11128-021-03156-3,Article
Justifications in Constraint Handling Rules for Logical Retraction in Dynamic Algorithms,Logic-Based Program Synthesis and Transformation,,,,10.1007/978-3-319-94460-9_9,Thom Frühwirth,2018,https://link.springer.com/chapter/10.1007/978-3-319-94460-9_9,Conference paper
Midair: An Intermediate Representation for Multi-purpose Program Analysis,Computational Science and Its Applications – ICCSA 2020,,,,10.1007/978-3-030-58817-5_40,Maxim Menshikov,2020,https://link.springer.com/chapter/10.1007/978-3-030-58817-5_40,Conference paper
They Are All Fossils: A Paleontology of Early Modern Drama,Loss and the Literary Culture of Shakespeare’s Time,,,,10.1007/978-3-030-36867-8_11,Matthew Steggle,2020,https://link.springer.com/chapter/10.1007/978-3-030-36867-8_11,Chapter
An authoring tool for democratizing the creation of high-quality VR experiences,Virtual Reality,,,,10.1007/s10055-021-00541-2,Dimitrios VerveridisPanagiotis MigkotzidisEfstathios NikolaidisEleftherios AnastasovitisAnastasios Papazoglou ChalikiasSpiros NikolopoulosIoannis Kompatsiaris,2021,https://link.springer.com/article/10.1007/s10055-021-00541-2,Article
An Overview of Natural Organic Matter,ICDSMLA 2019,,,,10.1007/978-981-15-1420-3_150,Geena PrasadJewel Yoko KentilitiscaManeesha Vinodini RameshNithin Suresh,2020,https://link.springer.com/chapter/10.1007/978-981-15-1420-3_150,Conference paper
Modelling Stochastic Processes with Time-Series Analysis,Statistics for Chemical and Process Engineers,,,,10.1007/978-3-030-83190-5_5,Yuri A. W. Shardt,2022,https://link.springer.com/chapter/10.1007/978-3-030-83190-5_5,Chapter
Chitosan-Based Nanostructured Materials in Edible Food Packaging,Nanotechnology in Edible Food Packaging,,,,10.1007/978-981-33-6169-0_4,Tabli GhoshKona MondalVimal Katiyar,2021,https://link.springer.com/chapter/10.1007/978-981-33-6169-0_4,Chapter
HPC-Smart Infrastructures: A Review and Outlook on Performance Analysis Methods and Tools,Smart Infrastructure and Applications,,,,10.1007/978-3-030-13705-2_18,Thaha MuhammedRashid MehmoodAiiad AlbeshriFawaz Alsolami,2020,https://link.springer.com/chapter/10.1007/978-3-030-13705-2_18,Chapter
AIMES: Advanced Computation and I/O Methods for Earth-System Simulations,Software for Exascale Computing - SPPEXA 2016-2019,,,,10.1007/978-3-030-47956-5_5,Julian KunkelNabeeh JumahAnastasiia NovikovaThomas LudwigHisashi YashiroNaoya MaruyamaMohamed WahibJohn Thuburn,2020,https://link.springer.com/chapter/10.1007/978-3-030-47956-5_5,Conference paper
Automatic Generation of Parallel Cache-Efficient Code Implementing Zuker’s RNA Folding,Artificial Intelligence and Soft Computing,,,,10.1007/978-3-030-61401-0_60,Marek PalkowskiWlodzimierz BieleckiMateusz Gruzewski,2020,https://link.springer.com/chapter/10.1007/978-3-030-61401-0_60,Conference paper
Unlocking the Opportunities of a Circular Economy in South Africa,Circular Economy: Recent Trends in Global Perspective,,,,10.1007/978-981-16-0913-8_5,Linda GodfreyHenry RomanSam SmoutRebecca MaserumuleAshton MpofuGeorgina RyanKgauta Mokoena,2021,https://link.springer.com/chapter/10.1007/978-981-16-0913-8_5,Chapter
A Combinatorial Testing Framework for Intuitionistic Propositional Theorem Provers,Practical Aspects of Declarative Languages,,,,10.1007/978-3-030-05998-9_8,Paul Tarau,2019,https://link.springer.com/chapter/10.1007/978-3-030-05998-9_8,Conference paper
Beyond Notations: Hygienic Macro Expansion for Theorem Proving Languages,Automated Reasoning,,,,10.1007/978-3-030-51054-1_10,Sebastian UllrichLeonardo de Moura,2020,https://link.springer.com/chapter/10.1007/978-3-030-51054-1_10,Conference paper
FEX – A Feature Extractor for Real-Time IDS,Information Security,,,,10.1007/978-3-030-91356-4_12,Andreas SchaadDominik Binder,2021,https://link.springer.com/chapter/10.1007/978-3-030-91356-4_12,Conference paper
Incremental execution of rule-based model transformation,International Journal on Software Tools for Technology Transfer,,,,10.1007/s10009-020-00583-y,Artur Boronat,2020,https://link.springer.com/article/10.1007/s10009-020-00583-y,Article
HetroOMP: OpenMP for Hybrid Load Balancing Across Heterogeneous Processors,OpenMP: Conquering the Full Hardware Spectrum,,,,10.1007/978-3-030-28596-8_5,Vivek KumarAbhiprayah TiwariGaurav Mitra,2019,https://link.springer.com/chapter/10.1007/978-3-030-28596-8_5,Conference paper
Optimizing the&#xa0;Prioritization of&#xa0;Compiled Quantum Circuits by&#xa0;Machine Learning Approaches,Service-Oriented Computing,,,,10.1007/978-3-031-18304-1_9,Marie SalmJohanna BarzenFrank LeymannPhilipp Wundrack,2022,https://link.springer.com/chapter/10.1007/978-3-031-18304-1_9,Conference paper
Building a Strong Foundation: TypeScript,Modern Full-Stack Development,,,,10.1007/978-1-4842-8811-5_5,Frank Zammetti,2022,https://link.springer.com/chapter/10.1007/978-1-4842-8811-5_5,Chapter
Tying It Up in a Bow: Webpack,Modern Full-Stack Development,,,,10.1007/978-1-4842-8811-5_7,Frank Zammetti,2022,https://link.springer.com/chapter/10.1007/978-1-4842-8811-5_7,Chapter
Start Reacting,Just React!,,,,10.1007/978-1-4842-8294-6_3,Hari Narayn,2022,https://link.springer.com/chapter/10.1007/978-1-4842-8294-6_3,Chapter
A Practical Approach to Quantum Circuit Design for Singlet State Preparation,Advances in Information and Communication,,,,10.1007/978-3-030-98012-2_28,István FintaLóránt Farkas,2022,https://link.springer.com/chapter/10.1007/978-3-030-98012-2_28,Conference paper
Quantum Variational Multi-class Classifier for&#xa0;the&#xa0;Iris Data Set,Computational Science – ICCS 2022,,,,10.1007/978-3-031-08760-8_21,Ilya PiatrenkaMarian Rusek,2022,https://link.springer.com/chapter/10.1007/978-3-031-08760-8_21,Conference paper
Introduction to WebAssembly and Blazor,Microsoft Blazor,,,,10.1007/978-1-4842-7845-1_1,Peter Himschoot,2022,https://link.springer.com/chapter/10.1007/978-1-4842-7845-1_1,Chapter
Interpreter,Design Patterns in .NET 6,,,,10.1007/978-1-4842-8245-8_17,Dmitri Nesteruk,2022,https://link.springer.com/chapter/10.1007/978-1-4842-8245-8_17,Chapter
Generating Domain-Specific Interactive Validation Documents,Formal Methods for Industrial Critical Systems,,,,10.1007/978-3-031-15008-1_4,Fabian VuChristopher HappeMichael Leuschel,2022,https://link.springer.com/chapter/10.1007/978-3-031-15008-1_4,Conference paper
Quantum Software Development with Classiq,Quantum Software Engineering,,,,10.1007/978-3-031-05324-5_14,Nir Minerbi,2022,https://link.springer.com/chapter/10.1007/978-3-031-05324-5_14,Chapter
Efficient Constructions for&#xa0;Simulating Multi Controlled Quantum Gates,Computational Science – ICCS 2022,,,,10.1007/978-3-031-08760-8_16,Stefan BalaucaAndreea Arusoaie,2022,https://link.springer.com/chapter/10.1007/978-3-031-08760-8_16,Conference paper
Interpreter,Design Patterns in Modern C++20,,,,10.1007/978-1-4842-7295-4_15,Dmitri Nesteruk,2022,https://link.springer.com/chapter/10.1007/978-1-4842-7295-4_15,Chapter
Intermediate Regular Expressions,Pro Perl Programming,,,,10.1007/978-1-4842-5605-3_1,William “Bo” Rothwell,2020,https://link.springer.com/chapter/10.1007/978-1-4842-5605-3_1,Chapter
Data Security Algorithm Using Circular Queue and Graycode,Proceedings of ICETIT 2019,,,,10.1007/978-3-030-30577-2_88,K. A. SumayyaJisha P. Abraham,2020,https://link.springer.com/chapter/10.1007/978-3-030-30577-2_88,Conference paper
Distributed Protocol Combinators,Practical Aspects of Declarative Languages,,,,10.1007/978-3-030-05998-9_11,Kristoffer Just Arndal AndersenIlya Sergey,2019,https://link.springer.com/chapter/10.1007/978-3-030-05998-9_11,Conference paper
"GOPHER, an HPC Framework for Large Scale Graph Exploration and Inference",High Performance Computing,,,,10.1007/978-3-030-59851-8_13,Marc Josep-FabregóXavier TeruelVictor Gimenez-AbalosDavide CirilloDario Garcia-GasullaSergio Alvarez-NapagaoMarta García-GasullaEduard AyguadéAlfonso Valencia,2020,https://link.springer.com/chapter/10.1007/978-3-030-59851-8_13,Conference paper
Evaluation of cement treated reclaimed asphalt pavement and recycled concrete pavement bases,International Journal of Pavement Research and Technology,,,,10.1007/s42947-019-0069-1,S. ChakravarthiAnusha BoyinaArun Kumar SinghS. Shankar,2019,https://link.springer.com/article/10.1007/s42947-019-0069-1,Article
Methodologies for Analysis and Identification of Total Petroleum Hydrocarbons,Total Petroleum Hydrocarbons,,,,10.1007/978-3-030-24035-6_2,Saranya KuppusamyNaga Raju MaddelaMallavarapu MegharajKadiyala Venkateswarlu,2020,https://link.springer.com/chapter/10.1007/978-3-030-24035-6_2,Chapter
Tornado: Automatic Generation of&#xa0;Probing-Secure Masked Bitsliced Implementations,Advances in Cryptology – EUROCRYPT 2020,,,,10.1007/978-3-030-45727-3_11,Sonia BelaïdPierre-Évariste DagandDarius MercadierMatthieu RivainRaphaël Wintersdorff,2020,https://link.springer.com/chapter/10.1007/978-3-030-45727-3_11,Conference paper
Quantum Computing,NANO-CHIPS 2030,,,,10.1007/978-3-030-18338-7_27,Albert FrischHarry S. BarowskiMarkus BrinkPeter Hans Roth,2020,https://link.springer.com/chapter/10.1007/978-3-030-18338-7_27,Chapter
"MATE, a Unified Model for Communication-Tolerant Scientific Applications",Languages and Compilers for Parallel Computing,,,,10.1007/978-3-030-34627-0_10,Sergio M. MartinScott B. Baden,2019,https://link.springer.com/chapter/10.1007/978-3-030-34627-0_10,Conference paper
Non-negatively curved GKM orbifolds,Mathematische Zeitschrift,,,,10.1007/s00209-021-02853-0,Oliver GoertschesMichael Wiemeler,2021,https://link.springer.com/article/10.1007/s00209-021-02853-0,Article
A global dataset and model of earthquake-induced landslide fatalities,Landslides,,,,10.1007/s10346-020-01356-z,M. Anna Nowicki JesseeM. W. HamburgerM. R. FerraraA. McLeanC. FitzGerald,2020,https://link.springer.com/article/10.1007/s10346-020-01356-z,Article
Inferring functional properties of matrix manipulating programs by abstract interpretation,Formal Methods in System Design,,,,10.1007/s10703-017-0311-x,Matthieu JournaultAntoine Miné,2018,https://link.springer.com/article/10.1007/s10703-017-0311-x,Article
Joint local and statistical discriminant learning via feature alignment,"Signal, Image and Video Processing",,,,10.1007/s11760-019-01587-1,Elahe GholenjiJafar Tahmoresnezhad,2019,https://link.springer.com/article/10.1007/s11760-019-01587-1,Article
Optimizing electronic structure simulations on a trapped-ion quantum computer using problem decomposition,Communications Physics,,,,10.1038/s42005-021-00751-9,Yukio KawashimaErika LloydMarc P. CoonsYunseong NamShunji MatsuuraAlejandro J. GarzaSonika JohriLee HuntingtonValentin SenicourtAndrii O. MaksymovJason H. V. NguyenJungsang KimNima AlidoustArman ZaribafiyanTakeshi Yamazaki,2021,https://link.springer.com/article/10.1038/s42005-021-00751-9,Article
ViennaDoc: An Animatable and Testable Specification Documentation Tool,Formal Methods. FM 2019 International Workshops,,,,10.1007/978-3-030-54997-8_19,Tomohiro OdaKeijiro ArakiYasuhiro YamamotoKumiyo NakakojiHiroshi SakoHan-Myung ChangPeter Gorm Larsen,2020,https://link.springer.com/chapter/10.1007/978-3-030-54997-8_19,Conference paper
Minimizing Self-adaptation Overhead in Parallel Stream Processing for Multi-cores,Euro-Par 2019: Parallel Processing Workshops,,,,10.1007/978-3-030-48340-1_3,Adriano VogelDalvan GrieblerMarco DaneluttoLuiz Gustavo Fernandes,2020,https://link.springer.com/chapter/10.1007/978-3-030-48340-1_3,Conference paper
Background,Automated Analysis of Virtual Prototypes at the Electronic System Level,,,,10.1007/978-3-030-44282-8_2,Mehran GoliRolf Drechsler,2020,https://link.springer.com/chapter/10.1007/978-3-030-44282-8_2,Chapter
Ompparser: A Standalone and Unified OpenMP Parser,OpenMP: Conquering the Full Hardware Spectrum,,,,10.1007/978-3-030-28596-8_10,Anjia WangYaying ShiXinyao YiYonghong YanChunhua LiaoBronis R. de Supinski,2019,https://link.springer.com/chapter/10.1007/978-3-030-28596-8_10,Conference paper
Gate-free state preparation for fast variational quantum eigensolver simulations,npj Quantum Information,,,,10.1038/s41534-021-00493-0,Oinam Romesh MeiteiBryan T. GardGeorge S. BarronDavid P. PappasSophia E. EconomouEdwin BarnesNicholas J. Mayhall,2021,https://link.springer.com/article/10.1038/s41534-021-00493-0,Article
The 21 μm and 30 μm emission features in carbon-rich objects,Astrophysics and Space Science,,,,10.1007/s10509-020-03798-2,Kevin VolkG. C. SloanKathleen E. Kraemer,2020,https://link.springer.com/article/10.1007/s10509-020-03798-2,Article
Composite Data Types in Dynamic Dataflow Languages as Copyless Memory Sharing Mechanism,Computational Science – ICCS 2019,,,,10.1007/978-3-030-22750-0_70,Aurelien BlochEndri BezatiMarco Mattavelli,2019,https://link.springer.com/chapter/10.1007/978-3-030-22750-0_70,Conference paper
Characterization of segregated greywater from Indian households: part A—physico-chemical and microbial parameters,Environmental Monitoring and Assessment,,,,10.1007/s10661-020-08369-0,Krithika DelhirajaLigy Philip,2020,https://link.springer.com/article/10.1007/s10661-020-08369-0,Article
Teleportation of the Bell States on IBM Q Computers Under Their Hardware Errors,"Distributed Computer and Communication Networks: Control, Computation, Communications",,,,10.1007/978-3-030-66242-4_11,V. P. GerdtE. A. Kotkova,2020,https://link.springer.com/chapter/10.1007/978-3-030-66242-4_11,Conference paper
Implementation of Logical Retraction in Constraint Handling Rules with Justifications,Declarative Programming and Knowledge Management,,,,10.1007/978-3-030-00801-7_3,Thom Frühwirth,2018,https://link.springer.com/chapter/10.1007/978-3-030-00801-7_3,Conference paper
A quantum hamiltonian simulation benchmark,npj Quantum Information,,,,10.1038/s41534-022-00636-x,Yulong DongK. Birgitta WhaleyLin Lin,2022,https://link.springer.com/article/10.1038/s41534-022-00636-x,Article
Polyhedral Compilation Support for C++ Features: A Case Study with CPPTRAJ,Languages and Compilers for Parallel Computing,,,,10.1007/978-3-030-35225-7_3,Amit RoyDaniel RoeMary HallThomas Cheatham,2019,https://link.springer.com/chapter/10.1007/978-3-030-35225-7_3,Conference paper
Documentational Approach to Didactics,Encyclopedia of Mathematics Education,,,,10.1007/978-3-030-15789-0_100011,Luc TroucheGhislaine GueudetBirgit Pepin,2020,https://link.springer.com/rwe/10.1007/978-3-030-15789-0_100011,Reference work entry
Upgrading a high performance computing environment for massive data processing,Journal of Internet Services and Applications,,,,10.1186/s13174-019-0118-7,Lucas M. PonceWalter dos SantosWagner Meira Jr.Dorgival GuedesDaniele LezziRosa M. Badia,2019,https://link.springer.com/article/10.1186/s13174-019-0118-7,Article
Challenges in Digital Twin Development for Cyber-Physical Production Systems,Cyber Physical Systems. Model-Based Design,,,,10.1007/978-3-030-23703-5_2,Heejong ParkArvind EaswaranSidharta Andalam,2019,https://link.springer.com/chapter/10.1007/978-3-030-23703-5_2,Conference paper
Semi-automatic Code Modernization for Optimal Parallel I/O,Software Challenges to Exascale Computing,,,,10.1007/978-981-13-7729-7_10,Ritu AroraTrung Nguyen Ba,2019,https://link.springer.com/chapter/10.1007/978-981-13-7729-7_10,Conference paper
Model Checking Finite-Horizon Markov Chains with Probabilistic Inference,Computer Aided Verification,,,,10.1007/978-3-030-81688-9_27,Steven HoltzenSebastian JungesMarcell Vazquez-ChanlatteTodd MillsteinSanjit A. SeshiaGuy Van den Broeck,2021,https://link.springer.com/chapter/10.1007/978-3-030-81688-9_27,Conference paper
Performance and Security Evaluation in Microservices Architecture Using Open Source Containers,Applied Technologies,,,,10.1007/978-3-030-71503-8_37,Diego Antonio Castillo RivasDaniel Guamán,2021,https://link.springer.com/chapter/10.1007/978-3-030-71503-8_37,Conference paper
The Canon: Code Walkthroughs,Quantum Computing: An Applied Approach,,,,10.1007/978-3-030-83274-2_8,Jack D. Hidary,2021,https://link.springer.com/chapter/10.1007/978-3-030-83274-2_8,Chapter
Conclusion,Fundamentals of Quantum Computing,,,,10.1007/978-3-030-63689-0_10,Venkateswaran Kasirajan,2021,https://link.springer.com/chapter/10.1007/978-3-030-63689-0_10,Chapter
High-level power estimation techniques in embedded systems hardware: an overview,The Journal of Supercomputing,,,,10.1007/s11227-022-04798-5,Majdi RichaJean-Christophe PrévotetMickaël DardaillonMohamad MrouéAbed Ellatif Samhat,2022,https://link.springer.com/article/10.1007/s11227-022-04798-5,Article
Towards Automated Static Verification of&#xa0;GNU&#xa0;C Programs,Perspectives of System Informatics,,,,10.1007/978-3-319-74313-4_30,Evgeny NovikovIlja Zakharov,2018,https://link.springer.com/chapter/10.1007/978-3-319-74313-4_30,Conference paper
A Framework for Faster Porting of Scientific Applications Between Heterogeneous Clouds,"Smart Societies, Infrastructure, Technologies and Applications",,,,10.1007/978-3-319-94180-6_5,Waseem AhmedMohsin KhanAdeel Ahmed KhanRashid MehmoodAbdullah AlgarniAiiad AlbeshriIyad Katib,2018,https://link.springer.com/chapter/10.1007/978-3-319-94180-6_5,Conference paper
A comparison of tree- and line-oriented observational slicing,Empirical Software Engineering,,,,10.1007/s10664-018-9675-9,David BinkleyNicolas GoldSyed IslamJens KrinkeShin Yoo,2019,https://link.springer.com/article/10.1007/s10664-018-9675-9,Article
GPU simulations of spiking neural P systems on modern web browsers,Natural Computing,,,,10.1007/s11047-022-09914-1,Arian Allenson M. ValdezFilbert WeeAyla Nikki Lorreen OdascoMatthew Lemuel M. ReyFrancis George C. Cabarle,2022,https://link.springer.com/article/10.1007/s11047-022-09914-1,Article
Qualitative Analysis: Collocations and Contextual Reading,The Future of Work in the United States,,,,10.1007/978-3-030-82307-8_6,Natalie Rauscher,2021,https://link.springer.com/chapter/10.1007/978-3-030-82307-8_6,Chapter
Spitzer’s debris disk legacy from main-sequence stars to white dwarfs,Nature Astronomy,,,,10.1038/s41550-020-1067-6,Christine H. ChenKate Y. L. SuSiyi Xu,2020,https://link.springer.com/article/10.1038/s41550-020-1067-6,Article
A Mixed Method of Parallel Software Auto-Tuning Using Statistical Modeling and Machine Learning,"Information and Communication Technologies in Education, Research, and Industrial Applications",,,,10.1007/978-3-030-13929-2_6,Anatoliy DoroshenkoPavlo IvanenkoOleksandr NovakOlena Yatsenko,2019,https://link.springer.com/chapter/10.1007/978-3-030-13929-2_6,Conference paper
Sensitivity Analysis Based Automation of Computational Problems,Novel Finite Element Technologies for Solids and Structures,,,,10.1007/978-3-030-33520-5_2,Jože KorelcTeja Melink,2020,https://link.springer.com/chapter/10.1007/978-3-030-33520-5_2,Chapter
ScalOMP: Analyzing the Scalability of OpenMP Applications,OpenMP: Conquering the Full Hardware Spectrum,,,,10.1007/978-3-030-28596-8_3,Anton DaumenPatrick CarribaultFrançois TrahayGaël Thomas,2019,https://link.springer.com/chapter/10.1007/978-3-030-28596-8_3,Conference paper
DotMotif: an open-source tool for connectome subgraph isomorphism search and graph queries,Scientific Reports,,,,10.1038/s41598-021-91025-5,Jordan K. MatelskyElizabeth P. ReillyErik C. JohnsonJennifer StisoDanielle S. BassettBrock A. WesterWilliam Gray-Roncal,2021,https://link.springer.com/article/10.1038/s41598-021-91025-5,Article
Automatic Optimizations for Stream-Based Monitoring Languages,Runtime Verification,,,,10.1007/978-3-030-60508-7_25,Jan BaumeisterBernd FinkbeinerMatthis KruseMaximilian Schwenger,2020,https://link.springer.com/chapter/10.1007/978-3-030-60508-7_25,Conference paper
Continuous Random Variables and Probability Distributions,Modern Mathematical Statistics with Applications,,,,10.1007/978-3-030-55156-8_4,Jay L. DevoreKenneth N. BerkMatthew A. Carlton,2021,https://link.springer.com/chapter/10.1007/978-3-030-55156-8_4,Chapter
Global Population Growth and Industrial Impact on the Environment,Cleaner Production,,,,10.1007/978-3-030-23165-1_3,Francisco José Gomes da SilvaRonny Miguel Gouveia,2020,https://link.springer.com/chapter/10.1007/978-3-030-23165-1_3,Chapter
Model-Based Programming for Multi-processor Platforms with TTool/DIPLODOCUS and OMC,Model-Driven Engineering and Software Development,,,,10.1007/978-3-030-11030-7_4,Andrea EnriciJulien LalletRenaud PacaletLudovic ApvrilleKarol DesnosImran Latif,2019,https://link.springer.com/chapter/10.1007/978-3-030-11030-7_4,Conference paper
An investigation of IBM quantum computing device performance on combinatorial optimisation problems,Neural Computing and Applications,,,,10.1007/s00521-022-07438-4,Maxine T. KhumaloHazel A. ChiezaKrupa PragMatthew Woolway,2022,https://link.springer.com/article/10.1007/s00521-022-07438-4,Article
Software Compilation Techniques for Heterogeneous Embedded Multi-Core Systems,Handbook of Signal Processing Systems,,,,10.1007/978-3-319-91734-4_28,Rainer LeupersMiguel Angel AguilarJeronimo CastrillonWeihua Sheng,2019,https://link.springer.com/chapter/10.1007/978-3-319-91734-4_28,Chapter
Refactoring Code,Essential Visual Studio 2019,,,,10.1007/978-1-4842-5719-7_4,Bruce Johnson,2020,https://link.springer.com/chapter/10.1007/978-1-4842-5719-7_4,Chapter
Generation of high-performance code based on a domain-specific language for algorithmic skeletons,The Journal of Supercomputing,,,,10.1007/s11227-019-02825-6,Fabian WredeChristoph RiegerHerbert Kuchen,2019,https://link.springer.com/article/10.1007/s11227-019-02825-6,Article
Autonomic and Latency-Aware Degree of Parallelism Management in SPar,Euro-Par 2018: Parallel Processing Workshops,,,,10.1007/978-3-030-10549-5_3,Adriano VogelDalvan GrieblerDaniele De SensiMarco DaneluttoLuiz Gustavo Fernandes,2019,https://link.springer.com/chapter/10.1007/978-3-030-10549-5_3,Conference paper
Top-Down Parsing Error Correction Applied to Part of Speech Tagging,Computational Science and Its Applications – ICCSA 2020,,,,10.1007/978-3-030-58799-4_47,Ygor Henrique de Paula Barros BaêtaAlexandre Bittencourt PigozzoCarolina Ribeiro Xavier,2020,https://link.springer.com/chapter/10.1007/978-3-030-58799-4_47,Conference paper
Energy-Efficient Acceleration of Spark Machine Learning Applications on FPGAs,Hardware Accelerators in Data Centers,,,,10.1007/978-3-319-92792-3_5,Christoforos KachrisElias KoromilasIoannis StamelosGeorgios ZervakisSotirios XydisDimitrios Soudris,2019,https://link.springer.com/chapter/10.1007/978-3-319-92792-3_5,Chapter
Global Reproducibility Through Local Control for Distributed Active Objects,Fundamental Approaches to Software Engineering,,,,10.1007/978-3-030-45234-6_7,Lars TveitoEinar Broch JohnsenRudolf Schlatte,2020,https://link.springer.com/chapter/10.1007/978-3-030-45234-6_7,Conference paper
Deep neural networks for quantum circuit mapping,Neural Computing and Applications,,,,10.1007/s00521-021-06009-3,Giovanni AcamporaRoberto Schiattarella,2021,https://link.springer.com/article/10.1007/s00521-021-06009-3,Article
The experience of using DVM and SAPFOR systems in semi automatic parallelization of an application for 3D modeling in geophysics,The Journal of Supercomputing,,,,10.1007/s11227-018-2551-y,Nikita KataevAlexander Kolganov,2018,https://link.springer.com/article/10.1007/s11227-018-2551-y,Article
Finding suitable variability abstractions for lifted analysis,Formal Aspects of Computing,,,,10.1007/s00165-019-00479-y,Aleksandar S. DimovskiClaus BrabrandAndrzej Wąsowski,2019,https://link.springer.com/article/10.1007/s00165-019-00479-y,Article
A high-performance compilation strategy for multiplexing quantum control architecture,Scientific Reports,,,,10.1038/s41598-022-11154-3,Zheng ShanYu ZhuBo Zhao,2022,https://link.springer.com/article/10.1038/s41598-022-11154-3,Article
Transcompiling Firewalls,Principles of Security and Trust,,,,10.1007/978-3-319-89722-6_13,Chiara BodeiPierpaolo DeganoRiccardo FocardiLetterio GallettaMauro Tempesta,2018,https://link.springer.com/chapter/10.1007/978-3-319-89722-6_13,Conference paper
Pipeline Patterns on Top of Task-Based Runtimes,"Parallel and Distributed Computing, Applications and Technologies",,,,10.1007/978-981-13-5907-1_11,Enes BajrovicSiegfried BenknerJiri Dokulil,2019,https://link.springer.com/chapter/10.1007/978-981-13-5907-1_11,Conference paper
Formal specification and implementation of an automated pattern-based parallel-code generation framework,International Journal on Software Tools for Technology Transfer,,,,10.1007/s10009-017-0465-2,Gervasio PérezSergio Yovine,2017,https://link.springer.com/article/10.1007/s10009-017-0465-2,Article
Carbohydrates,Essentials of Food Chemistry,,,,10.1007/978-981-16-0610-6_4,Jie PangFusheng Zhang,2021,https://link.springer.com/chapter/10.1007/978-981-16-0610-6_4,Chapter
Parallel Fourier ptychographic microscopy for high-throughput screening with 96 cameras (96 Eyes),Scientific Reports,,,,10.1038/s41598-019-47146-z,Antony C. S. ChanJinho KimAn PanHan XuDana NojimaChristopher HaleSongli WangChanghuei Yang,2019,https://link.springer.com/article/10.1038/s41598-019-47146-z,Article
dOCAL: high-level distributed programming with OpenCL and CUDA,The Journal of Supercomputing,,,,10.1007/s11227-019-02829-2,Ari RaschJulian BiggeMartin WrodarczykRichard SchulzeSergei Gorlatch,2019,https://link.springer.com/article/10.1007/s11227-019-02829-2,Article
GPUMixer: Performance-Driven Floating-Point Tuning for GPU Scientific Applications,High Performance Computing,,,,10.1007/978-3-030-20656-7_12,Ignacio LagunaPaul C. WoodRanvijay SinghSaurabh Bagchi,2019,https://link.springer.com/chapter/10.1007/978-3-030-20656-7_12,Conference paper
Utilization of Linz–Donawitz slag from steel industry for waste minimization,Journal of Material Cycles and Waste Management,,,,10.1007/s10163-020-00981-z,S. K. SinghP. RekhaM. Surya,2020,https://link.springer.com/article/10.1007/s10163-020-00981-z,Article
Implementation of single-qubit measurement-based t-designs using IBM processors,Scientific Reports,,,,10.1038/s41598-022-08632-z,Conrad StrydomMark Tame,2022,https://link.springer.com/article/10.1038/s41598-022-08632-z,Article
Accreting Millisecond X-ray Pulsars,"Timing Neutron Stars: Pulsations, Oscillations and Explosions",,,,10.1007/978-3-662-62110-3_4,Alessandro PatrunoAnna L. Watts,2021,https://link.springer.com/chapter/10.1007/978-3-662-62110-3_4,Chapter
Interaction-free measurements and counterfactual computation in IBM quantum computers,Quantum Information Processing,,,,10.1007/s11128-021-03055-7,J. Alberto CasasBryan Zaldivar,2021,https://link.springer.com/article/10.1007/s11128-021-03055-7,Article
A Method to Enhance the Security Capability of Python IDE,Future Data and Security Engineering,,,,10.1007/978-3-030-35653-8_27,Vinh PhamNamuk KimEunil SeoJun Suk HaTai-Myoung Chung,2019,https://link.springer.com/chapter/10.1007/978-3-030-35653-8_27,Conference paper
Score-P and OMPT: Navigating the Perils of Callback-Driven Parallel Runtime Introspection,OpenMP: Conquering the Full Hardware Spectrum,,,,10.1007/978-3-030-28596-8_2,Christian FeldSimon ConventMarc-André HermannsJoachim ProtzeMarkus GeimerBernd Mohr,2019,https://link.springer.com/chapter/10.1007/978-3-030-28596-8_2,Conference paper
A two-dimensional approach to assessing the impact of port selection factors on port competitiveness using the Kano model,Maritime Economics & Logistics,,,,10.1057/s41278-019-00117-7,Hokey MinByung-In Park,2019,https://link.springer.com/article/10.1057/s41278-019-00117-7,Article
Bootstrapping quantum process tomography via a perturbative ansatz,Nature Communications,,,,10.1038/s41467-020-14873-1,L. C. G. GoviaG. J. RibeillD. RistèM. WareH. Krovi,2020,https://link.springer.com/article/10.1038/s41467-020-14873-1,Article
A design-oriented method to build correct hypermedia documents,Multimedia Tools and Applications,,,,10.1007/s11042-017-5325-2,Delcino Picinin JrJean-Marie FarinesCelso A. S. SantosCristian Koliver,2017,https://link.springer.com/article/10.1007/s11042-017-5325-2,Article
ExaStencils: Advanced Multigrid Solver Generation,Software for Exascale Computing - SPPEXA 2016-2019,,,,10.1007/978-3-030-47956-5_14,Christian LengauerSven ApelMatthias BoltenShigeru ChibaUlrich RüdeJürgen TeichArmin GrößlingerFrank HannigHarald KöstlerLisa ClausAlexander GrebhahnStefan GrothStefan KronawitterSebastian KuckukHannah RittichChristian SchmittJonas Schmitt,2020,https://link.springer.com/chapter/10.1007/978-3-030-47956-5_14,Conference paper
Tiling Nussinov’s RNA folding loop nest with a space-time approach,BMC Bioinformatics,,,,10.1186/s12859-019-2785-6,Marek PalkowskiWlodzimierz Bielecki,2019,https://link.springer.com/article/10.1186/s12859-019-2785-6,Article
"DSL-Based Acceleration of Automotive Environment Perception and Mapping Algorithms for Embedded CPUs, GPUs, and FPGAs",Architecture of Computing Systems – ARCS 2019,,,,10.1007/978-3-030-18656-2_6,Jörg FickenscherFrank HannigJürgen Teich,2019,https://link.springer.com/chapter/10.1007/978-3-030-18656-2_6,Conference paper
Digital Africa: An Analysis of Digital Trends in Africa and Their Driving Factors,Space Fostering African Societies,,,,10.1007/978-3-030-32930-3_9,Christopher Yoon,2020,https://link.springer.com/chapter/10.1007/978-3-030-32930-3_9,Chapter
Achieving Safety Incrementally with Checked C,Principles of Security and Trust,,,,10.1007/978-3-030-17138-4_4,Andrew RuefLeonidas LampropoulosIan SweetDavid TarditiMichael Hicks,2019,https://link.springer.com/chapter/10.1007/978-3-030-17138-4_4,Conference paper
Selected Dangerous Hydrological Phenomena and Voyage Planning,Voyages on the Northern Sea Route,,,,10.1007/978-3-030-25490-2_4,Tadeusz Pastusiak,2020,https://link.springer.com/chapter/10.1007/978-3-030-25490-2_4,Chapter
Densifying Assumed-Sparse Tensors,High Performance Computing,,,,10.1007/978-3-030-20656-7_2,Derya CavdarValeriu CodreanuCan KarakusJohn A. LockmanDamian PodareanuVikram SaletoreAlexander SergeevDon D. SmithVictor SuthichaiQuy TaSrinivas VaradharajanLucas A. WilsonRengan XuPei Yang,2019,https://link.springer.com/chapter/10.1007/978-3-030-20656-7_2,Conference paper
Experimental QND measurements of complementarity on two-qubit states with IonQ and IBM Q quantum computers,Quantum Information Processing,,,,10.1007/s11128-021-03354-z,Nicolas SchwallerValeria VentoChristophe Galland,2022,https://link.springer.com/article/10.1007/s11128-021-03354-z,Article
CAPE: A Checkpointing-Based Solution for OpenMP on Distributed-Memory Architectures,Parallel Computing Technologies,,,,10.1007/978-3-030-25636-4_8,Van Long TranÉric RenaultViet Hai Ha,2019,https://link.springer.com/chapter/10.1007/978-3-030-25636-4_8,Conference paper
Enhancing Software Reliability Against Soft Error Using Critical Data Model,Mobile Ad-hoc and Sensor Networks,,,,10.1007/978-981-10-8890-2_27,Li WeiMingwei Xu,2018,https://link.springer.com/chapter/10.1007/978-981-10-8890-2_27,Conference paper
The Web3 Tech Stack,How to Create a Web3 Startup,,,,10.1007/978-1-4842-8683-8_3,Tom Taulli,2022,https://link.springer.com/chapter/10.1007/978-1-4842-8683-8_3,Chapter
Prevalence and&#xa0;Evolution of&#xa0;License Violations in&#xa0;npm and&#xa0;RubyGems Dependency Networks,Reuse and Software Quality,,,,10.1007/978-3-031-08129-3_6,Ilyas Saïd MakariAhmed ZeroualiCoen De Roover,2022,https://link.springer.com/chapter/10.1007/978-3-031-08129-3_6,Conference paper
Blazor,Introducing .NET 6,,,,10.1007/978-1-4842-7319-7_5,Nico Vermeir,2022,https://link.springer.com/chapter/10.1007/978-1-4842-7319-7_5,Chapter
Performance Analysis and&#xa0;Comparison of&#xa0;Acceleration Methods in&#xa0;JavaScript Environments Based on&#xa0;Simplified Standard Hough Transform Algorithm,New Advances in Dependability of Networks and Systems,,,,10.1007/978-3-031-06746-4_13,Damian KoperMarek Woda,2022,https://link.springer.com/chapter/10.1007/978-3-031-06746-4_13,Conference paper
Tools and Helpers,Pro Serverless Data Handling with Microsoft Azure,,,,10.1007/978-1-4842-8067-6_14,Benjamin KettnerFrank Geisler,2022,https://link.springer.com/chapter/10.1007/978-1-4842-8067-6_14,Chapter
A Tour of .NET 6,Introducing .NET 6,,,,10.1007/978-1-4842-7319-7_1,Nico Vermeir,2022,https://link.springer.com/chapter/10.1007/978-1-4842-7319-7_1,Chapter
QPU-System Co-design for&#xa0;Quantum HPC Accelerators,Architecture of Computing Systems,,,,10.1007/978-3-031-21867-5_7,Karen WinterspergerHila SafiWolfgang Mauerer,2022,https://link.springer.com/chapter/10.1007/978-3-031-21867-5_7,Conference paper
Internationalizing the Site,Beginning Eleventy,,,,10.1007/978-1-4842-8315-8_8,Alex Libby,2022,https://link.springer.com/chapter/10.1007/978-1-4842-8315-8_8,Chapter
A Quantum Computing Approach to Harnessing the Logic of the Mind for Brain–Computer Interfacing,Quantum Computing in the Arts and Humanities,,,,10.1007/978-3-030-95538-0_9,Eduardo Reck Miranda,2022,https://link.springer.com/chapter/10.1007/978-3-030-95538-0_9,Chapter
Tools for IDSS Development,Intelligent Decision Support Systems,,,,10.1007/978-3-030-87790-3_8,Miquel Sànchez-Marrè,2022,https://link.springer.com/chapter/10.1007/978-3-030-87790-3_8,Chapter
Performance Comparison of Python Translators for a Multi-threaded CPU-Bound Application,Computer Science – CACIC 2021,,,,10.1007/978-3-031-05903-2_2,Andrés MillaEnzo Rucci,2022,https://link.springer.com/chapter/10.1007/978-3-031-05903-2_2,Conference paper
OpenABL: A Domain-Specific Language for Parallel and Distributed Agent-Based Simulations,Euro-Par 2018: Parallel Processing,,,,10.1007/978-3-319-96983-1_36,Biagio CosenzaNikita PopovBen JuurlinkPaul RichmondMozhgan Kabiri ChimehCarmine SpagnuoloGennaro CordascoVittorio Scarano,2018,https://link.springer.com/chapter/10.1007/978-3-319-96983-1_36,Conference paper
Measuring Coverage of Prolog Programs Using Mutation Testing,Functional and Constraint Logic Programming,,,,10.1007/978-3-030-16202-3_3,Alexandros EfremidisJoshua SchmidtSebastian KringsPhilipp Körner,2019,https://link.springer.com/chapter/10.1007/978-3-030-16202-3_3,Conference paper
Quantum Circuits and DiVincenzo Criteria,Fundamentals of Quantum Computing,,,,10.1007/978-3-030-63689-0_5,Venkateswaran Kasirajan,2021,https://link.springer.com/chapter/10.1007/978-3-030-63689-0_5,Chapter
Session and Authentication,Learn Rails 6,,,,10.1007/978-1-4842-6026-5_5,Adam Notodikromo,2021,https://link.springer.com/chapter/10.1007/978-1-4842-6026-5_5,Chapter
Distributing Web Components,Building Native Web Components,,,,10.1007/978-1-4842-5905-4_7,Carlos Rojas,2021,https://link.springer.com/chapter/10.1007/978-1-4842-5905-4_7,Chapter
Setting Up Our Technology Stack,Integrating D3.js with React,,,,10.1007/978-1-4842-7052-3_1,Elad Elrom,2021,https://link.springer.com/chapter/10.1007/978-1-4842-7052-3_1,Chapter
Implementing Quantum Finite Automata Algorithms on Noisy Devices,Computational Science – ICCS 2021,,,,10.1007/978-3-030-77980-1_1,Utku BirkanÖzlem SalehiViktor OlejarCem NurluAbuzer Yakaryılmaz,2021,https://link.springer.com/chapter/10.1007/978-3-030-77980-1_1,Conference paper
Investigating Hammock Networks on IBM Q,"Intelligent Methods in Computing, Communications and Control",,,,10.1007/978-3-030-53651-0_5,Sorin HoarăRoxana-Mariana BeiuValeriu Beiu,2021,https://link.springer.com/chapter/10.1007/978-3-030-53651-0_5,Conference paper
Automating the Comparison of Quantum Compilers for Quantum Circuits,Service-Oriented Computing,,,,10.1007/978-3-030-87568-8_4,Marie SalmJohanna BarzenFrank LeymannBenjamin WederKaroline Wild,2021,https://link.springer.com/chapter/10.1007/978-3-030-87568-8_4,Conference paper
Learn React Basic Concepts,React and Libraries,,,,10.1007/978-1-4842-6696-0_1,Elad Elrom,2021,https://link.springer.com/chapter/10.1007/978-1-4842-6696-0_1,Chapter
Graph-Based Code Restructuring Targeting HLS for FPGAs,Applied Reconfigurable Computing,,,,10.1007/978-3-030-17227-5_17,Afonso Canas FerreiraJoão M. P. Cardoso,2019,https://link.springer.com/chapter/10.1007/978-3-030-17227-5_17,Conference paper
Noise-induced barren plateaus in variational quantum algorithms,Nature Communications,,,,10.1038/s41467-021-27045-6,Samson WangEnrico FontanaM. CerezoKunal SharmaAkira SoneLukasz CincioPatrick J. Coles,2021,https://link.springer.com/article/10.1038/s41467-021-27045-6,Article
Assessment of Municipal Solid Wastes Gasification Through CFD Simulation,"Innovation, Engineering and Entrepreneurship",,,,10.1007/978-3-319-91334-6_90,Eliseu MonteiroNuno CoutoValter SilvaAbel Rouboa,2019,https://link.springer.com/chapter/10.1007/978-3-319-91334-6_90,Conference paper
Assessing the influence of construction and demolition waste materials on workability and mechanical properties of concrete using statistical analysis,Innovative Infrastructure Solutions,,,,10.1007/s41062-019-0214-3,Bahareh HadavandReza Imaninasab,2019,https://link.springer.com/article/10.1007/s41062-019-0214-3,Article
Measurements of Cell Death Induced by Snake and Spider’s Venoms and Derived Toxins,Snake and Spider Toxins,,,,10.1007/978-1-4939-9845-6_13,Yossi MaatufAvi PrielPhilip Lazarovici,2020,https://link.springer.com/chapter/10.1007/978-1-4939-9845-6_13,Protocol
Map2Check Using LLVM and KLEE,Tools and Algorithms for the Construction and Analysis of Systems,,,,10.1007/978-3-319-89963-3_28,Rafael MenezesHerbert RochaLucas CordeiroRaimundo Barreto,2018,https://link.springer.com/chapter/10.1007/978-3-319-89963-3_28,Conference paper
Stream parallelism with ordered data constraints on multi-core systems,The Journal of Supercomputing,,,,10.1007/s11227-018-2482-7,Dalvan GrieblerRenato B. HoffmannMarco DaneluttoLuiz G. Fernandes,2018,https://link.springer.com/article/10.1007/s11227-018-2482-7,Article
On-Demand Fault-Tolerant Loop Processing,Symbolic Parallelization of Nested Loop Programs,,,,10.1007/978-3-319-73909-0_5,Alexandru-Petru TanaseFrank HannigJürgen Teich,2018,https://link.springer.com/chapter/10.1007/978-3-319-73909-0_5,Chapter
In Situ Techniques for Characterization of Strain Localizations and Time Sequence of Deformation Processes,Deformation Processes in TRIP/TWIP Steels,,,,10.1007/978-3-030-37149-4_5,Anja Weidner,2020,https://link.springer.com/chapter/10.1007/978-3-030-37149-4_5,Chapter
Avoid Anti-Patterns,Pro Oracle SQL Development,,,,10.1007/978-1-4842-4517-0_15,Jon Heller,2019,https://link.springer.com/chapter/10.1007/978-1-4842-4517-0_15,Chapter
Operational Voyage Planning and Verification of Initial Voyage Planning,Voyages on the Northern Sea Route,,,,10.1007/978-3-030-25490-2_9,Tadeusz Pastusiak,2020,https://link.springer.com/chapter/10.1007/978-3-030-25490-2_9,Chapter
Joint Forces for Memory Safety Checking,Model Checking Software,,,,10.1007/978-3-319-94111-0_7,Marek ChalupaJan StrejčekMartina Vitovská,2018,https://link.springer.com/chapter/10.1007/978-3-319-94111-0_7,Conference paper
"“Losers” “Acting Gay”: Internet Slang, Memes, and Affective Intensities",Mapping Digital Game Culture in China,,,,10.1007/978-3-030-36111-2_6,Marcella Szablewicz,2020,https://link.springer.com/chapter/10.1007/978-3-030-36111-2_6,Chapter
Understanding the behaviour of hackers while performing attack tasks in a professional setting and in a public challenge,Empirical Software Engineering,,,,10.1007/s10664-018-9625-6,Mariano CeccatoPaolo TonellaCataldo BasilePaolo FalcarinMarco TorchianoBart CoppensBjorn De Sutter,2018,https://link.springer.com/article/10.1007/s10664-018-9625-6,Article
Software Regression and Migration Assistance Using Dynamic Instrumentation,Advanced Computing and Systems for Security,,,,10.1007/978-981-13-3250-0_12,Nachiketa ChatterjeeAmlan ChakrabartiPartha Pratim Das,2019,https://link.springer.com/chapter/10.1007/978-981-13-3250-0_12,Chapter
Verifying Properties of Differentiable Programs,Static Analysis,,,,10.1007/978-3-319-99725-4_14,Jan HückelheimZiqing LuoSri Hari Krishna NarayananStephen SiegelPaul D. Hovland,2018,https://link.springer.com/chapter/10.1007/978-3-319-99725-4_14,Conference paper
MACC: An OpenACC Transpiler for Automatic Multi-GPU Use,Supercomputing Frontiers,,,,10.1007/978-3-319-69953-0_7,Kazuaki MatsumuraMitsuhisa SatoTaisuke BokuArtur PodobasSatoshi Matsuoka,2018,https://link.springer.com/chapter/10.1007/978-3-319-69953-0_7,Conference paper
"Tracing Distributed Component-Based Systems, a Brief Overview",Runtime Verification,,,,10.1007/978-3-030-03769-7_24,Yliès FalconeHosein NazarpourMohamad JaberMarius BozgaSaddek Bensalem,2018,https://link.springer.com/chapter/10.1007/978-3-030-03769-7_24,Conference paper
CRUST: A C/C++ to Rust Transpiler Using a “Nano-parser Methodology” to Avoid C/C++ Safety Issues in Legacy Code,"Emerging Research in Computing, Information, Communication and Applications",,,,10.1007/978-981-13-5953-8_21,Nishanth ShettyNikhil SaldanhaM. N. Thippeswamy,2019,https://link.springer.com/chapter/10.1007/978-981-13-5953-8_21,Conference paper
Checking the Expressivity of Firewall Languages,The Art of Modelling Computational Systems: A Journey from Logic and Concurrency to Security and Privacy,,,,10.1007/978-3-030-31175-9_6,Lorenzo CeragioliPierpaolo DeganoLetterio Galletta,2019,https://link.springer.com/chapter/10.1007/978-3-030-31175-9_6,Chapter
The Abstract Streaming Machine: Compile-Time Performance Modelling of Stream Programs on Heterogeneous Multiprocessors,Transactions on High-Performance Embedded Architectures and Compilers V,,,,10.1007/978-3-662-58834-5_5,Paul M. CarpenterAlex RamirezEduard Ayguade,2019,https://link.springer.com/chapter/10.1007/978-3-662-58834-5_5,Chapter
Testing quantum contextuality of binary symplectic polar spaces on a Noisy Intermediate Scale Quantum Computer,Quantum Information Processing,,,,10.1007/s11128-021-03188-9,Frédéric Holweck,2021,https://link.springer.com/article/10.1007/s11128-021-03188-9,Article
Execution of UML models: a systematic review of research and practice,Software & Systems Modeling,,,,10.1007/s10270-018-0675-4,Federico CiccozziIvano MalavoltaBran Selic,2018,https://link.springer.com/article/10.1007/s10270-018-0675-4,Article
Production of novel rhamnolipids via biodegradation of waste cooking oil using <i>Pseudomonas aeruginosa</i> MTCC7815,Biodegradation,,,,10.1007/s10532-019-09874-x,Swati SharmaPoulami DattaBirendra KumarPankaj TiwariLalit M. Pandey,2019,https://link.springer.com/article/10.1007/s10532-019-09874-x,Article
Rewriting High-Level Spreadsheet Structures into Higher-Order Functional Programs,Practical Aspects of Declarative Languages,,,,10.1007/978-3-319-73305-0_2,Florian BiermannWensheng DouPeter Sestoft,2018,https://link.springer.com/chapter/10.1007/978-3-319-73305-0_2,Conference paper
Model Checking Boot Code from AWS Data Centers,Computer Aided Verification,,,,10.1007/978-3-319-96142-2_28,Byron CookKareem KhazemDaniel KroeningSerdar TasiranMichael TautschnigMark R. Tuttle,2018,https://link.springer.com/chapter/10.1007/978-3-319-96142-2_28,Conference paper
Resolving the GPU responsiveness dilemma through program transformations,Frontiers of Computer Science,,,,10.1007/s11704-016-6206-y,Qi ZhuBo WuXipeng ShenKai ShenLi ShenZhiying Wang,2018,https://link.springer.com/article/10.1007/s11704-016-6206-y,Article
Detection of Security Vulnerabilities in C Code Using Runtime Verification: An Experience Report,Tests and Proofs,,,,10.1007/978-3-319-92994-1_8,Kostyantyn VorobyovNikolai KosmatovJulien Signoles,2018,https://link.springer.com/chapter/10.1007/978-3-319-92994-1_8,Conference paper
From high-level modeling toward efficient and trustworthy circuits,International Journal on Software Tools for Technology Transfer,,,,10.1007/s10009-017-0462-5,Fadi A. ZaraketMohamad JaberMohamad NoureddineYliès Falcone,2017,https://link.springer.com/article/10.1007/s10009-017-0462-5,Article
Type-Driven Automated Program Transformations and Cost Modelling for Optimising Streaming Programs on FPGAs,International Journal of Parallel Programming,,,,10.1007/s10766-018-0572-z,Wim VanderbauwhedeSyed Waqar NabiCristian Urlea,2018,https://link.springer.com/article/10.1007/s10766-018-0572-z,Article
The role of model checking in software engineering,Frontiers of Computer Science,,,,10.1007/s11704-016-6192-0,Anil Kumar KarnaYuting ChenHaibo YuHao ZhongJianjun Zhao,2018,https://link.springer.com/article/10.1007/s11704-016-6192-0,Article
Performance and energy effects on task-based parallelized applications,The Journal of Supercomputing,,,,10.1007/s11227-018-2294-9,Helena CaminalDiego CaballeroJuan M. CebriánRoger FerrerMarc CasasMiquel MoretóXavier MartorellMateo Valero,2018,https://link.springer.com/article/10.1007/s11227-018-2294-9,Article
Compiling for VLIW DSPs,Handbook of Signal Processing Systems,,,,10.1007/978-3-319-91734-4_27,Christoph W. Kessler,2019,https://link.springer.com/chapter/10.1007/978-3-319-91734-4_27,Chapter
Revisiting the Parallel Strategy for DOACROSS Loops,Journal of Computer Science and Technology,,,,10.1007/s11390-019-1919-7,Song LiuYuan-Zhen CuiNian-Jun ZouWen-Hao ZhuDong ZhangWei-Guo Wu,2019,https://link.springer.com/article/10.1007/s11390-019-1919-7,Article
A Few More Words: Advanced React,Modern Full-Stack Development,,,,10.1007/978-1-4842-5738-8_4,Frank Zammetti,2020,https://link.springer.com/chapter/10.1007/978-1-4842-5738-8_4,Chapter
A Deeper Dive into React,Practical JAMstack,,,,10.1007/978-1-4842-6177-4_4,Frank Zammetti,2020,https://link.springer.com/chapter/10.1007/978-1-4842-6177-4_4,Chapter
E-Move: Domain Specific Language for People with Movement Disorders,Information and Communication Technologies,,,,10.1007/978-3-030-62833-8_36,Rafael Valencia-RamosLuis Zhinin-VeraOscar ChangIsrael Pineda,2020,https://link.springer.com/chapter/10.1007/978-3-030-62833-8_36,Conference paper
Intermediate Representation of Programs with Type Specification Based on Pattern Matching,Programming and Computer Software,,,,10.1134/S0361768820010077,V. A. VaseninM. A. Krivchikov,2020,https://link.springer.com/article/10.1134/S0361768820010077,Article
On the Importance of Thermo-elastic Stressing in Injection-Induced Earthquakes,Rock Mechanics and Rock Engineering,,,,10.1007/s00603-018-1619-6,T. CandelaE. F. van der VeerP. A. Fokker,2018,https://link.springer.com/article/10.1007/s00603-018-1619-6,Article
Featherlight Speculative Task Parallelism,Euro-Par 2019: Parallel Processing,,,,10.1007/978-3-030-29400-7_28,Vivek Kumar,2019,https://link.springer.com/chapter/10.1007/978-3-030-29400-7_28,Conference paper
Static Analysis for Detecting High-Level Races in RTOS Kernels,Formal Methods – The Next 30 Years,,,,10.1007/978-3-030-30942-8_21,Abhishek SinghRekha PaiDeepak D’SouzaMeenakshi D’Souza,2019,https://link.springer.com/chapter/10.1007/978-3-030-30942-8_21,Conference paper
Facilitating the Implementation of&#xa0;Distributed Systems with&#xa0;Heterogeneous Interactions,Integrated Formal Methods,,,,10.1007/978-3-319-98938-9_15,Salwa KobeissiAdnan UtayimMohamad JaberYliès Falcone,2018,https://link.springer.com/chapter/10.1007/978-3-319-98938-9_15,Conference paper
tBench,Encyclopedia of Database Systems,,,,10.1007/978-1-4614-8265-9_80779,Richard T. SnodgrassStephen W. ThomasRui Zhang,2018,https://link.springer.com/rwe/10.1007/978-1-4614-8265-9_80779,Reference work entry
"Flexibility, Vision and Foresight in the Planning for Tomorrow’s Smart City",Smart Cities of Today and Tomorrow,,,,10.1007/978-3-319-95822-4_13,Joseph N. PeltonIndu B. Singh,2019,https://link.springer.com/chapter/10.1007/978-3-319-95822-4_13,Chapter
Whole-Transcriptome Causal Network Inference with Genomic and Transcriptomic Data,Gene Regulatory Networks,,,,10.1007/978-1-4939-8882-2_4,Lingfei WangTom Michoel,2019,https://link.springer.com/chapter/10.1007/978-1-4939-8882-2_4,Protocol
A Proposal for Loop-Transformation Pragmas,Evolving OpenMP for Evolving Architectures,,,,10.1007/978-3-319-98521-3_3,Michael KruseHal Finkel,2018,https://link.springer.com/chapter/10.1007/978-3-319-98521-3_3,Conference paper
Fundamentals,Modeling and Simulation of Invasive Applications and Architectures,,,,10.1007/978-981-13-8387-8_2,Sascha RoloffFrank HannigJürgen Teich,2019,https://link.springer.com/chapter/10.1007/978-981-13-8387-8_2,Chapter
Ebola virus disease,Nature Reviews Disease Primers,,,,10.1038/s41572-020-0147-3,Shevin T. JacobIan CrozierWilliam A. Fischer IIAngela HewlettColleen S. KraftMarc-Antoine de La VegaMoses J. SokaVictoria WahlAnthony GriffithsLaura BollingerJens H. Kuhn,2020,https://link.springer.com/article/10.1038/s41572-020-0147-3,Article
Supercomputer in a Laptop: Distributed Application and Runtime Development via Architecture Simulation,High Performance Computing,,,,10.1007/978-3-030-02465-9_23,Samuel KnightJoseph P. KennyJeremiah J. Wilke,2018,https://link.springer.com/chapter/10.1007/978-3-030-02465-9_23,Conference paper
Automatic Verification of RMA Programs via Abstraction Extrapolation,"Verification, Model Checking, and Abstract Interpretation",,,,10.1007/978-3-319-73721-8_3,Cedric BaumannAndrei Marian DanYuri MeshmanTorsten HoeflerMartin Vechev,2018,https://link.springer.com/chapter/10.1007/978-3-319-73721-8_3,Conference paper
Zeroing memory deallocator to reduce checkpoint sizes in virtualized HPC environments,The Journal of Supercomputing,,,,10.1007/s11227-018-2548-6,Ramy GadSimon PickartzTim SüßLars NagelStefan LankesAntonello MontiAndré Brinkmann,2018,https://link.springer.com/article/10.1007/s11227-018-2548-6,Article
Unifying the Analysis of Performance Event Streams at the Consumer Interface Level,Tools for High Performance Computing 2017,,,,10.1007/978-3-030-11987-4_4,Jean-Baptiste BesnardAllen D. MalonySameer ShendeMarc PérachePatrick CarribaultJulien Jaeger,2019,https://link.springer.com/chapter/10.1007/978-3-030-11987-4_4,Conference paper
A divide-and-conquer algorithm for quantum state preparation,Scientific Reports,,,,10.1038/s41598-021-85474-1,Israel F. AraujoDaniel K. ParkFrancesco PetruccioneAdenilton J. da Silva,2021,https://link.springer.com/article/10.1038/s41598-021-85474-1,Article
Compile-Time Security Certification of Imperative Programming Languages,E-Business and Telecommunications,,,,10.1007/978-3-030-34866-3_8,Sandip GhosalR. K. ShyamasundarN. V. Narendra Kumar,2019,https://link.springer.com/chapter/10.1007/978-3-030-34866-3_8,Conference paper
Software Reuse and Product Line Engineering,Handbook of Software Engineering,,,,10.1007/978-3-030-00262-6_8,Eduardo Santana de Almeida,2019,https://link.springer.com/chapter/10.1007/978-3-030-00262-6_8,Chapter
The Impact of Ice Conditions on Maritime Transport on the NSR,Voyages on the Northern Sea Route,,,,10.1007/978-3-030-25490-2_5,Tadeusz Pastusiak,2020,https://link.springer.com/chapter/10.1007/978-3-030-25490-2_5,Chapter
Exploratory Spatial Data Analysis,Handbook of Regional Science,,,,10.1007/978-3-642-36203-3_76-1,Jürgen Symanzik,2019,https://link.springer.com/rwe/10.1007/978-3-642-36203-3_76-1,Living reference work entry
SkePU&#xa0;2: Flexible and Type-Safe Skeleton Programming for Heterogeneous Parallel Systems,International Journal of Parallel Programming,,,,10.1007/s10766-017-0490-5,August ErnstssonLu LiChristoph Kessler,2017,https://link.springer.com/article/10.1007/s10766-017-0490-5,Article
Securing Packet Transmission Through Trusted Shortest Network Path Using Fuzzy Forecasting for Mobility of MANET Nodes,"Security, Privacy and Trust in the IoT Environment",,,,10.1007/978-3-030-18075-1_12,Soham BandyopadhyaySunil Karforma,2019,https://link.springer.com/chapter/10.1007/978-3-030-18075-1_12,Chapter
Android Application Analysis Using Machine Learning Techniques,AI in Cybersecurity,,,,10.1007/978-3-319-98842-9_7,Takeshi TakahashiTao Ban,2019,https://link.springer.com/chapter/10.1007/978-3-319-98842-9_7,Chapter
Introduction,Symbolic Parallelization of Nested Loop Programs,,,,10.1007/978-3-319-73909-0_1,Alexandru-Petru TanaseFrank HannigJürgen Teich,2018,https://link.springer.com/chapter/10.1007/978-3-319-73909-0_1,Chapter
Compaction-Induced Permeability Loss’s Effect on Induced Seismicity During Reservoir Depletion,Pure and Applied Geophysics,,,,10.1007/s00024-019-02198-0,Barnaby FryerGunter SiddiqiLyesse Laloui,2019,https://link.springer.com/article/10.1007/s00024-019-02198-0,Article
Environmental Nanotechnology,Handbook of Environmental Materials Management,,,,10.1007/978-3-319-73645-7_94,Junaid SaleemUsman Bin ShahidGordon McKay,2019,https://link.springer.com/rwe/10.1007/978-3-319-73645-7_94,Reference work entry
Using Functional Directives to Analyze Code Complexity,Tools and Methods of Program Analysis,,,,10.1007/978-3-319-71734-0_14,Daniel Rubio BonillaColin W. Glass,2018,https://link.springer.com/chapter/10.1007/978-3-319-71734-0_14,Conference paper
Developing and evolving a DSL-based approach for runtime monitoring of systems of systems,Automated Software Engineering,,,,10.1007/s10515-018-0241-x,Rick RabiserJürgen Thanhofer-PilischMichael VierhauserPaul GrünbacherAlexander Egyed,2018,https://link.springer.com/article/10.1007/s10515-018-0241-x,Article
Tuning Parallel Applications,Parallel Computing Hits the Power Wall,,,,10.1007/978-3-030-28719-1_4,Arthur Francisco LorenzonAntonio Carlos Schneider Beck Filho,2019,https://link.springer.com/chapter/10.1007/978-3-030-28719-1_4,Chapter
Artistic Object Recognition by Unsupervised Style Adaptation,Computer Vision – ACCV 2018,,,,10.1007/978-3-030-20893-6_29,Christopher ThomasAdriana Kovashka,2019,https://link.springer.com/chapter/10.1007/978-3-030-20893-6_29,Conference paper
Experiments with Sparse Cholesky Using a Parametrized Task Graph&#xa0;Implementation,Parallel Processing and Applied Mathematics,,,,10.1007/978-3-319-78024-5_18,Iain DuffFlorent Lopez,2018,https://link.springer.com/chapter/10.1007/978-3-319-78024-5_18,Conference paper
Using meta-heuristics and machine learning for software optimization of parallel computing systems: a systematic literature review,Computing,,,,10.1007/s00607-018-0614-9,Suejb MemetiSabri PllanaAlécio BinottoJoanna KołodziejIvona Brandic,2018,https://link.springer.com/article/10.1007/s00607-018-0614-9,Article
Study of Integrating Random and Symbolic Testing for Object-Oriented Software,Integrated Formal Methods,,,,10.1007/978-3-319-98938-9_6,Marko DimjaševićFalk HowarKasper LuckowZvonimir Rakamarić,2018,https://link.springer.com/chapter/10.1007/978-3-319-98938-9_6,Conference paper
Getting Started with the Node Package Manager,Practical Enterprise React,,,,10.1007/978-1-4842-6975-6_2,Devlin Basilan DuldulaoRuby Jane Leyva Cabagnot,2021,https://link.springer.com/chapter/10.1007/978-1-4842-6975-6_2,Chapter
Advantages and Disadvantages of Decoupled Architectures,Decoupled Django,,,,10.1007/978-1-4842-7144-5_4,Valentino Gagliardi,2021,https://link.springer.com/chapter/10.1007/978-1-4842-7144-5_4,Chapter
Risk and Complexity Assessment on the Context of Language Migration,Quality of Information and Communications Technology,,,,10.1007/978-3-030-85347-1_8,Santiago BragagnoloAbderrahmane SeriaiStéphane DucasseMustapha Derras,2021,https://link.springer.com/chapter/10.1007/978-3-030-85347-1_8,Conference paper
Performance Gain of a Data Flow Oriented ISA as Replacement for Java Bytecode,Architecture of Computing Systems,,,,10.1007/978-3-030-81682-7_7,Alexander SchwarzChristian Hochberger,2021,https://link.springer.com/chapter/10.1007/978-3-030-81682-7_7,Conference paper
Infret: Preliminary Findings of a Tool for Explorative Learning of Information Retrieval Concepts,Cross Reality and Data Science in Engineering,,,,10.1007/978-3-030-52575-0_70,Aleksandar BobićChristian GütlChristopher Cheong,2021,https://link.springer.com/chapter/10.1007/978-3-030-52575-0_70,Conference paper
Professional Components,Developing Web Components with TypeScript,,,,10.1007/978-1-4842-6840-7_9,Jörg Krause,2021,https://link.springer.com/chapter/10.1007/978-1-4842-6840-7_9,Chapter
Teaching MPS: Experiences from Industry and Academia,Domain-Specific Languages in Practice,,,,10.1007/978-3-030-73758-0_10,Mikhail BarashVáclav Pech,2021,https://link.springer.com/chapter/10.1007/978-3-030-73758-0_10,Chapter
Making Components,Developing Web Components with TypeScript,,,,10.1007/978-1-4842-6840-7_2,Jörg Krause,2021,https://link.springer.com/chapter/10.1007/978-1-4842-6840-7_2,Chapter
Making Single-Page Apps,Developing Web Components with TypeScript,,,,10.1007/978-1-4842-6840-7_8,Jörg Krause,2021,https://link.springer.com/chapter/10.1007/978-1-4842-6840-7_8,Chapter
Introduction,Developing Web Components with TypeScript,,,,10.1007/978-1-4842-6840-7_1,Jörg Krause,2021,https://link.springer.com/chapter/10.1007/978-1-4842-6840-7_1,Chapter
Styling the Shop,Gatsby E-Commerce,,,,10.1007/978-1-4842-6692-2_3,Alex Libby,2021,https://link.springer.com/chapter/10.1007/978-1-4842-6692-2_3,Chapter
Application of Python Programming and Its Future,Information and Communication Technology for Competitive Strategies (ICTCS 2020),,,,10.1007/978-981-16-0882-7_76,Yash BhattPrajakta Pahade,2021,https://link.springer.com/chapter/10.1007/978-981-16-0882-7_76,Conference paper
Cool outflows in galaxies and their implications,The Astronomy and Astrophysics Review,,,,10.1007/s00159-019-0121-9,Sylvain VeilleuxRoberto MaiolinoAlberto D. BolattoSusanne Aalto,2020,https://link.springer.com/article/10.1007/s00159-019-0121-9,Article
MySQL Extension Automatic Porting to PDO for PHP Migration and Security Improvement,Computer Information Systems and Industrial Management,,,,10.1007/978-3-319-99954-8_38,Fabio MondinAgostino Cortesi,2018,https://link.springer.com/chapter/10.1007/978-3-319-99954-8_38,Conference paper
The Live Dashboard,Project Reliability Engineering,,,,10.1007/978-1-4842-5019-8_3,Eyal Shahar,2019,https://link.springer.com/chapter/10.1007/978-1-4842-5019-8_3,Chapter
Neural Network Development Using the Java Encog Framework,Artificial Neural Networks with Java,,,,10.1007/978-1-4842-4421-0_5,Igor Livshin,2019,https://link.springer.com/chapter/10.1007/978-1-4842-4421-0_5,Chapter
The Apache Web Server,Web-Based Projects that Rock the Class,,,,10.1007/978-1-4842-4463-0_1,Christos Karayiannis,2019,https://link.springer.com/chapter/10.1007/978-1-4842-4463-0_1,Chapter
From Transition Systems to Variability Models and from Lifted Model Checking Back to UPPAAL,"Models, Algorithms, Logics and Tools",,,,10.1007/978-3-319-63121-9_13,Aleksandar S. DimovskiAndrzej Wąsowski,2017,https://link.springer.com/chapter/10.1007/978-3-319-63121-9_13,Chapter
A Heterogeneous Multi-Core Based Biomedical Application Processing System and Programming Toolkit,Journal of Signal Processing Systems,,,,10.1007/s11265-018-1437-9,Tassadaq HussainAmna HaiderAbdelmalik Taleb-Ahmed,2019,https://link.springer.com/article/10.1007/s11265-018-1437-9,Article
Fundamentals and Compiler Framework,Symbolic Parallelization of Nested Loop Programs,,,,10.1007/978-3-319-73909-0_2,Alexandru-Petru TanaseFrank HannigJürgen Teich,2018,https://link.springer.com/chapter/10.1007/978-3-319-73909-0_2,Chapter
Extending OpenMP to Facilitate Loop Optimization,Evolving OpenMP for Evolving Architectures,,,,10.1007/978-3-319-98521-3_4,Ian BertolacciMichelle Mills StroutBronis R. de SupinskiThomas R. W. ScoglandEddie C. DavisCatherine Olschanowsky,2018,https://link.springer.com/chapter/10.1007/978-3-319-98521-3_4,Conference paper
RedThreads: An Interface for Application-Level Fault Detection/Correction Through Adaptive Redundant Multithreading,International Journal of Parallel Programming,,,,10.1007/s10766-017-0492-3,Saurabh HukerikarKeita TeranishiPedro C. DinizRobert F. Lucas,2017,https://link.springer.com/article/10.1007/s10766-017-0492-3,Article
Studying Teachers’ Documentation Work: Emergence of a Theoretical Approach,The ‘Resource’ Approach to Mathematics Education,,,,10.1007/978-3-030-20393-1_2,Ghislaine Gueudet,2019,https://link.springer.com/chapter/10.1007/978-3-030-20393-1_2,Chapter
Broadband Spectrum of the X-ray Binary M33 X-6 from NuSTAR and Swift–XRT Data: An Extragalactic Z-Source?,Astronomy Letters,,,,10.1134/S1063773718100055,S. M. NikolaevaR. A. KrivonosS. Yu. Sazonov,2018,https://link.springer.com/article/10.1134/S1063773718100055,Article
SamaTulyata: An Efficient Path Based Equivalence Checking Tool,Automated Technology for Verification and Analysis,,,,10.1007/978-3-319-68167-2_8,Soumyadip BandyopadhyaySantonu SarkarDipankar SarkarChittaranjan Mandal,2017,https://link.springer.com/chapter/10.1007/978-3-319-68167-2_8,Conference paper
A Coq Formalisation of SQL’s Execution Engines,Interactive Theorem Proving,,,,10.1007/978-3-319-94821-8_6,V. BenzakenÉ. ContejeanCh. KellerE. Martins,2018,https://link.springer.com/chapter/10.1007/978-3-319-94821-8_6,Conference paper
Typechecking Java Protocols with [St]Mungo,"Formal Techniques for Distributed Objects, Components, and Systems",,,,10.1007/978-3-030-50086-3_12,A. Laura VoineaOrnela DardhaSimon J. Gay,2020,https://link.springer.com/chapter/10.1007/978-3-030-50086-3_12,Conference paper
Building a Strong Foundation: TypeScript,Modern Full-Stack Development,,,,10.1007/978-1-4842-5738-8_5,Frank Zammetti,2020,https://link.springer.com/chapter/10.1007/978-1-4842-5738-8_5,Chapter
Engineering an Optimized Instruction Set Architecture for AMIDAR Processors,Architecture of Computing Systems – ARCS 2020,,,,10.1007/978-3-030-52794-5_10,Alexander SchwarzChristian Hochberger,2020,https://link.springer.com/chapter/10.1007/978-3-030-52794-5_10,Conference paper
Getting started with React,Building Versatile Mobile Apps with Python and REST,,,,10.1007/978-1-4842-6333-4_3,Art Yudin,2020,https://link.springer.com/chapter/10.1007/978-1-4842-6333-4_3,Chapter
Loaders and Plugins,Webpack for Beginners,,,,10.1007/978-1-4842-5896-5_3,Mohamed Bouzid,2020,https://link.springer.com/chapter/10.1007/978-1-4842-5896-5_3,Chapter
Tying It Up in a Bow: Webpack,Modern Full-Stack Development,,,,10.1007/978-1-4842-5738-8_7,Frank Zammetti,2020,https://link.springer.com/chapter/10.1007/978-1-4842-5738-8_7,Chapter
Upgradeability Concept for Collaborative Blockchain-Based Business Process Execution Framework,Blockchain – ICBC 2020,,,,10.1007/978-3-030-59638-5_9,Philipp KlingerLong NguyenFreimut Bodendorf,2020,https://link.springer.com/chapter/10.1007/978-3-030-59638-5_9,Conference paper
A survey on search-based model-driven engineering,Automated Software Engineering,,,,10.1007/s10515-017-0215-4,Ilhem BoussaïdPatrick SiarryMohamed Ahmed-Nacer,2017,https://link.springer.com/article/10.1007/s10515-017-0215-4,Article
Seismic Loading,Structural Dynamics with Applications in Earthquake and Wind Engineering,,,,10.1007/978-3-662-57550-5_2,Klaus-G. Hinzen,2019,https://link.springer.com/chapter/10.1007/978-3-662-57550-5_2,Chapter
Robust vectorization method for electrical circuit drawings using component morphology,Pattern Analysis and Applications,,,,10.1007/s10044-018-0686-3,Paramita DeSekhar MandalPartha BhowmickBhabatosh Chanda,2018,https://link.springer.com/article/10.1007/s10044-018-0686-3,Article
Sound Transpilation from Binary to&#xa0;Machine-Independent Code,Formal Methods: Foundations and Applications,,,,10.1007/978-3-319-70848-5_13,Roberto MetereAndreas LindnerRoberto Guanciale,2017,https://link.springer.com/chapter/10.1007/978-3-319-70848-5_13,Conference paper
Understanding React Projects,Pro React 16,,,,10.1007/978-1-4842-4451-7_9,Adam Freeman,2019,https://link.springer.com/chapter/10.1007/978-1-4842-4451-7_9,Chapter
A Query Processing Framework for Large-Scale Scientific Data Analysis,Transactions on Large-Scale Data- and Knowledge-Centered Systems XXXVIII,,,,10.1007/978-3-662-58384-5_5,Leonidas Fegaras,2018,https://link.springer.com/chapter/10.1007/978-3-662-58384-5_5,Chapter
Order-reduction abstractions for safety verification of high-dimensional linear systems,Discrete Event Dynamic Systems,,,,10.1007/s10626-017-0244-y,Hoang-Dung TranLuan Viet NguyenWeiming XiangTaylor T. Johnson,2017,https://link.springer.com/article/10.1007/s10626-017-0244-y,Article
Mapping and Scheduling Hard Real Time Applications on Multicore Systems - The ARGO Approach,"Applied Reconfigurable Computing. Architectures, Tools, and Applications",,,,10.1007/978-3-319-78890-6_56,Panayiotis AlefragisGeorge TheodoridisMerkourios KatsimprisChristos ValouxisChristos GogosGeorge GoulasNikolaos VorosSimon RederKoray KasnakliMarcus BednaraDavid MüllerUmut DurakJuergen Becker,2018,https://link.springer.com/chapter/10.1007/978-3-319-78890-6_56,Conference paper
Refractories for Iron and Steel Plant,Introduction to Refractories for Iron- and Steelmaking,,,,10.1007/978-3-030-43807-4_1,Subir BiswasDebasish Sarkar,2020,https://link.springer.com/chapter/10.1007/978-3-030-43807-4_1,Chapter
Efficient and scalable quantum walk algorithms via the quantum Fourier transform,Quantum Information Processing,,,,10.1007/s11128-020-02834-y,Asif Shakeel,2020,https://link.springer.com/article/10.1007/s11128-020-02834-y,Article
A model of neutron-star–white-dwarf collision for fast radio bursts,Astrophysics and Space Science,,,,10.1007/s10509-018-3462-3,Xiang Liu,2018,https://link.springer.com/article/10.1007/s10509-018-3462-3,Article
Data Races and Static Analysis for Interrupt-Driven Kernels,Programming Languages and Systems,,,,10.1007/978-3-030-17184-1_25,Nikita ChopraRekha PaiDeepak D’Souza,2019,https://link.springer.com/chapter/10.1007/978-3-030-17184-1_25,Conference paper
Data-driven software design with Constraint Oriented Multi-variate Bandit Optimization (COMBO),Empirical Software Engineering,,,,10.1007/s10664-020-09856-1,Rasmus RosMikael Hammar,2020,https://link.springer.com/article/10.1007/s10664-020-09856-1,Article
"Abelian: A Compiler for Graph Analytics on Distributed, Heterogeneous Platforms",Euro-Par 2018: Parallel Processing,,,,10.1007/978-3-319-96983-1_18,Gurbinder GillRoshan DathathriLoc HoangAndrew LenharthKeshav Pingali,2018,https://link.springer.com/chapter/10.1007/978-3-319-96983-1_18,Conference paper
"A methodology correlating code optimizations with data memory accesses, execution time and energy consumption",The Journal of Supercomputing,,,,10.1007/s11227-019-02880-z,Vasilios KelefourasKarim Djemame,2019,https://link.springer.com/article/10.1007/s11227-019-02880-z,Article
Stationary Computed Tomography for Space and other Resource-constrained Environments,Scientific Reports,,,,10.1038/s41598-018-32505-z,Avilash CramerJake HeclaDufan WuXiaochun LaiTim BoersKai YangTim MoultonSteven KenyonZaven ArzoumanianWolfgang KrullKeith GendreauRajiv Gupta,2018,https://link.springer.com/article/10.1038/s41598-018-32505-z,Article
MPEG Reconfigurable Video Coding,Handbook of Signal Processing Systems,,,,10.1007/978-3-319-91734-4_7,Marco MattavelliJorn W. JanneckMickaël Raulet,2019,https://link.springer.com/chapter/10.1007/978-3-319-91734-4_7,Chapter
Human-in-the-Loop Simulation of Cloud Services,Service-Oriented and Cloud Computing,,,,10.1007/978-3-319-67262-5_11,Nikolaos BezirgiannisFrank de BoerStijn de Gouw,2017,https://link.springer.com/chapter/10.1007/978-3-319-67262-5_11,Conference paper
SemQuire - Assessing the Data Quality of Linked Open Data Sources Based on DQV,Current Trends in Web Engineering,,,,10.1007/978-3-030-03056-8_14,André LangerValentin SiegertChristoph GöpfertMartin Gaedke,2018,https://link.springer.com/chapter/10.1007/978-3-030-03056-8_14,Conference paper
"Development of high throughput, high precision synthesis platforms and characterization methodologies for toxicological studies of nanocellulose",Cellulose,,,,10.1007/s10570-018-1718-2,Georgios PyrgiotakisWing LuuZhenyuan ZhangNachiket VazeGlen DeLoidLaura RubioW. Adam C. GrahamDavid C. BellDouglas BousfieldPhilip Demokritou,2018,https://link.springer.com/article/10.1007/s10570-018-1718-2,Article
Compiler Optimization of Accelerator Data Transfers,International Journal of Parallel Programming,,,,10.1007/s10766-017-0549-3,Matthew B. AshcraftAlexander LemonDavid A. PenryQuinn Snell,2017,https://link.springer.com/article/10.1007/s10766-017-0549-3,Article
Remote Method Delegation: a Platform for Grid Computing,Journal of Grid Computing,,,,10.1007/s10723-020-09525-z,Bradley WoodBrock WatlingZachary WinnDaniel MessihaQusay H. MahmoudAkramul Azim,2020,https://link.springer.com/article/10.1007/s10723-020-09525-z,Article
"First experiences of teaching quantum
         computing",The Journal of Supercomputing,,,,10.1007/s11227-020-03376-x,Ginés CarrascalAlberto A. del BarrioGuillermo Botella,2020,https://link.springer.com/article/10.1007/s11227-020-03376-x,Article
Program synthesis for interactive-security systems,Formal Methods in System Design,,,,10.1007/s10703-017-0296-5,William R. HarrisSomesh JhaThomas W. RepsSanjit A. Seshia,2017,https://link.springer.com/article/10.1007/s10703-017-0296-5,Article
Architecture-Based Design: A Satellite On-Board Software Case Study,Formal Aspects of Component Software,,,,10.1007/978-3-319-57666-4_16,Anastasia MavridouEmmanouela StachtiariSimon BliudzeAnton IvanovPanagiotis KatsarosJoseph Sifakis,2017,https://link.springer.com/chapter/10.1007/978-3-319-57666-4_16,Conference paper
The Economics of Environment Protection,Energy Economics,,,,10.1007/978-1-4471-7468-4_10,Subhes C. Bhattacharyya,2019,https://link.springer.com/chapter/10.1007/978-1-4471-7468-4_10,Chapter
A Semantics-Driven Approach to&#xa0;Improving DataRaceBench’s OpenMP Standard Coverage,Evolving OpenMP for Evolving Architectures,,,,10.1007/978-3-319-98521-3_13,Chunhua LiaoPei-Hung LinMarkus SchordanIan Karlin,2018,https://link.springer.com/chapter/10.1007/978-3-319-98521-3_13,Conference paper
Variability-Specific Abstraction Refinement for Family-Based Model Checking,Fundamental Approaches to Software Engineering,,,,10.1007/978-3-662-54494-5_24,Aleksandar S. DimovskiAndrzej Wąsowski,2017,https://link.springer.com/chapter/10.1007/978-3-662-54494-5_24,Conference paper
Hybrid automata: from verification to implementation,International Journal on Software Tools for Technology Transfer,,,,10.1007/s10009-017-0458-1,Stanley BakOmar Ali BegSergiy BogomolovTaylor T. JohnsonLuan Viet NguyenChristian Schilling,2017,https://link.springer.com/article/10.1007/s10009-017-0458-1,Article
DepthK: A k-Induction Verifier Based on Invariant Inference for C Programs,Tools and Algorithms for the Construction and Analysis of Systems,,,,10.1007/978-3-662-54580-5_23,Williame RochaHerbert RochaHussama IsmailLucas CordeiroBernd Fischer,2017,https://link.springer.com/chapter/10.1007/978-3-662-54580-5_23,Conference paper
"Organised crime and social media: a system for detecting, corroborating and visualising weak signals of organised crime online",Security Informatics,,,,10.1186/s13388-018-0032-8,Simon AndrewsBen BrewsterTony Day,2018,https://link.springer.com/article/10.1186/s13388-018-0032-8,Article
Leveraging OpenMP 4.5 Support in CLANG for Fortran,Scaling OpenMP for Exascale Performance and Portability,,,,10.1007/978-3-319-65578-9_3,Hyojin SungTong ChenZehra SuraTarique Islam,2017,https://link.springer.com/chapter/10.1007/978-3-319-65578-9_3,Conference paper
Parallel tiled Nussinov RNA folding loop nest generated using both dependence graph transitive closure and loop skewing,BMC Bioinformatics,,,,10.1186/s12859-017-1707-8,Marek PalkowskiWlodzimierz Bielecki,2017,https://link.springer.com/article/10.1186/s12859-017-1707-8,Article
Concurrent Program Verification with Lazy Sequentialization and Interval Analysis,Networked Systems,,,,10.1007/978-3-319-59647-1_20,Truc L. NguyenBernd FischerSalvatore La TorreGennaro Parlato,2017,https://link.springer.com/chapter/10.1007/978-3-319-59647-1_20,Conference paper
Geometric Accuracy Evaluation of Geospatial Data Using Low-Cost Sensors on Small UAVs,Computational Science and Its Applications – ICCSA 2018,,,,10.1007/978-3-319-95174-4_29,Mirko SaponaroEufemia TarantinoUmberto Fratino,2018,https://link.springer.com/chapter/10.1007/978-3-319-95174-4_29,Conference paper
Prospects for multi-messenger extended emission from core-collapse supernovae in the Local Universe,The European Physical Journal Plus,,,,10.1140/epjp/i2019-12932-3,Maurice H. P. M. van PuttenAmir LevinsonFilippo FronteraCristiano GuidorziLorenzo AmatiMassimo Della Valle,2019,https://link.springer.com/article/10.1140/epjp/i2019-12932-3,Article
Locality and Singularity for Store-Atomic Memory Models,Networked Systems,,,,10.1007/978-3-319-59647-1_11,Egor DerevenetcRoland MeyerSebastian Schweizer,2017,https://link.springer.com/chapter/10.1007/978-3-319-59647-1_11,Conference paper
"Combining Physical, Virtual, and Mental Actions and Objects",Educational Psychology Review,,,,10.1007/s10648-018-9441-y,Stephen K. Reed,2018,https://link.springer.com/article/10.1007/s10648-018-9441-y,Article
Stream Ciphers: A Practical Solution for Efficient Homomorphic-Ciphertext Compression,Journal of Cryptology,,,,10.1007/s00145-017-9273-9,Anne CanteautSergiu CarpovCaroline FontaineTancrède LepointMaría Naya-PlasenciaPascal PaillierRenaud Sirdey,2018,https://link.springer.com/article/10.1007/s00145-017-9273-9,Article
A Practical and Aggressive Loop Fission Technique,Algorithms and Architectures for Parallel Processing,,,,10.1007/978-3-030-05234-8_9,Bo ZhaoYingying LiLin HanJie ZhaoWei GaoRongcai ZhaoRamin Yahyapour,2018,https://link.springer.com/chapter/10.1007/978-3-030-05234-8_9,Conference paper
Thermodynamics and Kinetics of Gasification,Coal and Biomass Gasification,,,,10.1007/978-981-10-7335-9_2,M. R. RaviSangeeta Kohli,2018,https://link.springer.com/chapter/10.1007/978-981-10-7335-9_2,Chapter
Evaluating Assignments Using Grading App,Information Technology - New Generations,,,,10.1007/978-3-319-54978-1_108,Nikyle NguyenDoina Bein,2018,https://link.springer.com/chapter/10.1007/978-3-319-54978-1_108,Conference paper
"High-Level and Productive Stream Parallelism for Dedup, Ferret, and Bzip2",International Journal of Parallel Programming,,,,10.1007/s10766-018-0558-x,Dalvan GrieblerRenato B. HoffmannMarco DaneluttoLuiz G. Fernandes,2018,https://link.springer.com/article/10.1007/s10766-018-0558-x,Article
Spectroscopy of Interstellar Carbonaceous Dust,Laboratory Astrophysics,,,,10.1007/978-3-319-90020-9_11,Víctor J. HerreroBelén MatéGermán MolpeceresMiguel Jiménez-RedondoIsabel Tanarro,2018,https://link.springer.com/chapter/10.1007/978-3-319-90020-9_11,Chapter
Influence of Manufacturing Process Variables on the Properties of Ophthalmic Ointments of Tobramycin,Pharmaceutical Research,,,,10.1007/s11095-018-2462-x,Shilpa PatereBryan NewmanYan WangStephanie ChoiSahil VoraAnson W. K. MaMichael JayXiuling Lu,2018,https://link.springer.com/article/10.1007/s11095-018-2462-x,Article
Support for Parallel and Concurrent Programming in C++,Programming and Computer Software,,,,10.1134/S0361768818010073,N. I. V’yukovaV. A. GalatenkoS. V. Samborskii,2018,https://link.springer.com/article/10.1134/S0361768818010073,Article
Methods in Trauma Biomechanics,Trauma Biomechanics,,,,10.1007/978-3-030-11659-0_2,Kai-Uwe SchmittPeter F. NiedererDuane S. CroninBarclay Morrison IIIMarkus H. MuserFelix Walz,2019,https://link.springer.com/chapter/10.1007/978-3-030-11659-0_2,Chapter
An Abstract Machine for Push Bottom-Up Evaluation of Datalog,Database and Expert Systems Applications,,,,10.1007/978-3-319-98812-2_23,Stefan BrassMario Wenzel,2018,https://link.springer.com/chapter/10.1007/978-3-319-98812-2_23,Conference paper
Towards Pluri-Platform Development: Evaluating a Graphical Model-Driven Approach to App Development Across Device Classes,"Towards Integrated Web, Mobile, and IoT Technology",,,,10.1007/978-3-030-28430-5_3,Christoph RiegerHerbert Kuchen,2019,https://link.springer.com/chapter/10.1007/978-3-030-28430-5_3,Conference paper
OBJS: Forking Javascript to OOP Paradigms,Proceedings of the Future Technologies Conference (FTC) 2018,,,,10.1007/978-3-030-02683-7_27,Alessandro Rosa,2019,https://link.springer.com/chapter/10.1007/978-3-030-02683-7_27,Conference paper
Building Code,.NET DevOps for Azure,,,,10.1007/978-1-4842-5343-4_6,Jeffrey Palermo,2019,https://link.springer.com/chapter/10.1007/978-1-4842-5343-4_6,Chapter
Building Your Library,Pro D3.js,,,,10.1007/978-1-4842-5203-1_10,Marcos Iglesias,2019,https://link.springer.com/chapter/10.1007/978-1-4842-5203-1_10,Chapter
Basic Concepts,Pro .NET Memory Management,,,,10.1007/978-1-4842-4027-4_1,Konrad Kokosa,2018,https://link.springer.com/chapter/10.1007/978-1-4842-4027-4_1,Chapter
Practical Information Flow Control for Web Applications,Runtime Verification,,,,10.1007/978-3-030-03769-7_21,Angel Luis Scull PupoLaurent ChristopheJens NicolayCoen de RooverElisa Gonzalez Boix,2018,https://link.springer.com/chapter/10.1007/978-3-030-03769-7_21,Conference paper
plspec – A Specification Language for Prolog Data,Declarative Programming and Knowledge Management,,,,10.1007/978-3-030-00801-7_13,Philipp KörnerSebastian Krings,2018,https://link.springer.com/chapter/10.1007/978-3-030-00801-7_13,Conference paper
Model Checking Embedded C Software Using k-Induction and Invariants,Embedded Software Verification and Debugging,,,,10.1007/978-1-4614-2266-2_7,Herbert RochaHussama IsmailLucas CordeiroRaimundo Barreto,2017,https://link.springer.com/chapter/10.1007/978-1-4614-2266-2_7,Chapter
Improved High-Level Synthesis for&#xa0;Complex CellML Models,"Applied Reconfigurable Computing. Architectures, Tools, and Applications",,,,10.1007/978-3-319-78890-6_34,Björn LiebigJulian OppermannOliver SinnenAndreas Koch,2018,https://link.springer.com/chapter/10.1007/978-3-319-78890-6_34,Conference paper
Fast FPGA prototyping for real-time image processing with very high-level synthesis,Journal of Real-Time Image Processing,,,,10.1007/s11554-017-0688-1,Chao LiYanjing BiFranck MarzaniFan Yang,2017,https://link.springer.com/article/10.1007/s11554-017-0688-1,Article
The NISQ Analyzer: Automating the Selection of Quantum Computers for Quantum Algorithms,Service-Oriented Computing,,,,10.1007/978-3-030-64846-6_5,Marie SalmJohanna BarzenUwe BreitenbücherFrank LeymannBenjamin WederKaroline Wild,2020,https://link.springer.com/chapter/10.1007/978-3-030-64846-6_5,Conference paper
Getting Started with Dart,Quick Start Guide to Dart Programming,,,,10.1007/978-1-4842-5562-9_1,Sanjib Sinha,2020,https://link.springer.com/chapter/10.1007/978-1-4842-5562-9_1,Chapter
JavaScript Application Tools,Building Web Applications with .NET Core 2.1 and JavaScript,,,,10.1007/978-1-4842-5352-6_9,Philip JapikseKevin GrossnicklausBen Dewey,2020,https://link.springer.com/chapter/10.1007/978-1-4842-5352-6_9,Chapter
Working with the API,Practical Hexo,,,,10.1007/978-1-4842-6089-0_5,Alex Libby,2020,https://link.springer.com/chapter/10.1007/978-1-4842-6089-0_5,Chapter
An Introduction to TypeScript,Introducing Deno,,,,10.1007/978-1-4842-6197-2_2,Fernando Doglio,2020,https://link.springer.com/chapter/10.1007/978-1-4842-6197-2_2,Chapter
The Case for Blazor,Building Single Page Applications in .NET Core 3,,,,10.1007/978-1-4842-5747-0_1,Michele Aponte,2020,https://link.springer.com/chapter/10.1007/978-1-4842-5747-0_1,Chapter
The Current Landscape,The Definitive Guide to AWS Infrastructure Automation,,,,10.1007/978-1-4842-5398-4_2,Bradley Campbell,2020,https://link.springer.com/chapter/10.1007/978-1-4842-5398-4_2,Chapter
Quantum Computation and Its Effects in Database Systems,New Trends in Databases and Information Systems,,,,10.1007/978-3-030-54623-6_2,Szabolcs JóczikAttila Kiss,2020,https://link.springer.com/chapter/10.1007/978-3-030-54623-6_2,Conference paper
WebAssembly – Hope for Fast Acceleration of Web Applications Using JavaScript,Information Systems Architecture and Technology: Proceedings of 40th Anniversary International Conference on Information Systems Architecture and Technology – ISAT 2019,,,,10.1007/978-3-030-30440-9_26,Krystian FrasZiemowit Nowak,2020,https://link.springer.com/chapter/10.1007/978-3-030-30440-9_26,Conference paper
JavaScript and CSS,Beginning Rails 6,,,,10.1007/978-1-4842-5716-6_9,Brady SomervilleAdam GambleCloves Carneiro Jr.Rida Al Barazi,2020,https://link.springer.com/chapter/10.1007/978-1-4842-5716-6_9,Chapter
React,Building Web Applications with .NET Core 2.1 and JavaScript,,,,10.1007/978-1-4842-5352-6_12,Philip JapikseKevin GrossnicklausBen Dewey,2020,https://link.springer.com/chapter/10.1007/978-1-4842-5352-6_12,Chapter
Getting Started,Practical Hexo,,,,10.1007/978-1-4842-6089-0_1,Alex Libby,2020,https://link.springer.com/chapter/10.1007/978-1-4842-6089-0_1,Chapter
Building Plugins,Practical Hexo,,,,10.1007/978-1-4842-6089-0_6,Alex Libby,2020,https://link.springer.com/chapter/10.1007/978-1-4842-6089-0_6,Chapter
Bringing in the Big Guns: Gatsby,Practical JAMstack,,,,10.1007/978-1-4842-6177-4_3,Frank Zammetti,2020,https://link.springer.com/chapter/10.1007/978-1-4842-6177-4_3,Chapter
RiCaSi: Rigorous Cache Side Channel Mitigation via Selective Circuit Compilation,Cryptology and Network Security,,,,10.1007/978-3-030-65411-5_25,Heiko MantelLukas ScheidelThomas SchneiderAlexandra WeberChristian WeinertTim Weißmantel,2020,https://link.springer.com/chapter/10.1007/978-3-030-65411-5_25,Conference paper
Refactoring Tools and Their Kin,Grand Timely Topics in Software Engineering,,,,10.1007/978-3-319-60074-1_8,Friedrich Steimann,2017,https://link.springer.com/chapter/10.1007/978-3-319-60074-1_8,Conference paper
Focusing on Precision- and Trust-Propagation in Knowledge Processing Systems,Future Data and Security Engineering,,,,10.1007/978-3-319-70004-5_28,Markus JägerJussi NikanderStefan NadschlägerVan Quoc Phuong HuynhJosef Küng,2017,https://link.springer.com/chapter/10.1007/978-3-319-70004-5_28,Conference paper
Loop Parallelization Techniques for FPGA Accelerator Synthesis,Journal of Signal Processing Systems,,,,10.1007/s11265-017-1229-7,Oliver ReicheM. Akif ÖzkanFrank HannigJürgen TeichMoritz Schmid,2017,https://link.springer.com/article/10.1007/s11265-017-1229-7,Article
Physiological and Molecular Changes during Lily Underground Stem Axillary Bulbils Formation,Russian Journal of Plant Physiology,,,,10.1134/S1021443718030172,Y. ZhangY. B. YongQ. WangY. M. Lu,2018,https://link.springer.com/article/10.1134/S1021443718030172,Article
Natural Disasters in the North-East: Crucial Role of Academia in Saving Lives,Development and Disaster Management,,,,10.1007/978-981-10-8485-0_2,P. P. Shrivastav,2018,https://link.springer.com/chapter/10.1007/978-981-10-8485-0_2,Chapter
Documentational Approach to Didactics,Encyclopedia of Mathematics Education,,,,10.1007/978-3-319-77487-9_100011-1,L. TroucheG. GueudetB. Pepin,2018,https://link.springer.com/rwe/10.1007/978-3-319-77487-9_100011-1,Living reference work entry
Functional Biopolymer Composites,Functional Biopolymers,,,,10.1007/978-3-319-66417-0_6,Sarat K. SwainAdrushya J. PattanayakAmrita P. Sahoo,2018,https://link.springer.com/chapter/10.1007/978-3-319-66417-0_6,Chapter
MPP SQL Query Optimization with RTCG,Big Data Analytics,,,,10.1007/978-3-030-04780-1_16,K. T. SridharM. A. SakkeerShiju AndrewsJimson Johnson,2018,https://link.springer.com/chapter/10.1007/978-3-030-04780-1_16,Conference paper
Understanding electronic word of behavior: conceptualization of the observable digital traces of consumers’ behaviors,Electronic Markets,,,,10.1007/s12525-018-0301-x,Katrine KunstRavi Vatrapu,2018,https://link.springer.com/article/10.1007/s12525-018-0301-x,Article
A High Arithmetic Intensity Krylov Subspace Method Based on Stencil Compiler Programs,High Performance Computing in Science and Engineering,,,,10.1007/978-3-319-97136-0_1,Simplice DonfackPatrick SananOlaf SchenkBram RepsWim Vanroose,2018,https://link.springer.com/chapter/10.1007/978-3-319-97136-0_1,Conference paper
Securing the SSA Transform,Static Analysis,,,,10.1007/978-3-319-66706-5_5,Chaoqiang DengKedar S. Namjoshi,2017,https://link.springer.com/chapter/10.1007/978-3-319-66706-5_5,Conference paper
tBench,Encyclopedia of Database Systems,,,,10.1007/978-1-4899-7993-3_80779-1,Richard T. SnodgrassStephen W. ThomasRui Zhang,2017,https://link.springer.com/rwe/10.1007/978-1-4899-7993-3_80779-1,Living reference work entry
Intersection as key locations for bearded capuchin monkeys (<i>Sapajus libidinosus</i>) traveling within a route network,Animal Cognition,,,,10.1007/s10071-018-1176-0,A. PresottoM. P. VerderaneL. BiondiO. Mendonça-FurtadoN. SpagnolettiM. MaddenP. Izar,2018,https://link.springer.com/article/10.1007/s10071-018-1176-0,Article
Parsing and Printing of and with Triples,Relational and Algebraic Methods in Computer Science,,,,10.1007/978-3-319-57418-9_10,Sebastiaan J. C. Joosten,2017,https://link.springer.com/chapter/10.1007/978-3-319-57418-9_10,Conference paper
An Approximation Workflow for Exploiting Data-Level Parallelism in FPGA Acceleration,From Variability Tolerance to Approximate Computing in Parallel Integrated Architectures and Accelerators,,,,10.1007/978-3-319-53768-9_10,Abbas RahimiLuca BeniniRajesh K. Gupta,2017,https://link.springer.com/chapter/10.1007/978-3-319-53768-9_10,Chapter
"Documentation Work, Design Capacity, and Teachers’ Expertise in Designing Instruction",The ‘Resource’ Approach to Mathematics Education,,,,10.1007/978-3-030-20393-1_11,Sebastian RezatCarole Le HénaffJana VisnovskaOk-Kyeong KimLaurence LeroyerHussein SabraSuzane El HageChongyang Wang,2019,https://link.springer.com/chapter/10.1007/978-3-030-20393-1_11,Chapter
Py3plex toolkit for visualization and analysis of multilayer networks,Applied Network Science,,,,10.1007/s41109-019-0203-7,Blaž ŠkrljJan KraljNada Lavrač,2019,https://link.springer.com/article/10.1007/s41109-019-0203-7,Article
Classification and Software Culture,Fundamentals of Software Culture,,,,10.1007/978-981-13-0701-0_3,Zheng QinHuidi ZhangXin QinKaiping XuKouemo Ngayo Anatoli DimitrovGuolong WangWenhui Yu,2018,https://link.springer.com/chapter/10.1007/978-981-13-0701-0_3,Chapter
Environmental Nanotechnology,Handbook of Environmental Materials Management,,,,10.1007/978-3-319-58538-3_94-1,Junaid SaleemUsman Bin ShahidGordon McKay,2018,https://link.springer.com/rwe/10.1007/978-3-319-58538-3_94-1,Living reference work entry
Building Smart University Using Innovative Technology and Architecture,Smart Universities,,,,10.1007/978-3-319-59454-5_6,Attila Adamkó,2018,https://link.springer.com/chapter/10.1007/978-3-319-59454-5_6,Chapter
Bioaugmentation of Petroleum Hydrocarbon in Contaminated Soil: A Review,Microbial Action on Hydrocarbons,,,,10.1007/978-981-13-1840-5_17,Z. Nur ZaidaM. T. Piakong,2018,https://link.springer.com/chapter/10.1007/978-981-13-1840-5_17,Chapter
The Notion of a Software Language,Software Languages,,,,10.1007/978-3-319-90800-7_1,Ralf Lämmel,2018,https://link.springer.com/chapter/10.1007/978-3-319-90800-7_1,Chapter
Background,Separation Logic for High-level Synthesis,,,,10.1007/978-3-319-53222-6_3,Felix Winterstein,2017,https://link.springer.com/chapter/10.1007/978-3-319-53222-6_3,Chapter
Custom Multi-cache Architectures,Separation Logic for High-level Synthesis,,,,10.1007/978-3-319-53222-6_5,Felix Winterstein,2017,https://link.springer.com/chapter/10.1007/978-3-319-53222-6_5,Chapter
Observational aspects of outbursting black hole sources: Evolution of spectro-temporal features and X-ray variability,Journal of Astrophysics and Astronomy,,,,10.1007/s12036-018-9510-0,H. SreehariAnuj NandiD. RadhikaNirmal IyerSamir Mandal,2018,https://link.springer.com/article/10.1007/s12036-018-9510-0,Article
"Comparison of Parallelisation Approaches, Languages, and Compilers for Unstructured Mesh Algorithms on GPUs","High Performance Computing Systems. Performance Modeling, Benchmarking, and Simulation",,,,10.1007/978-3-319-72971-8_2,G. D. BaloghI. Z. RegulyG. R. Mudalige,2018,https://link.springer.com/chapter/10.1007/978-3-319-72971-8_2,Conference paper
How Secure Is Green IT? The Case of Software-Based Energy Side Channels,Computer Security,,,,10.1007/978-3-319-99073-6_11,Heiko MantelJohannes SchickelAlexandra WeberFriedrich Weber,2018,https://link.springer.com/chapter/10.1007/978-3-319-99073-6_11,Conference paper
Lazy-CSeq 2.0: Combining Lazy Sequentialization with Abstract Interpretation,Tools and Algorithms for the Construction and Analysis of Systems,,,,10.1007/978-3-662-54580-5_26,Truc L. NguyenOmar InversoBernd FischerSalvatore La TorreGennaro Parlato,2017,https://link.springer.com/chapter/10.1007/978-3-662-54580-5_26,Conference paper
Tailorable Remote Assistance with RemoteAssistKit: A Study of and Design Response to Remote Assistance in the Manufacturing Industry,Collaboration Technologies and Social Computing,,,,10.1007/978-3-030-28011-6_6,Troels Ammitsbøl RasmussenKaj Gronbak,2019,https://link.springer.com/chapter/10.1007/978-3-030-28011-6_6,Conference paper
Angular,Beginning Database Programming Using ASP.NET Core 3,,,,10.1007/978-1-4842-5509-4_7,Bipin Joshi,2019,https://link.springer.com/chapter/10.1007/978-1-4842-5509-4_7,Chapter
Out-of-the-Box Customizations,Customizing Dynamics 365,,,,10.1007/978-1-4842-4379-4_3,Sanjaya Yapa,2019,https://link.springer.com/chapter/10.1007/978-1-4842-4379-4_3,Chapter
Does the Migration of Cross-Platform Apps Towards the Android Platform Matter? An Approach and a User Study,Product-Focused Software Process Improvement,,,,10.1007/978-3-030-35333-9_9,Maria CauloRita FranceseGiuseppe ScannielloAntonio Spera,2019,https://link.springer.com/chapter/10.1007/978-3-030-35333-9_9,Conference paper
Introduction,Separation Logic for High-level Synthesis,,,,10.1007/978-3-319-53222-6_1,Felix Winterstein,2017,https://link.springer.com/chapter/10.1007/978-3-319-53222-6_1,Chapter
A program analysis framework for <i>tccp</i> based on abstract interpretation,Formal Aspects of Computing,,,,10.1007/s00165-016-0409-8,Marco CominiMaría-del-Mar GallardoLaura TitoloAlicia Villanueva,2017,https://link.springer.com/article/10.1007/s00165-016-0409-8,Article
CREST - A DSL for Reactive Cyber-Physical Systems,"System Analysis and Modeling. Languages, Methods, and Tools for Systems Engineering",,,,10.1007/978-3-030-01042-3_3,Stefan KlikovitsAlban LinardDidier Buchs,2018,https://link.springer.com/chapter/10.1007/978-3-030-01042-3_3,Conference paper
Automatic Local Memory Management for Multicores Having Global Address Space,Languages and Compilers for Parallel Computing,,,,10.1007/978-3-319-52709-3_21,Kouhei YamamotoTomoya ShirakawaYoshitake OkiAkimasa YoshidaKeiji KimuraHironori Kasahara,2017,https://link.springer.com/chapter/10.1007/978-3-319-52709-3_21,Conference paper
MAPS: A Software Development Environment for Embedded Multicore Applications,Handbook of Hardware/Software Codesign,,,,10.1007/978-94-017-7267-9_2,Rainer LeupersMiguel Angel AguilarJuan Fernando EusseJeronimo CastrillonWeihua Sheng,2017,https://link.springer.com/rwe/10.1007/978-94-017-7267-9_2,Reference work entry
Fully-Automatic Router,Analog Integrated Circuit Design Automation,,,,10.1007/978-3-319-34060-9_6,Ricardo MartinsNuno LourençoNuno Horta,2017,https://link.springer.com/chapter/10.1007/978-3-319-34060-9_6,Chapter
Expressing and Applying C++ Code Transformations for the HDF5 API Through a DSL,Computer Information Systems and Industrial Management,,,,10.1007/978-3-319-59105-6_26,Martin GolasowskiJoão BispoJan MartinovičKateřina SlaninováJoão M. P. Cardoso,2017,https://link.springer.com/chapter/10.1007/978-3-319-59105-6_26,Conference paper
Data-Driven Thread Execution on Heterogeneous Processors,International Journal of Parallel Programming,,,,10.1007/s10766-016-0486-6,Samer ArandiGeorge MatheouCostas KyriacouParaskevas Evripidou,2017,https://link.springer.com/article/10.1007/s10766-016-0486-6,Article
Heap Partitioning and Parallelisation,Separation Logic for High-level Synthesis,,,,10.1007/978-3-319-53222-6_4,Felix Winterstein,2017,https://link.springer.com/chapter/10.1007/978-3-319-53222-6_4,Chapter
Sound attenuation in a random waveguide when using a radiating system with different patterns of directivity,Bulletin of the Russian Academy of Sciences: Physics,,,,10.3103/S1062873817080214,A. A. LunkovV. G. PetnikovA. D. Chernousov,2017,https://link.springer.com/article/10.3103/S1062873817080214,Article
Location Tracing and Potential Risks in Interaction Data Sets,Applied Spatial Analysis and Policy,,,,10.1007/s12061-017-9247-1,Oliver Duke-Williams,2017,https://link.springer.com/article/10.1007/s12061-017-9247-1,Article
Machine Learning-Driven Automatic Program Transformation to Increase Performance in Heterogeneous Architectures,Tools for High Performance Computing 2016,,,,10.1007/978-3-319-56702-0_7,Salvador TamaritGuillermo ViguerasManuel CarroJulio Mariño,2017,https://link.springer.com/chapter/10.1007/978-3-319-56702-0_7,Conference paper
Complex Solutions,Ruby Data Processing,,,,10.1007/978-1-4842-3474-7_3,Jay Godse,2018,https://link.springer.com/chapter/10.1007/978-1-4842-3474-7_3,Chapter
On Global Scheduling Independency in Networks of Timed Automata,Formal Modeling and Analysis of Timed Systems,,,,10.1007/978-3-319-65765-3_3,Sergio Feo-ArenisMilan VujinovićBernd Westphal,2017,https://link.springer.com/chapter/10.1007/978-3-319-65765-3_3,Conference paper
An efficient authentication method for AMBTC compressed images using adaptive pixel pair matching,Multimedia Tools and Applications,,,,10.1007/s11042-017-4899-z,Wien HongMeijin ChenTung Shou ChenChien-Che Huang,2017,https://link.springer.com/article/10.1007/s11042-017-4899-z,Article
The Technological Roadmap of Parallware and Its Alignment with the OpenPOWER Ecosystem,High Performance Computing,,,,10.1007/978-3-319-67630-2_19,Manuel ArenazOscar HernandezDirk Pleiter,2017,https://link.springer.com/chapter/10.1007/978-3-319-67630-2_19,Conference paper
Kali Linux and Python,Beginning Ethical Hacking with Kali Linux,,,,10.1007/978-1-4842-3891-2_7,Sanjib Sinha,2018,https://link.springer.com/chapter/10.1007/978-1-4842-3891-2_7,Chapter
Distributed Network Generation Based on Preferential Attachment in ABS,SOFSEM 2017: Theory and Practice of Computer Science,,,,10.1007/978-3-319-51963-0_9,Keyvan AzadbakhtNikolaos BezirgiannisFrank S. de Boer,2017,https://link.springer.com/chapter/10.1007/978-3-319-51963-0_9,Conference paper
Compiling and Optimizing OpenMP 4.X Programs to OpenCL and SPIR,Scaling OpenMP for Exascale Performance and Portability,,,,10.1007/978-3-319-65578-9_4,Marcio M. PereiraRafael C. F. SousaGuido Araujo,2017,https://link.springer.com/chapter/10.1007/978-3-319-65578-9_4,Conference paper
High-Level Synthesis of Dynamic Data Structures,Separation Logic for High-level Synthesis,,,,10.1007/978-3-319-53222-6_2,Felix Winterstein,2017,https://link.springer.com/chapter/10.1007/978-3-319-53222-6_2,Chapter
The Case for Polymorphic Registers in Dataflow Computing,International Journal of Parallel Programming,,,,10.1007/s10766-017-0494-1,Cătălin Bogdan CiobanuGeorgi GaydadjievChristian PilatoDonatella Sciuto,2017,https://link.springer.com/article/10.1007/s10766-017-0494-1,Article
Automatic Acceleration of Stencil Codes in Android Devices,Algorithms and Architectures for Parallel Processing,,,,10.1007/978-3-319-65482-9_6,Sergio AfonsoAlejandro AcostaFrancisco Almeida,2017,https://link.springer.com/chapter/10.1007/978-3-319-65482-9_6,Conference paper
A two-stage predictive model to simultaneous control of trihalomethanes in water treatment plants and distribution systems: adaptability to treatment processes,Environmental Science and Pollution Research,,,,10.1007/s11356-017-9629-6,Antonio Domínguez-TelloAna Arias-BorregoTamara García-BarreraJosé Luis Gómez-Ariza,2017,https://link.springer.com/article/10.1007/s11356-017-9629-6,Article
Obfuscation and Diversification for Securing Cloud Computing,Enterprise Security,,,,10.1007/978-3-319-54380-2_8,Shohreh HosseinzadehSamuel LaurénSampsa RautiSami HyrynsalmiMauro ContiVille Leppänen,2017,https://link.springer.com/chapter/10.1007/978-3-319-54380-2_8,Conference paper
The Out-of-Source Error in Multi-Source Cross Validation-Type Procedures,New Advances in Statistics and Data Science,,,,10.1007/978-3-319-69416-0_2,Georgios AfendrasMarianthi Markatou,2017,https://link.springer.com/chapter/10.1007/978-3-319-69416-0_2,Chapter
Compiling Depth-Optimized Circuits for Multi-Round MPC Protocols,Compilation for Secure Multi-party Computation,,,,10.1007/978-3-319-67522-0_6,Niklas BüscherStefan Katzenbeisser,2017,https://link.springer.com/chapter/10.1007/978-3-319-67522-0_6,Chapter
Power generator driven by Maxwell’s demon,Nature Communications,,,,10.1038/ncomms15301,Kensaku ChidaSamarth DesaiKatsuhiko NishiguchiAkira Fujiwara,2017,https://link.springer.com/article/10.1038/ncomms15301,Article
Automatically Generating Secure Wrappers for SGX Enclaves from Separation Logic Specifications,Programming Languages and Systems,,,,10.1007/978-3-319-71237-6_6,Neline van GinkelRaoul StrackxFrank Piessens,2017,https://link.springer.com/chapter/10.1007/978-3-319-71237-6_6,Conference paper
Toward live domain-specific languages,Software & Systems Modeling,,,,10.1007/s10270-017-0608-7,Riemer van RozenTijs van der Storm,2017,https://link.springer.com/article/10.1007/s10270-017-0608-7,Article
Neuromapp: A Mini-application Framework to Improve Neural Simulators,High Performance Computing,,,,10.1007/978-3-319-58667-0_10,Timothée EwartJudit PlanasFrancesco CremonesiKai LangenFelix SchürmannFabien Delalondre,2017,https://link.springer.com/chapter/10.1007/978-3-319-58667-0_10,Conference paper
Rewriting System for Profile-Guided Data Layout Transformations on Binaries,Euro-Par 2017: Parallel Processing,,,,10.1007/978-3-319-64203-1_19,Christopher HaineOlivier AumageDenis Barthou,2017,https://link.springer.com/chapter/10.1007/978-3-319-64203-1_19,Conference paper
Programming languages in chemistry: a review of HTML5/JavaScript,Journal of Cheminformatics,,,,10.1186/s13321-019-0331-1,Kevin J. Theisen,2019,https://link.springer.com/article/10.1186/s13321-019-0331-1,Article
Aggregate Data: Geostatistical Solutions for Reconstructing Attribute Surfaces,Encyclopedia of GIS,,,,10.1007/978-3-319-17885-1_1645,Phaedon Kyriakidis,2017,https://link.springer.com/rwe/10.1007/978-3-319-17885-1_1645,Reference work entry
"Soft X-ray Focusing Telescope Aboard AstroSat: Design, Characteristics and Performance",Journal of Astrophysics and Astronomy,,,,10.1007/s12036-017-9448-7,K. P. SinghG. C. StewartN. J. WestergaardS. BhattacharayyaS. ChandraV. R. ChitnisG. C. DewanganA. T. KothareI. M. MirzaK. MukerjeeV. NavalkarH. ShahA. F. AbbeyA. P. BeardmoreS. KotakN. KambleS. VishwakaramaD. P. PathareV. M. RisbudJ. P. KoyandeT. StevensonC. BicknellT. CrawfordG. HansfordG. PetersJ. SykesP. AgarwalM. SebastianA. RajarajanG. NageshS. NarendraM. RameshR. RaiK. H. NavalgundK. S. SarmaR. PandiyanK. SubbaraoT. GuptaN. ThakkarA. K. SinghA. Bajpai,2017,https://link.springer.com/article/10.1007/s12036-017-9448-7,Article
Generation of parallel synchronization-free tiled code,Computing,,,,10.1007/s00607-017-0576-3,Wlodzimierz BieleckiMarek PalkowskiPiotr Skotnicki,2017,https://link.springer.com/article/10.1007/s00607-017-0576-3,Article
Evaluation of realistic layouts for next generation on-scalp MEG: spatial information density maps,Scientific Reports,,,,10.1038/s41598-017-07046-6,Bushra RiazChristoph PfeifferJustin F. Schneiderman,2017,https://link.springer.com/article/10.1038/s41598-017-07046-6,Article
A Domain-Specific Language for Software-Defined Radio,Practical Aspects of Declarative Languages,,,,10.1007/978-3-319-51676-9_12,Geoffrey Mainland,2017,https://link.springer.com/chapter/10.1007/978-3-319-51676-9_12,Conference paper
Front End,The Full Stack Developer,,,,10.1007/978-1-4842-4152-3_6,Chris Northwood,2018,https://link.springer.com/chapter/10.1007/978-1-4842-4152-3_6,Chapter
Publish,Build Mobile Apps with Ionic 4 and Firebase,,,,10.1007/978-1-4842-3775-5_15,Fu Cheng,2018,https://link.springer.com/chapter/10.1007/978-1-4842-3775-5_15,Chapter
MobX: Simple State Management,Front-End Reactive Architectures,,,,10.1007/978-1-4842-3180-7_5,Luca Mezzalira,2018,https://link.springer.com/chapter/10.1007/978-1-4842-3180-7_5,Chapter
"Pause, Resume, and Async with Generators",Beginning Functional JavaScript,,,,10.1007/978-1-4842-4087-8_10,Anto AravinthSrikanth Machiraju,2018,https://link.springer.com/chapter/10.1007/978-1-4842-4087-8_10,Chapter
"Mean, Median, and Average Values of Variables",Statistics and Analysis of Scientific Data,,,,10.1007/978-1-4939-6572-4_6,Massimiliano Bonamente,2017,https://link.springer.com/chapter/10.1007/978-1-4939-6572-4_6,Chapter
Compiling Parallel Circuits,Compilation for Secure Multi-party Computation,,,,10.1007/978-3-319-67522-0_5,Niklas BüscherStefan Katzenbeisser,2017,https://link.springer.com/chapter/10.1007/978-3-319-67522-0_5,Chapter
Concurrent Programming from pseuCo to Petri,Application and Theory of Petri Nets and Concurrency,,,,10.1007/978-3-030-21571-2_16,Felix FreibergerHolger Hermanns,2019,https://link.springer.com/chapter/10.1007/978-3-030-21571-2_16,Conference paper
Creating Documentation,Pro D3.js,,,,10.1007/978-1-4842-5203-1_11,Marcos Iglesias,2019,https://link.springer.com/chapter/10.1007/978-1-4842-5203-1_11,Chapter
Flutter: A Gentle Introduction,Practical Flutter,,,,10.1007/978-1-4842-4972-7_1,Frank Zammetti,2019,https://link.springer.com/chapter/10.1007/978-1-4842-4972-7_1,Chapter
Hello World,Pro MERN Stack,,,,10.1007/978-1-4842-4391-6_2,Vasan Subramanian,2019,https://link.springer.com/chapter/10.1007/978-1-4842-4391-6_2,Chapter
The Performance Analysis of Web Applications Based on Virtual DOM and Reactive User Interfaces,Engineering Software Systems: Research and Praxis,,,,10.1007/978-3-319-99617-2_8,Dariusz ChęćZiemowit Nowak,2019,https://link.springer.com/chapter/10.1007/978-3-319-99617-2_8,Conference paper
Israelite Tribal Confederation Enters Canaan,"The Origins of Democracy in Tribes, City-States and Nation-States",,,,10.1007/978-3-319-51695-0_60,Ronald M. Glassman,2017,https://link.springer.com/chapter/10.1007/978-3-319-51695-0_60,Chapter
Sound,Physics of Oscillations and Waves,,,,10.1007/978-3-319-72314-3_7,Arnt Inge Vistnes,2018,https://link.springer.com/chapter/10.1007/978-3-319-72314-3_7,Chapter
Accretion Disks and Coronae in the X-Ray Flashlight,Space Science Reviews,,,,10.1007/s11214-017-0448-3,Nathalie DegenaarDavid R. BallantyneTomaso BelloniManoneeta ChakrabortyYu-Peng ChenLong JiPeter KretschmarErik KuulkersJian LiThomas J. MaccaroneJulien MalzacShu ZhangShuang-Nan Zhang,2017,https://link.springer.com/article/10.1007/s11214-017-0448-3,Article
Towards Scalable and Optimizing Compilation for MPC,Compilation for Secure Multi-party Computation,,,,10.1007/978-3-319-67522-0_7,Niklas BüscherStefan Katzenbeisser,2017,https://link.springer.com/chapter/10.1007/978-3-319-67522-0_7,Chapter
Conclusion,Separation Logic for High-level Synthesis,,,,10.1007/978-3-319-53222-6_6,Felix Winterstein,2017,https://link.springer.com/chapter/10.1007/978-3-319-53222-6_6,Chapter
Big Data for a Linked Open Economy,Advances in Big Data,,,,10.1007/978-3-319-47898-2_28,M. VafopoulosI. AnagnostopoulosD. NegkasG. RazisG. VafeiadisI. SkarosK. GlykosA. TzaniE. Galanos,2017,https://link.springer.com/chapter/10.1007/978-3-319-47898-2_28,Conference paper
Introduction to TypeScript,Building Web Applications with Visual Studio 2017,,,,10.1007/978-1-4842-2478-6_7,Philip JapikseKevin GrossnicklausBen Dewey,2017,https://link.springer.com/chapter/10.1007/978-1-4842-2478-6_7,Chapter
New Solutions for Cross-Layer System-Level and High-Level Synthesis,Emerging Technology and Architecture for Big-data Analytics,,,,10.1007/978-3-319-54840-1_5,Wei ZuoSwathi GurumaniKyle RupnowDeming Chen,2017,https://link.springer.com/chapter/10.1007/978-3-319-54840-1_5,Chapter
Exploring Cloud Elasticity in Scientific Applications,Cloud Computing,,,,10.1007/978-3-319-54645-2_4,Guilherme GalanteRodrigo da Rosa Righi,2017,https://link.springer.com/chapter/10.1007/978-3-319-54645-2_4,Chapter
OWL API for iOS: Early Implementation and Results,OWL: Experiences and Directions – Reasoner Evaluation,,,,10.1007/978-3-319-54627-8_11,Michele RutaFloriano SciosciaEugenio Di SciascioIvano Bilenchi,2017,https://link.springer.com/chapter/10.1007/978-3-319-54627-8_11,Conference paper
"Refactoring Legacy JavaScript Code to Use Classes: The Good, The Bad and The Ugly",Mastering Scale and Complexity in Software Reuse,,,,10.1007/978-3-319-56856-0_11,Leonardo Humberto SilvaMarco Tulio ValenteAlexandre Bergel,2017,https://link.springer.com/chapter/10.1007/978-3-319-56856-0_11,Conference paper
Planning and Scheduling of Payloads of AstroSat During Initial and Normal Phase Observations,Journal of Astrophysics and Astronomy,,,,10.1007/s12036-017-9446-9,R. PandiyanS. V. SubbaraoT. NagamaniChaitra RaoN. Hari Prasad RaoHarish JoglekarNaresh KumarSurya Ratna Prakash DumpaAnshu ChauhanB. P. Dakshayani,2017,https://link.springer.com/article/10.1007/s12036-017-9446-9,Article
Spatio-temporal variation of septage characteristics of a semi-arid metropolitan city in a developing country,Environmental Science and Pollution Research,,,,10.1007/s11356-016-8336-z,D. KrithikaAnu Rachel ThomasGomathy R. IyerMartin KranertLigy Philip,2017,https://link.springer.com/article/10.1007/s11356-016-8336-z,Article
Anesthesia for Cardiac Ablation Procedures,Out of Operating Room Anesthesia,,,,10.1007/978-3-319-39150-2_14,Igor O. ZhukovYuriy O. Zhukov,2017,https://link.springer.com/chapter/10.1007/978-3-319-39150-2_14,Chapter
Conventional Task Scheduling Policies,Task Scheduling for Multi-core and Parallel Architectures,,,,10.1007/978-981-10-6238-4_2,Quan ChenMinyi Guo,2017,https://link.springer.com/chapter/10.1007/978-981-10-6238-4_2,Chapter
Boosting Java Performance Using GPGPUs,Architecture of Computing Systems - ARCS 2017,,,,10.1007/978-3-319-54999-6_5,James ClarksonChristos KotselidisGavin BrownMikel Luján,2017,https://link.springer.com/chapter/10.1007/978-3-319-54999-6_5,Conference paper
WebPol: Fine-Grained Information Flow Policies for Web Browsers,Computer Security – ESORICS 2017,,,,10.1007/978-3-319-66402-6_15,Abhishek BichhawatVineet RajaniJinank JainDeepak GargChristian Hammer,2017,https://link.springer.com/chapter/10.1007/978-3-319-66402-6_15,Conference paper
A comparative study of programming languages for next-generation astrodynamics systems,CEAS Space Journal,,,,10.1007/s12567-017-0170-8,Helge EichhornJuan Luis CanoFrazer McLeanReiner Anderl,2017,https://link.springer.com/article/10.1007/s12567-017-0170-8,Article
An Application-Level Solution for the Dynamic Reconfiguration of MPI Applications,High Performance Computing for Computational Science – VECPAR 2016,,,,10.1007/978-3-319-61982-8_18,Iván CoresPatricia GonzálezEmmanuel JeannotMaría J. MartínGabriel Rodríguez,2017,https://link.springer.com/chapter/10.1007/978-3-319-61982-8_18,Conference paper
Automatic Code Generation of MIMO Model Predictive Control Algorithms using Transcompiler,"Trends in Advanced Intelligent Control, Optimization and Automation",,,,10.1007/978-3-319-60699-6_30,Patryk ChaberMaciej Ławryńczuk,2017,https://link.springer.com/chapter/10.1007/978-3-319-60699-6_30,Conference paper
Securing Web Applications with Predicate Access Control,Data and Applications Security and Privacy XXXI,,,,10.1007/978-3-319-61176-1_30,Zhaomo YangKirill Levchenko,2017,https://link.springer.com/chapter/10.1007/978-3-319-61176-1_30,Conference paper
"Investigating Learnability, User Performance, and Preferences of the Path Query Language SemwidgQL Compared to SPARQL",The Semantic Web – ISWC 2017,,,,10.1007/978-3-319-68288-4_36,Timo StegemannJürgen Ziegler,2017,https://link.springer.com/chapter/10.1007/978-3-319-68288-4_36,Conference paper
An adaptive framework for the creation of exergames for intangible cultural heritage (ICH) education,Journal of Computers in Education,,,,10.1007/s40692-018-0115-z,A. GrammatikopoulouS. LarabaO. SahbenderogluK. DimitropoulosS. DoukaN. Grammalidis,2018,https://link.springer.com/article/10.1007/s40692-018-0115-z,Article
Towards Enabling Live Thresholding as Utility to Manage Elastic Master-Slave Applications in the Cloud,Journal of Grid Computing,,,,10.1007/s10723-017-9405-3,Vinicius Facco RodriguesRodrigo da Rosa RighiGustavo RostirollaJorge Luis Victória BarbosaCristiano André da CostaAntônio Marcos AlbertiVictor Chang,2017,https://link.springer.com/article/10.1007/s10723-017-9405-3,Article
Site-specific partially nonergodic PSHA for a hard-rock critical site in southern France: adjustment of ground motion prediction equations and sensitivity analysis,Bulletin of Earthquake Engineering,,,,10.1007/s10518-017-0118-6,Gabriele AmeriFabrice HollenderVincent PerronChristophe Martin,2017,https://link.springer.com/article/10.1007/s10518-017-0118-6,Article
JavaScript,Angular 5 Projects,,,,10.1007/978-1-4842-3279-8_3,Mark Clow,2018,https://link.springer.com/chapter/10.1007/978-1-4842-3279-8_3,Chapter
Getting Started,Web Applications with Elm,,,,10.1007/978-1-4842-2610-0_2,Wolfgang Loder,2018,https://link.springer.com/chapter/10.1007/978-1-4842-2610-0_2,Chapter
.NET Fundamentals,Pro .NET Memory Management,,,,10.1007/978-1-4842-4027-4_4,Konrad Kokosa,2018,https://link.springer.com/chapter/10.1007/978-1-4842-4027-4_4,Chapter
JavaScript,The Full Stack Developer,,,,10.1007/978-1-4842-4152-3_8,Chris Northwood,2018,https://link.springer.com/chapter/10.1007/978-1-4842-4152-3_8,Chapter
TypeScript,Angular 5 Projects,,,,10.1007/978-1-4842-3279-8_4,Mark Clow,2018,https://link.springer.com/chapter/10.1007/978-1-4842-3279-8_4,Chapter
Interpreter,Design Patterns in Modern C++,,,,10.1007/978-1-4842-3603-1_15,Dmitri Nesteruk,2018,https://link.springer.com/chapter/10.1007/978-1-4842-3603-1_15,Chapter
Frontend Development,Software Development From A to Z,,,,10.1007/978-1-4842-3945-2_6,Olga FilipovaRui Vilão,2018,https://link.springer.com/chapter/10.1007/978-1-4842-3945-2_6,Chapter
Let’s Go Live!,Software Development From A to Z,,,,10.1007/978-1-4842-3945-2_8,Olga FilipovaRui Vilão,2018,https://link.springer.com/chapter/10.1007/978-1-4842-3945-2_8,Chapter
Observations and Explanations of MW Emissions in Solar Flaring Loops,Solar Flare Loops: Observations and Interpretations,,,,10.1007/978-981-10-2869-4_3,Guangli HuangVictor F. MelnikovHaisheng JiZongjun Ning,2018,https://link.springer.com/chapter/10.1007/978-981-10-2869-4_3,Chapter
Simulating the <i>z</i> = 3.35 HI 21-cm Visibility Signal for the Ooty Wide Field Array (OWFA),Journal of Astrophysics and Astronomy,,,,10.1007/s12036-017-9433-1,SUMAN CHATTERJEESOMNATH BHARADWAJVISWESHWAR RAM MARTHI,2017,https://link.springer.com/article/10.1007/s12036-017-9433-1,Article
"A New Century and a New Era – Kharkov,St. Petersburg",Kant in Imperial Russia,,,,10.1007/978-3-319-52914-1_4,Thomas Nemeth,2017,https://link.springer.com/chapter/10.1007/978-3-319-52914-1_4,Chapter
AErlang: Empowering Erlang with Attribute-Based Communication,Coordination Models and Languages,,,,10.1007/978-3-319-59746-1_2,Rocco De NicolaTan DuongOmar InversoCatia Trubiani,2017,https://link.springer.com/chapter/10.1007/978-3-319-59746-1_2,Conference paper
Deferrability Analysis for JavaScript,Hardware and Software: Verification and Testing,,,,10.1007/978-3-319-70389-3_3,Johannes KloosRupak MajumdarFrank McCabe,2017,https://link.springer.com/chapter/10.1007/978-3-319-70389-3_3,Conference paper
Botoxology,Botulinum Toxin for Asians,,,,10.1007/978-981-10-0204-5_1,Kyle K. Seo,2017,https://link.springer.com/chapter/10.1007/978-981-10-0204-5_1,Chapter
Water Sorption and Solvent Sorption Behavior of Epoxy/Rubber Polymer Blends,Handbook of Epoxy Blends,,,,10.1007/978-3-319-40043-3_12,Padmanabhan Krishnan,2017,https://link.springer.com/rwe/10.1007/978-3-319-40043-3_12,Reference work entry
Parsing Related Tags Networks from Flickr® to Explore Crowd-Sourced Keyword Associations,Data Analytics in Digital Humanities,,,,10.1007/978-3-319-54499-1_8,Shalin Hai-Jew,2017,https://link.springer.com/chapter/10.1007/978-3-319-54499-1_8,Chapter
Astrophysical Black Holes,Black Holes: A Laboratory for Testing Strong Gravity,,,,10.1007/978-981-10-4524-0_4,Cosimo Bambi,2017,https://link.springer.com/chapter/10.1007/978-981-10-4524-0_4,Chapter
An Exploration Framework for Efficient High-Level Synthesis of Support Vector Machines: Case Study on ECG Arrhythmia Detection for Xilinx Zynq SoC,Journal of Signal Processing Systems,,,,10.1007/s11265-017-1230-1,Vasileios TsoutsourasKonstantina KoliogeorgiSotirios XydisDimitrios Soudris,2017,https://link.springer.com/article/10.1007/s11265-017-1230-1,Article
Creating Modern User Experiences Using React.js and ASP.NET Core,ASP.NET Core Recipes,,,,10.1007/978-1-4842-0427-6_11,John Ciliberti,2017,https://link.springer.com/chapter/10.1007/978-1-4842-0427-6_11,Chapter
Continuous Random Variables and Probability Distributions,"Probability with Applications in Engineering, Science, and Technology",,,,10.1007/978-3-319-52401-6_3,Matthew A. CarltonJay L. Devore,2017,https://link.springer.com/chapter/10.1007/978-3-319-52401-6_3,Chapter
Active galactic nuclei: what’s in a name?,The Astronomy and Astrophysics Review,,,,10.1007/s00159-017-0102-9,P. PadovaniD. M. AlexanderR. J. AssefB. De MarcoP. GiommiR. C. HickoxG. T. RichardsV. SmolčićE. HatziminaoglouV. MainieriM. Salvato,2017,https://link.springer.com/article/10.1007/s00159-017-0102-9,Article
Carbohydrate Analysis,Food Analysis,,,,10.1007/978-3-319-45776-5_19,James N. BeMiller,2017,https://link.springer.com/chapter/10.1007/978-3-319-45776-5_19,Chapter
Amoebas and their Tropicalizations – a Survey,Analysis Meets Geometry,,,,10.1007/978-3-319-52471-9_12,Timo de Wolff,2017,https://link.springer.com/chapter/10.1007/978-3-319-52471-9_12,Chapter
Towards a Common Vocabulary for Crisis Management Scenarios,Critical Information Infrastructures Security,,,,10.1007/978-3-319-99843-5_3,Jingquan XieBetim SojevaErich RomeDaniel Lückerath,2018,https://link.springer.com/chapter/10.1007/978-3-319-99843-5_3,Conference paper
Creating Plug-ins,Practical App Development with Aurelia,,,,10.1007/978-1-4842-3402-0_20,Matthew Duffield,2018,https://link.springer.com/chapter/10.1007/978-1-4842-3402-0_20,Chapter
Numeric Line: A Códimo’s Activity,Computer Science – CACIC 2017,,,,10.1007/978-3-319-75214-3_6,Luciano GrazianiGabriela Anahí CayúMatías Emanuel SanhuezaEnrique Molinari,2018,https://link.springer.com/chapter/10.1007/978-3-319-75214-3_6,Conference paper
SAM: A Functional Reactive Pattern,Front-End Reactive Architectures,,,,10.1007/978-1-4842-3180-7_6,Luca Mezzalira,2018,https://link.springer.com/chapter/10.1007/978-1-4842-3180-7_6,Chapter
Ember,Decoupled Drupal in Practice,,,,10.1007/978-1-4842-4072-4_21,Preston So,2018,https://link.springer.com/chapter/10.1007/978-1-4842-4072-4_21,Chapter
Architectures Comparison,Front-End Reactive Architectures,,,,10.1007/978-1-4842-3180-7_2,Luca Mezzalira,2018,https://link.springer.com/chapter/10.1007/978-1-4842-3180-7_2,Chapter
Getting Node.js Apps Production Ready,Practical Node.js,,,,10.1007/978-1-4842-3039-8_10,Azat Mardan,2018,https://link.springer.com/chapter/10.1007/978-1-4842-3039-8_10,Chapter
AngularJS vs. Angular (Old vs. New),Angular 5 Projects,,,,10.1007/978-1-4842-3279-8_2,Mark Clow,2018,https://link.springer.com/chapter/10.1007/978-1-4842-3279-8_2,Chapter
Starting to Code with the&#xa0;CLI,Angular 5 Projects,,,,10.1007/978-1-4842-3279-8_7,Mark Clow,2018,https://link.springer.com/chapter/10.1007/978-1-4842-3279-8_7,Chapter
"Languages, Frameworks, Libraries, and Tools",Build Mobile Apps with Ionic 4 and Firebase,,,,10.1007/978-1-4842-3775-5_2,Fu Cheng,2018,https://link.springer.com/chapter/10.1007/978-1-4842-3775-5_2,Chapter
Vue.js,Decoupled Drupal in Practice,,,,10.1007/978-1-4842-4072-4_20,Preston So,2018,https://link.springer.com/chapter/10.1007/978-1-4842-4072-4_20,Chapter
Fundamentals of JavaScript Functions,Beginning Functional JavaScript,,,,10.1007/978-1-4842-4087-8_2,Anto AravinthSrikanth Machiraju,2018,https://link.springer.com/chapter/10.1007/978-1-4842-4087-8_2,Chapter
Work-Stealing for Multi-socket Architecture,Task Scheduling for Multi-core and Parallel Architectures,,,,10.1007/978-981-10-6238-4_3,Quan ChenMinyi Guo,2017,https://link.springer.com/chapter/10.1007/978-981-10-6238-4_3,Chapter
Modularization and Webpack,Pro MERN Stack,,,,10.1007/978-1-4842-2653-7_7,Vasan Subramanian,2017,https://link.springer.com/chapter/10.1007/978-1-4842-2653-7_7,Chapter
Prototype system for geospatial data building-sharing developed by utilizing open source web technology,Spatial Information Research,,,,10.1007/s41324-017-0138-y,Sanghwan JunSungho Lee,2017,https://link.springer.com/article/10.1007/s41324-017-0138-y,Article
Relativistic Jets in Active Galactic Nuclei and Microquasars,Space Science Reviews,,,,10.1007/s11214-016-0328-2,Gustavo E. RomeroM. BoettcherS. MarkoffF. Tavecchio,2017,https://link.springer.com/article/10.1007/s11214-016-0328-2,Article
Getting Started with ES6,ES6 for Humans,,,,10.1007/978-1-4842-2623-0_1,Deepak GroverHanu Prateek Kunduru,2017,https://link.springer.com/chapter/10.1007/978-1-4842-2623-0_1,Chapter
Debugging Your Electron Application,Electron: From Beginner to Pro,,,,10.1007/978-1-4842-2826-5_13,Chris GriffithLeif Wells,2017,https://link.springer.com/chapter/10.1007/978-1-4842-2826-5_13,Chapter
Implementation of Analytical Generalized Predictive Controller for Very Fast Applications Using Microcontrollers: Preliminary Results,"Trends in Advanced Intelligent Control, Optimization and Automation",,,,10.1007/978-3-319-60699-6_37,Patryk ChaberMaciej Ławryńczuk,2017,https://link.springer.com/chapter/10.1007/978-3-319-60699-6_37,Conference paper
Writing a Database Administration Tool with Node.js,The CLI Book,,,,10.1007/978-1-4842-3177-7_2,Robert Kowalski,2017,https://link.springer.com/chapter/10.1007/978-1-4842-3177-7_2,Chapter
JavaScript Application Tools,Building Web Applications with Visual Studio 2017,,,,10.1007/978-1-4842-2478-6_6,Philip JapikseKevin GrossnicklausBen Dewey,2017,https://link.springer.com/chapter/10.1007/978-1-4842-2478-6_6,Chapter
Web-Based Editor for Structured Rule Bases,Artificial Intelligence and Soft Computing,,,,10.1007/978-3-319-59060-8_37,Szymon BobekGrzegorz J. NalepaPrzemysław Babiarz,2017,https://link.springer.com/chapter/10.1007/978-3-319-59060-8_37,Conference paper
Grain Surface Models and Data for Astrochemistry,Space Science Reviews,,,,10.1007/s11214-016-0319-3,H. M. CuppenC. WalshT. LambertsD. SemenovR. T. GarrodE. M. PenteadoS. Ioppolo,2017,https://link.springer.com/article/10.1007/s11214-016-0319-3,Article
"Languages, Frameworks, Libraries, and Tools",Build Mobile Apps with Ionic 2 and Firebase,,,,10.1007/978-1-4842-2737-4_2,Fu Cheng,2017,https://link.springer.com/chapter/10.1007/978-1-4842-2737-4_2,Chapter
React,Building Web Applications with Visual Studio 2017,,,,10.1007/978-1-4842-2478-6_9,Philip JapikseKevin GrossnicklausBen Dewey,2017,https://link.springer.com/chapter/10.1007/978-1-4842-2478-6_9,Chapter
A Cellular Automaton Based System for Traffic Analyses on the Roundabout,Computational Collective Intelligence,,,,10.1007/978-3-319-67077-5_6,Krzysztof MałeckiJarosław WątróbskiWaldemar Wolski,2017,https://link.springer.com/chapter/10.1007/978-3-319-67077-5_6,Conference paper
Fundamentals of JavaScript Functions,Beginning Functional JavaScript,,,,10.1007/978-1-4842-2656-8_2,Anto Aravinth,2017,https://link.springer.com/chapter/10.1007/978-1-4842-2656-8_2,Chapter
Introduction to Node,"Programming Web Applications with Node, Express and Pug",,,,10.1007/978-1-4842-2511-0_3,Jörg Krause,2017,https://link.springer.com/chapter/10.1007/978-1-4842-2511-0_3,Chapter
Hello World,Pro MERN Stack,,,,10.1007/978-1-4842-2653-7_2,Vasan Subramanian,2017,https://link.springer.com/chapter/10.1007/978-1-4842-2653-7_2,Chapter
Angular 2,Building Web Applications with Visual Studio 2017,,,,10.1007/978-1-4842-2478-6_8,Philip JapikseKevin GrossnicklausBen Dewey,2017,https://link.springer.com/chapter/10.1007/978-1-4842-2478-6_8,Chapter
Getting Familiar with Boilerplate for Development,Reactive Programming with Angular and ngrx,,,,10.1007/978-1-4842-2620-9_2,Oren Farhi,2017,https://link.springer.com/chapter/10.1007/978-1-4842-2620-9_2,Chapter
Generating Functionally Equivalent Programs Having Non-isomorphic Control-Flow Graphs,Secure IT Systems,,,,10.1007/978-3-319-70290-2_16,Rémi GéraudMirko KoscinaPaul LencznerDavid NaccacheDavid Saulpic,2017,https://link.springer.com/chapter/10.1007/978-3-319-70290-2_16,Conference paperChatPORT: Fine-Tuned LLM for&#xa0;Easy Code {PORT}ing,OpenMP: Balancing Productivity and Performance Portability,,,,10.1007/978-3-032-06343-4_13,Swaroop PophaleZheming JinKeita Teranishi,2026,https://link.springer.com/chapter/10.1007/978-3-032-06343-4_13,Conference paper
MinsC2Rust: LLM-driven project-level code migration from C to safe Rust,Empirical Software Engineering,,,,10.1007/s10664-026-10905-4,Zhehao KangQianyu ZhuWenrui MouBang WangXiaogang ZhangHaojun Huang,2026,https://link.springer.com/article/10.1007/s10664-026-10905-4,Article
The new compiler stack: a survey on the synergy of LLMs and compilers,CCF Transactions on High Performance Computing,,,,10.1007/s42514-025-00270-x,Shuoming ZhangJiacheng ZhaoQiuchu YuChunwei XiaZheng WangXiaobing FengHuimin Cui,2026,https://link.springer.com/article/10.1007/s42514-025-00270-x,Article
Understanding code semantics: a benchmark study of LLMs,International Journal on Software Tools for Technology Transfer,,,,10.1007/s10009-026-00842-4,Cosimo LaneveAlvise SpanòDalila RessiSabina RossiMichele Bugliesi,2026,https://link.springer.com/article/10.1007/s10009-026-00842-4,Article
Assessing Code Understanding in&#xa0;LLMs,"Formal Techniques for Distributed Objects, Components, and Systems",,,,10.1007/978-3-031-95497-9_13,C. LaneveA. SpanòD. RessiS. RossiM. Bugliesi,2025,https://link.springer.com/chapter/10.1007/978-3-031-95497-9_13,Conference paper
From C to&#xa0;Rust: Evaluating LLM Capabilities in&#xa0;Transpilation Through Compilation Errors,High Performance Computing,,,,10.1007/978-3-032-07612-0_24,Andrea ValenzuelaMarta Gonzalez-MalloCristian GutierrezDario Garcia-GasullaGokcen KestorSara Royuela,2026,https://link.springer.com/chapter/10.1007/978-3-032-07612-0_24,Conference paper
Analyzing Safety and Security of Solidity Smart Contracts via Semantics-Preserving Transcompilation,Innovations in Systems and Software Engineering,,,,10.1007/s11334-025-00615-3,Kartik KaushikRaju HalderSamrat Mondal,2025,https://link.springer.com/article/10.1007/s11334-025-00615-3,Article
Exploring the&#xa0;Potential of&#xa0;LLMs for&#xa0;Code Deobfuscation,"Detection of Intrusions and Malware, and Vulnerability Assessment",,,,10.1007/978-3-031-97620-9_15,David BesteGrégoire MenguyHossein HajipourMario FritzAntonio Emanuele CinàSébastien BardinThorsten HolzThorsten EisenhoferLea Schönherr,2025,https://link.springer.com/chapter/10.1007/978-3-031-97620-9_15,Conference paper
Automated Translation of&#xa0;Real-World Codebases: How Far Are We?,"Dependable Software Engineering. Theories, Tools, and Applications",,,,10.1007/978-981-95-7826-9_1,Cristina DavidHanliang ZhangMeng Wang,2026,https://link.springer.com/chapter/10.1007/978-981-95-7826-9_1,Conference paper
Data preparation and quality for code-centric generative software engineering tasks: a systematic literature review,Frontiers of Computer Science,,,,10.1007/s11704-025-41376-3,Shihao WengYang FengYining YinZhenlun ZhangBaowen Xu,2026,https://link.springer.com/article/10.1007/s11704-025-41376-3,Article
Verification Paradigms for Quantum Computing,Design Automation for Quantum Computing,,,,10.1007/978-3-032-09303-5_7,Navnil ChoudhuryAmeya BhaveKanad Basu,2026,https://link.springer.com/chapter/10.1007/978-3-032-09303-5_7,Chapter
Using ChatGPT for Converting Sequential Python Programs into Parallel Code,Advances in Dependable Systems and Networks,,,,10.1007/978-3-031-92734-8_5,Denny B. CzejdoWiktor B. DaszczukWaldemar Grabski,2025,https://link.springer.com/chapter/10.1007/978-3-031-92734-8_5,Conference paper
Leveraging AI for&#xa0;Productive and&#xa0;Trustworthy HPC Software: Challenges and&#xa0;Research Directions,High Performance Computing,,,,10.1007/978-3-032-07612-0_47,Keita TeranishiHarshitha MenonWilliam F. GodoyPrasanna BalaprakashDavid BauTal Ben-NunAbhinav BhateleFranz FranchettiMichael FranusichTodd GamblinGiorgis GeorgakoudisTom GoldsteinArjun GuhaSteven E. HahnCostin IancuZheming JinTerry JonesTze-Meng LowHet MankadNarasinga Rao MiniskarMohammad Alaul Haque MonilDaniel NicholsKonstantinos ParasyrisSwaroop PophalePedro Valero-LaraJeffrey S. VetterSamuel WilliamsAaron Young,2026,https://link.springer.com/chapter/10.1007/978-3-032-07612-0_47,Conference paper
"Design of a fault‑tolerant‑metric‑aware, reversible n‑bit quantum arithmetic logic unit using IBM Qiskit",Scientific Reports,,,,10.1038/s41598-026-53845-1,Agniswar Banerjee,2026,https://link.springer.com/article/10.1038/s41598-026-53845-1,Article
Modular Reasoning About Object Relations,Computer Aided Verification,,,,10.1007/978-3-032-32526-6_6,Micha GreutmannMarco EilersPeter Müller,2026,https://link.springer.com/chapter/10.1007/978-3-032-32526-6_6,Conference paper
Verification of&#xa0;Concurrent Programs Using Hybrid Concrete-Symbolic Interpretation,Principles and Practices of Building Parallel Software,,,,10.1007/978-3-031-97492-2_10,Emily TuckerLouis-Noël Pouchet,2025,https://link.springer.com/chapter/10.1007/978-3-031-97492-2_10,Chapter
Advancing Interactive Parallelization: iCetus,International Journal of Parallel Programming,,,,10.1007/s10766-025-00795-2,Parinaz BarakhshanRudolf Eigenmann,2025,https://link.springer.com/article/10.1007/s10766-025-00795-2,Article
Mutation analysis for evaluating code translation,Empirical Software Engineering,,,,10.1007/s10664-023-10385-w,Giovani GuizzoJie M. ZhangFederica SarroChristoph TreudeMark Harman,2023,https://link.springer.com/article/10.1007/s10664-023-10385-w,Article
Extending OP2 framework to support portable parallel programming of complex applications,CCF Transactions on High Performance Computing,,,,10.1007/s42514-023-00174-8,Zongjing ChenKangjin HuangYonggang CheChuanfu XuJian ZhangZhe DaiMing Li,2023,https://link.springer.com/article/10.1007/s42514-023-00174-8,Article
Quantum Testing and Validation,Design Automation for Quantum Computing,,,,10.1007/978-3-032-09303-5_9,Aruna JayasenaEmma AndrewsPrabhat Mishra,2026,https://link.springer.com/chapter/10.1007/978-3-032-09303-5_9,Chapter
Proof Repair Utilizing Large Language Models: A Case Study on&#xa0;the&#xa0;Copland Remote Attestation Proofbase,Bridging the Gap Between AI and Reality,,,,10.1007/978-3-031-75434-0_10,Amer TahatDavid HardinAdam PetzPerry Alexander,2025,https://link.springer.com/chapter/10.1007/978-3-031-75434-0_10,Conference paper
Modified model-based fault location estimation in DC microgrids,Electrical Engineering,,,,10.1007/s00202-025-03344-9,S.S. Hosseini LimaeiS. Seyedtabaii,2025,https://link.springer.com/article/10.1007/s00202-025-03344-9,Article
When Obfuscations Preserve Constant-Time,"Languages, Compilers, Analysis - From Beautiful Theory to Useful Practice",,,,10.1007/978-3-032-08187-2_2,Matteo BusiPierpaolo DeganoLetterio Galletta,2026,https://link.springer.com/chapter/10.1007/978-3-032-08187-2_2,Chapter
HCC: A Language-Independent Hardening Contract Compiler for&#xa0;Smart Contracts,Applied Cryptography and Network Security,,,,10.1007/978-3-031-95761-1_5,Jens-Rene GiesenSebastien AndreinaMichael RodlerGhassan KarameLucas Davi,2025,https://link.springer.com/chapter/10.1007/978-3-031-95761-1_5,Conference paper
Equivalence Checking of Quantum Circuits via Path-Sum and Weighted Model Counting,Tools and Algorithms for the Construction and Analysis of Systems,,,,10.1007/978-3-032-22749-2_21,Wei-Jia HuangChristophe CharetonYu-Fang ChenKai-Min ChungMin-Hsiu HsiehAlfons LaarmanJingyi Mei,2026,https://link.springer.com/chapter/10.1007/978-3-032-22749-2_21,Conference paper
Closing a&#xa0;Source Complexity Gap Between Chapel and&#xa0;HPX,Asynchronous Many-Task Systems and Applications,,,,10.1007/978-3-031-97196-9_3,Shreyas AtreChris TaylorPatrick DiehlHartmut Kaiser,2026,https://link.springer.com/chapter/10.1007/978-3-031-97196-9_3,Conference paper
Preserving provability over GPU program optimizations with annotation-aware transformations,Formal Methods in System Design,,,,10.1007/s10703-025-00480-7,Ömer ŞakarMohsen SafariMarieke HuismanAnton Wijs,2025,https://link.springer.com/article/10.1007/s10703-025-00480-7,Article
LLM-Driven Cross-Platform Code Generation for&#xa0;Polyhedral Optimized NPDP Codes,Parallel Processing and Applied Mathematics,,,,10.1007/978-3-031-85700-3_12,Marek Palkowski,2025,https://link.springer.com/chapter/10.1007/978-3-031-85700-3_12,Conference paper
"Towards a&#xa0;Safe, Verified Runtime Monitor for&#xa0;Embedded Systems: R2U2 in&#xa0;Embedded Rust",NASA Formal Methods,,,,10.1007/978-3-031-93706-4_3,Alexis AurandtPhillip H. JonesKristin Yvonne Rozier,2025,https://link.springer.com/chapter/10.1007/978-3-031-93706-4_3,Conference paper
RustMap: Towards Project-Scale C-to-Rust Migration via&#xa0;Program Analysis and&#xa0;LLM,Engineering of Complex Computer Systems,,,,10.1007/978-3-032-00828-2_16,Xuemeng CaiJiakun LiuXiping HuangYijun YuHaitao WuChunmiao LiBo WangImam Nur Bani YusufLingxiao Jiang,2026,https://link.springer.com/chapter/10.1007/978-3-032-00828-2_16,Conference paper
EvoTADASHI: Genetic Programming for&#xa0;High-Performance Code Optimization,Applications of Evolutionary Computation,,,,10.1007/978-3-032-23604-3_3,João Eduardo BatistaEmil VataiAleksandr DrozdMohamed Wahib,2026,https://link.springer.com/chapter/10.1007/978-3-032-23604-3_3,Conference paper
An experience-based classification of quantum bugs in quantum software,Computing,,,,10.1007/s00607-025-01547-3,Nils QuetschlichOlivia Di Matteo,2025,https://link.springer.com/article/10.1007/s00607-025-01547-3,Article
MARO: Enabling Full MPI Automatic Refactoring in&#xa0;DSL-Based Programming Framework,Algorithms and Architectures for Parallel Processing,,,,10.1007/978-981-96-1545-2_3,Tong LeiZongjing ChenYonggang CheChuanfu Xu,2025,https://link.springer.com/chapter/10.1007/978-981-96-1545-2_3,Conference paper
LEGO-compiler: enhancing neural compilation through translation composability,CCF Transactions on High Performance Computing,,,,10.1007/s42514-025-00272-9,Shuoming ZhangJiacheng ZhaoQiuchu YuChunwei XiaZheng WangYunji ChenXiaobing FengHuimin Cui,2026,https://link.springer.com/article/10.1007/s42514-025-00272-9,Article
<span>PragFormer</span>: Data-Driven Parallel Source Code Classification with Transformers,International Journal of Parallel Programming,,,,10.1007/s10766-024-00778-9,Re’em HarelTal KadoshNiranjan HasabnisTimothy MattsonYuval PinterGal Oren,2024,https://link.springer.com/article/10.1007/s10766-024-00778-9,Article
Correlation-based feature selection of single cell transcriptomics data from multiple sources,Journal of Big Data,,,,10.1186/s40537-024-01051-z,Nenad S. MitićSaša N. MalkovMirjana M. Maljković RužičićAleksandar N. VeljkovićIvan Lj. ČukićXin LinMinjie LyuVladimir Brusić,2025,https://link.springer.com/article/10.1186/s40537-024-01051-z,Article
Learning to Expand: Dynamic Adaptive Monte-Carlo Tree Search for Code Generation,Advanced Intelligent Computing Technology and Applications,,,,10.1007/978-981-96-9994-0_20,Feng Ji,2025,https://link.springer.com/chapter/10.1007/978-981-96-9994-0_20,Conference paper
An efficient propositional system for Abductive Logic Programming,Artificial Intelligence Review,,,,10.1007/s10462-024-10928-7,Marco GavanelliPascual Julián-IranzoFernando Sáenz-Pérez,2024,https://link.springer.com/article/10.1007/s10462-024-10928-7,Article
Distributing and&#xa0;Parallelizing Non-canonical Loops,"Verification, Model Checking, and Abstract Interpretation",,,,10.1007/978-3-031-24950-1_1,Clément AubertThomas RubianoNeea RuschThomas Seiller,2023,https://link.springer.com/chapter/10.1007/978-3-031-24950-1_1,Conference paper
Bug Classification in quantum software: a rule-based framework and its evaluation,Automated Software Engineering,,,,10.1007/s10515-025-00585-7,Mir Mohammad YousufShabir Ahmad Sofi,2025,https://link.springer.com/article/10.1007/s10515-025-00585-7,Article
Design Automation in&#xa0;Quantum Error Correction,Design Automation for Quantum Computing,,,,10.1007/978-3-032-09303-5_6,Archisman GhoshAvimita ChatterjeeSwaroop Ghosh,2026,https://link.springer.com/chapter/10.1007/978-3-032-09303-5_6,Chapter
Distilled documentation for dialect-specific SQL generation,The VLDB Journal,,,,10.1007/s00778-026-00993-5,Till DöhmenAdithya KrishnanHamilton UlmerPeter BonczSebastian Schelter,2026,https://link.springer.com/article/10.1007/s00778-026-00993-5,Article
"Intrepydd: Toward Performance, Productivity, and&#xa0;Portability for&#xa0;Massive Heterogeneous Parallelism",Principles and Practices of Building Parallel Software,,,,10.1007/978-3-031-97492-2_7,Jun ShirakoTong ZhouAkihiro Hayashi,2025,https://link.springer.com/chapter/10.1007/978-3-031-97492-2_7,Chapter
Accelerating Automated Program Verifiers by&#xa0;Automatic Proof Localization,Computer Aided Verification,,,,10.1007/978-3-031-98682-6_9,Kiran GopinathanDionysios SpiliopoulosVikram GoyalPeter MüllerMarkus PüschelIlya Sergey,2025,https://link.springer.com/chapter/10.1007/978-3-031-98682-6_9,Conference paper
Arithmetizing Shape Analysis,Computer Aided Verification,,,,10.1007/978-3-031-98668-0_3,Sebastian WolffEkanshdeep GuptaZafer EsenHossein HojjatPhilipp RümmerThomas Wies,2025,https://link.springer.com/chapter/10.1007/978-3-031-98668-0_3,Conference paper
Transpilation of&#xa0;Petri-nets into&#xa0;B,Rigorous State-Based Methods,,,,10.1007/978-3-031-63790-2_5,Akram Idani,2024,https://link.springer.com/chapter/10.1007/978-3-031-63790-2_5,Conference paper
LinguaQuanta: Towards a&#xa0;Quantum Transpiler Between OpenQASM and&#xa0;Quipper,Reversible Computation,,,,10.1007/978-3-031-62076-8_10,Scott Wesley,2024,https://link.springer.com/chapter/10.1007/978-3-031-62076-8_10,Conference paper
Strategies for&#xa0;Flow-Based Deployment and&#xa0;Orchestration in&#xa0;Cloud-Edge Interactive Computing,Advanced Information Networking and Applications,,,,10.1007/978-3-031-87778-0_39,Beniamino Di MartinoSalvatore D’AngeloGennaro Junior PezzulloAntonio EspositoGianmarco SpinatelliFrancesco PolzellaAndrea CarolloGiacomo Corridori,2025,https://link.springer.com/chapter/10.1007/978-3-031-87778-0_39,Conference paper
Code Rejuvenation: From Vector Compiler Intrinsics to Portable Standardized SIMD,International Journal of Parallel Programming,,,,10.1007/s10766-025-00797-0,Daniel Martínez-DaviesSantiago Veigas-RamírezLucía Gallego-TorresJ. Daniel Garcia,2025,https://link.springer.com/article/10.1007/s10766-025-00797-0,Article
"Q1 and Q2 Sameness: Complex Parenteral, Ophthalmic and Otic Generic pharmaceutical Products",Journal of Pharmaceutical Innovation,,,,10.1007/s12247-026-10811-8,Naseem A. Charoo,2026,https://link.springer.com/article/10.1007/s12247-026-10811-8,Article
A Hypervisor Based Platform for the Development and Verification of Reliable Software Applications,"Embedded Computer Systems: Architectures, Modeling, and Simulation",,,,10.1007/978-3-031-78380-7_21,N. PetrellisM. MavropoulosV. KelefourasG. KeramidasK. RadonjicN. Voros,2025,https://link.springer.com/chapter/10.1007/978-3-031-78380-7_21,Conference paper
A survey of zero-knowledge proof based verifiable machine learning,Artificial Intelligence Review,,,,10.1007/s10462-026-11557-y,Zhizhi PengChonghe ZhaoTaotao WangGuofu LiaoZibin LinYifeng LiuBin CaoLong ShiQing YangShengli Zhang,2026,https://link.springer.com/article/10.1007/s10462-026-11557-y,Article
Specification-Driven Generation of Summaries for Symbolic Execution,Programming Languages and Systems,,,,10.1007/978-3-032-22720-1_11,Rafael GonçalvesFrederico RamosPedro AdãoJosé Fragoso Santos,2026,https://link.springer.com/chapter/10.1007/978-3-032-22720-1_11,Conference paper
Empirical studies of parameter efficient methods for large language models of code and knowledge transfer to R,Empirical Software Engineering,,,,10.1007/s10664-025-10740-z,Amirreza EsmaeiliIman SaberiFatemeh Fard,2025,https://link.springer.com/article/10.1007/s10664-025-10740-z,Article
pi-par: A Dependently-Typed Parallel Language with Algorithmic Skeletons,International Journal of Parallel Programming,,,,10.1007/s10766-025-00794-3,Christopher BrownAdam D. Barwell,2025,https://link.springer.com/article/10.1007/s10766-025-00794-3,Article
Automated Integration of&#xa0;Safety Mechanisms into Functional Software for&#xa0;Safety-Relevant Systems,"Architecting the Future: Intelligent Systems for Embedded AI, Autonomous Technologies, and Digital Twins",,,,10.1007/978-3-032-07102-6_1,Rolf SchmedesGregor NitscheRalf StemmerKim Grüttner,2026,https://link.springer.com/chapter/10.1007/978-3-032-07102-6_1,Conference paper
WASMixer: Binary Obfuscation for&#xa0;WebAssembly,Computer Security – ESORICS 2024,,,,10.1007/978-3-031-70896-1_5,Shangtong CaoNingyu HeYao GuoHaoyu Wang,2024,https://link.springer.com/chapter/10.1007/978-3-031-70896-1_5,Conference paper
zk-OPML: Using zero-knowledge proofs to optimize OPML,Journal of King Saud University Computer and Information Sciences,,,,10.1007/s44443-026-00573-1,Vid KeršičMuhamed Turkanović,2026,https://link.springer.com/article/10.1007/s44443-026-00573-1,Article
A study of common bug fix patterns in Rust,Empirical Software Engineering,,,,10.1007/s10664-023-10437-1,Mohammad Robati ShirzadPatrick Lam,2024,https://link.springer.com/article/10.1007/s10664-023-10437-1,Article
Configuration with&#xa0;Generative AI,Product Configuration,,,,10.1007/978-3-032-17163-4_8,Philipp KoglerWei ChenAndreas FalknerAlois HaselböckStefan WallnerRichard Comploi-Taupe,2026,https://link.springer.com/chapter/10.1007/978-3-032-17163-4_8,Chapter
Identifying Design Flaws in&#xa0;a&#xa0;Lock-Free Task Pool with&#xa0;TLA+,Rigorous State-Based Methods,,,,10.1007/978-3-032-26752-8_11,Vasil DyadovAlexander KogtenkovIlya Shchepetkov,2026,https://link.springer.com/chapter/10.1007/978-3-032-26752-8_11,Conference paper
Cracking IoT security: can LLMs outsmart static analysis tools?,Empirical Software Engineering,,,,10.1007/s10664-026-10849-9,Jason QuantrillNoura KhajehnouriZihan GuoManar H. Alalfi,2026,https://link.springer.com/article/10.1007/s10664-026-10849-9,Article
"Open Source Software Randomisation Framework for&#xa0;Probabilistic WCET Prediction on&#xa0;Multicore CPUs, GPUs and&#xa0;Accelerators","Embedded Computer Systems: Architectures, Modeling, and Simulation",,,,10.1007/978-3-031-78380-7_20,Leonidas KosmidisMatina Maria TrompoukiPau López CastillónEric Rufart BlascoJavier Fernandez SalgadoAndreas Jung,2025,https://link.springer.com/chapter/10.1007/978-3-031-78380-7_20,Conference paper
The Future of Fault-Tolerant Quantum Computing,Design Automation for Quantum Computing,,,,10.1007/978-3-032-09303-5_15,Prabhat Mishra,2026,https://link.springer.com/chapter/10.1007/978-3-032-09303-5_15,Chapter
End-to-End Mechanized Proof of&#xa0;a&#xa0;JIT-Accelerated eBPF Virtual Machine for&#xa0;IoT,Computer Aided Verification,,,,10.1007/978-3-031-65627-9_16,Shenghao YuanFrédéric BessonJean-Pierre Talpin,2024,https://link.springer.com/chapter/10.1007/978-3-031-65627-9_16,Conference paper
Overcoming synchronization challenges in machining digital twins: transpiling legacy NC dialects to enhance interoperability,The International Journal of Advanced Manufacturing Technology,,,,10.1007/s00170-026-17723-4,Francisco Ricardo Taborda AguiarClaudimir José RebeykaDalberto Dias da Costa,2026,https://link.springer.com/article/10.1007/s00170-026-17723-4,Article
A Formal Modeling Language for&#xa0;Smart Contracts,Software Engineering and Formal Methods,,,,10.1007/978-3-031-77382-2_6,Adele VeschettiRichard BubelReiner Hähnle,2025,https://link.springer.com/chapter/10.1007/978-3-031-77382-2_6,Conference paper
Formal Techniques for Development and Auto-tuning of Parallel Programs,SN Computer Science,,,,10.1007/s42979-022-01559-2,Anatoliy DoroshenkoPavlo IvanenkoOlena Yatsenko,2023,https://link.springer.com/article/10.1007/s42979-022-01559-2,Article
An Evolutionary Deep Learning Approach for&#xa0;Efficient Quantum Algorithms Transpilation,Applications of Evolutionary Computation,,,,10.1007/978-3-031-56855-8_15,Zakaria Abdelmoiz DahiFrancisco ChicanoGabriel Luque,2024,https://link.springer.com/chapter/10.1007/978-3-031-56855-8_15,Conference paper
Active multiplexing for scalable generation and manipulation of photonic quantum states,Nano Convergence,,,,10.1186/s40580-026-00540-6,Fumihiro KanedaMasahiro Yabuno,2026,https://link.springer.com/article/10.1186/s40580-026-00540-6,Article
Integrating Artifact Translation Into Model Transformation Processes,Service-Oriented Computing,,,,10.1007/978-3-031-72578-4_3,Daniel VietzJohanna BarzenLukas HarzenetterFrank LeymannBenjamin Weder,2025,https://link.springer.com/chapter/10.1007/978-3-031-72578-4_3,Conference paper
Quantum Synthesis of&#xa0;Large S-Boxes: Heuristic and&#xa0;MILP-Based Transpiled-Depth Optimization,"Security, Privacy, and Applied Cryptography Engineering",,,,10.1007/978-3-032-16342-4_21,Tarun YadavShweta SinghSudha Yadav,2026,https://link.springer.com/chapter/10.1007/978-3-032-16342-4_21,Conference paper
A Pluggable Type Checker for&#xa0;Representing Kinds of&#xa0;Quantities,Model-Based Software and Systems Engineering,,,,10.1007/978-3-031-96841-9_8,Steve McKeever,2026,https://link.springer.com/chapter/10.1007/978-3-031-96841-9_8,Conference paper
Challenges in Quantum Programs Analysis,International Journal on Software Tools for Technology Transfer,,,,10.1007/s10009-026-00845-1,Nicola AssoliniAlessandra Di PierroIsabella Mastroeni,2026,https://link.springer.com/article/10.1007/s10009-026-00845-1,Article
Protection of E-commerce Consumers’ Rights and Interests,Handbook of E-commerce in China,,,,10.1007/978-981-96-7629-3_18,Ronggang ZhangXiayuan Gao,2025,https://link.springer.com/rwe/10.1007/978-981-96-7629-3_18,Reference work entry
Advanced applications of generative AI in actuarial science: case studies beyond ChatGPT,European Actuarial Journal,,,,10.1007/s13385-026-00464-9,Simon HatzesbergerIris Nonneman,2026,https://link.springer.com/article/10.1007/s13385-026-00464-9,Article
Accelerator Design with High-Level Synthesis,Handbook of Computer Architecture,,,,10.1007/978-981-97-9314-3_19,Christian PilatoStephanie Soldavini,2025,https://link.springer.com/rwe/10.1007/978-981-97-9314-3_19,Reference work entry
Static Slicing for&#xa0;Probabilistic Programs: An Overview,Principles of Verification: Cycling the Probabilistic Landscape,,,,10.1007/978-3-031-75783-9_7,Federico Olmedo,2025,https://link.springer.com/chapter/10.1007/978-3-031-75783-9_7,Chapter
Relational Hoare Logic for High-Level Synthesis of Hardware Accelerators,Programming Languages and Systems,,,,10.1007/978-3-032-22723-2_9,Izumi TanakaKen SakayoriShinya Takamaeda-YamazakiNaoki Kobayashi,2026,https://link.springer.com/chapter/10.1007/978-3-032-22723-2_9,Conference paper
Auto-CLOUDSC: An Auto-generation Framework for&#xa0;Vectorization and&#xa0;Optimization of&#xa0;Cloud Microphysics Parameterization on&#xa0;ARM CPUs,Algorithms and Architectures for Parallel Processing,,,,10.1007/978-981-95-8402-4_17,Tun ChenJianping WuYuntian ZhengYingjie WangFukang YinJinhui YangJuan ZhaoXiaoli Ren,2026,https://link.springer.com/chapter/10.1007/978-981-95-8402-4_17,Conference paper
A survey on robustness attacks for deep code models,Automated Software Engineering,,,,10.1007/s10515-024-00464-7,Yubin QuSong HuangYongming Yao,2024,https://link.springer.com/article/10.1007/s10515-024-00464-7,Article
A Multiple Compiler Framework for&#xa0;Improved Performance,Languages and Compilers for Parallel Computing,,,,10.1007/978-3-032-02436-7_12,Aniket ShivamAlexandru NicolauAlexander V. Veidenbaum,2026,https://link.springer.com/chapter/10.1007/978-3-032-02436-7_12,Conference paper
GenAI-Driven Migration of&#xa0;Legacy COBOL Applications to&#xa0;Clean Java Code,Smart Business Technologies,,,,10.1007/978-3-032-08614-3_4,Christine KuckPhilipp Brune,2026,https://link.springer.com/chapter/10.1007/978-3-032-08614-3_4,Conference paper
High-level Programming of Vulkan-based GPUs Through OpenMP,International Journal of Parallel Programming,,,,10.1007/s10766-026-00816-8,Ilias K. KasmeridisVassilios V. Dimakopoulos,2026,https://link.springer.com/article/10.1007/s10766-026-00816-8,Article
Editorial for the special issue on programming models and system software for High-Performance Computing (HPC) environments,CCF Transactions on High Performance Computing,,,,10.1007/s42514-024-00194-y,Jianbin FangJidong ZhaiZheng Wang,2024,https://link.springer.com/article/10.1007/s42514-024-00194-y,Article
A survey on fully homomorphic encryption compilers,Cybersecurity,,,,10.1186/s42400-026-00641-z,Zhuoyu TianShengyu FanXianglong DengRui HouDan MengMingzhe Zhang,2026,https://link.springer.com/article/10.1186/s42400-026-00641-z,Article
A more efficient quantum circuit for estimating the variance,Quantum Machine Intelligence,,,,10.1007/s42484-026-00376-7,Alessandro PoggialiJiwon Ju,2026,https://link.springer.com/article/10.1007/s42484-026-00376-7,Article
Opencl-pytorch: an OpenCL-based extension of PyTorch,CCF Transactions on High Performance Computing,,,,10.1007/s42514-024-00186-y,Yicheng SuiYufei SunChangqing ShiHaotian WangZhiqiang ZhangJiahao WangYuzhi Zhang,2024,https://link.springer.com/article/10.1007/s42514-024-00186-y,Article
Adversarial Threats in&#xa0;Quantum Machine Learning: A Survey of&#xa0;Attacks and&#xa0;Defenses,Quantum Robustness in Artificial Intelligence,,,,10.1007/978-3-032-11153-1_3,Archisman GhoshSatwik KunduSwaroop Ghosh,2026,https://link.springer.com/chapter/10.1007/978-3-032-11153-1_3,Chapter
Efficient data race detection for interrupt-driven programs via path feasibility analysis,The Journal of Supercomputing,,,,10.1007/s11227-024-06189-4,Jingwen ZhaoYanxia WuJibin Dong,2024,https://link.springer.com/article/10.1007/s11227-024-06189-4,Article
Haskell Based Spreadsheets,Practical Aspects of Declarative Languages,,,,10.1007/978-3-031-84924-4_10,Ignacio BallesterosLuis Eduardo Bueso de BarrioJulio Mariño,2025,https://link.springer.com/chapter/10.1007/978-3-031-84924-4_10,Conference paper
Explicitly Considering Real-Time Constraints,RTGPU: Real-Time Computing with Graphics Processing Units,,,,10.1007/978-3-032-11422-8_3,Atiyeh Gheibi-FetratSepideh SafariShaahin HessabiHamid Sarbazi-Azad,2026,https://link.springer.com/chapter/10.1007/978-3-032-11422-8_3,Chapter
Formally Verifiable Generated ASN.1/ACN Encoders and&#xa0;Decoders: A Case Study,"Verification, Model Checking, and Abstract Interpretation",,,,10.1007/978-3-031-82703-7_9,Mario BucevSamuel ChassotSimon FelixFilip SchramkaViktor Kunčak,2025,https://link.springer.com/chapter/10.1007/978-3-031-82703-7_9,Conference paper
Enabling Dynamic Selection of&#xa0;Implementation Variants in&#xa0;Component-Based Parallel Programming for&#xa0;Heterogeneous Systems,Euro-Par 2023: Parallel Processing Workshops,,,,10.1007/978-3-031-50684-0_17,Suejb Memeti,2024,https://link.springer.com/chapter/10.1007/978-3-031-50684-0_17,Conference paper
A Critical View on&#xa0;Blockchain Rollups,Security and Privacy in Smart Environments,,,,10.1007/978-3-031-66708-4_10,Angeliki KatsikaLydia NegkaGeorgios SpathoulasVassilis Plagianakos,2025,https://link.springer.com/chapter/10.1007/978-3-031-66708-4_10,Chapter
A Parallel and Distributed Quantum SAT Solver Based on Entanglement and Teleportation,Tools and Algorithms for the Construction and Analysis of Systems,,,,10.1007/978-3-031-57249-4_18,Shang-Wei LinTzu-Fan WangYean-Ru ChenZhe HouDavid SanánYon Shin Teo,2024,https://link.springer.com/chapter/10.1007/978-3-031-57249-4_18,Conference paper
Error-Tolerant Quantum State Discrimination: Optimization and Quantum Circuit Synthesis,Tools and Algorithms for the Construction and Analysis of Systems,,,,10.1007/978-3-032-22749-2_22,Chien-Kai MaBo-Hung ChenTian-Fu ChenDah-Wei ChiouJie-Hong R. Jiang,2026,https://link.springer.com/chapter/10.1007/978-3-032-22749-2_22,Conference paper
Synthesizing P<span>romela</span> model sketches using abstract lifted model checking,International Journal of Information Technology,,,,10.1007/s41870-023-01550-x,Aleksandar S. Dimovski,2023,https://link.springer.com/article/10.1007/s41870-023-01550-x,Article
Advising OpenMP Parallelization via A Graph-Based Approach with Transformers,"OpenMP: Advanced Task-Based, Device and Compiler Programming",,,,10.1007/978-3-031-40744-4_1,Tal KadoshNadav SchneiderNiranjan HasabnisTimothy MattsonYuval PinterGal Oren,2023,https://link.springer.com/chapter/10.1007/978-3-031-40744-4_1,Conference paper
Stacking the odds: full-stack quantum system design space exploration,EPJ Quantum Technology,,,,10.1140/epjqt/s40507-025-00413-7,Hila SafiMedina BandicChristoph NiedermeierCarmen G. AlmudeverSebastian FeldWolfgang Mauerer,2025,https://link.springer.com/article/10.1140/epjqt/s40507-025-00413-7,Article
Code generation for classical-quantum software systems modeled in UML,Software and Systems Modeling,,,,10.1007/s10270-024-01259-w,Luis Jiménez-NavajasRicardo Pérez-CastilloMario Piattini,2025,https://link.springer.com/article/10.1007/s10270-024-01259-w,Article
Trusted Execution Environments for&#xa0;Quantum Computers,Design Automation for Quantum Computing,,,,10.1007/978-3-032-09303-5_13,Theodoros TrochatosChuanqi XuSanjay DeshpandeYao LuYongshan DingJakub Szefer,2026,https://link.springer.com/chapter/10.1007/978-3-032-09303-5_13,Chapter
An empirical study into the effects of transpilation on quantum circuit smells,Empirical Software Engineering,,,,10.1007/s10664-024-10461-9,Manuel De StefanoDario Di NucciFabio PalombaAndrea De Lucia,2024,https://link.springer.com/article/10.1007/s10664-024-10461-9,Article
SPMD IR: Unifying SPMD and&#xa0;Multi-value IR Showcased for&#xa0;Static Verification of&#xa0;Collectives,Recent Advances in the Message Passing Interface,,,,10.1007/978-3-031-73370-3_1,Semih BurakIvan R. IvanovJens DomkeMatthias Müller,2025,https://link.springer.com/chapter/10.1007/978-3-031-73370-3_1,Conference paper
The Role of&#xa0;Abstraction in&#xa0;Model Checking,"Analysis, Verification and Transformation for Declarative Programming and Intelligent Systems",,,,10.1007/978-3-031-31476-6_8,María-del-Mar GallardoPedro MerinoLaura Panizo,2023,https://link.springer.com/chapter/10.1007/978-3-031-31476-6_8,Chapter
Floating-Point Round-off Error Analysis of Safety-Critical Avionics Software,Challenges of Software Verification,,,,10.1007/978-981-19-9601-6_11,Laura TitoloMariano MoscatoMarco A. FeliúAaron DutleCésar Muñoz,2023,https://link.springer.com/chapter/10.1007/978-981-19-9601-6_11,Chapter
Benchmarking quantum kernels and modern vision models for compound facial expression recognition,Scientific Reports,,,,10.1038/s41598-026-41514-2,Mangaras Yanu FlorestiyantoHerman Dwi SurjonoHandaru Jati,2026,https://link.springer.com/article/10.1038/s41598-026-41514-2,Article
A Review of Compiler Optimization Techniques and Comparative Analysis for RISC-V Software Development,International Journal of Parallel Programming,,,,10.1007/s10766-026-00829-3,Maria AyubImran ShafiSajid Gul KhawajaTahir KhurshaidImran Ashraf,2026,https://link.springer.com/article/10.1007/s10766-026-00829-3,Article
Quantum Programming: Languages and Frameworks,Quantum Ops,,,,10.1007/978-3-032-10775-6_3,Ashwin Prakash NalwadeKhan Shariya Hasan Upoma,2026,https://link.springer.com/chapter/10.1007/978-3-032-10775-6_3,Chapter
Texture-driven pose-guided human image synthesis,Pattern Analysis and Applications,,,,10.1007/s10044-025-01452-7,Wei WeiChao QinXiaodong Duan,2025,https://link.springer.com/article/10.1007/s10044-025-01452-7,Article
A Study of&#xa0;a&#xa0;Composable Approach to&#xa0;Parallel Programming for&#xa0;Many-Core Multiprocessors,Supercomputing,,,,10.1007/978-3-031-78459-0_21,Vladimir BakhtinNikita KataevAlexander KolganovDmitry ZakharovAlexander SmirnovMikhail Kocharmin,2025,https://link.springer.com/chapter/10.1007/978-3-031-78459-0_21,Conference paper
Investigation of&#xa0;CUDA Graphs Performance for&#xa0;Selected Parallel Applications,Computational Science – ICCS 2025,,,,10.1007/978-3-031-97635-3_16,Oksana DiakunPaweł Czarnul,2025,https://link.springer.com/chapter/10.1007/978-3-031-97635-3_16,Conference paper
Improving CUDA performance of an unstructured high-order CFD application under OP2 framework,The Journal of Supercomputing,,,,10.1007/s11227-023-05679-1,Kangjin HuangYonggang CheChuanfu XuZhe DaiJian Zhang,2023,https://link.springer.com/article/10.1007/s11227-023-05679-1,Article
Empirical studies on adversarial reverse engineering with students,Empirical Software Engineering,,,,10.1007/s10664-026-10908-1,Tab Tianyi ZhangBjorn De SutterChristian CollbergBart CoppensWaleed Mebane,2026,https://link.springer.com/article/10.1007/s10664-026-10908-1,Article
Leveraging Large Language Models for MATLAB to Python Translation,"Computing, Internet of Things and Data Analytics",,,,10.1007/978-3-031-87154-2_49,Rocco Pietrini,2025,https://link.springer.com/chapter/10.1007/978-3-031-87154-2_49,Conference paper
NPDP Benchmark Suite for&#xa0;Loop Tiling Effectiveness Evaluation,Parallel Processing and Applied Mathematics,,,,10.1007/978-3-031-30445-3_5,Marek PalkowskiWlodzimierz Bielecki,2023,https://link.springer.com/chapter/10.1007/978-3-031-30445-3_5,Conference paper
Adaptive Parallelism in&#xa0;OpenMP Through Dynamic Variants,High Performance Computing. ISC High Performance 2024 International Workshops,,,,10.1007/978-3-031-73716-9_2,Adrian MuneraGuerau DascaEduardo QuiñonesSara Royuela,2025,https://link.springer.com/chapter/10.1007/978-3-031-73716-9_2,Conference paper
An empirical study of error-free transformations for enhancing mathematical function precision,CCF Transactions on High Performance Computing,,,,10.1007/s42514-025-00214-5,Dongting ChenJie ShenChun HuangXin Yi,2025,https://link.springer.com/article/10.1007/s42514-025-00214-5,Article
Model Checking Programs in Process-Oriented IEC 61131-3 Structured Text,Automatic Control and Computer Sciences,,,,10.3103/S0146411624700433,N. O. GaraninaS. M. StaroletovV. E. ZyubinI. S. Anureev,2024,https://link.springer.com/article/10.3103/S0146411624700433,Article
"Performance Analysis of SWIPT-Enabled Two-Way Relaying Networks under <span class=""mathjax-tex"">\(\eta -\mu\)</span> Fading",Wireless Personal Communications,,,,10.1007/s11277-026-12061-w,Suryanarayan SahooRaghwendra Kishore SinghNagendra KumarAmit Chatterjee,2026,https://link.springer.com/article/10.1007/s11277-026-12061-w,Article
Mimosa: A Language for&#xa0;Asynchronous Implementation of&#xa0;Embedded Systems Software,Coordination Models and Languages,,,,10.1007/978-3-031-95589-1_5,Nikolaus HuberSusanne GrafPhilipp RümmerWang Yi,2025,https://link.springer.com/chapter/10.1007/978-3-031-95589-1_5,Conference paper
Employing Polyhedral Methods to&#xa0;Reduce Data Movement in&#xa0;FPGA Stencil Codes,Languages and Compilers for Parallel Computing,,,,10.1007/978-3-031-31445-2_4,Florian MayerJulian BrandnerMichael Philippsen,2023,https://link.springer.com/chapter/10.1007/978-3-031-31445-2_4,Conference paper
Iekkë: A SAT-Based Bounded-Round Verifier for Multi-Threaded Programs (Competition Contribution),Tools and Algorithms for the Construction and Analysis of Systems,,,,10.1007/978-3-032-22749-2_29,Paolo Di BiaseBernd FischerSalvatore La TorrePeter SchrammelGennaro Parlato,2026,https://link.springer.com/chapter/10.1007/978-3-032-22749-2_29,Conference paper
Code Migrations and Refactoring,GitHub Copilot and AI Coding Tools in Practice,,,,10.1007/979-8-8688-1784-7_11,Nick Wienholt,2025,https://link.springer.com/chapter/10.1007/979-8-8688-1784-7_11,Chapter
From High-Level Types to&#xa0;Low-Level Monitors: Synthesizing Verified Runtime Checkers for&#xa0;MAVLink,NASA Formal Methods,,,,10.1007/978-3-032-28079-4_5,Arthur AmorimPaul GazzilloMax TaylorLance Joneckis,2026,https://link.springer.com/chapter/10.1007/978-3-032-28079-4_5,Conference paper
The Waveform Analysis Language,Versatile Hardware Analysis Techniques,,,,10.1007/978-3-031-83093-8_5,Lucas KlemmerDaniel Große,2025,https://link.springer.com/chapter/10.1007/978-3-031-83093-8_5,Chapter
Logika: the Sireum verification framework,International Journal on Software Tools for Technology Transfer,,,,10.1007/s10009-025-00828-8,RobbyJohn HatcliffJason Belt,2025,https://link.springer.com/article/10.1007/s10009-025-00828-8,Article
Hybridize Functions: A Tool for Automatically Refactoring Imperative Deep Learning Programs to Graph Execution,Fundamental Approaches to Software Engineering,,,,10.1007/978-3-031-90900-9_5,Raffi KhatchadourianTatiana Castro VélezMehdi BagherzadehNan JiaAnita Raja,2025,https://link.springer.com/chapter/10.1007/978-3-031-90900-9_5,Conference paper
Quantum Circuit Simulation,Design Automation for Quantum Computing,,,,10.1007/978-3-032-09303-5_8,Masahiro FujitaYusuke Kimura,2026,https://link.springer.com/chapter/10.1007/978-3-032-09303-5_8,Chapter
Ethical perspectives on deployment of large language model agents in biomedicine: a survey,AI and Ethics,,,,10.1007/s43681-025-00847-w,Nafiseh Ghaffar NiaAmin AmiriYuan LuoAdrienne Kline,2025,https://link.springer.com/article/10.1007/s43681-025-00847-w,Article
Carbon fiber and carbon fiber composites—creating defects for superior material properties,Advanced Composites and Hybrid Materials,,,,10.1007/s42114-024-00971-x,Ashis Sutradhar NitaiTonny ChowdhuryMd Nafis InamMd Saifur RahmanMd Ibrahim H. MondalM. A. H. JohirVolker HesselIslam Md Rizwanul FattahMd Abul KalamWafa Ali SuwailehJohn L. ZhouMasoumeh ZargarMohammad Boshir Ahmed,2024,https://link.springer.com/article/10.1007/s42114-024-00971-x,Article
Quantum hyperdimensional computing: a foundational paradigm for quantum neuromorphic architectures,npj Unconventional Computing,,,,10.1038/s44335-026-00064-6,Fabio CumboRui-Hao LiBryan RaubenoltJayadev JoshiAbu Kaisar Mohammad MasumSercan AygunDaniel Blankenberg,2026,https://www.nature.com/articles/s44335-026-00064-6,Article
From C to&#xa0;Rust – How Feasible is it?,"Product-Focused Software Process Improvement. Industry, Doctoral-Symposium, Tutorial, and Workshop Papers",,,,10.1007/978-3-032-12092-2_2,Ella ViirolaJohan HummelEmma SöderbergAndreas BexellPeter KorneviUlf Asklund,2026,https://link.springer.com/chapter/10.1007/978-3-032-12092-2_2,Conference paper
accparser: A Standalone OpenACC Parser and&#xa0;Its Usage on&#xa0;Mapping OpenACC to&#xa0;OpenMP Directives,"Parallel and Distributed Computing, Applications and Technologies",,,,10.1007/978-981-96-4207-6_22,Xinyao YiAnjia WangYonghong Yan,2025,https://link.springer.com/chapter/10.1007/978-981-96-4207-6_22,Conference paper
Automation of&#xa0;Programming for&#xa0;Promising High-Performance Computing Systems,Parallel Computing Technologies,,,,10.1007/978-3-031-41673-6_1,Vladimir BakhtinDmitry ZakharovNikita KataevAlexander KolganovMikhail Yakobovskiy,2023,https://link.springer.com/chapter/10.1007/978-3-031-41673-6_1,Conference paper
Incorporating CUDA Unified Memory into the&#xa0;Operating System Curriculum,Computational Science and Computational Intelligence,,,,10.1007/978-3-031-94943-2_3,Janche Sang,2025,https://link.springer.com/chapter/10.1007/978-3-031-94943-2_3,Conference paper
Quantum Artificial Intelligence for Protein Structure Prediction,Quantum Informatics for Novel Therapeutics,,,,10.1007/978-3-032-19536-4_5,Don RoosanRubayat Khan,2026,https://link.springer.com/chapter/10.1007/978-3-032-19536-4_5,Chapter
"SDK4ED: a platform for building energy efficient, dependable, and maintainable embedded software",Automated Software Engineering,,,,10.1007/s10515-024-00450-z,Miltiadis SiavvasDimitrios TsoukalasCharalambos MarantosLazaros PapadopoulosChristos LamprakosOliviu MateiChristos StrydisMuhammad Ali SiddiqiPhilippe ChrobocinskiKatarzyna FilusJoanna DomańskaParis AvgeriouApostolos AmpatzoglouDimitrios SoudrisAlexander ChatzigeorgiouErol GelenbeDionysios KehagiasDimitrios Tzovaras,2024,https://link.springer.com/article/10.1007/s10515-024-00450-z,Article
Universal blind quantum computation with recursive rotation gates,Quantum Information Processing,,,,10.1007/s11128-026-05188-z,Mohit JoshiManoj Kumar MishraS. Karthikeyan,2026,https://link.springer.com/article/10.1007/s11128-026-05188-z,Article
VNR-AV: Structural Post-processing for&#xa0;Retinal Arteries and&#xa0;Veins Segmentation,Ophthalmic Medical Image Analysis,,,,10.1007/978-3-031-73119-8_3,Idris DulauBenoit RecurCatherine HelmerCecile DelcourtMarie Beurton-Aimar,2025,https://link.springer.com/chapter/10.1007/978-3-031-73119-8_3,Conference paper
Quantum One-Way Function,Quantum Nonlinear Function Obfuscation Theory and Application,,,,10.1007/978-981-97-6722-9_8,Tao Shang,2025,https://link.springer.com/chapter/10.1007/978-981-97-6722-9_8,Chapter
IMPaSh: A Novel Domain-Shift Resistant Representation for&#xa0;Colorectal Cancer Tissue Classification,Computer Vision – ECCV 2022 Workshops,,,,10.1007/978-3-031-25066-8_31,Trinh Thi Le VuongQuoc Dang VuMostafa JahanifarSimon GrahamJin Tae KwakNasir Rajpoot,2023,https://link.springer.com/chapter/10.1007/978-3-031-25066-8_31,Conference paper
On LLM–Assisted Generation of&#xa0;Smart Contracts from&#xa0;Business Processes,Business Process Management Workshops,,,,10.1007/978-3-032-13426-4_24,Fabian StiehleHans WeytjensIngo Weber,2026,https://link.springer.com/chapter/10.1007/978-3-032-13426-4_24,Conference paper
Quantum error mitigation via structural encoding with classical error correction codes,EPJ Quantum Technology,,,,10.1140/epjqt/s40507-026-00474-2,IlKwon SohnChangyeol LeeWooyeong SongKwangil BaeWonhyuk Lee,2026,https://link.springer.com/article/10.1140/epjqt/s40507-026-00474-2,Article
Design and&#xa0;Implementation of&#xa0;an&#xa0;Open Source OpenGL SC 2.0.1 Installable Client Driver and&#xa0;Offline Compiler,"Embedded Computer Systems: Architectures, Modeling, and Simulation",,,,10.1007/978-3-031-78380-7_11,Matina Maria TrompoukiMarc Solé BonetJosué Pedrajas PérezLeonidas Kosmidis,2025,https://link.springer.com/chapter/10.1007/978-3-031-78380-7_11,Conference paper
Quantum Circuit Transpilation: A Comprehensive Overview,Proceedings of 5th International Conference on Frontiers in Computing and Systems,,,,10.1007/978-981-95-0497-8_43,Diptesh KarmakarKingshuk ChatterjeeDipak Kumar Kole,2026,https://link.springer.com/chapter/10.1007/978-981-95-0497-8_43,Conference paper
Trust Assumptions in&#xa0;Voting Systems,Computer Security. ESORICS 2023 International Workshops,,,,10.1007/978-3-031-54129-2_18,Kristjan KripsNikita SnetkovJelizaveta VakarjukJan Willemson,2024,https://link.springer.com/chapter/10.1007/978-3-031-54129-2_18,Conference paper
OpenMP offloading data transfer optimization for DCUs,The Journal of Supercomputing,,,,10.1007/s11227-023-05422-w,Hengliang GuoLong ZhangYi ZhangJianan LiXiaoyue XuLu LiuKuangsheng CaiDan WuShuxin YangLingbo KongXu Gao,2023,https://link.springer.com/article/10.1007/s11227-023-05422-w,Article
Caesar: A Deductive Verifier for&#xa0;Probabilistic Programs,Computer Aided Verification,,,,10.1007/978-3-032-32537-2_27,Philipp SchröerKevin BatzUmut Yiğit DuralDarion HaaseBenjamin Lucien KaminskiJoost-Pieter KatoenChristoph Matheja,2026,https://link.springer.com/chapter/10.1007/978-3-032-32537-2_27,Conference paper
Forward Symbolic Execution for&#xa0;Trustworthy Automation of&#xa0;Binary Code Verification,"Verification, Model Checking, and Abstract Interpretation",,,,10.1007/978-3-032-15700-3_8,Andreas LindnerKarl PalmskogScott ConstableMads DamRoberto GuancialeHamed Nemati,2026,https://link.springer.com/chapter/10.1007/978-3-032-15700-3_8,Conference paper
Tools at&#xa0;the&#xa0;Frontiers of&#xa0;Quantitative Verification,TOOLympics Challenge 2023,,,,10.1007/978-3-031-67695-6_4,Roman AndriushchenkoAlexander BorkCarlos E. BuddeMilan ČeškaKush GroverErnst Moritz HahnArnd HartmannsBryant IsraelsenNils JansenJoshua JeppsonSebastian JungesMaximilian A. KöhlBettina KönighoferJan KřetínskýTobias MeggendorferDavid ParkerStefan PrangerTim QuatmannEnno RuijtersLandon TaylorMatthias VolkMaximilian WeiningerZhen Zhang,2025,https://link.springer.com/chapter/10.1007/978-3-031-67695-6_4,Conference paper
Diode-based programmable network array (DiProNA) for high-impact reconfigurable instrumentation,Analog Integrated Circuits and Signal Processing,,,,10.1007/s10470-025-02556-0,Erol Can,2026,https://link.springer.com/article/10.1007/s10470-025-02556-0,Article
Automated Synthesis of&#xa0;Software Contracts with&#xa0;KindSpec,"Analysis, Verification and Transformation for Declarative Programming and Intelligent Systems",,,,10.1007/978-3-031-31476-6_3,María AlpuenteAlicia Villanueva,2023,https://link.springer.com/chapter/10.1007/978-3-031-31476-6_3,Chapter
A Parallel and&#xa0;Vectorized Implementation of&#xa0;the&#xa0;McCaskill Algorithm for&#xa0;X86-64 and&#xa0;RISC-V Architectures,Computational Science – ICCS 2026 Workshops,,,,10.1007/978-3-032-29915-4_48,Marek PalkowskiSergio IserteTomasz OlasMateusz GruzewskiRoman Wyrzykowski,2026,https://link.springer.com/chapter/10.1007/978-3-032-29915-4_48,Conference paper
Integration of multi agent reinforcement learning with golden jackal optimization for predicting average localization error in wireless sensor networks,Scientific Reports,,,,10.1038/s41598-025-13053-9,K. Lakshmi PrabhaHanan Abdullah MengashHamed AlqahtaniRanda Allafi,2025,https://link.springer.com/article/10.1038/s41598-025-13053-9,Article
Inqasm: InQuIR compiler to NetQASM,The Journal of Supercomputing,,,,10.1007/s11227-025-06955-y,Jorge Vázquez-PérezF. Javier CardamaCésar PiñeiroJuan C. PichelTomás F. PenaAndrés Gómez,2025,https://link.springer.com/article/10.1007/s11227-025-06955-y,Article
Proof Engineering in&#xa0;Logika: Synergistically Integrating Automated and&#xa0;Semi-automated Program Verification,Formal Methods for Industrial Critical Systems,,,,10.1007/978-3-032-00942-5_3,Stefan HallerstedeRobbyJohn HatcliffJason BeltDavid Hardin,2026,https://link.springer.com/chapter/10.1007/978-3-032-00942-5_3,Conference paper
Generating Property-Based Tests for Quantum Algorithms,Service-Oriented Computing – ICSOC 2024 Workshops,,,,10.1007/978-981-96-7423-7_2,Antonio García de la BarreraManuel Ángel SerranoIgnacio García-Rodríguez de GuzmánMacario PoloMario Piattini,2026,https://link.springer.com/chapter/10.1007/978-981-96-7423-7_2,Conference paper
Error crafting in mixed quantum gate synthesis,npj Quantum Information,,,,10.1038/s41534-025-01032-x,Nobuyuki YoshiokaSeiseki AkibueHayata MorisakiKento TsubouchiYasunari Suzuki,2025,https://link.springer.com/article/10.1038/s41534-025-01032-x,Article
The Norcroft Compiler at&#xa0;Arm,"Languages, Compilers, Analysis - From Beautiful Theory to Useful Practice",,,,10.1007/978-3-032-08187-2_1,Jeremy SingerLee Smith,2026,https://link.springer.com/chapter/10.1007/978-3-032-08187-2_1,Chapter
Modeling noise in quantum computing of scalar convection,Acta Mechanica Sinica,,,,10.1007/s10409-026-51281-x,Jiahua YangZhen LuYue Yang,2026,https://link.springer.com/article/10.1007/s10409-026-51281-x,Article
Ripple: Accelerating Programmable Bootstraps for FHE with Wavelet Approximations,Information Security,,,,10.1007/978-3-031-75757-0_14,Charles GouertMehmet UgurbilDimitris MourisMiguel de VegaNektarios G. Tsoutsos,2025,https://link.springer.com/chapter/10.1007/978-3-031-75757-0_14,Conference paper
"Integrating Quantum Computing into Intelligent Transportation Systems: A Comprehensive Review of Emerging Trends, Open Challenges, and Future Research Directions",Archives of Computational Methods in Engineering,,,,10.1007/s11831-026-10716-2,Pretom SarkarMahbub HassanAli Hanafiah RambeMuzammil Jusoh,2026,https://link.springer.com/article/10.1007/s11831-026-10716-2,Article
Leveraging MLIR for&#xa0;Loop Vectorization and&#xa0;GPU Porting of&#xa0;FFT Libraries,Euro-Par 2023: Parallel Processing Workshops,,,,10.1007/978-3-031-50684-0_16,Yifei HeArtur PodobasStefano Markidis,2024,https://link.springer.com/chapter/10.1007/978-3-031-50684-0_16,Conference paper
Hybrid quantum–classical learning for MRI-based brain tumour diagnosis,Discover Computing,,,,10.1007/s10791-026-10165-2,A. HarshavardhanV. Chandra Shekhar RaoY. Madhavi ReddySubba Rao PolamuriBhavana JamalpurVuyyuru Lakshma Reddy,2026,https://link.springer.com/article/10.1007/s10791-026-10165-2,Article
CIA Tool Using Python and mypy for Python Applications,Proceedings of the 2nd International Conference on Cognitive and Intelligent Computing,,,,10.1007/978-981-99-2746-3_61,T. JalajaT. Adilakshmi,2023,https://link.springer.com/chapter/10.1007/978-981-99-2746-3_61,Conference paper
Enhancing chemical safety information for the future,Nature Reviews Chemistry,,,,10.1038/s41570-026-00808-9,Peter A. ReinhardtSamuella B. SigmannLeah R. McEwenEllen M. CoxGrace BaysingerAnna L. DunnKang ChenAdelina Voutchkova-Kostal,2026,https://link.springer.com/article/10.1038/s41570-026-00808-9,Article
Coined quantum walks on complex networks for quantum computers,Quantum Information Processing,,,,10.1007/s11128-026-05203-3,Rei Sato,2026,https://link.springer.com/article/10.1007/s11128-026-05203-3,Article
Influence of aggregate characteristics on concrete pavement performance: a review,Innovative Infrastructure Solutions,,,,10.1007/s41062-026-02822-8,Fereshteh RahmaniAlka SubediHyunhwan KimSoon-Jae Lee,2026,https://link.springer.com/article/10.1007/s41062-026-02822-8,Article
Protocol Conformance with&#xa0;Choreographic PlusCal,Theoretical Aspects of Software Engineering,,,,10.1007/978-3-031-35257-7_8,Darius FooAndreea CosteaWei-Ngan Chin,2023,https://link.springer.com/chapter/10.1007/978-3-031-35257-7_8,Conference paper
A graphical tool for formal verification using Event-B modeling,Multimedia Tools and Applications,,,,10.1007/s11042-023-15993-8,Rahul Karmakar,2023,https://link.springer.com/article/10.1007/s11042-023-15993-8,Article
Generation of&#xa0;Ethical Rules Using Large Language Models,AI 2025: Advances in Artificial Intelligence,,,,10.1007/978-981-95-4969-6_6,Tammy ZhongYang SongMaurice Pagnucco,2026,https://link.springer.com/chapter/10.1007/978-981-95-4969-6_6,Conference paper
Expression Isolation of&#xa0;Compiler-Induced Numerical Inconsistencies in&#xa0;Heterogeneous Code,High Performance Computing,,,,10.1007/978-3-031-32041-5_20,Dolores MiaoIgnacio LagunaCindy Rubio-González,2023,https://link.springer.com/chapter/10.1007/978-3-031-32041-5_20,Conference paper
Quantum Circuit Resizing via&#xa0;Serial Execution,Languages and Compilers for Parallel Computing,,,,10.1007/978-3-032-02436-7_10,Movahhed SadeghiSoheil KhadirsharbiyaniMahmut Taylan Kandemir,2026,https://link.springer.com/chapter/10.1007/978-3-032-02436-7_10,Conference paper
Optimal quantum circuit design via unitary neural networks,Quantum Information Processing,,,,10.1007/s11128-026-05170-9,M. ZomorodiH. AminiM. AbbaszadehJ. SohrabiV. SalariP. Plawiak,2026,https://link.springer.com/article/10.1007/s11128-026-05170-9,Article
Quantum Computing Methods for&#xa0;Malware Detection,"Machine Learning, Deep Learning and AI for Cybersecurity",,,,10.1007/978-3-031-83157-7_8,Eliška KrátkáAurél Gábor Gábris,2025,https://link.springer.com/chapter/10.1007/978-3-031-83157-7_8,Chapter
Parallelizable Loop Detection using Pre-trained Transformer Models for Code Understanding,"Parallel and Distributed Computing, Applications and Technologies",,,,10.1007/978-981-99-8211-0_4,Soratouch PornmaneerattanatriKeichi TakahashiYutaro KashiwaKohei IchikawaHajimu Iida,2024,https://link.springer.com/chapter/10.1007/978-981-99-8211-0_4,Conference paper
COVID-19 information seeking and individuals’ protective behaviors: examining the role of information sources and information content,BMC Public Health,,,,10.1186/s12889-024-17770-0,Xuefeng ZhangLin DuYelin HuangXiao LuoFenglian Wang,2024,https://link.springer.com/article/10.1186/s12889-024-17770-0,Article
J-Parallelio: Automatic Parallelization Framework for&#xa0;Java Virtual Machine,Intelligent Computing,,,,10.1007/978-3-031-37963-5_22,Piotr ListkiewiczKrzysztof StuglikMateusz KulczykMarcin Pietron,2023,https://link.springer.com/chapter/10.1007/978-3-031-37963-5_22,Conference paper
WhyMon: A Runtime Monitoring Tool with&#xa0;Explanations as&#xa0;Verdicts,Automated Technology for Verification and Analysis,,,,10.1007/978-3-031-78750-8_4,Leonardo LimaJonathan Julián  Huerta y MuniveDmitriy Traytel,2025,https://link.springer.com/chapter/10.1007/978-3-031-78750-8_4,Conference paper
German Text Simplification Models,"Automatic German Text Simplification: Data, Evaluation, and Models",,,,10.57088/978-3-7329-8700-9_6,Regina Stodden,2026,https://link.springer.com/chapter/10.57088/978-3-7329-8700-9_6,Chapter
Big Data and Machine Learning at Istat,Foundations and Advances of Machine Learning in Official Statistics,,,,10.1007/978-3-032-10004-7_12,Mauro BrunoElena CataneseErika CerastiMassimo De CubellisFabrizio De FaustiMarco Di ZioGerarda GrippoGiuseppe LancioniGiulio MassacciStefano MugnoliFrancesco OrtameAngela PappagalloFrancesco PuglieseAlessandra RighiAlberto SabbiFrancesco SistiDonato SummaLuca Valentino,2025,https://link.springer.com/chapter/10.1007/978-3-032-10004-7_12,Chapter
Experimental Study of&#xa0;Binary Diffing Resilience on&#xa0;Obfuscated Programs,"Detection of Intrusions and Malware, and Vulnerability Assessment",,,,10.1007/978-3-031-97620-9_13,Roxane CohenRobin DavidRiccardo MoriFlorian YgerFabrice Rossi,2025,https://link.springer.com/chapter/10.1007/978-3-031-97620-9_13,Conference paper
On-chain zero-knowledge machine learning: An overview and comparison,Journal of King Saud University Computer and Information Sciences,,,,10.1016/j.jksuci.2024.102207,Vid KeršičSašo KarakatičMuhamed Turkanović,2024,https://link.springer.com/article/10.1016/j.jksuci.2024.102207,Article
Retrieving Unknown SMT Formulas via&#xa0;Structural Mutations,Principles and Practices of Building Parallel Software,,,,10.1007/978-3-031-97492-2_1,Shuo DingQirun Zhang,2025,https://link.springer.com/chapter/10.1007/978-3-031-97492-2_1,Chapter
Enhancing Named Entity Recognition (NER) in Biomedical Texts: BIOBERT on CORD-19 Data set,ICT Systems and Sustainability,,,,10.1007/978-981-97-9523-9_31,Saripudi SuneethaJarubula RamuNeerukonda Kanthi PriyadarsiniThulasi Bikku,2025,https://link.springer.com/chapter/10.1007/978-981-97-9523-9_31,Conference paper
"Large Language Model Assisted Software Engineering: Prospects, Challenges, and&#xa0;a&#xa0;Case Study",Bridging the Gap Between AI and Reality,,,,10.1007/978-3-031-46002-9_23,Lenz BelznerThomas GaborMartin Wirsing,2024,https://link.springer.com/chapter/10.1007/978-3-031-46002-9_23,Conference paper
Toward scalable fault-tolerant photonic quantum computers,The Journal of Supercomputing,,,,10.1007/s11227-025-08132-7,Muhammad AbuGhanem,2026,https://link.springer.com/article/10.1007/s11227-025-08132-7,Article
Physics-Guided Linear Mapper for&#xa0;Quantum Error Mitigation,Intelligent Computing,,,,10.1007/978-3-032-24804-6_43,Tulsi ChaudhariKrishna BhatiaShalini DevendrababuSrinjoy GangulyLuis Gerardo Ayala Bertel,2026,https://link.springer.com/chapter/10.1007/978-3-032-24804-6_43,Conference paper
Recent Advancements in&#xa0;Photonic Quantum Computation,"The 9th International Conference on Advanced Machine Learning Technologies and Applications (AMLTA’25), Volume 2",,,,10.1007/978-3-032-07326-6_7,Debarka MukhopadhyaySiddhartha BhattacharyyaJan PlatosIvan ZelinkaVaclav SnaselKanik Palodhi,2026,https://link.springer.com/chapter/10.1007/978-3-032-07326-6_7,Conference paper
Agile model-driven re-engineering,Innovations in Systems and Software Engineering,,,,10.1007/s11334-024-00568-z,Kevin LanoHoward HaughtonZiwen YuanHessa Alfraihi,2024,https://link.springer.com/article/10.1007/s11334-024-00568-z,Article
Tensor Probabilistic Model Checking of&#xa0;Finite-Horizon Markov Chains,Computer Aided Verification,,,,10.1007/978-3-032-32537-2_24,Jianlin LiNick GuoPeter YeYizhou Zhang,2026,https://link.springer.com/chapter/10.1007/978-3-032-32537-2_24,Conference paper
Lift-Offline: Instruction Lifter Generators,Static Analysis,,,,10.1007/978-3-031-74776-2_4,Nicholas CoughlinA. MichaelKait Lam,2025,https://link.springer.com/chapter/10.1007/978-3-031-74776-2_4,Conference paper
Towards an&#xa0;End-to-End Toolchain for&#xa0;Traceable and&#xa0;Verifiable Railway Signalling Specifications,Rigorous State-Based Methods,,,,10.1007/978-3-031-94533-5_19,Frederic ReiterRoman WetenkampRobert SchmidRichard KretzschmarLukas Iffländer,2026,https://link.springer.com/chapter/10.1007/978-3-031-94533-5_19,Conference paper
Dynamic Transformation of Quantum Algorithms for Resource-Constrained Architectures,SN Computer Science,,,,10.1007/s42979-026-05089-z,Abhoy KoleLouis KrügerKamalika DattaLennart WeingartenIndranil SenguptaRolf Drechsler,2026,https://link.springer.com/article/10.1007/s42979-026-05089-z,Article
Data Quality Assessment in Large Spectral Data Collections. States and Transitions,Data Analytics and Management in Data Intensive Domains,,,,10.1007/978-3-032-03997-2_5,Alexey Yu. AkhlyostinNikolai A. LavrentievAlexey I. PrivezentzevAlexander Z. Fazliev,2026,https://link.springer.com/chapter/10.1007/978-3-032-03997-2_5,Conference paper
A Taxonomic View of the Fundamental Concepts of Quantum Computing–A Software Engineering Perspective,Programming and Computer Software,,,,10.1134/S0361768823080108,R. Juárez-RamírezC. X. NavarroSamantha JiménezAlan RamírezVerónica Tapia-IbarraCésar Guerra-GarcíaHector G. Perez-GonzalezCarlos Fernández-y-Fernández,2023,https://link.springer.com/article/10.1134/S0361768823080108,Article
A New Execution Model and Executor for Adaptively Optimizing the Performance of Parallel Algorithms Using HPX Runtime System,SN Computer Science,,,,10.1007/s42979-025-04442-y,Karame MohammadiporshokoohSteven R. BrandtHartmut Kaiser,2025,https://link.springer.com/article/10.1007/s42979-025-04442-y,Article
Software Portability for&#xa0;Computer Algebra,Computer Algebra in Scientific Computing,,,,10.1007/978-3-032-09645-6_16,Arthur C. NormanStephen M. Watt,2026,https://link.springer.com/chapter/10.1007/978-3-032-09645-6_16,Conference paper
Verification of Quantum Circuits,Handbook of Computer Architecture,,,,10.1007/978-981-97-9314-3_43,Robert WilleLukas Burgholzer,2025,https://link.springer.com/rwe/10.1007/978-981-97-9314-3_43,Reference work entry
Teaching with&#xa0;Logika: Conceiving and&#xa0;Constructing Correct Software,Formal Methods Teaching,,,,10.1007/978-3-031-71379-8_7,Stefan HallerstedeJohn HatcliffRobby,2024,https://link.springer.com/chapter/10.1007/978-3-031-71379-8_7,Conference paper
CoDescribe: An Intelligent Code Analyst for&#xa0;Enhancing Productivity and&#xa0;Software Quality,Applied Computing for Software and Smart Systems,,,,10.1007/978-981-99-7783-3_11,Souvick DasNovarun DebAgostino CortesiNabendu Chaki,2023,https://link.springer.com/chapter/10.1007/978-981-99-7783-3_11,Conference paper
Heapless Functional Programming,Trends in Functional Programming,,,,10.1007/978-3-031-99751-8_4,Ellis KestertonEdwin Brady,2026,https://link.springer.com/chapter/10.1007/978-3-031-99751-8_4,Conference paper
Energy Efficient Software in&#xa0;an&#xa0;Engineering Course,"Composability, Comprehensibility and Correctness of Working Software",,,,10.1007/978-3-031-42833-3_3,João SaraivaRui Pereira,2023,https://link.springer.com/chapter/10.1007/978-3-031-42833-3_3,Conference paper
A qubit-efficient quantum algorithm for convolutional feature extraction,Quantum Machine Intelligence,,,,10.1007/s42484-026-00425-1,Mohammad Rasoul RoshanshahPayman KazemikhahHossein AghababaMasoud Barati,2026,https://link.springer.com/article/10.1007/s42484-026-00425-1,Article
A Stochastic Multi-objective Optimization Approach to Cooperative Task and Route Planning for Heterogeneous UAVs in Uncertain Combat Environments,Arabian Journal for Science and Engineering,,,,10.1007/s13369-026-11300-3,Göktuğ GüngörGonca YıldırımCem KazanS. Kürşat İşleyen,2026,https://link.springer.com/article/10.1007/s13369-026-11300-3,Article
Assessment of Security Defense of Native Programs Against Software Faults,System Dependability and Analytics,,,,10.1007/978-3-031-02063-6_5,Keun Soo Yim,2023,https://link.springer.com/chapter/10.1007/978-3-031-02063-6_5,Chapter
PDCG-RuleDetector: parameterized data-flow call graphs meet large language models for malicious NPM package detection,Journal of King Saud University Computer and Information Sciences,,,,10.1007/s44443-026-01121-7,He BaiJiaqi ZhangHongHui LiXueliang Fusiya AYali Hao,2026,https://link.springer.com/article/10.1007/s44443-026-01121-7,Article
"Homomorphic Encryption Library, Framework, Toolkit and Accelerator: A Review",SN Computer Science,,,,10.1007/s42979-023-02316-9,Shalini DhimanGanesh Kumar MahatoSwarnendu Kumar Chakraborty,2023,https://link.springer.com/article/10.1007/s42979-023-02316-9,Article
Least Information Redundancy Algorithm of&#xa0;Printable Shellcode Encoding for&#xa0;X86,Computer Security. ESORICS 2023 International Workshops,,,,10.1007/978-3-031-54129-2_21,Yuanding Zhou,2024,https://link.springer.com/chapter/10.1007/978-3-031-54129-2_21,Conference paper
Benchmarking MedMNIST dataset on real quantum hardware,Scientific Reports,,,,10.1038/s41598-026-35605-3,Gurinder SinghHongni JinKenneth M. Merz Jr.,2026,https://link.springer.com/article/10.1038/s41598-026-35605-3,Article
A semi-supervised domain adaptive learning approach to unstructured road region semantic segmentation for greenhouse robots,Soft Computing,,,,10.1007/s00500-026-11381-0,Bishu GaoLiang GongWei ZhangYingxin WuGengjie LinZekai ZhangYanming LiChengliang Liu,2026,https://link.springer.com/article/10.1007/s00500-026-11381-0,Article
A generalized dual-domain generative framework with hierarchical consistency for medical image reconstruction and synthesis,Communications Engineering,,,,10.1038/s44172-023-00121-z,Jiadong ZhangKaicong SunJunwei YangYan HuYuning GuZhiming CuiXiaopeng ZongFei GaoDinggang Shen,2023,https://link.springer.com/article/10.1038/s44172-023-00121-z,Article
The Art of Developing Frama-C Plug-ins,Guide to Software Verification with Frama-C,,,,10.1007/978-3-031-55608-1_7,François BobotAndré MaronezeVirgile PrevostoJulien Signoles,2024,https://link.springer.com/chapter/10.1007/978-3-031-55608-1_7,Chapter
Model and Program Transformation,Domain-Specific Languages,,,,10.1007/978-3-031-23669-3_7,Andrzej WąsowskiThorsten Berger,2023,https://link.springer.com/chapter/10.1007/978-3-031-23669-3_7,Chapter
Sequential Transfer of&#xa0;Pose and&#xa0;Texture for&#xa0;Pose Guided Person Image Generation,Pattern Recognition and Computer Vision,,,,10.1007/978-981-97-8487-5_7,Zifan LiQingxuan ShiShuishui Cheng,2025,https://link.springer.com/chapter/10.1007/978-981-97-8487-5_7,Conference paper
Semi-automated and&#xa0;Easily Interpretable Side-Channel Analysis for&#xa0;Modern JavaScript,Cryptology and Network Security,,,,10.1007/978-981-97-8016-7_2,Iliana FayolleJan WichelmannAnja KöhlWalter RudametkinThomas EisenbarthClémentine Maurice,2025,https://link.springer.com/chapter/10.1007/978-981-97-8016-7_2,Conference paper
Challenges for Quantum Software Engineering: An Industrial Application Scenario Perspective,Quantum Software,,,,10.1007/978-3-031-64136-7_12,Cecilia CarbonelliMichael FeldererMatthias JungElisabeth LobeMalte LochauSebastian LuberWolfgang MauererRudolf RamlerIna SchaeferChristoph Schroth,2024,https://link.springer.com/chapter/10.1007/978-3-031-64136-7_12,Chapter
Review of intermediate representations for quantum computing,The Journal of Supercomputing,,,,10.1007/s11227-024-06892-2,F. Javier CardamaJorge Vázquez-PérezCésar PiñeiroJuan C. PichelTomás F. PenaAndrés Gómez,2025,https://link.springer.com/article/10.1007/s11227-024-06892-2,Article
Identifying Obfuscated Code Through Graph-Based Semantic Analysis of&#xa0;Binary Code,Complex Networks & Their Applications XIII,,,,10.1007/978-3-031-82427-2_12,Roxane CohenRobin DavidFlorian YgerFabrice Rossi,2025,https://link.springer.com/chapter/10.1007/978-3-031-82427-2_12,Conference paper
"Smart hospitality using IoT enabled integrated face recognition, machine learning, and fuzzy AHP for analyzing customer satisfaction measurements",International Journal of Information Technology,,,,10.1007/s41870-024-02359-y,Anita MohantyAmbarish G. MohapatraPradyumna K. TripathyPrasanta Kumar BalAjaya K. TripathySasmita NayakSubrat K. MohantyBhagyalaxmi Jena,2024,https://link.springer.com/article/10.1007/s41870-024-02359-y,Article
Text2SPARQL: Grammar Pre-training for&#xa0;Text-to-QDMR Semantic Parsers from&#xa0;Intermediate Question Decompositions,Neural Information Processing,,,,10.1007/978-981-96-6599-0_9,Buchao ZhanYucong DuanXin YangDongmei HeShankai Yan,2025,https://link.springer.com/chapter/10.1007/978-981-96-6599-0_9,Conference paper
Faster sorting algorithms discovered using deep reinforcement learning,Nature,,,,10.1038/s41586-023-06004-9,Daniel J. MankowitzAndrea MichiAnton ZhernovMarco GelmiMarco SelviCosmin PaduraruEdouard LeurentShariq IqbalJean-Baptiste LespiauAlex AhernThomas KöppeKevin MillikinStephen GaffneySophie ElsterJackson BroshearChris GambleKieran MilanRobert TungMinjae HwangTaylan CemgilMohammadamin BarekatainYujia LiAmol MandhaneThomas HubertJulian SchrittwieserDemis HassabisPushmeet KohliMartin RiedmillerOriol VinyalsDavid Silver,2023,https://link.springer.com/article/10.1038/s41586-023-06004-9,Article
A Mobile-edge Smart-city Dashboard for AI-completed LiDAR Building Stocks: Normative-anchored Sustainability Triage Under a 300&#xa0;KB Payload,Mobile Networks and Applications,,,,10.1007/s11036-026-02534-4,Annamária BehúnováVladislav VavrákMatúš PohorenecMarcel Behún,2026,https://link.springer.com/article/10.1007/s11036-026-02534-4,Article
Type-Based Verification of&#xa0;Connectivity Constraints in&#xa0;Lattice Surgery,Programming Languages and Systems,,,,10.1007/978-981-97-8943-6_11,Ryo WakizakaYasunari SuzukiAtsushi Igarashi,2025,https://link.springer.com/chapter/10.1007/978-981-97-8943-6_11,Conference paper
Elegance Enhanced: Object Types and Collections,IT Crisisology Models,,,,10.1007/978-981-99-8649-1_5,Sergey V. Zykov,2024,https://link.springer.com/chapter/10.1007/978-981-99-8649-1_5,Chapter
Structured prototype regularization for synthetic-to-real driving scene parsing,Science China Information Sciences,,,,10.1007/s11432-025-5039-y,Jiahe FanXiao MaSergey VityazevGeorge GiakosShaolong ShuRui Fan,2026,https://link.springer.com/article/10.1007/s11432-025-5039-y,Article
Qubit mapping: the adaptive divide-and-conquer approach,Quantum Information Processing,,,,10.1007/s11128-025-04815-5,Yunqi HuangXiangzhen ZhouFanxu MengSanjiang Li,2025,https://link.springer.com/article/10.1007/s11128-025-04815-5,Article
Additive Manufacturing for Characterization of Critical Minerals,Additive Manufacturing for Critical Minerals,,,,10.1007/978-981-95-4693-0_6,Sunil MehlaMark I. PowncebySuresh K. Bhargava,2026,https://link.springer.com/chapter/10.1007/978-981-95-4693-0_6,Chapter
Optimizing resource allocation in precision farming using quantum enhanced algorithms and quantum sensor networks,Journal of Cloud Computing,,,,10.1186/s13677-025-00769-2,Hatoon S. AlSagriAnkit KumarAbdul Khader Jilani SaudagarAbhishek KumarLinesh Raja,2025,https://link.springer.com/article/10.1186/s13677-025-00769-2,Article
Quantum Simulation Tools: A Comprehensive Survey,"Quantum Computing, Sensing and Communications for IoT",,,,10.1007/978-981-95-6276-3_7,Zenisha DevaniZeel KanudawalaRohan ThakarCharmi PadhHimani Trivedi,2026,https://link.springer.com/chapter/10.1007/978-981-95-6276-3_7,Chapter
On a&#xa0;Template Programming Approach for&#xa0;Shared Memory Parallel Architectures with&#xa0;Applications to&#xa0;the&#xa0;Fully Implicit Stokes Solver,Parallel Computational Technologies,,,,10.1007/978-3-031-38864-4_11,N. M. EvstigneevO. I. Ryabkov,2023,https://link.springer.com/chapter/10.1007/978-3-031-38864-4_11,Conference paper
Monte carlo analysis of  low-energy 125I brachytherapy: implications for clinical dosimetry,Radiation and Environmental Biophysics,,,,10.1007/s00411-025-01128-0,Jie LiuZhao Wen QuanOmar Medhat MostafaM. E. Medhat,2025,https://link.springer.com/article/10.1007/s00411-025-01128-0,Article
Automatic Deep Learning Parallelization for&#xa0;Vector Multicore Chips with&#xa0;the&#xa0;OSCAR Parallelizing and&#xa0;the&#xa0;TVM Open-Source Deep Learning Compiler,Languages and Compilers for Parallel Computing,,,,10.1007/978-3-032-02436-7_7,Fumiaki OnishiRyosei OtakaKazuki FujitaTomoki SuetsuguTohma KawasumiToshiaki KitamuraHironori KasaharaKeiji Kimura,2026,https://link.springer.com/chapter/10.1007/978-3-032-02436-7_7,Conference paper
Quantum-enhanced hybrid-model compression using knowledge distillation,Quantum Machine Intelligence,,,,10.1007/s42484-026-00431-3,Luigi BarbatoMassimo EspositoFrancesco Gargiulo,2026,https://link.springer.com/article/10.1007/s42484-026-00431-3,Article
A study of qubit modalities in contemporary quantum computing,Discover Quantum Science,,,,10.1007/s44464-026-00033-9,Arun Govindankutty,2026,https://link.springer.com/article/10.1007/s44464-026-00033-9,Article
Investigating the Impact of Source Geometry and Distance on HPGe Detector Efficiency Using MCNPX Simulations,The European Physical Journal Plus,,,,10.1140/epjp/s13360-024-05891-9,Mazaher RastgooAlireza Sadremomtaz,2024,https://link.springer.com/article/10.1140/epjp/s13360-024-05891-9,Article
Towards low-cost lead screening with transmission XRF,Communications Earth & Environment,,,,10.1038/s43247-026-03875-4,Christoph GaßnerJuliane ReisewitzJenna E. ForsythKian Shaker,2026,https://link.springer.com/article/10.1038/s43247-026-03875-4,Article
Compiler Support for&#xa0;Semi-manual AoS-to-SoA Conversions with&#xa0;Data Views,Parallel Processing and Applied Mathematics,,,,10.1007/978-3-031-85697-6_20,Pawel K. RadtkeTobias Weinzierl,2025,https://link.springer.com/chapter/10.1007/978-3-031-85697-6_20,Conference paper
Benchmarking quantum computers,Nature Reviews Physics,,,,10.1038/s42254-024-00796-z,Timothy ProctorKevin YoungAndrew D. BaczewskiRobin Blume-Kohout,2025,https://link.springer.com/article/10.1038/s42254-024-00796-z,Article
Construction and depth optimization of quantum controlled adder,Quantum Information Processing,,,,10.1007/s11128-026-05211-3,Chanho JeonDonghoe HeoHyojun ShinSeokhie Hong,2026,https://link.springer.com/article/10.1007/s11128-026-05211-3,Article
"A Unified Cellular Toxic Potency Dataset of PM<sub>2.5</sub> across Chemicals, Emission Sources, and Regions in China",Scientific Data,,,,10.1038/s41597-025-06194-z,Xiu ChenDi WuQing Li,2025,https://link.springer.com/article/10.1038/s41597-025-06194-z,Article
High-Level Programming of FPGA-Accelerated Systems with Parallel Patterns,International Journal of Parallel Programming,,,,10.1007/s10766-024-00770-3,Björn BirathAugust ErnstssonJohn TinnerholmChristoph Kessler,2024,https://link.springer.com/article/10.1007/s10766-024-00770-3,Article
From AI security to ethical AI security: a comparative risk-mitigation framework for classical and hybrid AI governance,AI and Ethics,,,,10.1007/s43681-025-00935-x,Ludovica IlariSimona TiribelliFilippo Caruso,2026,https://link.springer.com/article/10.1007/s43681-025-00935-x,Article
Calibration-Aware Bit-Flip Averaging For Quantum Error Mitigation,Soft Computing Models in Industrial and Environmental Applications,,,,10.1007/978-3-032-29254-4_33,Damian Choptiany,2026,https://link.springer.com/chapter/10.1007/978-3-032-29254-4_33,Conference paper
Employing General-Purpose and Biomedical Large Language Models with Advanced Prompt Engineering for Pharmacoepidemiologic Study Design,Pharmaceutical Research,,,,10.1007/s11095-026-04190-5,Xinyao ZhangNicole Sonne HeckmannManuela Del Castillo SueroFrancesco Paolo SpecaMaurizio Sessa,2026,https://link.springer.com/article/10.1007/s11095-026-04190-5,Article
Integrated IoT Solution for Electric Vehicle Charging Station System,Multi-disciplinary Trends in Artificial Intelligence,,,,10.1007/978-981-96-0692-4_4,Khuat Duc AnhDao Ba HoiPhan Thi Linh NganPhan Duy Hung,2025,https://link.springer.com/chapter/10.1007/978-981-96-0692-4_4,Conference paper
Parallelization of&#xa0;a&#xa0;Scientific Application Using Didal Distributed Data Library,Parallel Computing Technologies,,,,10.1007/978-3-032-06751-7_9,Georgy SchukinVladislav PerepelkinVictor Malyshkin,2026,https://link.springer.com/chapter/10.1007/978-3-032-06751-7_9,Conference paper
Composable Parallelism in&#xa0;Data Processing Tasks,Parallel Computational Technologies,,,,10.1007/978-3-032-22051-6_9,Vladimir BakhtinNikita KataevAlexander KolganovDmitry ZakharovAlexander SmirnovAnton Malahov,2026,https://link.springer.com/chapter/10.1007/978-3-032-22051-6_9,Conference paper
Multi-objective improvement of Android applications,Automated Software Engineering,,,,10.1007/s10515-024-00472-7,James CallanJustyna Petke,2024,https://link.springer.com/article/10.1007/s10515-024-00472-7,Article
Go2Pins: a framework for the LTL verification of Go programs (extended version),International Journal on Software Tools for Technology Transfer,,,,10.1007/s10009-022-00692-w,Alexandre KirszenbergAntoine MartinHugo MoreauEtienne Renault,2023,https://link.springer.com/article/10.1007/s10009-022-00692-w,Article
Quantum System on Chips,SOC-Based Solutions in Emerging Application Domains,,,,10.1007/978-3-031-85044-8_8,Veena S. ChakravarthiShivananda R. Koteshwar,2025,https://link.springer.com/chapter/10.1007/978-3-031-85044-8_8,Chapter
Performance evaluations of signed and unsigned noisy approximate quantum Fourier arithmetic,The Journal of Supercomputing,,,,10.1007/s11227-025-07819-1,Robert A. M. BasiliWenyang QianShiplu SarkerShuo TangAustin CastellinoMary Eshaghian-WilnerAshfaq KhokharGlenn LueckeJames P. Vary,2025,https://link.springer.com/article/10.1007/s11227-025-07819-1,Article
"Circuit-based vs. measurement-based quantum computing: a comparative analysis, layered metrics, and decision flow for approach selection",EPJ Quantum Technology,,,,10.1140/epjqt/s40507-026-00483-1,Harashta Tatimma LarasatiByung-Soo Choi,2026,https://link.springer.com/article/10.1140/epjqt/s40507-026-00483-1,Article
Fast Auto-differentiable Digitally Reconstructed Radiographs for&#xa0;Solving Inverse Problems in&#xa0;Intraoperative Imaging,Clinical Image-Based Procedures,,,,10.1007/978-3-031-23179-7_1,Vivek GopalakrishnanPolina Golland,2023,https://link.springer.com/chapter/10.1007/978-3-031-23179-7_1,Conference paper
Multi-source domain adaptive object detection under different privacy levels,Multimedia Systems,,,,10.1007/s00530-026-02472-x,Peggy Joy LuWei-Yu ChenChia-Yung JuiVincent S. TsengJen-Hui Chuang,2026,https://link.springer.com/article/10.1007/s00530-026-02472-x,Article
Identifier characteristics across programming languages and project domains: an empirical study,Empirical Software Engineering,,,,10.1007/s10664-026-10811-9,Iwo HerkaBartosz Biderman,2026,https://link.springer.com/article/10.1007/s10664-026-10811-9,Article
Reliability-aware compressive-strength prediction and inverse mix design of fly ash–GGBFS geopolymer concrete via conformal prediction,International Journal of Material Forming,,,,10.1007/s12289-026-02054-2,Gaurav JagadAmit Thoriya,2026,https://link.springer.com/article/10.1007/s12289-026-02054-2,Article
Characterizing Grover search algorithm on large-scale superconducting quantum computers,Scientific Reports,,,,10.1038/s41598-024-80188-6,Muhammad AbuGhanem,2025,https://link.springer.com/article/10.1038/s41598-024-80188-6,Article
Evolution of Entanglement Witness of Dicke State under Noise and Error Mitigation,International Journal of Theoretical Physics,,,,10.1007/s10773-025-06107-1,Tomis PrajapatiHarsh MehtaShreya BanerjeePrasanta K. PanigrahiV. Narayanan,2025,https://link.springer.com/article/10.1007/s10773-025-06107-1,Article
Output format biases in the evaluation of large language models for code translation,Empirical Software Engineering,,,,10.1007/s10664-025-10768-1,Marcos MacedoYuan TianFilipe R. CogoBram Adams,2025,https://link.springer.com/article/10.1007/s10664-025-10768-1,Article
A Comprehensive Study of Power Quality Improvement Techniques in Smart Grids with Renewable Energy Systems,Innovations in Electrical and Electronic Engineering,,,,10.1007/978-981-99-8289-9_18,Manpreet SinghLakhwinder Singh,2024,https://link.springer.com/chapter/10.1007/978-981-99-8289-9_18,Conference paper
"Traqula: Providing a&#xa0;Foundation for&#xa0;the Evolving SPARQL Ecosystem Through Modular Query Parsing, Transformation, and&#xa0;Generation",The Semantic Web,,,,10.1007/978-3-032-25159-6_13,Jitse De SmetRuben Taelman,2026,https://link.springer.com/chapter/10.1007/978-3-032-25159-6_13,Conference paper
Towards Blockchain Like SOA,Web Information Systems Engineering – WISE 2024,,,,10.1007/978-981-96-0570-5_22,Wafa Ben Slama SoueiBenoit CharrouxLayth SlimanRaoudha Ben Djemaa,2025,https://link.springer.com/chapter/10.1007/978-981-96-0570-5_22,Conference paper
Can Proof Assistants Verify Multi-agent Systems?,Multi-Agent Systems,,,,10.1007/978-3-031-93930-3_19,Julian Alfredo MendezTimotheus Kampik,2025,https://link.springer.com/chapter/10.1007/978-3-031-93930-3_19,Conference paper
Developing Javascript Library with&#xa0;Implicit Typing,Biologically Inspired Cognitive Architectures 2024,,,,10.1007/978-3-031-76516-2_38,Igor O. SlieptsovSegrey V. KosikovLarisa Y. Ismailova,2024,https://link.springer.com/chapter/10.1007/978-3-031-76516-2_38,Conference paper
Detecting Standard Library Functions in Obfuscated Code,Intelligent Systems and Applications,,,,10.1007/978-3-031-47724-9_11,Alexander ShroyerD. Martin Swany,2024,https://link.springer.com/chapter/10.1007/978-3-031-47724-9_11,Conference paper
Overview,Compiler Construction,,,,10.1007/978-3-031-84813-1_1,Hanspeter Mössenböck,2025,https://link.springer.com/chapter/10.1007/978-3-031-84813-1_1,Chapter
Rethinking LiDAR Domain Generalization: Single Source as&#xa0;Multiple Density Domains,Computer Vision – ECCV 2024,,,,10.1007/978-3-031-72661-3_18,Jaeyeul KimJungwan WooJeonghoon KimSunghoon Im,2025,https://link.springer.com/chapter/10.1007/978-3-031-72661-3_18,Conference paper
New Products Change the World and Companies,Industry 4.0 Compact – How Technologies Are Transforming Our Economy and Our Companies,,,,10.1007/978-3-658-51029-9_6,Walter Huber,2026,https://link.springer.com/chapter/10.1007/978-3-658-51029-9_6,Chapter
Performance-Portable Tensor Transpositions in&#xa0;MLIR,Languages and Compilers for Parallel Computing,,,,10.1007/978-3-032-02436-7_9,Mahesh LakshminarasimhanMahesh RavishankarMary HallP. Sadayappan,2026,https://link.springer.com/chapter/10.1007/978-3-032-02436-7_9,Conference paper
A Fine-Grained Small-Step Semantics for&#xa0;Interleaving Search,Functional and Logic Programming,,,,10.1007/978-981-92-0184-6_6,Brysen PfingstenJason Hemann,2026,https://link.springer.com/chapter/10.1007/978-981-92-0184-6_6,Conference paper
Efficient parallel compilation and profiling of quantum circuits at large scales,npj Unconventional Computing,,,,10.1038/s44335-026-00079-z,Jane MooreMichael HartJohn McAllister,2026,https://www.nature.com/articles/s44335-026-00079-z,Article
Quantum Algorithm for a Stochastic Multicloud Model,SOLA,,,,10.2151/sola.2025-006,Kazumasa UenoHiroaki Miura,2025,https://link.springer.com/article/10.2151/sola.2025-006,Article
Evaluating GPT’s Programming Capability Through CodeWars’ Katas,"Knowledge Science, Engineering and Management",,,,10.1007/978-981-97-5489-2_2,Zizhuo ZhangLian WenShaoyang ZhangDavid ChenYanfei Jiang,2024,https://link.springer.com/chapter/10.1007/978-981-97-5489-2_2,Conference paper
Importance of advancing antifungal treatments: a focus on chitinases and glucanases in Candida therapy,Archives of Microbiology,,,,10.1007/s00203-025-04366-4,Aadarsh GhuryeKiran Kumar KolathurM. S. DivyashreeV. M. SubrahmanyamRaghu Chandrashekar Hariharapura,2025,https://link.springer.com/article/10.1007/s00203-025-04366-4,Article
Quantum Software Ecosystem Design,Quantum Software,,,,10.1007/978-3-031-64136-7_7,Achim BasermannMichael EppingBenedikt FausewehMichael FeldererElisabeth LobeMelven Röhrig-ZöllnerGary SchmiedinghoffPeter K. SchuhmacherYoshinta SetyawatiAlexander Weinert,2024,https://link.springer.com/chapter/10.1007/978-3-031-64136-7_7,Chapter
Securing the private smart home: lightweight digital certificates for resource-constrained IoT networks,Cluster Computing,,,,10.1007/s10586-025-05630-4,Apoorv BedmuthaA. AnjaliAditya Trivedi,2025,https://link.springer.com/article/10.1007/s10586-025-05630-4,Article
"Barracuda: a dynamic, Turing-complete GPU virtual machine for high-performance simulations",Medical & Biological Engineering & Computing,,,,10.1007/s11517-025-03438-3,Phillip Duncan-GelderDarin O’KeeffePhilip J. BonesSteven Marsh,2025,https://link.springer.com/article/10.1007/s11517-025-03438-3,Article
"IBM quantum computers: evolution, performance, and future directions",The Journal of Supercomputing,,,,10.1007/s11227-025-07047-7,Muhammad AbuGhanem,2025,https://link.springer.com/article/10.1007/s11227-025-07047-7,Article
Optimising the quantum/classical interface for efficiency and portability with a multi-level hardware abstraction layer for quantum computers,EPJ Quantum Technology,,,,10.1140/epjqt/s40507-023-00192-z,Kenton M. BarnesAnton BuyskikhNicholas Y. ChenGabriel GallardoMarco GhibaudiMatthew J. A. RuszalaDaniel S. UnderwoodAbhishek AgarwalDeep LallIvan RunggerNikolaos Schoinas,2023,https://link.springer.com/article/10.1140/epjqt/s40507-023-00192-z,Article
Spectroscopy and Actinometry of Halogen-Containing Inductively Coupled Plasma for Anisotropic Etching,Russian Microelectronics,,,,10.1134/S106373972560013X,V. O. Kuzmenko,2025,https://link.springer.com/article/10.1134/S106373972560013X,Article
Overview and&#xa0;Experimental Analysis of&#xa0;the&#xa0;HHL Quantum Algorithm,"Dependable Computer Systems: Methods, Models, and Applications",,,,10.1007/978-3-032-27927-9_33,Dominik PawelecJakub BlukaczHubert SiewieraPaweł SiewieraAndrzej Kucharski,2026,https://link.springer.com/chapter/10.1007/978-3-032-27927-9_33,Conference paper
ARM SVE Unleashed: Performance and&#xa0;Insights Across HPC Applications on&#xa0;Nvidia Grace,Euro-Par 2025: Parallel Processing,,,,10.1007/978-3-031-99857-7_3,Ruimin ShiGabin SchiefferMaya GokhalePei-Hung LinHiren PatelIvy Peng,2026,https://link.springer.com/chapter/10.1007/978-3-031-99857-7_3,Conference paper
Biological Processes of Biogas Purification,Handbook of Biogas Energy,,,,10.1007/978-981-99-7917-2_23-1,Alok Kumar YadavUmesh Chandra SharmaSourav Maity,2026,https://link.springer.com/rwe/10.1007/978-981-99-7917-2_23-1,Living reference work entry
Evaluating few-shot and contrastive learning methods for code clone detection,Empirical Software Engineering,,,,10.1007/s10664-024-10441-z,Mohamad KhajezadeFatemeh H. FardMohamed S. Shehata,2024,https://link.springer.com/article/10.1007/s10664-024-10441-z,Article
RISC-dpi: Role Identification and Sequence Classification for Design Pattern Identification,SN Computer Science,,,,10.1007/s42979-026-04838-4,Hadis YarahmadiVahid RafeMaryam AmiriBahador Shojaiemehr,2026,https://link.springer.com/article/10.1007/s42979-026-04838-4,Article
Global emissions of polychlorinated naphthalenes from 1912 to 2050,Nature Communications,,,,10.1038/s41467-024-55453-x,Yuyan LuoYechao ShenMinghui ZhengGuorui Liu,2024,https://link.springer.com/article/10.1038/s41467-024-55453-x,Article
TNBS: A Kernel-Based Benchmarking for&#xa0;Digital Quantum Computers,Euro-Par 2024: Parallel Processing Workshops,,,,10.1007/978-3-031-90200-0_3,Gonzalo FerroOluwatosin OdubanjoDiego AndradeAndrés Gómez,2025,https://link.springer.com/chapter/10.1007/978-3-031-90200-0_3,Conference paper
Resorbable Polymer-Based Additive Manufacturing Techniques for Bioimplants,Resorbable Polymers for Bioimplants and Fixation Devices,,,,10.1007/978-981-96-9306-1_10,Revathi DevulapalliSubhasree PandaS. K. Khadheer Pasha,2025,https://link.springer.com/chapter/10.1007/978-981-96-9306-1_10,Chapter
Unified Physical Parameters-Based Analytical Drain Current Model of Amorphous-InGaZnO TFTs for Emerging Display Technology,Mobile Radio Communications and 5G Networks,,,,10.1007/978-981-19-7982-8_45,Ashima SharmaPydi Ganga BahubalindruniManisha BhartiPedro Barquinha,2023,https://link.springer.com/chapter/10.1007/978-981-19-7982-8_45,Conference paper
Evolving scientific code adaptations with modularization frameworks,Automated Software Engineering,,,,10.1007/s10515-023-00393-x,Pilsung Kang,2023,https://link.springer.com/article/10.1007/s10515-023-00393-x,Article
Integrated Contract-Based Unit and&#xa0;System Testing for&#xa0;Component-Based Systems,NASA Formal Methods,,,,10.1007/978-3-031-60698-4_25,John HatcliffJason BeltRobbyDavid Hardin,2024,https://link.springer.com/chapter/10.1007/978-3-031-60698-4_25,Conference paper
Universal Graph Theory Operations for&#xa0;Graph State Preparation,Reversible Computation,,,,10.1007/978-3-031-97063-4_5,Tristan CamCyril GavoilleYvan Le BorgneSimon Martiel,2025,https://link.springer.com/chapter/10.1007/978-3-031-97063-4_5,Conference paper
Methodologies for Designing and Integrating the Semantic Layer,"Bridging Knowledge, Data, and AI",,,,10.1007/978-3-032-17178-8_3,Joseph HilgerLulit TesfayeZachary Wahl,2026,https://link.springer.com/chapter/10.1007/978-3-032-17178-8_3,Chapter
Nishimori transition across the error threshold for constant-depth quantum circuits,Nature Physics,,,,10.1038/s41567-024-02696-6,Edward H. ChenGuo-Yi ZhuRuben VerresenAlireza SeifElisa BäumerDavid LaydenNathanan TantivasadakarnGuanyu ZhuSarah SheldonAshvin VishwanathSimon TrebstAbhinav Kandala,2024,https://link.springer.com/article/10.1038/s41567-024-02696-6,Article
4D de Sitter from string theory via 6D supergravity,Journal of High Energy Physics,,,,10.1007/JHEP11(2025)137,C. P. BurgessF. MuiaF. Quevedo,2025,https://link.springer.com/article/10.1007/JHEP11(2025)137,Article
Efficient realization of quantum algorithms with qudits,EPJ Quantum Technology,,,,10.1140/epjqt/s40507-024-00250-0,Anastasiia S. NikolaevaEvgeniy O. KiktenkoAleksey K. Fedorov,2024,https://link.springer.com/article/10.1140/epjqt/s40507-024-00250-0,Article
Unleashing the expressive power of pulse-based quantum neural networks,Quantum Machine Intelligence,,,,10.1007/s42484-025-00332-x,Han-Xiao TaoJiaqi HuRe-Bing Wu,2025,https://link.springer.com/article/10.1007/s42484-025-00332-x,Article
Machine learning for practical quantum error mitigation,Nature Machine Intelligence,,,,10.1038/s42256-024-00927-2,Haoran LiaoDerek S. WangIskandar SitdikovCiro SalcedoAlireza SeifZlatko K. Minev,2024,https://link.springer.com/article/10.1038/s42256-024-00927-2,Article
What Do HPC Applications Look Like?,High Performance Computing in Clouds,,,,10.1007/978-3-031-29769-4_3,Claude Tadonki,2023,https://link.springer.com/chapter/10.1007/978-3-031-29769-4_3,Chapter
Pair programming with ChatGPT for sampling and estimation of copulas,Computational Statistics,,,,10.1007/s00180-023-01437-2,Jan Górecki,2023,https://link.springer.com/article/10.1007/s00180-023-01437-2,Article
Prediction of electrode microstructure evolutions with physically constrained unsupervised image-to-image translation networks,npj Computational Materials,,,,10.1038/s41524-024-01228-3,Anna SciazkoYosuke KomatsuTakaaki ShimuraNaoki Shikazono,2024,https://link.springer.com/article/10.1038/s41524-024-01228-3,Article
Results of Comparative Mechanical Properties Testing of Polymer Materials Samples,Proceedings of the 11th International Conference on Industrial Engineering,,,,10.1007/978-3-032-02558-6_40,P. D. PolukhinA. R. RubanA. V. Melnikov,2025,https://link.springer.com/chapter/10.1007/978-3-032-02558-6_40,Conference paper
Deep quantum circuit simulations of low-energy nuclear states,The European Physical Journal A,,,,10.1140/epja/s10050-024-01286-7,Ang LiAlessandro BaroniIonel StetcuTravis S. Humble,2024,https://link.springer.com/article/10.1140/epja/s10050-024-01286-7,Article
Biology System Description Language (BiSDL): a modeling language for the design of multicellular synthetic biological systems,BMC Bioinformatics,,,,10.1186/s12859-024-05782-x,Leonardo GiannantoniRoberta BardiniAlessandro SavinoStefano Di Carlo,2024,https://link.springer.com/article/10.1186/s12859-024-05782-x,Article
SQL on FHIR - Tabular views of FHIR data using FHIRPath,npj Digital Medicine,,,,10.1038/s41746-025-01708-w,John GrimesRyan BrushNikolai RhyzhikovPiotr SzulJoshua MandelDan GottliebGrahame GrieveBashir SadjadArjun Sanyal,2025,https://link.springer.com/article/10.1038/s41746-025-01708-w,Article
Federated TinyML and digital twin framework for secure and resilient IoMT-based ICU monitoring,Scientific Reports,,,,10.1038/s41598-026-62561-9,Umar Hayat KhanRahim KhanTahani AlsaediSamia Allaoua ChellougFahad AlturiseSalem Alkhalaf,2026,https://link.springer.com/article/10.1038/s41598-026-62561-9,Article
Quantum-classical adaptive autoencoding of time-series signals for secure biometric authentication,Quantum Machine Intelligence,,,,10.1007/s42484-026-00417-1,Sandip DuttaBiswajit BasuSoumen RoyUtpal Roy,2026,https://link.springer.com/article/10.1007/s42484-026-00417-1,Article
Identifying obfuscated code through graph-based semantic analysis of binary code,Applied Network Science,,,,10.1007/s41109-025-00733-8,Roxane CohenRobin DavidFlorian YgerFabrice Rossi,2025,https://link.springer.com/article/10.1007/s41109-025-00733-8,Article
Quantum-classical embedding via ghost Gutzwiller approximation for enhanced simulations of correlated electron systems,npj Quantum Information,,,,10.1038/s41534-026-01244-9,I-Chi ChenAleksei KhindanovCarlos Munoz SalazarHumberto Munoz BaronaGhaidaa HarrabiFeng ZhangCai-Zhuang WangThomas IadecolaNicola LanatàYong-Xin Yao,2026,https://link.springer.com/article/10.1038/s41534-026-01244-9,Article
Analyzing the influence of digitalization on labour market trends and social structures,Computational and Mathematical Organization Theory,,,,10.1007/s10588-026-09443-7,Beibei SunRobert Tian,2026,https://link.springer.com/article/10.1007/s10588-026-09443-7,Article
"Quantum computing for edge AI: opportunities, challenges, and future research directions",The Journal of Supercomputing,,,,10.1007/s11227-026-08436-2,Hoa Tran-DangDong-Seong Kim,2026,https://link.springer.com/article/10.1007/s11227-026-08436-2,Article
Magic state injection on IBM quantum processors above the distillation threshold,Scientific Reports,,,,10.1038/s41598-026-40381-1,Younghun KimMartin SeviorMuhammad Usman,2026,https://link.springer.com/article/10.1038/s41598-026-40381-1,Article
Quantum Artificial Intelligence: A Brief Survey,KI - Künstliche Intelligenz,,,,10.1007/s13218-024-00871-8,Matthias KluschJörg LässigDaniel MüssigAntonio MacalusoFrank K. Wilhelm,2024,https://link.springer.com/article/10.1007/s13218-024-00871-8,Article
Dynamical simulations of many-body quantum chaos on a quantum computer,Nature Physics,,,,10.1038/s41567-025-03144-9,Laurin E. FischerMatea LeahyAndrew EddinsNathan KeenanDavide FerracinMatteo A. C. RossiYoungseok KimAndre HeFrancesca PietracaprinaBoris SokolovShane DooleyZoltán ZimborásFrancesco TacchinoSabrina ManiscalcoJohn GooldGuillermo García-PérezIvano TavernelliAbhinav KandalaSergey N. Filippov,2026,https://link.springer.com/article/10.1038/s41567-025-03144-9,Article
Quantum state transfer: interplay between gate and readout errors,Quantum Information Processing,,,,10.1007/s11128-023-04030-0,Bharat ThotakuraTzu-Chieh Wei,2023,https://link.springer.com/article/10.1007/s11128-023-04030-0,Article
Prophylactic para-aortic irradiation vs pelvic radiotherapy in pelvic node-positive carcinoma cervix in the setting of concurrent chemoradiation: a phase II open-label multi centric randomized controlled trial (PRO-PARA),Trials,,,,10.1186/s13063-026-09618-2,Tapesh BhattacharyyaBhavana RaiSantam ChakrabortySrinivas GYShirley Lewis ChristabelPritanjali SinghAnurupa MahataSamar MandalGaurav TrivediSreekripa RaoAnkita MehtaOindrila RoychowdhurySougata Maity,2026,https://link.springer.com/article/10.1186/s13063-026-09618-2,Article
A Review of Quantum Computing Systems and Software,Journal of Computer Science and Technology,,,,10.1007/s11390-025-5953-3,Jian-Wei YinZi-Rong ChenShun PengHao-Chen LuoChen-Ning TaoSi-Wei TanLi-Qiang Lu,2026,https://link.springer.com/article/10.1007/s11390-025-5953-3,Article
Exhaustive Search for&#xa0;Quantum Circuit Optimization Using ZX Calculus,Optimization and Learning,,,,10.1007/978-3-032-13589-6_18,Tobias FischbachPierre TalbotPascal Bouvry,2026,https://link.springer.com/chapter/10.1007/978-3-032-13589-6_18,Conference paper
Modeling quantum volume using randomized benchmarking of Room-Temperature NV center quantum registers,npj Quantum Information,,,,10.1038/s41534-025-01164-0,Tom JägerMinSik KwonMax KellerRouven MaierNicholas BronnRegina FinsterhoelzlGuido BurkardLeon BüttnerRebekka EberleDaniel HähnelVadim VorobyovJörg Wrachtrup,2025,https://link.springer.com/article/10.1038/s41534-025-01164-0,Article
OdeShell: An Interactive Tool and&#xa0;a&#xa0;Specific Domain Language to&#xa0;Develop Models Based on&#xa0;Ordinary Differential Equations,Computational Science and Its Applications – ICCSA 2023,,,,10.1007/978-3-031-36808-0_25,Rafael Sachetto OliveiraCarolina Ribeiro Xavier,2023,https://link.springer.com/chapter/10.1007/978-3-031-36808-0_25,Conference paper
Improved arithmetic efficiency in TFHE through gate-level optimizations,The Journal of Supercomputing,,,,10.1007/s11227-025-08107-8,Faris Serdar TaşelAyşe Nurdan Saran,2025,https://link.springer.com/article/10.1007/s11227-025-08107-8,Article
Rethinking Answer Set Programming Templates,Practical Aspects of Declarative Languages,,,,10.1007/978-3-031-52038-9_6,Mario AlvianoGiovambattista IanniFrancesco PacenzaJessica Zangari,2023,https://link.springer.com/chapter/10.1007/978-3-031-52038-9_6,Conference paper
Programming GPUs with&#xa0;OpenMP and&#xa0;Python,OpenMP: Balancing Productivity and Performance Portability,,,,10.1007/978-3-032-06343-4_14,Giorgis GeorgakoudisTodd A. AndersonStuart ArchibaldBronis R. de SupinskiTimothy G. Mattson,2026,https://link.springer.com/chapter/10.1007/978-3-032-06343-4_14,Conference paper
Improving post-pandemic online learning experiences for minority students: An exploratory study,Learning Environments Research,,,,10.1007/s10984-025-09562-z,Emily M. CramerJean Claude KwitondaWei SunNoha Hazzazi,2025,https://link.springer.com/article/10.1007/s10984-025-09562-z,Article
p-adaptive discontinuous Galerkin method for the shallow water equations on heterogeneous computing architectures,GEM - International Journal on Geomathematics,,,,10.1007/s13137-025-00267-2,Sara Faghih-NainiVadym AizingerSebastian KuckukRichard AngersbachHarald Köstler,2025,https://link.springer.com/article/10.1007/s13137-025-00267-2,Article
Experimenting with Quantum True Random Number Generators on NISQ Computers Using High-level Quantum Programming,International Journal of Theoretical Physics,,,,10.1007/s10773-025-06104-4,Vaishnavi Kumar,2025,https://link.springer.com/article/10.1007/s10773-025-06104-4,Article
Text-to-Image Generation,Generative Artificial Intelligence,,,,10.1007/979-8-8688-0403-8_2,Shivam R SolankiDrupad K Khublani,2024,https://link.springer.com/chapter/10.1007/979-8-8688-0403-8_2,Chapter
Automated property-based testing from AADL component contracts,International Journal on Software Tools for Technology Transfer,,,,10.1007/s10009-025-00792-3,John HatcliffJason BeltRobbyJacob LeggDanielle StewartTodd Carpenter,2025,https://link.springer.com/article/10.1007/s10009-025-00792-3,Article
Compact dusty starbursts at cosmic noon linked to high-energy neutrinos,Nature Astronomy,,,,10.1038/s41550-026-02884-9,Yuji UrataKuiyun HuangBunyo HatsukadeMansi KasliwalShigeo S. KimuraYuichi MatsudaYusuke MiyamotoHiroshi NagaiKouichiro NakanishiRobert Stein,2026,https://link.springer.com/article/10.1038/s41550-026-02884-9,Article
A low-power 10Gb/s CMOS clock and data recovery circuit with a quarter-rate phase detector,Analog Integrated Circuits and Signal Processing,,,,10.1007/s10470-023-02242-z,Hamed SafariHassan Faraji BaghtashEsmaeil Najafi Aghdam,2024,https://link.springer.com/article/10.1007/s10470-023-02242-z,Article
A communication subspace relays context-dependent actions from human prefrontal to motor cortex,Nature Neuroscience,,,,10.1038/s41593-026-02290-4,Neha BinishJonas TerlauJan MartiniJack J. LinRobert T. KnightRandolph F. Helfrich,2026,https://link.springer.com/article/10.1038/s41593-026-02290-4,Article
Hardware-aware Toffoli gate decomposition via echoed cross-resonance gates,Quantum Studies: Mathematics and Foundations,,,,10.1007/s40509-025-00369-4,Muhammad AbuGhanem,2025,https://link.springer.com/article/10.1007/s40509-025-00369-4,Article
A systematic review of strategic approaches and applications in quantum computing,Optical and Quantum Electronics,,,,10.1007/s11082-025-08364-0,Neha SharmaVikas Saxena,2025,https://link.springer.com/article/10.1007/s11082-025-08364-0,Article
Dead Gate Elimination,Computational Science – ICCS 2025,,,,10.1007/978-3-031-97632-2_10,Yanbin ChenChristian B. MendlHelmut Seidl,2025,https://link.springer.com/chapter/10.1007/978-3-031-97632-2_10,Conference paper
Software Flow for&#xa0;Quantum Computing,Computational Technologies and Electronics,,,,10.1007/978-3-031-81981-0_18,Debjyoti BhattacharjeeAmit SahaJunde LiKoustubh PhalakAvimita ChatterjeeJeremie PopeSwaroop GhoshAnupam Chattopadhyay,2025,https://link.springer.com/chapter/10.1007/978-3-031-81981-0_18,Conference paper
Logika: The Sireum Verification Framework,Formal Methods for Industrial Critical Systems,,,,10.1007/978-3-031-68150-9_6,RobbyJohn HatcliffJason Belt,2024,https://link.springer.com/chapter/10.1007/978-3-031-68150-9_6,Conference paper
Data challenges and prospects of high-resolution spectroscopy of exoplanets,Nature Reviews Physics,,,,10.1038/s42254-025-00839-z,Sergei N. YurchenkoJonathan TennysonMatteo Brogi,2025,https://link.springer.com/article/10.1038/s42254-025-00839-z,Article
Automatic Approximation of Computer Systems Through Multi-objective Optimization,Design and Applications of Emerging Computer Systems,,,,10.1007/978-3-031-42478-6_15,Mario BarbareschiSalvatore BaroneAlberto BosioMarcello Traiola,2024,https://link.springer.com/chapter/10.1007/978-3-031-42478-6_15,Chapter
Source Code Vulnerability Detection Based on&#xa0;Graph Structure Representation and&#xa0;Attention Mechanisms,"Advances in Internet, Data & Web Technologies",,,,10.1007/978-3-031-53555-0_6,Yiran SunZiqi WangKewei LiuBaojiang Cui,2024,https://link.springer.com/chapter/10.1007/978-3-031-53555-0_6,Conference paper
Understanding the adoption of modern Javascript features: An empirical study on open-source systems,Empirical Software Engineering,,,,10.1007/s10664-025-10663-9,Walter LucasRafael NunesRodrigo BonifácioFausto CarvalhoRicardo LimaMichael SilvaAdriano TorresPaola AcciolyEduardo MonteiroJoão Saraiva,2025,https://link.springer.com/article/10.1007/s10664-025-10663-9,Article
AURA: Precise Abstract Interpretation of&#xa0;Probabilistic Programs with&#xa0;Interval Data Uncertainty,Static Analysis,,,,10.1007/978-3-032-07106-4_6,Zixin HuangJacob LaurelSaikat DuttaSasa Misailovic,2026,https://link.springer.com/chapter/10.1007/978-3-032-07106-4_6,Conference paper
Spatiotemporal mapping of Swiss exterior wall material stock using a large language model and architectural history,Journal of Industrial Ecology,,,,10.1111/jiec.70058,Carlo SchmidFabian KastnerDachuan ZhangSilke LangenbergStefanie Hellweg,2025,https://link.springer.com/article/10.1111/jiec.70058,Article
MetaOCaml: Ten Years Later,Functional and Logic Programming,,,,10.1007/978-981-97-2300-3_12,Oleg Kiselyov,2024,https://link.springer.com/chapter/10.1007/978-981-97-2300-3_12,Conference paper
Implementation of a validation protocol to ensure a reliable assessment of the biomethane quality: practical demonstration of its fit-for-purpose using ISO 2620:2024 to comply with the requirements set in the EN 16723 standards,Accreditation and Quality Assurance,,,,10.1007/s00769-025-01673-7,Sandra HultmarkKarine ArrheniusLucy CulletonChristopher BamforthNur Ain Nazirah Binti NajurudeenOliver WilliamsJianrong LiStefan PersijnIris de KromKatarina Hafner-VukJan BeranekPetra DědkováJudit FűkőTamás BükiTanil TarhanAylin BoztepeDilara Kurt,2025,https://link.springer.com/article/10.1007/s00769-025-01673-7,Article
JutulDarcy.jl - a fully differentiable high-performance reservoir simulator based on automatic differentiation,Computational Geosciences,,,,10.1007/s10596-025-10366-6,Olav Møyner,2025,https://link.springer.com/article/10.1007/s10596-025-10366-6,Article
Do Quantum Kernels Improve Medical Image Classification? A Leakage-Controlled Benchmark Against Classical RBF-SVM,Journal of Imaging Informatics in Medicine,,,,10.1007/s10278-026-02270-x,M. Usman HashmiM. Adnan HashmiMuazzam AliRaheem Sarwar,2026,https://link.springer.com/article/10.1007/s10278-026-02270-x,Article
Analysis of bulk stable isotopes and trophic positions of invasive lionfish (<i>Pterois volitans</i>) on deep versus shallow reefs at Curacao,Biological Invasions,,,,10.1007/s10530-024-03476-2,Megan M. EwingRachel WelickyCarole C. BaldwinD. Ross RobertsonKatherine P. MaslenikovLuke Tornabene,2024,https://link.springer.com/article/10.1007/s10530-024-03476-2,Article
Quantum error mitigation via quantum-noise-effect circuit groups,Scientific Reports,,,,10.1038/s41598-024-52485-7,Yusuke HamaHirofumi Nishi,2024,https://link.springer.com/article/10.1038/s41598-024-52485-7,Article
Fuzzing frameworks for server-side web applications: a survey,International Journal of Information Security,,,,10.1007/s10207-024-00979-w,I Putu Arya DharmaadiElias AthanasopoulosFatih Turkmen,2025,https://link.springer.com/article/10.1007/s10207-024-00979-w,Article
Better-than-classical Grover search via quantum error detection and suppression,npj Quantum Information,,,,10.1038/s41534-023-00794-6,Bibek PokharelDaniel A. Lidar,2024,https://link.springer.com/article/10.1038/s41534-023-00794-6,Article
Scope and limitations of heritage-based resilience: some reflections from Nepal,Built Heritage,,,,10.1186/s43238-023-00094-0,Neel Kamal Chapagain,2023,https://link.springer.com/article/10.1186/s43238-023-00094-0,Article
A pulsar-like polarization angle swing from a nearby fast radio burst,Nature,,,,10.1038/s41586-024-08184-4,Ryan MckinvenMohit BhardwajTarraneh EftekhariCharles D. KilpatrickAida KirichenkoArpan PalAmanda M. CookB. M. GaenslerUtkarsh GiriVictoria M. KaspiDaniele MichilliKenzie NimmoAaron B. PearlmanZiggy PleunisKetan R. SandIngrid StairsBridget C. AndersenShion AndrewKevin BanduraCharanjot BrarTomas CassanelliShami ChatterjeeAlice P. CurtinFengqiu Adam DongGwendolyn EadieEmmanuel FonsecaAdaeze L. IbikJane F. KaczmarekBikash KharelMattias LazdaCalvin LeungDongzi LiRobert MainKiyoshi W. MasuiJuan Mena-ParraCherry NgAyush PandhiSwarali Shivraj PatilJ. Xavier ProchaskaMasoud Rafiei-RavandiPaul ScholzVishwangi ShahKaitlyn ShinKendrick Smith,2025,https://link.springer.com/article/10.1038/s41586-024-08184-4,Article
An efficient quantum algorithm for preparation of uniform quantum superposition states,Quantum Information Processing,,,,10.1007/s11128-024-04258-4,Alok ShuklaPrakash Vedula,2024,https://link.springer.com/article/10.1007/s11128-024-04258-4,Article
A database of <i>in situ</i> water temperatures for large inland lakes across the coterminous United States,Scientific Data,,,,10.1038/s41597-024-03103-8,Troy SorensenEamon EspeyJohn G. W. KelleyJames KesslerAndrew D. Gronewold,2024,https://link.springer.com/article/10.1038/s41597-024-03103-8,Article
Analysing Satellite Imagery Classification under Spatial Domain Shift across Geographic Regions,International Journal of Computer Vision,,,,10.1007/s11263-025-02518-z,Sara A. Al-EmadiYin YangFerda Ofli,2025,https://link.springer.com/article/10.1007/s11263-025-02518-z,Article
Advancing Quantum Computing with&#xa0;Formal Methods,Formal Methods,,,,10.1007/978-3-031-71177-0_25,Arend-Jan QuistJingyi MeiTim CoopmansAlfons Laarman,2025,https://link.springer.com/chapter/10.1007/978-3-031-71177-0_25,Conference paper
Extending parallel programming patterns with adaptability features,Cluster Computing,,,,10.1007/s10586-024-04622-0,Guilherme GalanteRodrigo da Rosa RighiCristiane de Andrade,2024,https://link.springer.com/article/10.1007/s10586-024-04622-0,Article
Reverse Osmosis,"Boiler Operation Engineering, 4e, Volume 2",,,,10.1007/978-981-96-3793-5_3,Parthasarathi Chattopadhyay,2026,https://link.springer.com/chapter/10.1007/978-981-96-3793-5_3,Chapter
Near-source emission profiling of post-monsoon crop residue fires in N-W India,npj Clean Air,,,,10.1038/s44407-026-00099-w,Anjanay PandeyVikram SinghUmer AliMohd FaisalAjit KumarVikas GoelYufang HaoSuman MorKhaiwal RavindraKaspar R. DaellenbachAndré S. H. PrévôtMayank Kumar,2026,https://www.nature.com/articles/s44407-026-00099-w,Article
Quantum Circuit for Random Forest Prediction,Russian Microelectronics,,,,10.1134/S1063739723600619,L. SafinaK. KhadievI. ZinnatullinA. Khadieva,2023,https://link.springer.com/article/10.1134/S1063739723600619,Article
The Quantum Optimization Benchmarking Library,Nature Computational Science,,,,10.1038/s43588-026-00991-1,Thorsten KochDavid E. Bernal NeiraYing ChenGiorgio CortianaDaniel J. EggerRaoul HeeseNarendra N. HegadeAlejandro Gomez CadavidRhea HuangToshinari ItokoThomas KleinertPedro Maciel XavierNaeimeh MohseniJhon A. Montanez-BarreraKoji NakanoGiacomo NanniciniCorey O’MearaJustin PauckertManuel ProisslAnurag RameshMaximilian SchickerNoriaki ShimadaMitsuharu TakeoriVíctor VallsDavid Van BulckStefan WoernerChrista Zoufal,2026,https://link.springer.com/article/10.1038/s43588-026-00991-1,Article
A Concrete Syntax Transformation Approach for Software Language Processing,SN Computer Science,,,,10.1007/s42979-024-02979-y,Kevin LanoQiaomu XueHoward Haughton,2024,https://link.springer.com/article/10.1007/s42979-024-02979-y,Article
"Waiter and&#xa0;AUTRATAC: Don’t Throw It Away, Just Delay!",Web Engineering,,,,10.1007/978-3-031-34444-2_20,Lucas VogelThomas Springer,2023,https://link.springer.com/chapter/10.1007/978-3-031-34444-2_20,Conference paper
<i>swCUDA</i>: Auto parallel code translation framework from CUDA to ATHREAD for new generation sunway supercomputer,CCF Transactions on High Performance Computing,,,,10.1007/s42514-023-00159-7,Maoxue YuGuanghao MaZhuoya WangShuai TangYuhu ChenYucheng WangYuanyuan LiuDongning JiaZhiqiang Wei,2024,https://link.springer.com/article/10.1007/s42514-023-00159-7,Article
Confounder-aware foundation modeling for accurate phenotype profiling in cell imaging,npj Imaging,,,,10.1038/s44303-025-00116-9,Giorgos PapanastasiouPedro P. SanchezArgyrios ChristodoulidisGuang YangWalter Hugo Lopez Pinaya,2025,https://www.nature.com/articles/s44303-025-00116-9,Article
Dynamic full quantum one-way function based on quantum circuit mapping,Quantum Information Processing,,,,10.1007/s11128-023-04065-3,Yao TangTao ShangJianwei Liu,2023,https://link.springer.com/article/10.1007/s11128-023-04065-3,Article
"Meditation, Mindfulness, and Prayer: Three Spiritual Modalities Utilized for Healing",Journal of Religion and Health,,,,10.1007/s10943-024-02122-4,Jeff Levin,2024,https://link.springer.com/article/10.1007/s10943-024-02122-4,Article
Fault-Tolerant Network-On-Chip,Built-in Fault-Tolerant Computing Paradigm for Resilient Large-Scale Chip Design,,,,10.1007/978-981-19-8551-5_4,Xiaowei LiGuihai YanCheng Liu,2023,https://link.springer.com/chapter/10.1007/978-981-19-8551-5_4,Chapter
Solving linear systems on quantum hardware with hybrid HHL<sup>++</sup>,Scientific Reports,,,,10.1038/s41598-024-69077-0,Romina YalovetzkyPierre MinssenDylan HermanMarco Pistoia,2024,https://link.springer.com/article/10.1038/s41598-024-69077-0,Article
Wordlength Optimization for&#xa0;Custom Floating-Point Systems,Design and Architectures for Signal and Image Processing,,,,10.1007/978-3-031-62874-0_4,Quentin MilotMickaël DardaillonJustine BonnotDaniel Menard,2024,https://link.springer.com/chapter/10.1007/978-3-031-62874-0_4,Conference paper
Demonstrating multi-round subsystem quantum error correction using matching and maximum likelihood decoders,Nature Communications,,,,10.1038/s41467-023-38247-5,Neereja SundaresanTheodore J. YoderYoungseok KimMuyuan LiEdward H. ChenGrace HarperTed ThorbeckAndrew W. CrossAntonio D. CórcolesMaika Takita,2023,https://link.springer.com/article/10.1038/s41467-023-38247-5,Article
Quantum-enhanced forecasting and scheduling in integrated energy systems: hierarchical framework and application guide,Quantum Machine Intelligence,,,,10.1007/s42484-026-00437-x,Shujun LiuYiting HeJiangbo WuXiaoze DuHongwei Wu,2026,https://link.springer.com/article/10.1007/s42484-026-00437-x,Article
Quantum neural operators with implicit quadratic frame and expressivity advantages,Nature Machine Intelligence,,,,10.1038/s42256-026-01289-7,Ruocheng WangXiaoqiu ZhongZhuo XiaJunchi Yan,2026,https://link.springer.com/article/10.1038/s42256-026-01289-7,Article
Artificial intelligence-enhanced quantum–Bernoulli framework for seismic forecasting,Journal of Earth System Science,,,,10.1007/s12040-026-02933-x,Imen ZiadiNejla EssaddiMongi Besbes,2026,https://link.springer.com/article/10.1007/s12040-026-02933-x,Article
Quantum image processing filters based on FRQI representation,Quantum Information Processing,,,,10.1007/s11128-026-05321-y,Amir Hossein Salehi Shayegan,2026,https://link.springer.com/article/10.1007/s11128-026-05321-y,Article
Interacting non-Hermitian edge and cluster bursts on a digital quantum processor,Nature Communications,,,,10.1038/s41467-026-75904-x,Jin Ming KohWen-Tan XueTommy TaiDax Enshan KohChing Hua Lee,2026,https://link.springer.com/article/10.1038/s41467-026-75904-x,Article
O2ath: an OpenMP offloading toolkit for the sunway heterogeneous manycore platform,CCF Transactions on High Performance Computing,,,,10.1007/s42514-024-00191-1,Haoran LinLifeng YanQixin ChangHaitian LuChenlin LiQuanjie HeZeyu SongXiaohui DuanZekun YinYuxuan LiZhao LiuWei XueHaohuan FuLin GanGuangwen YangWeiguo Liu,2024,https://link.springer.com/article/10.1007/s42514-024-00191-1,Article
Reversible imprinting and retrieval of quantum information: experimental verification of the Quantum Memory Matrix hypothesis,Quantum Information Processing,,,,10.1007/s11128-026-05292-0,Florian NeukartEike MarxValerii Vinokur,2026,https://link.springer.com/article/10.1007/s11128-026-05292-0,Article
Scaling active spaces in simulations of surface reactions through sample-based quantum diagonalization,Scientific Reports,,,,10.1038/s41598-026-58228-0,Marco Antonio BarrocaTanvi P. GujaratiVidushi SharmaRodrigo Neumann Barros FerreiraYoung-Hye NaMaxwell GiammonaAntonio MezzacapoBenjamin WunschMathias B. Steiner,2026,https://link.springer.com/article/10.1038/s41598-026-58228-0,Article
Quantum Machine Learning for Biomedical Classification Problems: A Feasibility Study on Real Quantum Hardware,Annals of Biomedical Engineering,,,,10.1007/s10439-026-04204-8,Hongbin LiuZhemin ZhangKangyu ZhengZhiding LiangChi-Sheng ChenChristopher CarothersJuergen Hahn,2026,https://link.springer.com/article/10.1007/s10439-026-04204-8,Article
Parameterized quantum random number generators for superconducting quantum hardware: novel architectures and NIST SP 800-22 evaluation under IBM noisy simulators,Scientific Reports,,,,10.1038/s41598-026-51033-9,Ramin SalehiAsad W. MalikMark A. NovotnySamee U. Khan,2026,https://link.springer.com/article/10.1038/s41598-026-51033-9,Article
Generalized Toffoli gates with customizable single-step multiple-qubit control,npj Quantum Information,,,,10.1038/s41534-026-01240-z,Chung-Kai WuDah-Wei ChiouJie-Hong Roland Jiang,2026,https://link.springer.com/article/10.1038/s41534-026-01240-z,Article
Enhancing scalability and accuracy of quantum poisson solver,Quantum Information Processing,,,,10.1007/s11128-024-04420-y,Kamal K. SahaWalter RobsonConnor HowingtonIn-Saeng SuhZhimin WangJaroslaw Nabrzyski,2024,https://link.springer.com/article/10.1007/s11128-024-04420-y,Article
"A review of quantum machine learning algorithms, applications, and emerging advantages",Discover Computing,,,,10.1007/s10791-026-10085-1,Shreeya Sanjeev GokhaleRishit Ravi DhoteRadhakrishnan Delhibabu,2026,https://link.springer.com/article/10.1007/s10791-026-10085-1,Article
Optimized production of Tb-155 by mass separation using Ta-based target materials at the CERN-MEDICIS facility,The European Physical Journal Plus,,,,10.1140/epjp/s13360-026-08277-1,Patricija KalninaCharlotte DucheminEdgars MamisElodie AubertNadine ConanMatthieu DeschampsAlexandre DorsivalLaura LambertElina PajusteRalf Erik RosselThierry StoraJoachim VollaireJulie Zucchi,2026,https://link.springer.com/article/10.1140/epjp/s13360-026-08277-1,Article
Designing minimalistic variational quantum ansatz inspired by algorithmic cooling,Journal of the Korean Physical Society,,,,10.1007/s40042-026-01627-3,Soyoung ShinHa Eum KimJaewan KimHyeonjun YeoWonho JheKabgyun Jeong,2026,https://link.springer.com/article/10.1007/s40042-026-01627-3,Article
Digitized counterdiabatic quantum critical dynamics,npj Quantum Information,,,,10.1038/s41534-026-01208-z,Anne-Maria VisuriAlejandro Gomez CadavidBalaganchi A. BhargavaSebastián V. RomeroAndrás GrabaritsPranav ChandaranaEnrique SolanoAdolfo del CampoNarendra N. Hegade,2026,https://link.springer.com/article/10.1038/s41534-026-01208-z,Article
Memory Aware Design Optimisation for High-Level Synthesis,Journal of Signal Processing Systems,,,,10.1007/s11265-024-01938-3,André Bannwart PerinaJürgen BeckerVanderlei Bonato,2024,https://link.springer.com/article/10.1007/s11265-024-01938-3,Article
Humanitarian Applications,Cloud-Based Remote Sensing with Google Earth Engine,,,,10.1007/978-3-031-26588-4_38,Jamon Van Den HoekHannah K. Friedrich,2024,https://link.springer.com/chapter/10.1007/978-3-031-26588-4_38,Chapter
Challenges in Corpus Construction for Thai-English Machine Translation,Intelligent Computing & Optimization,,,,10.1007/978-3-031-19958-5_42,Séamus Lyons,2023,https://link.springer.com/chapter/10.1007/978-3-031-19958-5_42,Conference paper
Optimal uniformization for non-uniform two-level loops using a hybrid method,The Journal of Supercomputing,,,,10.1007/s11227-023-05194-3,Shabnam MahjoubMehdi GolsorkhtabaramiriSeyed Sadegh Salehi Amiri,2023,https://link.springer.com/article/10.1007/s11227-023-05194-3,Article
Synergy between noisy quantum computers and scalable classical deep learning for quantum error mitigation,EPJ Quantum Technology,,,,10.1140/epjqt/s40507-024-00256-8,Simone CantoriAndrea MariDavid VitaliSebastiano Pilati,2024,https://link.springer.com/article/10.1140/epjqt/s40507-024-00256-8,Article
Scenario-based tsunami hazard assessment for Northeastern Adriatic coasts,Mediterranean Geoscience Reviews,,,,10.1007/s42990-024-00114-w,Antonella PeresanHany M. Hassan,2024,https://link.springer.com/article/10.1007/s42990-024-00114-w,Article
"Near-term quantum computing techniques: Variational quantum algorithms, error mitigation, circuit compilation, benchmarking and classical simulation","Science China Physics, Mechanics & Astronomy",,,,10.1007/s11433-022-2057-y,He-Liang HuangXiao-Yue XuChu GuoGuojing TianShi-Jie WeiXiaoming SunWan-Su BaoGui-Lu Long,2023,https://link.springer.com/article/10.1007/s11433-022-2057-y,Article
Challenges and Opportunities in Quantum Software Architecture,Software Architecture,,,,10.1007/978-3-031-36847-9_1,Tao YueWolfgang MauererShaukat AliDavide Taibi,2023,https://link.springer.com/chapter/10.1007/978-3-031-36847-9_1,Chapter
Quantum Artificial Intelligence: An Innovation Within the Innovation,Chaos and Complex Systems,,,,10.1007/978-3-032-09101-7_13,P. TzounakisI. E. AntoniouM. P. HaniasS. G. Stavrinides,2026,https://link.springer.com/chapter/10.1007/978-3-032-09101-7_13,Conference paper
Performance of&#xa0;Circuit-Based Blind Quantum Computation in&#xa0;NISQ Era,Intelligent Human Computer Interaction,,,,10.1007/978-3-032-26349-0_13,Mohit JoshiManoj Kumar MishraS. Karthikeyan,2026,https://link.springer.com/chapter/10.1007/978-3-032-26349-0_13,Conference paper
Introduction to&#xa0;Quantum Software Engineering,"Product-Focused Software Process Improvement. Industry, Doctoral-Symposium, Tutorial, and Workshop Papers",,,,10.1007/978-3-032-12092-2_11,Yoann MarquerDomenico Bianculli,2026,https://link.springer.com/chapter/10.1007/978-3-032-12092-2_11,Conference paper
The Quantum Computing Stack,Quantum Computing for Engineers,,,,10.1007/978-3-032-03325-3_16,Osama M. RaisuddinSuvranu De,2026,https://link.springer.com/chapter/10.1007/978-3-032-03325-3_16,Chapter
Quantum Neural Networks Under Threat: Modeling Security Risks and&#xa0;Attack Vectors,Quantum Engineering Sciences and Technologies for Industry and Services,,,,10.1007/978-3-032-13855-2_12,Nouhaila InnanWalid El MaouakiAlberto MarchisioMuhammad Shafique,2026,https://link.springer.com/chapter/10.1007/978-3-032-13855-2_12,Conference paper
Quantum Computing in&#xa0;the&#xa0;Lab,An Introduction to Quantum Computing for Computer Engineers,,,,10.1007/978-3-032-03650-6_3,Marcus Stephen Edwards,2026,https://link.springer.com/chapter/10.1007/978-3-032-03650-6_3,Chapter
Building Hybrid Quantum–Classical Computing Ecosystems: A Survey,Frontiers in Industrial Engineering. Purdue Quantum AI,,,,10.1007/978-981-95-7829-0_13,Dhanvi BharadwajYuewen HouAlexander KnapenGino KwunNikolai ZhitkovGokul Subramanian Ravi,2026,https://link.springer.com/chapter/10.1007/978-981-95-7829-0_13,Conference paper
"Averting the crisis of unsustainable sand mining in India: Law, governance, and citizen participation",Jindal Global Law Review,,,,10.1007/s41020-025-00255-5,Ajay K PandeyShivangi PriyaGurbani Bhatia,2025,https://link.springer.com/article/10.1007/s41020-025-00255-5,Article
Ownership Guided C to&#xa0;Rust Translation,Computer Aided Verification,,,,10.1007/978-3-031-37709-9_22,Hanliang ZhangCristina DavidYijun YuMeng Wang,2023,https://link.springer.com/chapter/10.1007/978-3-031-37709-9_22,Conference paper
The Role of Cooperation and Tourism in Rural Development—Long-term Research Activities in the Alpujarra of Almería (Spain),Win or Lose in Rural Development,,,,10.1007/978-3-031-48675-3_8,Andreas Voth,2024,https://link.springer.com/chapter/10.1007/978-3-031-48675-3_8,Chapter
Dynamical mean field theory for real materials on a quantum computer,npj Computational Materials,,,,10.1038/s41524-025-01772-6,Johannes SeliskoMaximilian AmslerChristopher WeverYukio KawashimaGeorgy SamsonidzeRukhsan Ul HaqFrancesco TacchinoIvano TavernelliThomas Eckl,2025,https://link.springer.com/article/10.1038/s41524-025-01772-6,Article
Encore: Coda,Active Object Languages: Current Research Trends,,,,10.1007/978-3-031-51060-1_3,Elias CastegrenTobias Wrigstad,2024,https://link.springer.com/chapter/10.1007/978-3-031-51060-1_3,Chapter
A Review of Quantum Scientific Computing Algorithms Relevant to Computational Mechanics,Archives of Computational Methods in Engineering,,,,10.1007/s11831-025-10321-9,Osama Muhammad RaisuddinSuvranu De,2025,https://link.springer.com/article/10.1007/s11831-025-10321-9,Article
Code Generation for&#xa0;Octree-Based Multigrid Solvers with&#xa0;Fused Higher-Order Interpolation and&#xa0;Communication,Euro-Par 2024: Parallel Processing,,,,10.1007/978-3-031-69583-4_17,Richard AngersbachSebastian KuckukHarald Köstler,2024,https://link.springer.com/chapter/10.1007/978-3-031-69583-4_17,Conference paper
Assessing factors influencing greywater characteristics around the world: a qualitative and quantitative approach with a short-review on greywater treatment technologies,Discover Water,,,,10.1007/s43832-024-00094-w,S. MohanVineeth ManthapuriSanthoshi Chitthaluri,2024,https://link.springer.com/article/10.1007/s43832-024-00094-w,Article
Efficient simulation of potential energy operators on quantum hardware: a study on sodium iodide (NaI),Scientific Reports,,,,10.1038/s41598-024-60605-6,Mostafizur Rahaman LaskarAtanu BhattacharyaKalyan Dasgputa,2024,https://link.springer.com/article/10.1038/s41598-024-60605-6,Article
Non-variational quantum random access optimization with alternating operator ansatz,Scientific Reports,,,,10.1038/s41598-025-13543-w,Zichang HeRudy RaymondRuslan ShaydulinMarco Pistoia,2025,https://link.springer.com/article/10.1038/s41598-025-13543-w,Article
Load-and-Act: Increasing Page Coverage of&#xa0;Web Applications,Information Security,,,,10.1007/978-3-031-49187-0_9,Nico WeidmannThomas BarberChristian Wressnegger,2023,https://link.springer.com/chapter/10.1007/978-3-031-49187-0_9,Conference paper
"No Root, No Problem: Automating Linux Least Privilege and&#xa0;Securing Ansible Deployments",Computer Security – ESORICS 2025,,,,10.1007/978-3-032-07894-0_3,Eddie BilloirRomain LabordeDaniele CanaveseYves RütschléAhmad Samer WazanAbdelmalek Benzekri,2026,https://link.springer.com/chapter/10.1007/978-3-032-07894-0_3,Conference paper
A direct error correction method for quantum machine learning,Quantum Information Processing,,,,10.1007/s11128-023-03863-z,Hiroshi Ohno,2023,https://link.springer.com/article/10.1007/s11128-023-03863-z,Article
Constraining the intensive absorption properties of ambient organic aerosol particles based on pan-European observations,npj Climate and Atmospheric Science,,,,10.1038/s41612-026-01405-9,Jordi RoviraJesús Yus-DíezGang I. ChenGriša MočnikMartin Gysel-BeerWenche AasMinna AurelaJohn BackmanSujai BanerjiBenjamin T. BremAnna Canals-AngerriBenjamin ChazeauKaspar R. DaellenbachJoel F. de BritoEvangelia DiapouliKonstantinos EleftheriadisMikael EhnOlivier FavezHarald FlentjeMaria I. GiniKonstantinos GranakisAsta GregoričRoy HarrisonLiine HeikkinenChristoph HueglinAntti HyvärinenMatic IvančičHannes KeernikEleni LiakakouChunshui LinRadek LhotkaKrista LuomaMarek MaasikmetsHanna E. ManninenManousos Ioannis ManousakasNicolas MarchandSaliou MbengueNikos MihalopoulosMaría Cruz MinguillónDoina NicolaeJarkko V. NiemiJurgita OvadnevaiteNoemí PérezJean-Eudes PetitStephen M. PlattPetra PokornáAndré S. H. PrévôtVéronique RiffaultMartin RiglerMatteo RinaldiJaroslav SchwarzIasonas StavroulasErik TeinemaaKimmo TeiniläHilkka TimonenAnna ToblerJeni VasilescuMarta ViaPetr VodičkaStergios VratolisKarl Espen YttriNaděžda ZíkováOlga ZografouAndrés AlastueyTuukka PetäjäXavier QuerolMarco Pandolfi,2026,https://link.springer.com/article/10.1038/s41612-026-01405-9,Article
Efficient quantum circuit compilation for near-term quantum advantage,EPJ Quantum Technology,,,,10.1140/epjqt/s40507-025-00368-9,Yuchen GuoShuo Yang,2025,https://link.springer.com/article/10.1140/epjqt/s40507-025-00368-9,Article
Avoid Anti-patterns,Pro Oracle SQL Development,,,,10.1007/978-1-4842-8867-2_15,Jon Heller,2023,https://link.springer.com/chapter/10.1007/978-1-4842-8867-2_15,Chapter
Combining Loop Shuffling and&#xa0;Code PolyMorphism for&#xa0;Enhanced AES Side-Channel Security,Constructive Side-Channel Analysis and Secure Design,,,,10.1007/978-3-031-57543-3_14,Nicolas BellevilleLoïc Masure,2024,https://link.springer.com/chapter/10.1007/978-3-031-57543-3_14,Conference paper
SAC-GAN: Face Image Inpainting with&#xa0;Spatial-Aware Attribute Controllable GAN,Computer Vision – ACCV 2022,,,,10.1007/978-3-031-26293-7_13,Dongmin ChaTaehun KimJoonyeong LeeDajin Kim,2023,https://link.springer.com/chapter/10.1007/978-3-031-26293-7_13,Conference paper
"Quantum gate sets for lattice QCD in the strong-coupling limit: <span class=""mathjax-tex"">\(N_{f}=1\)</span>",EPJ Quantum Technology,,,,10.1140/epjqt/s40507-024-00236-y,Michael FrommOwe PhilipsenWolfgang UngerChristopher Winterowd,2024,https://link.springer.com/article/10.1140/epjqt/s40507-024-00236-y,Article
Impact of hardware connectivity on Grover’s algorithm in NISQ era,Quantum Information Processing,,,,10.1007/s11128-025-04733-6,Mohit JoshiManoj Kumar MishraS. Karthikeyan,2025,https://link.springer.com/article/10.1007/s11128-025-04733-6,Article
"Scopes, Functions, and&#xa0;Parameter Passing",Programming Language Design and Implementation,,,,10.1007/978-3-031-93299-1_5,Torben Ægidius Mogensen,2026,https://link.springer.com/chapter/10.1007/978-3-031-93299-1_5,Chapter
Quantum analysis of squiggle data,BioData Mining,,,,10.1186/s13040-023-00343-z,Naya NagyMatthew Stuart-EdwardsMarius NagyLiam MitchellAthanasios Zovoilis,2023,https://link.springer.com/article/10.1186/s13040-023-00343-z,Article
Design of Digital Filters,Continuous and Discrete-Time Signals and Systems,,,,10.1007/978-3-031-81209-5_12,Athanasios I. Margaris,2025,https://link.springer.com/chapter/10.1007/978-3-031-81209-5_12,Chapter
Grants4Companies: Applying Declarative Methods for&#xa0;Recommending and&#xa0;Reasoning About Business Grants in&#xa0;the&#xa0;Austrian Public&#xa0;Administration (System Description),Functional and Logic Programming,,,,10.1007/978-981-97-2300-3_9,Björn LellmannPhilipp MarekMarkus Triska,2024,https://link.springer.com/chapter/10.1007/978-981-97-2300-3_9,Conference paper
Contextual subspace variational quantum eigensolver calculation of the dissociation curve of molecular nitrogen on a superconducting quantum computer,npj Quantum Information,,,,10.1038/s41534-024-00952-4,Tim WeavingAlexis RalliPeter J. LoveSauro SucciPeter V. Coveney,2025,https://link.springer.com/article/10.1038/s41534-024-00952-4,Article
SoK: Towards Reproducibility for&#xa0;Software Packages in&#xa0;Scripting Language Ecosystems,"Availability, Reliability and Security",,,,10.1007/978-3-032-00627-1_11,Timo PohlPavel NovákMarc OhmMichael Meier,2025,https://link.springer.com/chapter/10.1007/978-3-032-00627-1_11,Conference paper
Generalized neural closure models with interpretability,Scientific Reports,,,,10.1038/s41598-023-35319-w,Abhinav GuptaPierre F. J. Lermusiaux,2023,https://link.springer.com/article/10.1038/s41598-023-35319-w,Article
Accretion geometry of black hole X-ray binaries: insights from X-ray observations,Astrophysics and Space Science,,,,10.1007/s10509-026-04562-8,Honghui Liu,2026,https://link.springer.com/article/10.1007/s10509-026-04562-8,Article
Suicidal Behavior in Central Asian Region,Suicidal Behavior in Muslim Majority Countries,,,,10.1007/978-981-97-2519-9_5,Erlan Bakiev,2024,https://link.springer.com/chapter/10.1007/978-981-97-2519-9_5,Chapter
Coriolano Transformed: The Early History of Ariosti’s First Royal Academy Opera,"Händel-Jahrbuch 2024, 70. Jahrgang",,,,10.1007/978-3-7618-7299-4_7,Graydon Beeks,2024,https://link.springer.com/chapter/10.1007/978-3-7618-7299-4_7,Chapter
Quantum and Classical Circuits,Quantum Computing and Quantum Machine Learning for Engineers and Developers,,,,10.1007/978-3-031-98245-3_3,Jesse Van Griensven ThéRoydon Andrew FraserJose Rosas-Bustos,2025,https://link.springer.com/chapter/10.1007/978-3-031-98245-3_3,Chapter
Programming Privacy—A Short Observational Study of Homomorphic Encryption Compilers for Bioinformatics Applications,Cybersecurity and Human Capabilities Through Symbiotic Artificial Intelligence,,,,10.1007/978-3-031-82031-1_14,Christopher P. Lewington,2025,https://link.springer.com/chapter/10.1007/978-3-031-82031-1_14,Conference paper
Quantum Data Structures and Encoding,Quantum Computing and Quantum Machine Learning for Engineers and Developers,,,,10.1007/978-3-031-98245-3_4,Jesse Van Griensven ThéRoydon Andrew FraserJose Rosas-Bustos,2025,https://link.springer.com/chapter/10.1007/978-3-031-98245-3_4,Chapter
MOLA: A Runtime Verification Engine Factory by&#xa0;(Meta-)interpreting Embedded DSLs,Practical Aspects of Declarative Languages,,,,10.1007/978-3-031-84924-4_4,Felipe GorostiagaMartin CeresaCésar Sánchez,2025,https://link.springer.com/chapter/10.1007/978-3-031-84924-4_4,Conference paper
From Problem to&#xa0;Solution: A General Pipeline to&#xa0;Solve Optimisation Problems on&#xa0;Quantum Hardware,Advances in Information and Communication,,,,10.1007/978-3-031-84460-7_2,Tobias RoheSimon GrätzMichael KölleSebastian ZielinskiJonas SteinClaudia Linnhoff-Popien,2025,https://link.springer.com/chapter/10.1007/978-3-031-84460-7_2,Conference paper
"Physical AI: Evolution, Progress, Challenges, and Prospects",Journal of Computer Science and Technology,,,,10.1007/s11390-026-6258-x,En-Hua WuYou-Quan LiuTian-Chen XuLi-Xin RenYi-Ming QinMing-Yu WeiXiao-Wei HeDong-Yan YuanWen-Chao HouZhi-Wei MaBin Sheng,2026,https://link.springer.com/article/10.1007/s11390-026-6258-x,Article
Upgrading Angular,Angular for Business,,,,10.1007/978-1-4842-9609-7_8,Michael D. Callaghan,2024,https://link.springer.com/chapter/10.1007/978-1-4842-9609-7_8,Chapter
Safety Considerations for Ion Implanters,"Ion Implantation and Annealing Applications, Science and Technology",,,,10.1007/978-3-032-10008-5_12,Ewald WiltscheWerner Schustereder,2026,https://link.springer.com/chapter/10.1007/978-3-032-10008-5_12,Chapter
Epistemology for&#xa0;Cyber Security: A Controlled Natural Language Approach,"Advances in Information Systems, Artificial Intelligence and Knowledge  Management",,,,10.1007/978-3-031-51664-1_19,Leigh ChaseAlaa MohassebBenjamin Aziz,2024,https://link.springer.com/chapter/10.1007/978-3-031-51664-1_19,Conference paper
Quantum cache memory: a framework for enhancing DNA analysis through quantum computing,Quantum Information Processing,,,,10.1007/s11128-024-04595-4,Bhattaraprot BhabhatsatamSucha Smanchat,2024,https://link.springer.com/article/10.1007/s11128-024-04595-4,Article
"Expansive soil stabilization: multidisciplinary advances in materials, mechanisms, and sustainable strategies",Acta Geotechnica,,,,10.1007/s11440-025-02814-5,Yupeng ZhangJunyu SunZeping YangJiarui LiuZhanguo MaErwin Oh,2025,https://link.springer.com/article/10.1007/s11440-025-02814-5,Article
Combining quantum processors with real-time classical communication,Nature,,,,10.1038/s41586-024-08178-2,Almudena Carrera VazquezCaroline TornowDiego RistèStefan WoernerMaika TakitaDaniel J. Egger,2024,https://link.springer.com/article/10.1038/s41586-024-08178-2,Article
Transformation of C Programming Language Memory Model into Object-Oriented Representation of EO Language,Automatic Control and Computer Sciences,,,,10.3103/S0146411623070088,A. I. LegalovY. G. BugayenkoN. K. ChuykinM. V. ShipitsinY. I. RiabtsevA. N. Kamenskiy,2023,https://link.springer.com/article/10.3103/S0146411623070088,Article
Volatility spillovers from the United States and China to Latin American stock markets,Financial Innovation,,,,10.1186/s40854-026-00958-1,Walter Bazán-PalominoDiego Winkelried,2026,https://link.springer.com/article/10.1186/s40854-026-00958-1,Article
Case Studies,GaN Technology,,,,10.1007/978-3-031-63238-9_6,Nihit BajajDaniel MakusRafael GarciaIgor SpinellaPaul WienerJunyang LuoMatthias KasperGuilherme Bueno MarianiHubie NotoThierry BouchetPeter VaughanRémi ComynDieter LiesabethsDima NovoDenis MarconFrancesco Di DomenicoAlex ZahabizadehStephen OliverMaurizio Di Paolo Emilio,2024,https://link.springer.com/chapter/10.1007/978-3-031-63238-9_6,Chapter
"Sedimentological and geochemical characteristics of the Lower Eocene-Upper Oligocene carbonate rocks: a key to understand the origin of the Gaziantep formation in the vicinity of Egil-Diyarbakir, Turkiye",Journal of Iberian Geology,,,,10.1007/s41513-025-00285-x,Salih DinçFaruk Keskin,2025,https://link.springer.com/article/10.1007/s41513-025-00285-x,Article
Learning from&#xa0;Automatically Versus Manually Parallelized NAS Benchmarks,Languages and Compilers for Parallel Computing,,,,10.1007/978-3-031-31445-2_3,Parinaz BarakhshanRudolf Eigenmann,2023,https://link.springer.com/chapter/10.1007/978-3-031-31445-2_3,Conference paper
KubePipe: a container-based high-level parallelization tool for scalable machine learning pipelines,The Journal of Supercomputing,,,,10.1007/s11227-025-06956-x,Daniel SuárezFrancisco AlmeidaVicente BlancoPedro Toledo,2025,https://link.springer.com/article/10.1007/s11227-025-06956-x,Article
Crossing the blood–brain barrier: nanoparticle-based strategies for neurodegenerative disease therapy,Drug Delivery and Translational Research,,,,10.1007/s13346-025-01887-9,Elena Haro-MartínezElena MuscolinoNúria MoralJordi DuranCristina Fornaguera,2025,https://link.springer.com/article/10.1007/s13346-025-01887-9,Article
Explainable Online Monitoring of Metric Temporal Logic,Tools and Algorithms for the Construction and Analysis of Systems,,,,10.1007/978-3-031-30820-8_28,Leonardo LimaAndrei HerasimauMartin RaszykDmitriy TraytelSimon Yuan,2023,https://link.springer.com/chapter/10.1007/978-3-031-30820-8_28,Conference paper
A comprehensive review of mechanical and durability properties of magnesium slag as a building material,Discover Mechanical Engineering,,,,10.1007/s44245-026-00338-0,Tuğba Özdemir MazlumNihat Atmaca,2026,https://link.springer.com/article/10.1007/s44245-026-00338-0,Article
Reverse Template Processing Using Abstract Interpretation,Static Analysis,,,,10.1007/978-3-031-44245-2_18,Matthieu Lemerre,2023,https://link.springer.com/chapter/10.1007/978-3-031-44245-2_18,Conference paper
Programming Paradigms for&#xa0;the&#xa0;Cloud Continuum,Advanced Information Networking and Applications,,,,10.1007/978-3-031-28694-0_14,Geir HornBeniamino Di MartinoSalvatore D’AngeloAntonio Esposito,2023,https://link.springer.com/chapter/10.1007/978-3-031-28694-0_14,Conference paper
Designing Cloud-Friendly HPC Applications,High Performance Computing in Clouds,,,,10.1007/978-3-031-29769-4_6,Rodrigo da Rosa RighiGuilherme GalanteVinicius Facco RodriguesHeonyoung YeomHarald KoestlerMadhusudan SinghGuann-Pyng Li,2023,https://link.springer.com/chapter/10.1007/978-3-031-29769-4_6,Chapter
Image of quantum improved regular kerr black hole and parameter constraints from EHT observations,The European Physical Journal C,,,,10.1140/epjc/s10052-025-14672-2,Li-Ming CaoLong-Yue LiXia-Yuan Liu,2025,https://link.springer.com/article/10.1140/epjc/s10052-025-14672-2,Article
Quantum error mitigation by Pauli check sandwiching,Scientific Reports,,,,10.1038/s41598-023-28109-x,Alvin GonzalesRuslan ShaydulinZain H. SaleemMartin Suchara,2023,https://link.springer.com/article/10.1038/s41598-023-28109-x,Article
Finding Reusable Machine Learning Components to&#xa0;Build Programming Language Processing Pipelines,Software Architecture. ECSA 2022 Tracks and Workshops,,,,10.1007/978-3-031-36889-9_27,Patrick FlynnTristan VanderbruggenChunhua LiaoPei-Hung LinMurali EmaniXipeng Shen,2023,https://link.springer.com/chapter/10.1007/978-3-031-36889-9_27,Conference paper
A compression-based memory-efficient optimization for out-of-core GPU stencil computation,The Journal of Supercomputing,,,,10.1007/s11227-023-05103-8,Jingcheng ShenLinbo LongXin DengMasao OkitaFumihiko Ino,2023,https://link.springer.com/article/10.1007/s11227-023-05103-8,Article
The variability of blazars throughout the electromagnetic spectrum,The Astronomy and Astrophysics Review,,,,10.1007/s00159-025-00165-4,Claudia M. Raiteri,2025,https://link.springer.com/article/10.1007/s00159-025-00165-4,Article
Constraints on the dense matter equation of state from young and cold isolated neutron stars,Nature Astronomy,,,,10.1038/s41550-024-02291-y,A. MarinoC. DehmanK. KovlakasN. ReaJ. A. PonsD. Viganò,2024,https://link.springer.com/article/10.1038/s41550-024-02291-y,Article
Geochemistry of Hot Springs Around Kusatsu-Shirane Volcano: Long-Term Water Chemistry Fluctuations and Compositional Characteristics of Arsenic and REEs,Kusatsu-Shirane Volcano,,,,10.1007/978-3-031-86137-6_6,Yoshikazu Kikawada,2025,https://link.springer.com/chapter/10.1007/978-3-031-86137-6_6,Chapter
Uncertainty in the Age of Digital Transformation,Employee Uncertainty Over Digital Transformation,,,,10.1007/978-981-99-8409-1_2,Masaki Matsunaga,2024,https://link.springer.com/chapter/10.1007/978-981-99-8409-1_2,Chapter
Symmetry-protected topological order in a 100-site spin chain on a digital quantum computer,npj Quantum Information,,,,10.1038/s41534-026-01334-8,George PenningtonKevin C. SmithJames R. GarrisonLachlan P. LindoyJason CrainBen Jaderberg,2026,https://link.springer.com/article/10.1038/s41534-026-01334-8,Article
Lightweight targeted estimation of layout noise in a quantum computer using quality indicator circuits,Quantum Information Processing,,,,10.1007/s11128-026-05326-7,Shikhar SrivastavaRitajit MajumdarPadmanabha Venkatagiri SeshadriAnupama RayYogesh Simmhan,2026,https://link.springer.com/article/10.1007/s11128-026-05326-7,Article
Hardware-validated quantum positive–negative neuron architecture for multi-channel EEG analysis,Discover Quantum Science,,,,10.1007/s44464-026-00032-w,James Appenzeller,2026,https://link.springer.com/article/10.1007/s44464-026-00032-w,Article
Universities need transparent quantum hardware,Nature Reviews Physics,,,,10.1038/s42254-026-00963-4,Alex KrasnokArif SarwatWilliam Anderson Jr.Andres Gil,2026,https://link.springer.com/article/10.1038/s42254-026-00963-4,Article
LiSA: A Generic Framework for&#xa0;Multilanguage Static Analysis,Challenges of Software Verification,,,,10.1007/978-981-19-9601-6_2,Luca NegriniPietro FerraraVincenzo ArceriAgostino Cortesi,2023,https://link.springer.com/chapter/10.1007/978-981-19-9601-6_2,Chapter
An end-to-end workflow for executing a classically bootstrapped variational quantum algorithm on an academic quantum computer,npj Unconventional Computing,,,,10.1038/s44335-026-00073-5,Qingfeng WangLiudmila A. ZhukasQiang MiaoAniket S. DalviPeter J. LoveChristopher MonroeFrederic T. ChongGokul Subramanian Ravi,2026,https://www.nature.com/articles/s44335-026-00073-5,Article
Quantum image representation-based quantum neural networks for binary classification,The Journal of Supercomputing,,,,10.1007/s11227-026-08621-3,Abhishek TiwariShivanshu SiyanwalSaiyam SakhujaSachin KumarPankaj Tyagi,2026,https://link.springer.com/article/10.1007/s11227-026-08621-3,Article
StateQ: A novel framework for intuitive and accessible quantum programming,Quantum Machine Intelligence,,,,10.1007/s42484-026-00403-7,Jiawen LiDongdong LiZiyang WangHe SunHongzhen ChenTianxiang CuiYujian Ye,2026,https://link.springer.com/article/10.1007/s42484-026-00403-7,Article
Distributed quantum approximate optimization algorithm on a quantum-centric supercomputing architecture,npj Quantum Information,,,,10.1038/s41534-026-01283-2,Seongmin KimVincent R. PascuzziZhihao XuTengfei LuoEungkyu LeeIn-Saeng Suh,2026,https://link.springer.com/article/10.1038/s41534-026-01283-2,Article
Evaluation of the applicability of ground motion models (GMMs) for South Korea,Bulletin of Earthquake Engineering,,,,10.1007/s10518-024-01940-x,Hyejin LeeByungmin KimDongyoup Kwak,2024,https://link.springer.com/article/10.1007/s10518-024-01940-x,Article
Analysis of quantum primitives for quantum utility,Quantum Information Processing,,,,10.1007/s11128-026-05201-5,Tae-Won KimByung-Soo Choi,2026,https://link.springer.com/article/10.1007/s11128-026-05201-5,Article
Hybrid facial expression analysis model using quantum edge-aware landmark correction,The Journal of Supercomputing,,,,10.1007/s11227-026-08565-8,Karthikeyan RengasamyPiyush JoshiV. V. S. Raveendra,2026,https://link.springer.com/article/10.1007/s11227-026-08565-8,Article
The Universal Safety Format in Action: Tool Integration and Practical Application,SN Computer Science,,,,10.1007/s42979-022-01532-z,Frederik HaxelAlexander ViehlMichael BenkelBjoern BeyreutherKlaus BirkenRolf SchmedesKim GrüttnerDaniel Mueller-Gritschneder,2023,https://link.springer.com/article/10.1007/s42979-022-01532-z,Article
Improved strategies for fermionic quantum simulation with global interactions,npj Quantum Information,,,,10.1038/s41534-026-01223-0,Thierry N. KaldenbachErik SchultheisNiklas StewenGabriel Breuil,2026,https://link.springer.com/article/10.1038/s41534-026-01223-0,Article
Hybrid Quantum-Classical Inverse Design of Metasurfaces for Tailored High Q-factor Response,Applied Physics A,,,,10.1007/s00339-026-09503-4,Sreeraj Rajan WarrierJayasri Dontabhaktuni,2026,https://link.springer.com/article/10.1007/s00339-026-09503-4,Article
Error-Tolerant Mapping for Quantum Computing,Emerging Computing: From Devices to Systems,,,,10.1007/978-981-16-7487-7_12,Abdullah Ash SakiMahabubul AlamJunde LiSwaroop Ghosh,2023,https://link.springer.com/chapter/10.1007/978-981-16-7487-7_12,Chapter
Quantum algorithms for scheduling problems: a survey,EPJ Quantum Technology,,,,10.1140/epjqt/s40507-026-00494-y,Tino WernerFreyja Ullinger,2026,https://link.springer.com/article/10.1140/epjqt/s40507-026-00494-y,Article
Improved quantum computation using operator backpropagation,npj Quantum Information,,,,10.1038/s41534-026-01196-0,Bryce FullerMinh C. TranDanylo LykovCaleb JohnsonMax RossmannekKen Xuan WeiAndre HeYoungseok KimDinhDuy VuKunal SharmaYuri AlexeevAbhinav KandalaAntonio Mezzacapo,2026,https://link.springer.com/article/10.1038/s41534-026-01196-0,Article
Quantum simulation via stochastic combination of unitaries,npj Quantum Information,,,,10.1038/s41534-025-01168-w,Joseph PeetzScott E. SmartPrineha Narang,2026,https://link.springer.com/article/10.1038/s41534-025-01168-w,Article
A low-circuit-depth quantum computing approach to the nuclear shell model,Discover Quantum Science,,,,10.1007/s44464-026-00009-9,Chandan SarmaP. D. Stevenson,2026,https://link.springer.com/article/10.1007/s44464-026-00009-9,Article
Quantum kernel anomaly detection: a fidelity-based framework for robust behavioral biometric authentication,The Journal of Supercomputing,,,,10.1007/s11227-026-08300-3,Sandip DuttaSoumen RoyUtpal Roy,2026,https://link.springer.com/article/10.1007/s11227-026-08300-3,Article
Experimental study of multiple-shot unitary channels discrimination using the IBM Q computers,Scientific Reports,,,,10.1038/s41598-025-31665-z,Adam BílekJan HlisnikovskýTomáš BezděkRyszard KukulskiPaulina Lewandowska,2026,https://link.springer.com/article/10.1038/s41598-025-31665-z,Article
Quantum secure image encryption using hybrid QTRNG and QPRNG,Scientific Reports,,,,10.1038/s41598-026-35111-6,T. S. GururajaPadmapriya Pravinkumar,2026,https://link.springer.com/article/10.1038/s41598-026-35111-6,Article
Leveraging cloud-native infrastructure for dynamic and flexible quantum-classical MLOps,Quantum Machine Intelligence,,,,10.1007/s42484-026-00360-1,Angelo ImpedovoVito Nicola LosavioCorrado Loglisci,2026,https://link.springer.com/article/10.1007/s42484-026-00360-1,Article
Introduction to Senior Design,Engineering Design,,,,10.1007/978-3-031-23309-8_1,Cory J. Mettler,2023,https://link.springer.com/chapter/10.1007/978-3-031-23309-8_1,Chapter
Treespilation: architecture- and state-optimised fermion-to-qubit mappings,npj Quantum Information,,,,10.1038/s41534-025-01170-2,Aaron MillerAdam GlosZoltán Zimborás,2026,https://link.springer.com/article/10.1038/s41534-025-01170-2,Article
Reinforcement learning with learned gadgets to tackle hard quantum problems on real hardware,Communications Physics,,,,10.1038/s42005-025-02475-6,Akash KunduLeopoldo Sarra,2026,https://link.springer.com/article/10.1038/s42005-025-02475-6,Article
Quantum Computing Architectures,Design Automation for Quantum Computing,,,,10.1007/978-3-032-09303-5_2,Hansika WeerasenaPrabhat Mishra,2026,https://link.springer.com/chapter/10.1007/978-3-032-09303-5_2,Chapter
Tips on Effective Theory and Practice of Genetic Programming,Genetic Programming Theory and Practice XXII,,,,10.1007/978-981-95-6398-2_15,Charles OfriaIllya BakurovWolfgang BanzhafClifford BohmAlexander LalejiniNicholas Freitag McPhee,2026,https://link.springer.com/chapter/10.1007/978-981-95-6398-2_15,Chapter
Benchmarking Refined Quantum Linear Systems Algorithms,Frontiers in Industrial Engineering. Purdue Quantum AI,,,,10.1007/978-981-95-7829-0_12,Adrian HarknessKate SaltovetsMohammadhossein MohammadisiahroudiTamás Terlaky,2026,https://link.springer.com/chapter/10.1007/978-981-95-7829-0_12,Conference paper
Tooling: ZX Calculus Automated Pipelines,ZX-Calculus for Quantum Circuits,,,,10.1007/979-8-8688-2857-7_4,Subhojit Halder,2026,https://link.springer.com/chapter/10.1007/979-8-8688-2857-7_4,Chapter
UI-Driven Apps,Building Mission-Critical Applications with .NET 10 and C# 14,,,,10.1007/979-8-8688-2347-3_6,Afzaal Ahmad Zeeshan,2026,https://link.springer.com/chapter/10.1007/979-8-8688-2347-3_6,Chapter
Revisiting the Role of Natural Language Code Comments in Code Translation,Fundamental Approaches to Software Engineering,,,,10.1007/978-3-032-22774-4_2,Monika GuptaAjay MeenaAnamitra Roy ChoudhuryVijay AryaSrikanta Bedathur,2026,https://link.springer.com/chapter/10.1007/978-3-032-22774-4_2,Conference paper
Quantum-Inspired Clustering Techniques for&#xa0;Malware Detection in&#xa0;Supply Chain Networks,"Distributed Computing, HPC, Cloud Computing, Quantum Technologies, Embedded Systems, Modeling, and Simulation",,,,10.1007/978-3-032-22193-3_12,Vishal H. KothavadeSthefanie J. G. PassoJohn J. Prevost,2026,https://link.springer.com/chapter/10.1007/978-3-032-22193-3_12,Conference paper
Quantum Emulator Benchmarking Made Easy,Quantum Engineering Sciences and Technologies for Industry and Services,,,,10.1007/978-3-032-13852-1_28,Anna LeontevaMaxime OutteryckGuido Masella,2026,https://link.springer.com/chapter/10.1007/978-3-032-13852-1_28,Conference paper
Comparison of&#xa0;Quantum Programming Frameworks for&#xa0;IQM Spark 5,Proceedings of the Fifth International Conference on Intelligent Systems in Production Engineering and Maintenance ISPEM 2025,,,,10.1007/978-3-032-14163-7_27,Aleksander BiskupKarolina BernikerMarcel OwczarekEryk SikoraAndrzej Gnatowski,2026,https://link.springer.com/chapter/10.1007/978-3-032-14163-7_27,Conference paper
Multi Algorithm Optimization of Xor-And-Inverter Graphs for Efficient Quantum Circuits,Proceedings of 5th International Conference on Frontiers in Computing and Systems,,,,10.1007/978-981-95-0497-8_38,Nakshathra Nazer Karakkadan,2026,https://link.springer.com/chapter/10.1007/978-981-95-0497-8_38,Conference paper
Quantum Convolutional Neural Networks with&#xa0;Residual Learning: Advancing Quantum Model Architectures,"Computer Vision, Pattern Recognition, Image Processing, and Graphics",,,,10.1007/978-3-032-08511-5_33,Meghanshu VermaKrishna AroraPiyush KumarKrishiv TrivediJyoti YadavSumit Kumar Pandey,2026,https://link.springer.com/chapter/10.1007/978-3-032-08511-5_33,Conference paper
Quantum Amplitude Estimation in&#xa0;Practice: A Case Study in&#xa0;Option Pricing,Quantum Engineering Sciences and Technologies for Industry and Services,,,,10.1007/978-3-032-13852-1_35,Nouhaila InnanMuhammad KashifAlberto MarchisioMuhammad Moonis UsmanMuhammad Shafique,2026,https://link.springer.com/chapter/10.1007/978-3-032-13852-1_35,Conference paper
HiProX: Highly Efficient Process Execution on&#xa0;IoT and&#xa0;Edge Devices,"Business Process Management: Responsible BPM Forum, Process Technology Forum, Educators Forum",,,,10.1007/978-3-032-02936-2_14,Dominik VoigtLisa PodszunJuergen ManglerStefanie Rinderle-Ma,2026,https://link.springer.com/chapter/10.1007/978-3-032-02936-2_14,Conference paper
Jadex V: Bridging Intelligent Agents and Distributed Systems,Agents and Multi-Agent Systems Development,,,,10.1007/978-3-032-01082-7_3,Lars BraubachKai JanderAlexander Pokahr,2026,https://link.springer.com/chapter/10.1007/978-3-032-01082-7_3,Chapter
Cloud Quantum Computing,An Introduction to Quantum Computing for Computer Engineers,,,,10.1007/978-3-032-03650-6_10,Marcus Stephen Edwards,2026,https://link.springer.com/chapter/10.1007/978-3-032-03650-6_10,Chapter
"Quantum Artificial Intelligence: Reinforcement Learning, Memory Models, and&#xa0;Self-programming Architectures",Frontiers in Industrial Engineering. Purdue Quantum AI,,,,10.1007/978-981-95-7829-0_1,Samuel Yen-Chi Chen,2026,https://link.springer.com/chapter/10.1007/978-981-95-7829-0_1,Conference paper
Distributed Quantum Computing for&#xa0;Scalable Systems,"Distributed Computing and Artificial Intelligence, Special Sessions II, 22nd International Conference",,,,10.1007/978-3-032-05748-8_20,Daniel Casado FaulíParfait Atchade-AdelomouDavid Pérez de LaraRodrigo Gil-Merino,2026,https://link.springer.com/chapter/10.1007/978-3-032-05748-8_20,Conference paper
Municipal Wastewater as Potential Bio-refinery,Biorefinery for Water and Wastewater Treatment,,,,10.1007/978-3-031-20822-5_5,Shipra JhaNahid Siddiqui,2023,https://link.springer.com/chapter/10.1007/978-3-031-20822-5_5,Chapter
Re-presencing the Network: A Phenomenological Paradigm for the Anthropocene,Phenomenology in Action for Researching Networked Learning,,,,10.1007/978-3-031-62780-4_9,Greta Goetz,2024,https://link.springer.com/chapter/10.1007/978-3-031-62780-4_9,Chapter
Biomaterials Derived from Agricultural Waste: A Focus on Collagen,"Agricultural Waste: Environmental Impact, Useful Metabolites and Energy Production",,,,10.1007/978-981-19-8774-8_4,Safiya NoorzaiCasparus Johannes Reinhard Verbeek,2023,https://link.springer.com/chapter/10.1007/978-981-19-8774-8_4,Chapter
Quantum simulation of the Hubbard model on a graphene hexagon: strengths of IQPE and noise constraints,EPJ Quantum Technology,,,,10.1140/epjqt/s40507-025-00439-x,Mohammad MirzakhaniKyungsun Moon,2025,https://link.springer.com/article/10.1140/epjqt/s40507-025-00439-x,Article
Improving GPU web simulations of spiking neural P systems,Journal of Membrane Computing,,,,10.1007/s41965-023-00128-7,Ayla Nikki L. OdascoMatthew Lemuel M. ReyFrancis George C. Cabarle,2023,https://link.springer.com/article/10.1007/s41965-023-00128-7,Article
A hybrid spiking neural network - quantum framework for spatio-temporal data classification: a case study on EEG data,EPJ Quantum Technology,,,,10.1140/epjqt/s40507-025-00443-1,Ravi Kumar JhaNikola KasabovSaugat BhattacharyyaDamien CoyleGirijesh Prasad,2025,https://link.springer.com/article/10.1140/epjqt/s40507-025-00443-1,Article
Municipal Wastewater as Potential Bio-refinery,Modern Approaches in Waste Bioremediation,,,,10.1007/978-3-031-24086-7_7,Shipra JhaNahid Siddiqui,2023,https://link.springer.com/chapter/10.1007/978-3-031-24086-7_7,Chapter
A versatile single-photon-based quantum computing platform,Nature Photonics,,,,10.1038/s41566-024-01403-4,Nicolas MaringAndreas FyrillasMathias PontEdouard IvanovPetr StepanovNico MargariaWilliam HeaseAnton PishchaginAristide LemaîtreIsabelle SagnesThi Huong AuSébastien BoissierEric BertasiAurélien BaertMario ValdiviaMarie BillardOzan AcarAlexandre BrieusselRawad MezherStephen C. WeinAlexia SalavrakosPatrick SinnottDario A. FiorettoPierre-Emmanuel EmeriauNadia BelabasShane MansfieldPascale SenellartJean SenellartNiccolo Somaschi,2024,https://link.springer.com/article/10.1038/s41566-024-01403-4,Article
Fusion-aware quantum variational autoencoder for brain-heart signal modeling in mental health applications,Journal of King Saud University Computer and Information Sciences,,,,10.1007/s44443-025-00264-3,Ayesha JabbarHuang JianjunMuhammad Kashif JabbarTariq MahmoodSyed Mujtaba Haider,2025,https://link.springer.com/article/10.1007/s44443-025-00264-3,Article
“A Sin and a Shame”: Regional Institutional Development in the Late Nineteenth Century,"California and the Politics of Disability, 1850–1970",,,,10.1007/978-3-031-21714-2_3,Eileen V. Wallis,2023,https://link.springer.com/chapter/10.1007/978-3-031-21714-2_3,Chapter
Exploring the use of quantum computers for resilience analysis in critical infrastructure networks,Quantum Information Processing,,,,10.1007/s11128-025-04947-8,Christoph Brockt-HaßauerVyacheslav ShatokhinAishvarya Kumar JainCorinna KöpkeAlexander StolzMirjam Fehling-KaschekAndreas Buchleitner,2025,https://link.springer.com/article/10.1007/s11128-025-04947-8,Article
Chemistry During the Gas-Rich Stage of Planet Formation,Handbook of Exoplanets,,,,10.1007/978-3-319-30648-3_137-2,Edwin A. BerginL. Ilsedore Cleeves,2025,https://link.springer.com/rwe/10.1007/978-3-319-30648-3_137-2,Living reference work entry
"NEO-HYPORT: does neoadjuvant radiotherapy improve breast cancer outcomes? An open label, randomised, parallel group, superiority trial to compare the disease-free survival following neoadjuvant versus adjuvant hypofractionated radiotherapy in breast cancer (NEO-HYPORT)",Trials,,,,10.1186/s13063-026-09642-2,Sanjoy ChatterjeeSantam ChakrabortyRosina AhmedSanjit Kumar AgarwalIndu ArunAbhishek SharmaShaurav MaulikShagun Mahajan,2026,https://link.springer.com/article/10.1186/s13063-026-09642-2,Article
"<Emphasis FontCategory=""NonProportional"">stanhf</Emphasis>: <Emphasis FontCategory=""NonProportional"">HistFactory</Emphasis> models in the probabilistic programming language <Emphasis FontCategory=""NonProportional"">Stan</Emphasis>",The European Physical Journal C,,,,10.1140/epjc/s10052-025-14495-1,Andrew Fowlie,2025,https://link.springer.com/article/10.1140/epjc/s10052-025-14495-1,Article
Ultra-secure quantum protection for e-healthcare images: Hybrid chaotic one-time pad with cipher chaining encryption framework,Journal of King Saud University Computer and Information Sciences,,,,10.1007/s44443-025-00155-7,Roayat Ismail AbdelfatahReham Mohamed ElsobkySalah Aldeen Khamis,2025,https://link.springer.com/article/10.1007/s44443-025-00155-7,Article
Modeling Musical Perception,Music Psychology—Balance of Relations,,,,10.1007/978-3-031-97003-0_5,Jakub Sawicki,2025,https://link.springer.com/chapter/10.1007/978-3-031-97003-0_5,Chapter
Exploring AI and quantum computing synergies in holographic counterpart frameworks for IoT security and privacy,The Journal of Supercomputing,,,,10.1007/s11227-025-07682-0,Abdullah I. A. Alzahrani,2025,https://link.springer.com/article/10.1007/s11227-025-07682-0,Article
"Quantum computing and neuromorphic computing for safe, reliable, and explainable multi-agent reinforcement learning: optimal control in autonomous robotics",Iran Journal of Computer Science,,,,10.1007/s42044-025-00306-z,Mazyar TaghaviRahman Farnoosh,2025,https://link.springer.com/article/10.1007/s42044-025-00306-z,Article
Assessment of fly ash and ceramic powder incorporated concrete with steam-treated recycled concrete aggregates prioritising nano-silica,Emergent Materials,,,,10.1007/s42247-024-00639-8,Asha Uday RaoPrathibha P. ShettyRadhika Bhandary PAdithya TantriBlesson S.Subhash C. Yaragal,2024,https://link.springer.com/article/10.1007/s42247-024-00639-8,Article
Impact of Aging on the Microstructure of Asphalt Binder Modified with Antioxidant Additives and Copolymers,International Journal of Pavement Research and Technology,,,,10.1007/s42947-023-00347-2,Mohammad Solaiman KhanEmad KassemD. Eric AstonOkan SirinArmando McDonald,2023,https://link.springer.com/article/10.1007/s42947-023-00347-2,Article
Parkinson disease classification: a comparison of quantum and RBF kernels using support vector machine,Quantum Machine Intelligence,,,,10.1007/s42484-025-00286-0,Gregoire CattanJuan OlmosYash ChauhanFabio Martínez,2025,https://link.springer.com/article/10.1007/s42484-025-00286-0,Article
Quantum computing for space applications: a selective review and perspectives,EPJ Quantum Technology,,,,10.1140/epjqt/s40507-025-00369-8,Pietro TortaRebecca CasatiStefano BruniAntonio MandarinoEnrico Prati,2025,https://link.springer.com/article/10.1140/epjqt/s40507-025-00369-8,Article
HEProfiler: an in-depth profiler of approximate homomorphic encryption libraries,Journal of Cryptographic Engineering,,,,10.1007/s13389-025-00377-5,Jonathan TakeshitaNirajan KoiralaColin McKechneyTaeho Jung,2025,https://link.springer.com/article/10.1007/s13389-025-00377-5,Article
Text data mining on current newspaper articles from the United States with ProQuest TDM Studio,Publizistik,,,,10.1007/s11616-023-00805-8,Jens Pohlmann,2023,https://link.springer.com/article/10.1007/s11616-023-00805-8,Article
Many-BSP: an analytical performance model for CUDA kernels,Computing,,,,10.1007/s00607-023-01255-w,Ali RiahiAbdorreza SavadiMahmoud Naghibzadeh,2024,https://link.springer.com/article/10.1007/s00607-023-01255-w,Article
Applying quantum autoencoders for time series anomaly detection,Quantum Machine Intelligence,,,,10.1007/s42484-025-00285-1,Robin FrehnerKurt Stockinger,2025,https://link.springer.com/article/10.1007/s42484-025-00285-1,Article
FAD Technique and Differentiation of a Composite Function,Computational Mathematics and Mathematical Physics,,,,10.1134/S0965542523010037,A. F. AlbuA. Yu. GorchakovV. I. Zubov,2023,https://link.springer.com/article/10.1134/S0965542523010037,Article
A Methodology for&#xa0;Comparing and&#xa0;Benchmarking Quantum Devices,Unconventional Computation and Natural Computation,,,,10.1007/978-3-031-63742-1_3,Jessica ParkSusan StepneyIrene D’Amico,2024,https://link.springer.com/chapter/10.1007/978-3-031-63742-1_3,Conference paper
"Benchmarking the performance of quantum computing software for quantum circuit creation, manipulation and compilation",Nature Computational Science,,,,10.1038/s43588-025-00792-y,Paul D. NationAbdullah Ash SakiSebastian BrandhoferLuciano BelloShelly GarionMatthew TreinishAli Javadi-Abhari,2025,https://link.springer.com/article/10.1038/s43588-025-00792-y,Article
Utilization of Industrial and Agro-based By-products to Develop Sustainable Controlled Low Strength Material,Arabian Journal for Science and Engineering,,,,10.1007/s13369-024-09255-4,Jaideep AggarwalShweta GoyalManeek Kumar,2024,https://link.springer.com/article/10.1007/s13369-024-09255-4,Article
Quantum frontiers in high energy physics,"Science China Physics, Mechanics & Astronomy",,,,10.1007/s11433-024-2635-4,Yaquan FangChristina GaoYing-Ying LiJing ShuYusheng WuHongxi XingBin XuLailin XuChen Zhou,2025,https://link.springer.com/article/10.1007/s11433-024-2635-4,Article
"Chronic Obstructive Pulmonary Disease, Obstructive Sleep Apnea, and Heart Failure",Managing Heart Failure in Primary Care: A Case Study Approach,,,,10.1007/978-3-031-20193-6_13,J. Travis DunlapMelissa GlassfordLeslie W. Hopkins,2023,https://link.springer.com/chapter/10.1007/978-3-031-20193-6_13,Chapter
Enhanced quantum image encryption using DNA–QTRNG and Sattolo-RQFT shuffling,The Journal of Supercomputing,,,,10.1007/s11227-025-07085-1,T. S. GururajaPadmapriya Pravinkumar,2025,https://link.springer.com/article/10.1007/s11227-025-07085-1,Article
Silicon spin qubits: a viable path towards industrial manufacturing of large-scale quantum processors,The European Physical Journal A,,,,10.1140/epja/s10050-025-01514-8,Tristan MeunierNicolas DavalFrançois PerruchotMaud Vinet,2025,https://link.springer.com/article/10.1140/epja/s10050-025-01514-8,Article
Dynamic thermalization on noisy quantum hardware,Communications Physics,,,,10.1038/s42005-025-02011-6,Hugo PerrinThibault ScoquartAndrei I. PavlovNikolay V. Gnezdilov,2025,https://link.springer.com/article/10.1038/s42005-025-02011-6,Article
Optimal training of finitely sampled quantum reservoir computers for forecasting of chaotic dynamics,Quantum Machine Intelligence,,,,10.1007/s42484-025-00261-9,Osama AhmedFelix TennieLuca Magri,2025,https://link.springer.com/article/10.1007/s42484-025-00261-9,Article
"Ammonium-Based Ionic Liquids: Cross-Validation of Energetics Using Solution Calorimetry, Quartz Crystal Microbalance, Quantum Chemistry, and Structure–Property Relationships",Journal of Solution Chemistry,,,,10.1007/s10953-023-01307-x,Sergey P. VerevkinDzmitry H. ZaitsauAndrei V. YermalayeuSergey V. Vostrikov,2023,https://link.springer.com/article/10.1007/s10953-023-01307-x,Article
"Best practices for portfolio optimization by quantum computing, experimented on real quantum devices",Scientific Reports,,,,10.1038/s41598-023-45392-w,Giuseppe BuonaiutoFrancesco GargiuloGiuseppe De PietroMassimo EspositoMarco Pota,2023,https://link.springer.com/article/10.1038/s41598-023-45392-w,Article
Programming Heterogeneous Hardware via Managed Runtime Systems,Programming Heterogeneous Hardware via Managed Runtime Systems,,,,10.1007/978-3-031-49559-5_5,Juan FumeroAthanasios StratikopoulosChristos Kotselidis,2024,https://link.springer.com/chapter/10.1007/978-3-031-49559-5_5,Chapter
Towards large-scale quantum optimization solvers with few qubits,Nature Communications,,,,10.1038/s41467-024-55346-z,Marco SciorilliLucas BorgesTaylor L. PattiDiego García-MartínGiancarlo CamiloAnima AnandkumarLeandro Aolita,2025,https://link.springer.com/article/10.1038/s41467-024-55346-z,Article
Deployment of Deep Learning Networks,Deep Learning Networks,,,,10.1007/978-3-031-39244-3_8,Jayakumar SingaramS. S. IyengarAzad M.  Madni,2024,https://link.springer.com/chapter/10.1007/978-3-031-39244-3_8,Chapter
Semantics-Based Static Vulnerability Detection in&#xa0;Solidity Using Abstract Interpretation,Information Systems Security,,,,10.1007/978-3-031-80020-7_15,Maitri KushwahaArnab MukherjeeAishwarya PandeyRaju Halder,2025,https://link.springer.com/chapter/10.1007/978-3-031-80020-7_15,Conference paper
Charon: An Analysis Framework for&#xa0;Rust,Computer Aided Verification,,,,10.1007/978-3-031-98685-7_18,Son HoGuillaume BoisseauLucas FranceschinoYoann PrakAymeric FromherzJonathan Protzenko,2025,https://link.springer.com/chapter/10.1007/978-3-031-98685-7_18,Conference paper
Introduction to Quantum AI,Quantum Computing and Quantum Machine Learning for Engineers and Developers,,,,10.1007/978-3-031-98245-3_8,Jesse Van Griensven ThéRoydon Andrew FraserJose Rosas-Bustos,2025,https://link.springer.com/chapter/10.1007/978-3-031-98245-3_8,Chapter
NordIQuEst: The&#xa0;Nordic–Estonian Quantum Computing e–Infrastructure Quest,Nordic e-Infrastructure Tomorrow,,,,10.1007/978-3-031-86240-3_8,Costantino CarugnoJake MuffMikael P. JohanssonSven KarlssonAlberto Lanzanova,2025,https://link.springer.com/chapter/10.1007/978-3-031-86240-3_8,Conference paper
A Parallel Genetic Algorithm for&#xa0;Qubit Mapping on&#xa0;Noisy Intermediate-Scale Quantum Machines,Optimization and Learning,,,,10.1007/978-3-031-77941-1_24,Jérôme RouzéNouredine MelabDaniel Tuyttens,2025,https://link.springer.com/chapter/10.1007/978-3-031-77941-1_24,Conference paper
Circuit Scheduling Policies on&#xa0;Current QPUs: QCRAFT Scheduler,Service-Oriented Computing,,,,10.1007/978-981-96-0808-9_15,Jaime Alvarado-ValienteJavier Romero-ÁlvarezJorge Casco-SecoEnrique MoguelJose Garcia-AlonsoJuan M. Murillo,2025,https://link.springer.com/chapter/10.1007/978-981-96-0808-9_15,Conference paper
Customizable HMI Design Systems Using Parent-Child Architecture for Cross-Platform Integration,Human-Computer Interaction,,,,10.1007/978-3-031-93835-1_17,Matvei BryksinLev MalyiAnton Koshkin,2025,https://link.springer.com/chapter/10.1007/978-3-031-93835-1_17,Conference paper
Qiskit and Introduction to Qiskit Metal,Superconducting Qubit Design Using Qiskit Metal,,,,10.1007/979-8-8688-1504-1_3,Subhojit HalderKinjal A. ChauhanMuhamad Bagher BarfarSrinjoy GangulyShalini Devendrababu,2025,https://link.springer.com/chapter/10.1007/979-8-8688-1504-1_3,Chapter
"SQL, PLSQL Enhancements and New&#xa0;Functions",Oracle 23AI & ADBS in Action,,,,10.1007/979-8-8688-2068-7_7,Asim Chowdhury,2025,https://link.springer.com/chapter/10.1007/979-8-8688-2068-7_7,Chapter
Linux System Call Level Dynamic Analysis Towards Programming Language Translation,Agents and Artificial Intelligence,,,,10.1007/978-3-031-87327-0_16,Narumi YonedaRyo HatanoHiroyuki Nishiyama,2025,https://link.springer.com/chapter/10.1007/978-3-031-87327-0_16,Conference paper
Quantum Optimization Techniques,Quantum Computing and Quantum Machine Learning for Engineers and Developers,,,,10.1007/978-3-031-98245-3_6,Jesse Van Griensven ThéRoydon Andrew FraserJose Rosas-Bustos,2025,https://link.springer.com/chapter/10.1007/978-3-031-98245-3_6,Chapter
Dual: SAPUI5 and OpenUI5,SAP UI Frameworks for Enterprise Developers,,,,10.1007/978-1-4842-9535-9_2,Marius ObertVolker Buzek,2023,https://link.springer.com/chapter/10.1007/978-1-4842-9535-9_2,Chapter
Skills Required for Quantum Computing: A Comprehensive Review of Recent Studies,Programming and Computer Software,,,,10.1134/S0361768824700804,Reyes Juárez-RamírezSamantha JiménezChristian X. NavarroCésar Guerra-GarcíaHector G. Perez-GonzalezCarlos Fernández-y-FernándezJavier Ortiz-HernándezKarina Cancino,2024,https://link.springer.com/article/10.1134/S0361768824700804,Article
SciND: a new triplet-based dataset for scientific novelty detection via knowledge graphs,International Journal on Digital Libraries,,,,10.1007/s00799-023-00386-x,Komal GuptaAmmaar AhmadTirthankar GhosalAsif Ekbal,2024,https://link.springer.com/article/10.1007/s00799-023-00386-x,Article
Lightcone bounds for quantum circuit mapping via uncomplexity,npj Quantum Information,,,,10.1038/s41534-024-00909-7,Matthew SteinbergMedina BandićSacha SzkudlarekCarmen G. AlmudeverAritra SarkarSebastian Feld,2024,https://link.springer.com/article/10.1038/s41534-024-00909-7,Article
Green transition and economic growth in G20 countries: evidence from disaggregated energy sources,Environmental Science and Pollution Research,,,,10.1007/s11356-023-28781-6,Wasi Ul Hassan ShahXuhui ZhangRizwana YasmeenIhtsham Ul Haq Padda,2023,https://link.springer.com/article/10.1007/s11356-023-28781-6,Article
Shallow Water DG Simulations on&#xa0;FPGAs: Design and&#xa0;Comparison of&#xa0;a&#xa0;Novel Code Generation Pipeline,High Performance Computing,,,,10.1007/978-3-031-32041-5_5,Christoph AltTobias KenterSara Faghih-NainiJennifer FajJan-Oliver OpdenhövelChristian PlesslVadym AizingerJan HönigHarald Köstler,2023,https://link.springer.com/chapter/10.1007/978-3-031-32041-5_5,Conference paper
Metagenomics Analysis of Extremophiles and Its Potential Use in Industrial Waste Water Treatment,Modern Approaches in Waste Bioremediation,,,,10.1007/978-3-031-24086-7_12,Ashok Kumar ShettihalliSaisha VinjamuriS. Divijendra Natha ReddyRenu PaiPrathibha Narayanan,2023,https://link.springer.com/chapter/10.1007/978-3-031-24086-7_12,Chapter
Generating interactive documents for domain-specific validation of formal models,International Journal on Software Tools for Technology Transfer,,,,10.1007/s10009-024-00739-0,Fabian VuChristopher HappeMichael Leuschel,2024,https://link.springer.com/article/10.1007/s10009-024-00739-0,Article
Are South African children on track for early learning? Findings from the South African Thrive By Five Index 2021 Survey,Child Indicators Research,,,,10.1007/s12187-023-10093-3,Colin TredouxAndrew DawesFrances MattesJan-Christof SchenkSonja GieseGrace LeachServaas van der BergJessica Horler,2023,https://link.springer.com/article/10.1007/s12187-023-10093-3,Article
A methodology to select and adjust quantum noise models through emulators: benchmarking against real backends,EPJ Quantum Technology,,,,10.1140/epjqt/s40507-024-00284-4,J. A. Bravo-MontesMiriam BastanteGuillermo BotellaAlberto del BarrioF. García-Herrero,2024,https://link.springer.com/article/10.1140/epjqt/s40507-024-00284-4,Article
Reproducibility in automated chemistry laboratories using computer science abstractions,Nature Synthesis,,,,10.1038/s44160-024-00649-8,Richard B. CantyMilad Abolhasani,2024,https://link.springer.com/article/10.1038/s44160-024-00649-8,Article
Improving the&#xa0;Quality of&#xa0;Quantum Services Generation Process: Controlling Errors and&#xa0;Noise,Hybrid Artificial Intelligent Systems,,,,10.1007/978-3-031-40725-3_16,Jaime Alvarado-ValienteJavier Romero-ÁlvarezDanel AriasErik B. TerresJose Garcia-AlonsoEnrique MoguelPablo García BringasJuan M. Murillo,2023,https://link.springer.com/chapter/10.1007/978-3-031-40725-3_16,Conference paper
Classification and transformations of quantum circuit decompositions for permutation operations,Quantum Information Processing,,,,10.1007/s11128-024-04508-5,Ankit KhandelwalHandy KurniawanShraddha AangirasÖzlem SalehiAdam Glos,2024,https://link.springer.com/article/10.1007/s11128-024-04508-5,Article
Methods in Trauma Biomechanics,Trauma Biomechanics,,,,10.1007/978-3-032-00357-7_2,Kai-Uwe SchmittDuane S. CroninBarclay MorrisonJack P. CallaghanMarkus H. Muser,2025,https://link.springer.com/chapter/10.1007/978-3-032-00357-7_2,Chapter
Intra-renal Pressure,Percutaneous Renal Surgery,,,,10.1007/978-3-031-40542-6_29,Eric RiedingerPalle Jörn Sloth OstherBodo Knudsen,2023,https://link.springer.com/chapter/10.1007/978-3-031-40542-6_29,Chapter
Soundscape: The Development of a New Discipline,Soundscapes: Humans and Their Acoustic Environment,,,,10.1007/978-3-031-22779-0_1,Brigitte Schulte-FortkampAndré Fiebig,2023,https://link.springer.com/chapter/10.1007/978-3-031-22779-0_1,Chapter
Computing marginal and conditional divergences between decomposable models with applications in quantum computing and earth observation,Knowledge and Information Systems,,,,10.1007/s10115-024-02191-7,Loong Kuan LeeGeoffrey I. WebbDaniel F. SchmidtNico Piatkowski,2024,https://link.springer.com/article/10.1007/s10115-024-02191-7,Article
Sustainable Utilization of Industrial Sludge in the Construction Industry,Recent Trends in Management and Utilization of Industrial Sludge,,,,10.1007/978-3-031-58456-5_8,DeepikaSamritiGeetika SharmaHarpal KaurShiv KumarPooja Chadha,2024,https://link.springer.com/chapter/10.1007/978-3-031-58456-5_8,Chapter
Evaluation of Reconstruction Practices,International Handbook of Disaster Research,,,,10.1007/978-981-19-8388-7_62,Akanchha Singh,2023,https://link.springer.com/rwe/10.1007/978-981-19-8388-7_62,Reference work entry
"On the&#xa0;Efficiency of&#xa0;Building Large Collections of&#xa0;Software: Modeling, Algorithms, and&#xa0;Experimental Results",Software Technologies,,,,10.1007/978-3-031-37231-5_7,Stephen R. TateBo Yuan,2023,https://link.springer.com/chapter/10.1007/978-3-031-37231-5_7,Conference paper
API Documentation,API Management,,,,10.1007/979-8-8688-0054-2_4,Brajesh De,2023,https://link.springer.com/chapter/10.1007/979-8-8688-0054-2_4,Chapter
Approximate encoding of quantum states using shallow circuits,npj Quantum Information,,,,10.1038/s41534-024-00858-1,Matan Ben-DovDavid ShnaiderovAdi MakmalEmanuele G. Dalla Torre,2024,https://link.springer.com/article/10.1038/s41534-024-00858-1,Article
Contracts,Building With Ethereum,,,,10.1007/978-1-4842-9045-3_4,Jamie Rumbelow,2023,https://link.springer.com/chapter/10.1007/978-1-4842-9045-3_4,Chapter
Lignin Depolymerization for Its Valorization,BioEnergy Research,,,,10.1007/s12155-022-10561-8,Dixita ChettriShadab AhmedAnoop Anand MalikAnil Kumar Verma,2023,https://link.springer.com/article/10.1007/s12155-022-10561-8,Article
"Effect of Dual Mordanting, Selective Dye Concentrations and Dye Compatibility for Minimizing Variation in Natural Dyeing of Jute Fabrics for Compound Shade Matching",Journal of The Institution of Engineers (India): Series E,,,,10.1007/s40034-024-00292-0,Ritwik ChakrabortyAshis Kumar SamantaPadma Shree VankarSarmistha Chakraborty,2024,https://link.springer.com/article/10.1007/s40034-024-00292-0,Article
Bisexuality in Females,Encyclopedia of Sexual Psychology and Behavior,,,,10.1007/978-3-031-08956-5_523-1,M. SturtzA. Franzese,2023,https://link.springer.com/rwe/10.1007/978-3-031-08956-5_523-1,Living reference work entry
Improved financial forecasting via quantum machine learning,Quantum Machine Intelligence,,,,10.1007/s42484-024-00157-0,Sohum ThakkarSkander KazdaghliNatansh MathurIordanis KerenidisAndré J. Ferreira–MartinsSamurai Brito,2024,https://link.springer.com/article/10.1007/s42484-024-00157-0,Article
On-premises superconducting quantum computer for education and research,EPJ Quantum Technology,,,,10.1140/epjqt/s40507-024-00243-z,Jami RönkköOlli AhonenVille BergholmAlessio CalzonaAttila GeresdiHermanni HeimonenJohannes HeinsooVladimir MilchakovStefan PogorzalekMatthew SarsbyMykhailo SavytskyiStefan SeegererFedor Šimkovic IVP. V. SriluckshmyPanu T. VesanenMikio Nakahara,2024,https://link.springer.com/article/10.1140/epjqt/s40507-024-00243-z,Article
Hunting for quantum-classical crossover in condensed matter problems,npj Quantum Information,,,,10.1038/s41534-024-00839-4,Nobuyuki YoshiokaTsuyoshi OkuboYasunari SuzukiYuki KoizumiWataru Mizukami,2024,https://link.springer.com/article/10.1038/s41534-024-00839-4,Article
Individual and combined effects of humic acid on life-history characteristics of the water flea <i>Moina macrocopa</i> upon whole-lifespan cadmium exposure,Hydrobiologia,,,,10.1007/s10750-023-05170-1,Thilomi SamarakoonTakeshi Fujino,2023,https://link.springer.com/article/10.1007/s10750-023-05170-1,Article
Lowering the cost of quantum comparator circuits,The Journal of Supercomputing,,,,10.1007/s11227-024-05959-4,Laura M. DonaireGloria OrtegaEster M. GarzónFrancisco Orts,2024,https://link.springer.com/article/10.1007/s11227-024-05959-4,Article
Receptor model-based source-specific health risks of toxic metal(loid)s in coal basin-induced agricultural soil in northwest Bangladesh,Environmental Geochemistry and Health,,,,10.1007/s10653-023-01740-3,Md. Ahosan HabibAbu Reza Md. Towfiqul IslamMemet VarolKhamphe PhoungthongRahat KhanMd. Saiful IslamMd. HasanuzzamanMd. Yousuf MiaRomulus CostacheSubodh Chandra Pal,2023,https://link.springer.com/article/10.1007/s10653-023-01740-3,Article
Mixed Nondeterministic-Probabilistic Automata,Discrete Event Dynamic Systems,,,,10.1007/s10626-023-00375-x,Albert BenvenisteJean-Baptiste Raclet,2023,https://link.springer.com/article/10.1007/s10626-023-00375-x,Article
From Agricultural Waste to Functional Food Products: An Overview,"Agricultural Waste: Environmental Impact, Useful Metabolites and Energy Production",,,,10.1007/978-981-19-8774-8_18,Olja ŠovljanskiVanja TravičićAna TomićJelena VulićVesna Tumbas ŠaponjacGordana ĆetkovićJasna Čanadanović-Brunet,2023,https://link.springer.com/chapter/10.1007/978-981-19-8774-8_18,Chapter
Removal of Heavy Metals from Industrial Wastewater Using Bioremediation Approach,Modern Approaches in Waste Bioremediation,,,,10.1007/978-3-031-24086-7_18,Pooja M. PatilAbhijeet R. MatkarVitthal B. PatilRanjit GuravMaruti J. Dhanavade,2023,https://link.springer.com/chapter/10.1007/978-3-031-24086-7_18,Chapter
Quantum-parallel vectorized data encodings and computations on trapped-ion and transmon QPUs,Scientific Reports,,,,10.1038/s41598-024-53720-x,Jan BalewskiMercy G. AmankwahRoel Van BeeumenE. Wes BethelTalita PercianoDaan Camps,2024,https://link.springer.com/article/10.1038/s41598-024-53720-x,Article
The effects of quantum hardware properties on the performances of variational quantum learning algorithms,Quantum Machine Intelligence,,,,10.1007/s42484-024-00144-5,Giuseppe BuonaiutoFrancesco GargiuloGiuseppe De PietroMassimo EspositoMarco Pota,2024,https://link.springer.com/article/10.1007/s42484-024-00144-5,Article
Ensembling personalized quantum models with local differential privacy,Quantum Machine Intelligence,,,,10.1007/s42484-026-00440-2,Flavjo XhelollariSamuel Yen-Chi ChenJunaid FarooqJuntao Chen,2026,https://link.springer.com/article/10.1007/s42484-026-00440-2,Article
Probabilistic Controlled Quantum Teleportation of an Arbitrary Qubit via a Four-Qubit Asymmetric Entangled State and Its Qiskit-Based Monte Carlo Simulation,International Journal of Theoretical Physics,,,,10.1007/s10773-026-06433-y,Shifan Yu,2026,https://link.springer.com/article/10.1007/s10773-026-06433-y,Article
Toward a benchmark for quantum computers based on an iterated post-selective protocol,Quantum Information Processing,,,,10.1007/s11128-026-05294-y,Adrian OrtegaOrsolya KálmánTamás Kiss,2026,https://link.springer.com/article/10.1007/s11128-026-05294-y,Article
H-QDCT: hierarchical quantum DCT for structural–textural feature fusion in medical imaging,International Journal of Computer Assisted Radiology and Surgery,,,,10.1007/s11548-026-03764-3,Xavier Font AragonesMiguel Ángel González Ballester,2026,https://link.springer.com/article/10.1007/s11548-026-03764-3,Article
Quantum computing-assisted validation of a conserved macrophage suppression module shared by ASFV and PEDV,Genes & Genomics,,,,10.1007/s13258-026-01796-2,Jongwon ByunHakjin KimChanghee Chandler PyoKwang-Eun ChoiSeon-Kyu KimSun-Uk KimTaeho Kwon,2026,https://link.springer.com/article/10.1007/s13258-026-01796-2,Article
3D point cloud processing and analysis: a survey,Multimedia Tools and Applications,,,,10.1007/s11042-026-21797-3,Alireza DehghanpourZahra SharifiPourya KhaksariNegin RajabiMasoud DehyadegariHoda Roodaki,2026,https://link.springer.com/article/10.1007/s11042-026-21797-3,Article
Behavioral and Electrophysiological Tests in Audiology,Otology Updates,,,,10.1007/978-3-031-76173-7_8,Ebru KösemihalÖmer Faruk SüloğluMohamad AlfarghalSuzanne C. Purdy,2024,https://link.springer.com/chapter/10.1007/978-3-031-76173-7_8,Chapter
Quantum state preparation of normal distributions using matrix product states,npj Quantum Information,,,,10.1038/s41534-024-00805-0,Jason IaconisSonika JohriElton Yechao Zhu,2024,https://link.springer.com/article/10.1038/s41534-024-00805-0,Article
Graph theory-based automated quantum algorithm for efficient querying of acyclic and multiloop causal configurations,Communications Physics,,,,10.1038/s42005-026-02672-x,Salvador A. Ochoa-OregonJuan P. Uribe-RamírezRoger J. Hernández-PintoSelomit Ramírez-UribeGermán Rodrigo,2026,https://link.springer.com/article/10.1038/s42005-026-02672-x,Article
Quantum classical convolutional neural network using ResNet-18 and feature optimization for multiclass skin lesion classification,Discover Artificial Intelligence,,,,10.1007/s44163-026-01384-z,G. SuryanarayanaMohd Dilshad AnsariL. N. C. Prakash K.V. BikshamN. SwapnaSaikiran Gogineni,2026,https://link.springer.com/article/10.1007/s44163-026-01384-z,Article
A verification scheme for universal quantum computers,Quantum Information Processing,,,,10.1007/s11128-026-05193-2,Anirudh ReddyAlain Giresse TeneThomas Konrad,2026,https://link.springer.com/article/10.1007/s11128-026-05193-2,Article
Predicting chaotic dynamics on NISQ hardware with quantum reservoir networks,Communications Physics,,,,10.1038/s42005-026-02652-1,Erik L. ConnertyEthan N. EvansGerasimos AngelatosVignesh Narayanan,2026,https://link.springer.com/article/10.1038/s42005-026-02652-1,Article
Quantum image loading and classification: experiments on utility-scale quantum computers,Quantum Machine Intelligence,,,,10.1007/s42484-026-00388-3,Hrant GharibyanHovnatan KarapetyanTigran SedrakyanPero SubasicVincent P. SuRudy H. TaninHayk Tepanyan,2026,https://link.springer.com/article/10.1007/s42484-026-00388-3,Article
Spectral phase encoding for quantum kernel methods,EPJ Quantum Technology,,,,10.1140/epjqt/s40507-026-00509-8,Pablo Herrero GómezAntonio Jimeno MorenillaDavid Muñoz-HernándezHiginio Mora Mora,2026,https://link.springer.com/article/10.1140/epjqt/s40507-026-00509-8,Article
Efficient gate reordering for Distributed Quantum Compiling in data centers,EPJ Quantum Technology,,,,10.1140/epjqt/s40507-026-00513-y,Riccardo MengoniWalter NadalinMathys RennelaJimmy RotureauTom DarrasJulien LauratEleni DiamantiIoannis Lavdas,2026,https://link.springer.com/article/10.1140/epjqt/s40507-026-00513-y,Article
Quantum Kernel Layered Inception ResNet-Based Optimization Techniques for Early Detection of Diabetic Retinopathy and Liver Disease,Archives of Computational Methods in Engineering,,,,10.1007/s11831-026-10562-2,Santosh Kumar HengeDeepak MehtaSridhar ChintalaDurgesh NandanK. SuneethaChanakya Kumar Hinge,2026,https://link.springer.com/article/10.1007/s11831-026-10562-2,Article
Multipartite entanglement measure: genuine to absolutely maximally entangled,Quantum Information Processing,,,,10.1007/s11128-026-05141-0,V. RahulS. Aravinda,2026,https://link.springer.com/article/10.1007/s11128-026-05141-0,Article
Quantum-classical generative models for drug design,Quantum Machine Intelligence,,,,10.1007/s42484-026-00356-x,Prateek JainParam PathakKrishna BhatiaShalini DevendrababuSrinjoy Ganguly,2026,https://link.springer.com/article/10.1007/s42484-026-00356-x,Article
A framework to study the relationship between classical data and quantum characteristics in quantum machine learning,The Journal of Supercomputing,,,,10.1007/s11227-026-08396-7,Iraitz MontalbánElías F. CombarroJosé Ranilla,2026,https://link.springer.com/article/10.1007/s11227-026-08396-7,Article
QCS-ADME: Quantum circuit search for drug property prediction with imbalanced data and regression adaptation,Quantum Machine Intelligence,,,,10.1007/s42484-026-00369-6,Kangyu ZhengTianfan FuZhiding Liang,2026,https://link.springer.com/article/10.1007/s42484-026-00369-6,Article
Open QBench: A benchmarking framework for evaluating quantum computing platforms,Quantum Information Processing,,,,10.1007/s11128-026-05115-2,Konrad WojciechowskiKrzysztof KurowskiMateusz SlyszTomasz Pecyna,2026,https://link.springer.com/article/10.1007/s11128-026-05115-2,Article
A Variational Qubit-Efficient MaxCut Heuristic Algorithm,npj Quantum Information,,,,10.1038/s41534-026-01186-2,Yovav Tene-CohenTomer KelmanOhad LevAdi Makmal,2026,https://link.springer.com/article/10.1038/s41534-026-01186-2,Article
DAScut: density-and-structure-aware circuit cutting for scalable quantum simulations,Cluster Computing,,,,10.1007/s10586-025-05911-y,Theodora AdufuYoonhee Kim,2026,https://link.springer.com/article/10.1007/s10586-025-05911-y,Article
Motor insurance data analysis by quantum machine learning,Discover Quantum Science,,,,10.1007/s44464-026-00007-x,Muhsin TamturkEran GinossarMarco CarenzoClaude Perret,2026,https://link.springer.com/article/10.1007/s44464-026-00007-x,Article
Realization of two-dimensional discrete time crystals with anisotropic Heisenberg coupling,Nature Communications,,,,10.1038/s41467-025-67787-1,Eric D. SwitzerNiall F. RobertsonNathan KeenanÁngel Rodríguez-AlcarazAndrea D’UrbanoBibek PokharelTalat S. RahmanOles ShtankoSergiy ZhukNicolás Lorente,2026,https://link.springer.com/article/10.1038/s41467-025-67787-1,Article
Multi-Programming Mechanism on Near-Term Quantum Computing,Quantum Computing,,,,10.1007/978-3-031-37966-6_2,Siyuan NiuAida Todri-Sanial,2024,https://link.springer.com/chapter/10.1007/978-3-031-37966-6_2,Chapter
The Significance of&#xa0;the&#xa0;Quantum Volume for&#xa0;Other Algorithms: A Case Study for&#xa0;Quantum Amplitude Estimation,Computational Science – ICCS 2024,,,,10.1007/978-3-031-63778-0_16,Jins de JongCarmen R. Hoek,2024,https://link.springer.com/chapter/10.1007/978-3-031-63778-0_16,Conference paper
Towards Higher Abstraction Levels in&#xa0;Quantum Computing,Service-Oriented Computing – ICSOC 2023 Workshops,,,,10.1007/978-981-97-0989-2_13,Hermann FürntrattPaul SchnablFlorian KrebsRoland UnterbergerHerwig Zeiner,2024,https://link.springer.com/chapter/10.1007/978-981-97-0989-2_13,Conference paper
Introduction to Blazor,Full Stack Development with Microsoft Blazor,,,,10.1007/979-8-8688-1007-7_1,Peter Himschoot,2024,https://link.springer.com/chapter/10.1007/979-8-8688-1007-7_1,Chapter
Advancing Code Smell Detection: Live Global Data Detection and&#xa0;Data Clumps Testcases,Evaluation of Novel Approaches to Software Engineering,,,,10.1007/978-3-031-64182-4_11,Nils BaumgartnerFiras AdlehElke Pulvermüller,2024,https://link.springer.com/chapter/10.1007/978-3-031-64182-4_11,Conference paper
Trapped-Ion Quantum Computing,Quantum Software,,,,10.1007/978-3-031-64136-7_10,Albert FrischAlexander ErhardThomas FeldkerFlorian GirtlerMax HettrichWilfried HussGeorg JacobChristine MaierGregor MayramhofDaniel NiggChristian SommerJuris UlmanisEtienne WodeyMederika ZangerlThomas Monz,2024,https://link.springer.com/chapter/10.1007/978-3-031-64136-7_10,Chapter
Cloud-Based Tool for&#xa0;Node.js Project Generation Using Abstract Syntax Trees,Proceedings of Fifth Doctoral Symposium on Computational Intelligence,,,,10.1007/978-981-97-6726-7_5,Yug SharmaAryaman SharmaDviyansh ChamoliNeha Agarwal,2024,https://link.springer.com/chapter/10.1007/978-981-97-6726-7_5,Conference paper
Decomposition of sparse amplitude permutation gates with application to preparation of sparse clustered quantum states,Quantum Information Processing,,,,10.1007/s11128-026-05050-2,Igor GaidaiRebekah Herrman,2026,https://link.springer.com/article/10.1007/s11128-026-05050-2,Article
The quantum Rock-Paper-Scissors-Lizard-Spock Show,Quantum Information Processing,,,,10.1007/s11128-026-05052-0,Bharath ManchikodiNishita Manohar HoseaP. C. Deshmukh,2026,https://link.springer.com/article/10.1007/s11128-026-05052-0,Article
Reinforcement learning for optimizing large qubit array based quantum sensor circuits,Discover Applied Sciences,,,,10.1007/s42452-025-08139-y,Laxmisha Ashok AttisaraSathish A. P. Kumar,2026,https://link.springer.com/article/10.1007/s42452-025-08139-y,Article
Testing time order and Leggett-Garg inequalities with noninvasive measurements on public quantum computers,EPJ Quantum Technology,,,,10.1140/epjqt/s40507-025-00457-9,Tomasz RybotyckiTomasz BiałeckiJosep BatleBartłomiej ZglinickiAdam SzereszewskiWolfgang BelzigAdam Bednorz,2026,https://link.springer.com/article/10.1140/epjqt/s40507-025-00457-9,Article
Quantum Without Hardware: Cloud Services and the New Computing Paradigm,Quantum Ops,,,,10.1007/978-3-032-10775-6_12,Keshav KumarMan Mohan Shukla,2026,https://link.springer.com/chapter/10.1007/978-3-032-10775-6_12,Chapter
End-to-End Formal Methods Integrated Development with&#xa0;SysMLv2 Using HAMR,Formal Methods for Industrial Critical Systems,,,,10.1007/978-3-032-00942-5_13,John HatcliffJason BeltRobbyClint McKenzieCatalina Liang,2026,https://link.springer.com/chapter/10.1007/978-3-032-00942-5_13,Conference paper
"Qubits, Quantum Registers, and Quantum Gates",Quantum Computing for Engineers,,,,10.1007/978-3-032-03325-3_9,Osama M. RaisuddinSuvranu De,2026,https://link.springer.com/chapter/10.1007/978-3-032-03325-3_9,Chapter
Scalable Code Generation for&#xa0;RTL Simulation of&#xa0;Deep Learning Accelerators With MLIR,Euro-Par 2025: Parallel Processing,,,,10.1007/978-3-031-99854-6_2,Jie TongWan-Luan LeeUmit Yusuf OgrasTsung-Wei Huang,2026,https://link.springer.com/chapter/10.1007/978-3-031-99854-6_2,Conference paper
Toward Quantum Circuit Execution Success Estimation via&#xa0;Graph Neural Network-Based Prediction,Reversible Computation,,,,10.1007/978-3-032-30839-9_9,Antonio TudiscoDeborah VolpeMariagrazia GrazianoGiovanna Turvani,2026,https://link.springer.com/chapter/10.1007/978-3-032-30839-9_9,Conference paper
Nested Qubit Routing,Quantum Computing and Artificial Intelligence,,,,10.1007/978-3-032-15931-1_6,Harshit DhankharTristan Cazenave,2026,https://link.springer.com/chapter/10.1007/978-3-032-15931-1_6,Conference paper
No Scratch Quantum Computing by&#xa0;Reducing Qubit Overhead for&#xa0;Efficient Arithmetics,Quantum Engineering Sciences and Technologies for Industry and Services,,,,10.1007/978-3-032-13852-1_31,Omid FaizyNorbert WehnPaul LukowiczMaximilian Kiefer-Emmanouilidis,2026,https://link.springer.com/chapter/10.1007/978-3-032-13852-1_31,Conference paper
Quantum Circuits Compilation for&#xa0;Superconducting Quantum Processing Units: A Systematic Mapping Study,Proceedings of the Fifth International Conference on Intelligent Systems in Production Engineering and Maintenance ISPEM 2025,,,,10.1007/978-3-032-14163-7_19,Andrzej GnatowskiTeodor Niżyński,2026,https://link.springer.com/chapter/10.1007/978-3-032-14163-7_19,Conference paper
Programming Language Translation: A Comprehensive Review of Techniques and Applications,Data Science and Exploration in Artificial Intelligence,,,,10.1007/978-3-032-19321-6_34,S. B. ChandiniA. B. RajendraMohammed Muddasir,2026,https://link.springer.com/chapter/10.1007/978-3-032-19321-6_34,Conference paper
Quantum Circuit Compilation for&#xa0;IQM Spark,"Dependable Computer Systems: Methods, Models, and Applications",,,,10.1007/978-3-032-27927-9_14,Andrzej GnatowskiAleksander BiskupKarolina BernikerMarcel OwczarekEryk Sikora,2026,https://link.springer.com/chapter/10.1007/978-3-032-27927-9_14,Conference paper
"Practical Classical Quantum Aspects in&#xa0;the&#xa0;Use of&#xa0;Gaussian Kernels for&#xa0;Quantum Unidimensional Binary Clustering, Based on&#xa0;the&#xa0;Method Proposed by&#xa0;Horn and&#xa0;Gottlieb","Dependable Computer Systems: Methods, Models, and Applications",,,,10.1007/978-3-032-27927-9_42,Sergii TrotskyiWojciech Bożejko,2026,https://link.springer.com/chapter/10.1007/978-3-032-27927-9_42,Conference paper
Applications of&#xa0;Mathematics and&#xa0;Logics in&#xa0;Quantum Computing,Mathematics and Logics in Computer Science,,,,10.1007/978-3-032-14156-9_17,Shambhavi AwasthiShikhar Singh,2026,https://link.springer.com/chapter/10.1007/978-3-032-14156-9_17,Conference paper
Quantum Approaches to&#xa0;the&#xa0;Minimum Edge Multiway Cut Problem,Quantum Engineering Sciences and Technologies for Industry and Services,,,,10.1007/978-3-032-13855-2_26,Ali AbbassiYann DujardinEric GourdinPhilippe LacommeCaroline Prodhon,2026,https://link.springer.com/chapter/10.1007/978-3-032-13855-2_26,Conference paper
Quantum Machine Learning for Materials Science,Modern Computational Materials Science,,,,10.1007/978-3-032-14541-3_11,Zongrui Pei,2026,https://link.springer.com/chapter/10.1007/978-3-032-14541-3_11,Chapter
Reaktor: Go as&#xa0;a&#xa0;First-Class Citizen for&#xa0;Client-Side Web Development Using WebAssembly,Web Engineering,,,,10.1007/978-3-032-29372-5_12,Arne VogelMoritz Constantin TietzeRüdiger Kapitza,2026,https://link.springer.com/chapter/10.1007/978-3-032-29372-5_12,Conference paper
Bridging Specification and&#xa0;Implementation in&#xa0;CoreASM Plugins,Rigorous Methods in Theory and Practice,,,,10.1007/978-3-032-24494-9_9,Vincenzo GervasiFederico Miraglia,2026,https://link.springer.com/chapter/10.1007/978-3-032-24494-9_9,Chapter
Quantum Clustering for Classification of DNA Sequences,Innovative Perspectives on Computational Intelligence and Data Science,,,,10.1007/978-3-032-12481-4_11,Vasile Vancea,2026,https://link.springer.com/chapter/10.1007/978-3-032-12481-4_11,Conference paper
Ontological Framework for Real-Time Gesture-to-Number Recognition System,Recent Trends in Intelligence Enabled Research,,,,10.1007/978-3-032-25446-7_12,Maxim BobyrNatalia MilostnayaArtem Aseev,2026,https://link.springer.com/chapter/10.1007/978-3-032-25446-7_12,Conference paper
Executing Circuits on Real Devices,Quantum Minds: Exploring Quantum Computing and AI Synergy,,,,10.1007/978-981-95-2498-3_5,Madhusudan SinghBharat S. Rawal,2026,https://link.springer.com/chapter/10.1007/978-981-95-2498-3_5,Chapter
Mitigating exponential concentration in covariant quantum kernels for subspace and real-world data,npj Quantum Information,,,,10.1038/s41534-025-01154-2,Gabriele AgliardiGiorgio CortianaAnton DekusarKumar GhoshNaeimeh MohseniCorey O’MearaVíctor VallsKavitha YogarajSergiy Zhuk,2025,https://link.springer.com/article/10.1038/s41534-025-01154-2,Article
Shallow entangled circuits for quantum time series prediction on IBM devices,Scientific Reports,,,,10.1038/s41598-025-28512-6,Mostafizur Rahaman LaskarRicha Goel,2025,https://link.springer.com/article/10.1038/s41598-025-28512-6,Article
Connectivity-Aware Qubit Mapping and CNOT Cost Minimization for Quantum Hashing Circuits,Russian Microelectronics,,,,10.1134/S1063739725602073,I. G. ZinnatullinK. R. KhadievI. A. Nikitin,2025,https://link.springer.com/article/10.1134/S1063739725602073,Article
The phase diagram of quantum chromodynamics in one dimension on a quantum computer,Nature Communications,,,,10.1038/s41467-025-65198-w,Anton T. ThanYasar Y. AtasAbhijit ChakrabortyJinglei ZhangMatthew T. DiazKalea WenXingxin LiuRandy LewisAlaina M. GreenChristine A. MuschikNorbert M. Linke,2025,https://link.springer.com/article/10.1038/s41467-025-65198-w,Article
Quantum Chebyshev probabilistic models for fragmentation functions,Communications Physics,,,,10.1038/s42005-025-02361-1,Jorge J. Martínez de LejarzaHsin-Yu WuOleksandr KyriienkoGermán RodrigoMichele Grossi,2025,https://link.springer.com/article/10.1038/s42005-025-02361-1,Article
Fast gradient-free optimization of excitations in variational quantum eigensolvers,Communications Physics,,,,10.1038/s42005-025-02375-9,Jonas JägerThierry N. KaldenbachMax HaasErik Schultheis,2025,https://link.springer.com/article/10.1038/s42005-025-02375-9,Article
Group-invariant estimation of symmetric states generated by noisy quantum computers,Quantum Information Processing,,,,10.1007/s11128-025-04944-x,Federico HolikMarcelo LosadaGiannina ZerrLorena RebónDiego Tielas,2025,https://link.springer.com/article/10.1007/s11128-025-04944-x,Article
Encapsulation of Protein-Based Drug Carriers for Controlled Loading and Releasing Efficiency: A Review,The Protein Journal,,,,10.1007/s10930-026-10346-4,Mahadesh Chandro MondalH. M. Wasi UddinSania AshrafiSadit Bihongo MalithaSuzzudul Islam ShuvoTasfik Saif,2026,https://link.springer.com/article/10.1007/s10930-026-10346-4,Article
Designing quantum blockchain system integrated with 6G network,Journal of King Saud University Computer and Information Sciences,,,,10.1016/j.jksuci.2023.101847,Rakesh SainiAbhiprada BeraBikash K. BeheraEmad A. AhmedMona JamjoomAhmed Farouk,2023,https://link.springer.com/article/10.1016/j.jksuci.2023.101847,Article
Bayesian Parameterized Quantum Circuit Optimization (BPQCO): a task and hardware-dependent approach,Quantum Machine Intelligence,,,,10.1007/s42484-025-00308-x,Alexander Benítez-BuenacheQueralt Portell-Montserrat,2025,https://link.springer.com/article/10.1007/s42484-025-00308-x,Article
Dedicated hardware design for efficient quantum computations using classical logic gates,The Journal of Supercomputing,,,,10.1007/s11227-023-05687-1,Nadia NedjahSérgio RaposoLuiza de Macedo Mourelle,2023,https://link.springer.com/article/10.1007/s11227-023-05687-1,Article
Comparative study of adaptive variational quantum eigensolvers for multi-orbital impurity models,Communications Physics,,,,10.1038/s42005-022-01089-6,Anirban MukherjeeNoah F. BerthusenJoão C. GetelinaPeter P. OrthYong-Xin Yao,2023,https://link.springer.com/article/10.1038/s42005-022-01089-6,Article
Exploiting the&#xa0;Benefits of&#xa0;Clean Ancilla Based Toffoli Gate Decomposition Across Architectures,Reversible Computation,,,,10.1007/978-3-031-38100-3_15,Abhoy KoleKamalika DattaPhilipp NiemannIndranil SenguptaRolf Drechsler,2023,https://link.springer.com/chapter/10.1007/978-3-031-38100-3_15,Conference paper
STAMP-Rust: Language and&#xa0;Performance Comparison to&#xa0;C on&#xa0;Transactional Benchmarks,"Benchmarking, Measuring, and Optimizing",,,,10.1007/978-3-031-31180-2_10,Felix SuchertJeronimo Castrillon,2023,https://link.springer.com/chapter/10.1007/978-3-031-31180-2_10,Conference paper
Quantum secret sharing protocol using GHZ state: implementation on IBM qiskit,Quantum Information Processing,,,,10.1007/s11128-023-04129-4,Nirupam BasakNayana DasGoutam PaulKaushik NandiNixon Patel,2023,https://link.springer.com/article/10.1007/s11128-023-04129-4,Article
Minimal state-preparation times for silicon spin qubits,npj Quantum Information,,,,10.1038/s41534-025-01027-8,Christopher K. LongNicholas J. MayhallSophia E. EconomouEdwin BarnesCrispin H. W. BarnesFrederico MartinsDavid R. M. Arvidsson-ShukurNormann Mertig,2025,https://link.springer.com/article/10.1038/s41534-025-01027-8,Article
Post-variational classical quantum transfer learning for binary classification,Scientific Reports,,,,10.1038/s41598-025-08887-2,Kavitha YogarajBrian QuanzTarun VikasArijit MondalSamrat Mondal,2025,https://link.springer.com/article/10.1038/s41598-025-08887-2,Article
The Status-Quo in nested data processing for high-energy physics,The VLDB Journal,,,,10.1007/s00778-025-00924-w,Dan GraurIngo MüllerMason ProffittGhislain FournyGordon T. WattsGustavo Alonso,2025,https://link.springer.com/article/10.1007/s00778-025-00924-w,Article
Consider the energy consumption of your quantum circuits,Nature Reviews Physics,,,,10.1038/s42254-025-00846-0,Coral CaleroMacario PoloElena DesdentadoMª Ángeles Moraga,2025,https://link.springer.com/article/10.1038/s42254-025-00846-0,Article
Business process modeling language selection for research modelers,Software and Systems Modeling,,,,10.1007/s10270-023-01110-8,Siamak FarshidiIzaak Beer KwantesSlinger Jansen,2023,https://link.springer.com/article/10.1007/s10270-023-01110-8,Article
A quest toward comprehensive benchmarking of quantum computing software,Nature Computational Science,,,,10.1038/s43588-025-00803-y,Chenghong ZhuLei ZhangXin Wang,2025,https://link.springer.com/article/10.1038/s43588-025-00803-y,Article
Rare-Earth Doped Inorganic Materials for Light-Emitting Applications,Advanced Materials for Solid State Lighting,,,,10.1007/978-981-99-4145-2_1,Irfan AyoubRishabh SehgalVishal SharmaRakesh SehgalHendrik C. SwartVijay Kumar,2023,https://link.springer.com/chapter/10.1007/978-981-99-4145-2_1,Chapter
Toolchain for faster iterations in quantum software development,Computing,,,,10.1007/s00607-025-01450-x,Otso KinanenAndrés D. Muñoz-MollerVlad StirbuJuan M. MurilloTommi Mikkonen,2025,https://link.springer.com/article/10.1007/s00607-025-01450-x,Article
The simulation of distributed quantum algorithms,The Journal of Supercomputing,,,,10.1007/s11227-025-07125-w,Sreraman Muralidharan,2025,https://link.springer.com/article/10.1007/s11227-025-07125-w,Article
Science objectives of the Einstein Probe mission,"Science China Physics, Mechanics & Astronomy",,,,10.1007/s11433-024-2600-3,Weimin YuanLixin DaiHua FengChichuan JinPeter JonkerErik KuulkersYuan LiuKirpal NandraPaul O’BrienLuigi PiroArne RauNanda ReaJeremy SandersLian TaoJunfeng WangXuefeng WuBing ZhangShuangnan ZhangShunke AiJohannes BuchnerEsra BulbulHechao ChenMinghua ChenYong ChenYu-Peng ChenAlexis ColeiroFrancesco Coti ZelatiZigao DaiXilong FanZhou FanSusanne FriedrichHe GaoChong GeMingyu GeJinjun GengGiancarlo GhirlandaGiulia GianfagnaLijun GouSébastien GuillotXian HouJingwei HuYongfeng HuangLong JiShumei JiaS. KomossaAlbert K. H. KongLin LanAn LiAng LiChengkui LiDongyue LiJian LiZhaosheng LiZhixing LingAng LiuJinzhong LiuLiangduan LiuZhu LiuJiawei LuoRuican MaPierre MaggiChandreyee MaitraAlessio MarinoStephen Chi-Yung NgHaiwu PanSurangkhana RukdeeRoberto SoriaHui SunPak-Hin Thomas TamAishwarya Linesh ThakurHui TianEleonora TrojaWei WangXiangyu WangYanan WangJunjie WeiSixiang WenJianfeng WuTing WuDi XiaoDong XuRenxin XuYanjun XuYu XuHaonan YangBei YouHeng YuYunwei YuBinbin ZhangChen ZhangGuobao ZhangLiang ZhangWenda ZhangYu ZhangPing ZhouZecheng Zou,2025,https://link.springer.com/article/10.1007/s11433-024-2600-3,Article
Explaining quantum circuits with Shapley values: towards explainable quantum machine learning,Quantum Machine Intelligence,,,,10.1007/s42484-025-00254-8,Raoul HeeseThore GerlachSascha MückeSabine MüllerMatthias JakobsNico Piatkowski,2025,https://link.springer.com/article/10.1007/s42484-025-00254-8,Article
Observation of the non-Hermitian skin effect and Fermi skin on a digital quantum computer,Nature Communications,,,,10.1038/s41467-025-55953-4,Ruizhe ShenTianqi ChenBo YangChing Hua Lee,2025,https://link.springer.com/article/10.1038/s41467-025-55953-4,Article
High-Mass X-ray Binaries,Handbook of X-ray and Gamma-ray Astrophysics,,,,10.1007/978-981-16-4544-0_95-1,Francesca FornasiniVallia AntoniouGuillaume Dubus,2024,https://link.springer.com/rwe/10.1007/978-981-16-4544-0_95-1,Living reference work entry
Physical synthesis of quantum circuits using Q-learning,Quantum Information Processing,,,,10.1007/s11128-025-04648-2,Dengli BuZhiyan BinJing Sun,2025,https://link.springer.com/article/10.1007/s11128-025-04648-2,Article
Programmable simulations of molecules and materials with reconfigurable quantum processors,Nature Physics,,,,10.1038/s41567-024-02738-z,Nishad MaskaraStefan OstermannJames SheeMarcin KalinowskiAbigail McClain GomezRodrigo Araiza BravoDerek S. WangAnna I. KrylovNorman Y. YaoMartin Head-GordonMikhail D. LukinSusanne F. Yelin,2025,https://link.springer.com/article/10.1038/s41567-024-02738-z,Article
High-Mass X-ray Binaries,Handbook of X-ray and Gamma-ray Astrophysics,,,,10.1007/978-981-19-6960-7_95,Francesca FornasiniVallia AntoniouGuillaume Dubus,2024,https://link.springer.com/rwe/10.1007/978-981-19-6960-7_95,Reference work entry
BIS: NL2SQL Service Evaluation Benchmark for&#xa0;Business Intelligence Scenarios,Service-Oriented Computing,,,,10.1007/978-981-96-0808-9_27,Bora CaglayanMingxue WangJohn D. KelleherShen FeiGui TongJiandong DingPuchao Zhang,2025,https://link.springer.com/chapter/10.1007/978-981-96-0808-9_27,Conference paper
The Role of JavaScript in Modern Web Development,Beginning JavaScript Syntax,,,,10.1007/979-8-8688-1460-0_5,Sonu Kapoor,2025,https://link.springer.com/chapter/10.1007/979-8-8688-1460-0_5,Chapter
Analysis of Quantum Phase Estimation Algorithm Using Quantum Fourier Transform,Proceedings of the International Conference on Sensors and Microsystems,,,,10.1007/978-981-96-3644-0_21,Priyanka SharmaRukhsar ZafarAmit Kumar Sharma,2025,https://link.springer.com/chapter/10.1007/978-981-96-3644-0_21,Conference paper
Introduction to Progressive Rendering,Practical Marko,,,,10.1007/979-8-8688-1483-9_3,Damodaran Chingleput Sathyakumar,2025,https://link.springer.com/chapter/10.1007/979-8-8688-1483-9_3,Chapter
Quantum Measurement and&#xa0;Inherent Randomness: A Study on&#xa0;Modified Hadamard Based Xorshift Pseudorandom Number Generator Algorithm,Computational Technologies and Electronics,,,,10.1007/978-3-031-81981-0_19,Rounak BiswasUtpal Roy,2025,https://link.springer.com/chapter/10.1007/978-3-031-81981-0_19,Conference paper
The Isolette System: Illustrating End-to-End Artifacts for Rigorous Model-Based Engineering,"The Combined Power of Research, Education, and Dissemination",,,,10.1007/978-3-031-73887-6_9,John HatcliffJason Belt,2025,https://link.springer.com/chapter/10.1007/978-3-031-73887-6_9,Chapter
Technology of Moving a Geometric Model Between CAD Packages Using Macros Tools,Mathematical Modeling and Simulation of Systems,,,,10.1007/978-3-031-90735-7_12,Dmytro KrytskyiVolodymyr ShevelOlha KrytskaAnton StryhunovArtem KrikunGuobadia Efosa Mark,2025,https://link.springer.com/chapter/10.1007/978-3-031-90735-7_12,Conference paper
Impact of&#xa0;Noise and&#xa0;Hardware Connectivity on&#xa0;Grover’s Quantum Search Algorithm in&#xa0;NISQ Devices,Intelligent Human Computer Interaction,,,,10.1007/978-3-031-88881-6_4,Mohit JoshiManoj Kumar MishraS. Karthikeyan,2025,https://link.springer.com/chapter/10.1007/978-3-031-88881-6_4,Conference paper
Quantum Neural Networks: Bridging the Gap Between Quantum Computing and Artificial Intelligence in Industry,Quantum Machine Learning in Industrial Automation,,,,10.1007/978-3-031-99786-0_10,Shreyan Basu RaySoujanya Ray,2025,https://link.springer.com/chapter/10.1007/978-3-031-99786-0_10,Chapter
Self-correcting quantum many-body control using reinforcement learning with tensor networks,Nature Machine Intelligence,,,,10.1038/s42256-023-00687-5,Friederike MetzMarin Bukov,2023,https://link.springer.com/article/10.1038/s42256-023-00687-5,Article
From Afghanistan and Pakistan to Turkey and the EU: Producing Infrastructures of Transit,Infrastructure of Transit,,,,10.1007/978-3-658-52250-6_3,Philipp Ratfisch,2026,https://link.springer.com/chapter/10.1007/978-3-658-52250-6_3,Chapter
Near term algorithms for linear systems of equations,Quantum Information Processing,,,,10.1007/s11128-023-04020-2,Aidan Pellow-JarmanIlya SinayskiyAnban PillayFrancesco Petruccione,2023,https://link.springer.com/article/10.1007/s11128-023-04020-2,Article
Provable bounds for noise-free expectation values computed from noisy samples,Nature Computational Science,,,,10.1038/s43588-024-00709-1,Samantha V. BarronDaniel J. EggerElijah PelofskeAndreas BärtschiStephan EidenbenzMatthis LehmkuehlerStefan Woerner,2024,https://link.springer.com/article/10.1038/s43588-024-00709-1,Article
Native multi-qubit gates in transmon qubits via synchronous driving,Scientific Reports,,,,10.1038/s41598-024-76396-9,Sagar Silva PratapsiDiogo CruzPaulo André,2024,https://link.springer.com/article/10.1038/s41598-024-76396-9,Article
Challenges and opportunities in quantum optimization,Nature Reviews Physics,,,,10.1038/s42254-024-00770-9,Amira AbbasAndris AmbainisBrandon AugustinoAndreas BärtschiHarry BuhrmanCarleton CoffrinGiorgio CortianaVedran DunjkoDaniel J. EggerBruce G. ElmegreenNicola FrancoFilippo FratiniBryce FullerJulien GaconConstantin GonciuleaSander GriblingSwati GuptaStuart HadfieldRaoul HeeseGerhard KircherThomas KleinertThorsten KochGeorgios KorpasSteve LenkJakub MarecekVanio MarkovGuglielmo MazzolaStefano MensaNaeimeh MohseniGiacomo NanniciniCorey O’MearaElena Peña TapiaSebastian PokuttaManuel ProisslPatrick RebentrostEmre SahinBenjamin C. B. SymonsSabine TornowVíctor VallsStefan WoernerMira L. Wolf-BauwensJon YardSheir YarkoniDirk ZechielSergiy ZhukChrista Zoufal,2024,https://link.springer.com/article/10.1038/s42254-024-00770-9,Article
Automated program improvement with reinforcement learning and graph neural networks,Soft Computing,,,,10.1007/s00500-023-08559-1,Nataša SukurNemanja MiloševićDoni PracnerZoran Budimac,2023,https://link.springer.com/article/10.1007/s00500-023-08559-1,Article
Quantum null-hypothesis device-independent Schmidt number witness,EPJ Quantum Technology,,,,10.1140/epjqt/s40507-024-00273-7,Josep BatleTomasz BiałeckiTomasz RybotyckiJakub TworzydłoAdam Bednorz,2024,https://link.springer.com/article/10.1140/epjqt/s40507-024-00273-7,Article
Reducing CNOT count in quantum Fourier transform for the linear nearest-neighbor architecture,Scientific Reports,,,,10.1038/s41598-023-35625-3,Byeongyong ParkDoyeol Ahn,2023,https://link.springer.com/article/10.1038/s41598-023-35625-3,Article
Implementing multi-controlled X gates using the quantum Fourier transform,Quantum Information Processing,,,,10.1007/s11128-024-04511-w,Vladimir V. Arsoski,2024,https://link.springer.com/article/10.1007/s11128-024-04511-w,Article
Observing and braiding topological Majorana modes on programmable quantum simulators,Nature Communications,,,,10.1038/s41467-023-37725-0,Nikhil HarleOles ShtankoRamis Movassagh,2023,https://link.springer.com/article/10.1038/s41467-023-37725-0,Article
The influence of basis sets and ansatze building to quantum computing in chemistry,Journal of Molecular Modeling,,,,10.1007/s00894-024-06072-2,Caio M. PortoRene Alfonso NomeNelson H. Morgon,2024,https://link.springer.com/article/10.1007/s00894-024-06072-2,Article
Hardware efficient decomposition of the Laplace operator and its application to the Helmholtz and the Poisson equation on quantum computer,Quantum Information Processing,,,,10.1007/s11128-024-04458-y,Jaehyun BaeGwangsu YooSatoshi NakamuraShota OhnishiDae Sin Kim,2024,https://link.springer.com/article/10.1007/s11128-024-04458-y,Article
Material and mix design aspects of hot recycled asphalt mixes: A review,Environmental Science and Pollution Research,,,,10.1007/s11356-023-29913-8,A. Nirmal PrasadNikhil SabooAgnivesh Pani,2023,https://link.springer.com/article/10.1007/s11356-023-29913-8,Article
The Quantum Density Matrix and Its Many Uses,Journal of the Indian Institute of Science,,,,10.1007/s41745-023-00406-4,Apoorva D. Patel,2023,https://link.springer.com/article/10.1007/s41745-023-00406-4,Article
"Radio Frequency-Driven, Pulsed High-Current H− Ion Sources on Advanced Accelerators",Physics and Applications of Hydrogen Negative Ion Sources,,,,10.1007/978-3-031-21476-9_18,Martin P. Stockli,2023,https://link.springer.com/chapter/10.1007/978-3-031-21476-9_18,Chapter
A recurrent network model of planning explains hippocampal replay and human behavior,Nature Neuroscience,,,,10.1038/s41593-024-01675-7,Kristopher T. JensenGuillaume HennequinMarcelo G. Mattar,2024,https://link.springer.com/article/10.1038/s41593-024-01675-7,Article
Dynamic rate and channel use allocation for cooperative wireless networks,EURASIP Journal on Wireless Communications and Networking,,,,10.1186/s13638-023-02243-6,Ali Al KhansaStefan CerovicRaphael VisozYezekael HayelSamson Lasaulce,2023,https://link.springer.com/article/10.1186/s13638-023-02243-6,Article
RIOT-ML: toolkit for over-the-air secure updates and performance evaluation of TinyML models,Annals of Telecommunications,,,,10.1007/s12243-024-01041-5,Zhaolan HuangKoen ZandbergKaspar SchleiserEmmanuel Baccelli,2024,https://link.springer.com/article/10.1007/s12243-024-01041-5,Article
Digital quantum simulation of gravitational optomechanics with IBM quantum computers,EPJ Quantum Technology,,,,10.1140/epjqt/s40507-024-00242-0,Pablo Guillermo Carmona RufoAnupam MazumdarSougato BoseCarlos Sabín,2024,https://link.springer.com/article/10.1140/epjqt/s40507-024-00242-0,Article
Galvanizing Residue and Electrical Arc Furnace (EAF) Dust,Recycling Technologies for Secondary Zn-Pb Resources,,,,10.1007/978-3-031-14685-5_4,Muammer Kaya,2023,https://link.springer.com/chapter/10.1007/978-3-031-14685-5_4,Chapter
Improved FRQI on superconducting processors and its restrictions in the NISQ era,Quantum Information Processing,,,,10.1007/s11128-023-03838-0,Alexander GengAli MoghisehClaudia RedenbachKatja Schladitz,2023,https://link.springer.com/article/10.1007/s11128-023-03838-0,Article
Cycle discrete-time quantum walks on a noisy quantum computer,The European Physical Journal D,,,,10.1140/epjd/s10053-023-00795-2,Vivek WadhiaNicholas ChancellorViv Kendon,2024,https://link.springer.com/article/10.1140/epjd/s10053-023-00795-2,Article
Short-depth QAOA circuits and quantum annealing on higher-order ising models,npj Quantum Information,,,,10.1038/s41534-024-00825-w,Elijah PelofskeAndreas BärtschiStephan Eidenbenz,2024,https://link.springer.com/article/10.1038/s41534-024-00825-w,Article
Parallel hybrid quantum-classical machine learning for kernelized time-series classification,Quantum Machine Intelligence,,,,10.1007/s42484-024-00149-0,Jack S. BakerGilchan ParkKwangmin YuAra GhukasyanOktay GoktasSantosh Kumar Radha,2024,https://link.springer.com/article/10.1007/s42484-024-00149-0,Article
PCDR-DFF: multi-modal 3D object detection based on point cloud diversity representation and dual feature fusion,Neural Computing and Applications,,,,10.1007/s00521-024-09561-w,Chenxing XiaXubing LiXiuju GaoBin GeKuan-Ching LiXianjin FangYan ZhangKe Yang,2024,https://link.springer.com/article/10.1007/s00521-024-09561-w,Article
On the Bergman Projection and Kernel in Periodic Planar Domains,"Operators, Semigroups, Algebras and Function Theory",,,,10.1007/978-3-031-38020-4_9,Jari Taskinen,2023,https://link.springer.com/chapter/10.1007/978-3-031-38020-4_9,Conference paper
Quantum circuits for computing Hamming distance requiring fewer T gates,The Journal of Supercomputing,,,,10.1007/s11227-024-05916-1,Francisco OrtsGloria OrtegaElías F. CombarroIgnacio F. RúaEster M. Garzón,2024,https://link.springer.com/article/10.1007/s11227-024-05916-1,Article
Lifting On-Demand Analysis to&#xa0;Higher-Order Languages,Static Analysis,,,,10.1007/978-3-031-44245-2_20,Daniel SchoepeDavid SeekatzIlina StoilkovskaSandro StuckiDaniel TattersallPauline BolignanoFranco RaimondiBor-Yuh Evan Chang,2023,https://link.springer.com/chapter/10.1007/978-3-031-44245-2_20,Conference paper
Korus—Transpiling Speech Into Code Using NLP,IOT with Smart Systems,,,,10.1007/978-981-99-3761-5_39,Pramila RaniP. RachanaAnasuya DuttaAnirudh PanditaAnusha V. Salimath,2023,https://link.springer.com/chapter/10.1007/978-981-99-3761-5_39,Conference paper
Evaluating Quantum Algorithms for&#xa0;Linear Solver Workflows,High Performance Computing,,,,10.1007/978-3-031-40843-4_47,Sophia KolakHamed MohammadbagherpoorKonstantis DaloukasKostas KafousasFrancois-Henry RouetYorgos KoutsoyannopoulosNathan Earnest-NobleRobert F. Lucas,2023,https://link.springer.com/chapter/10.1007/978-3-031-40843-4_47,Conference paper
Quantum Annealing vs. QAOA: 127 Qubit Higher-Order Ising Problems on&#xa0;NISQ Computers,High Performance Computing,,,,10.1007/978-3-031-32041-5_13,Elijah PelofskeAndreas BärtschiStephan Eidenbenz,2023,https://link.springer.com/chapter/10.1007/978-3-031-32041-5_13,Conference paper
QPU integration in OpenCL for heterogeneous programming,The Journal of Supercomputing,,,,10.1007/s11227-023-05879-9,Jorge Vázquez-PérezCésar PiñeiroJuan C. PichelTomás F. PenaAndrés Gómez,2024,https://link.springer.com/article/10.1007/s11227-023-05879-9,Article
Is Simulation the&#xa0;only Alternative for&#xa0;Effective Verification of&#xa0;Dynamic Quantum Circuits?,Reversible Computation,,,,10.1007/978-3-031-62076-8_13,Liam HurwitzKamalika DattaAbhoy KoleRolf Drechsler,2024,https://link.springer.com/chapter/10.1007/978-3-031-62076-8_13,Conference paper
Quantum Block-Matching Algorithm Using Dissimilarity Measure,Service-Oriented Computing – ICSOC 2023 Workshops,,,,10.1007/978-981-97-0989-2_15,M. Martínez-FelipeJ. Montiel-PérezVictor OnofreA. Maldonado-RomoRicky Young,2024,https://link.springer.com/chapter/10.1007/978-981-97-0989-2_15,Conference paper
CySpider: A Neural Semantic Parsing Corpus with&#xa0;Baseline Models for&#xa0;Property Graphs,AI 2023: Advances in Artificial Intelligence,,,,10.1007/978-981-99-8391-9_10,Ziyu ZhaoWei LiuTim FrenchMichael Stewart,2024,https://link.springer.com/chapter/10.1007/978-981-99-8391-9_10,Conference paper
NASA Nearest Earth Object Classification Using Quantum Machine Learning: A Survey,Innovations in Electrical and Electronic Engineering,,,,10.1007/978-981-99-8289-9_34,Aman Singh BhogalMausmi SinhaPratiksha Meshram,2024,https://link.springer.com/chapter/10.1007/978-981-99-8289-9_34,Conference paper
.NET Fundamentals,Pro .NET Memory Management,,,,10.1007/979-8-8688-0453-3_4,Konrad KokosaChristophe NasarreKevin Gosse,2024,https://link.springer.com/chapter/10.1007/979-8-8688-0453-3_4,Chapter
Using Hypergraph Ansatz on&#xa0;the&#xa0;Hybrid Quantum-Classical Image Compression Scheme,Proceedings of the International Conference on Intelligent Systems and Networks,,,,10.1007/978-981-97-5504-2_73,Tran Khanh NguyenNguyen Trinh DongVu Tuan HaiPham Hoai Luan,2024,https://link.springer.com/chapter/10.1007/978-981-97-5504-2_73,Conference paper
Introduction,Architectures and Circuits for Distributed Quantum Computing,,,,10.1007/978-3-031-73808-1_1,Daniele Cuomo,2024,https://link.springer.com/chapter/10.1007/978-3-031-73808-1_1,Chapter
Enhancing Security in Distributed Computing Through Quantum Neural Network-Enabled Blockchain,Intelligent Computing and Optimization,,,,10.1007/978-3-031-73324-6_43,Qiu XiuliangAnand Singh RajawatS. B. GoyalRam Kumar Solanki,2024,https://link.springer.com/chapter/10.1007/978-3-031-73324-6_43,Conference paper
Future Trends and Emerging Technologies,Scalable AI and Design Patterns,,,,10.1007/979-8-8688-0158-7_11,Abhishek Mishra,2024,https://link.springer.com/chapter/10.1007/979-8-8688-0158-7_11,Chapter
"Laying the Foundation: Pixels, Logic, and Data Streams",CodeMosaic,,,,10.1007/979-8-8688-0276-8_2,Arpit Dwivedi,2024,https://link.springer.com/chapter/10.1007/979-8-8688-0276-8_2,Chapter
Integrating GeoGebra with&#xa0;React and&#xa0;WebAssembly: A Web-Based Approach for&#xa0;Mathematical Software Development,Mathematical Software – ICMS 2024,,,,10.1007/978-3-031-64529-7_35,Mitsushi Fujimoto,2024,https://link.springer.com/chapter/10.1007/978-3-031-64529-7_35,Conference paper
Learning Type Inference for&#xa0;Enhanced Dataflow Analysis,Computer Security – ESORICS 2023,,,,10.1007/978-3-031-51482-1_10,Lukas SeidelSedick David Baker EffendiXavier PinhoKonrad RieckBrink van der MerweFabian Yamaguchi,2024,https://link.springer.com/chapter/10.1007/978-3-031-51482-1_10,Conference paper
Scalable Quantum Approximate Optimiser for&#xa0;Pseudo-Boolean Multi-objective Optimisation,Parallel Problem Solving from Nature – PPSN XVIII,,,,10.1007/978-3-031-70085-9_17,Zakaria Abdelmoiz DahiFrancisco ChicanoGabriel LuqueBilel DerbelEnrique Alba,2024,https://link.springer.com/chapter/10.1007/978-3-031-70085-9_17,Conference paper
Quantum random number generator on IBM QX,Journal of Cryptographic Engineering,,,,10.1007/s13389-023-00341-1,Vaishnavi kumarPadmapriya Pravinkumar,2023,https://link.springer.com/article/10.1007/s13389-023-00341-1,Article
Bio-mordants: a review,Environmental Science and Pollution Research,,,,10.1007/s11356-024-32174-8,Hüseyin Benli,2024,https://link.springer.com/article/10.1007/s11356-024-32174-8,Article
A hybrid quantum-classical method for electron-phonon systems,Communications Physics,,,,10.1038/s42005-023-01353-3,M. Michael DennerAlexander MiessenHaoran YanIvano TavernelliTitus NeupertEugene DemlerYao Wang,2023,https://link.springer.com/article/10.1038/s42005-023-01353-3,Article
From qubits to rhythm: exploring quantum random walks in rhythmspaces,The European Physical Journal Special Topics,,,,10.1140/epjs/s11734-026-02587-2,María Aguado-YáñezKarl JansenDaniel Gómez-MarínSergi Jordà,2026,https://link.springer.com/article/10.1140/epjs/s11734-026-02587-2,Article
A reusable model of pangenome selection informs optimal surveillance strategies over vaccine introductions,Genome Medicine,,,,10.1186/s13073-026-01672-4,Leonie J. LorenzJoel HellewellSamuel T. HorsfieldMatthew J. RussellShrijana ShresthaAndrew J. PollardStephen D. BentleyStephanie W. LoCaroline ColijnNicholas J. CroucherJohn A. Lees,2026,https://link.springer.com/article/10.1186/s13073-026-01672-4,Article
Quantum simulation of collective neutrino oscillations in dense neutrino environment,Quantum Information Processing,,,,10.1007/s11128-026-05151-y,Shvetaank TripathiSandeep JoshiGarima RajpootPrashant Shukla,2026,https://link.springer.com/article/10.1007/s11128-026-05151-y,Article
Layer model for gate-based modular quantum computers,Quantum Information Processing,,,,10.1007/s11128-026-05119-y,Rob F. M. van den BrinkJuan C. BoscheroMichele Amoretti,2026,https://link.springer.com/article/10.1007/s11128-026-05119-y,Article
A <i>Divide-et-Impera</i> approach for compiling large quantum circuits via ant colony optimization,Evolutionary Intelligence,,,,10.1007/s12065-025-01127-6,Marco BaiolettiAngelo OddiRiccardo Rasconi,2026,https://link.springer.com/article/10.1007/s12065-025-01127-6,Article
Validation of an analyzability model for quantum software: a family of experiments,Empirical Software Engineering,,,,10.1007/s10664-026-10825-3,Ana Díaz-MuñozJosé A. Cruz-LemusMoisés RodríguezMaria Teresa BaldassarreMario Piattini,2026,https://link.springer.com/article/10.1007/s10664-026-10825-3,Article
A Panoramic Tour,CAT(0) Cube Complexes,,,,10.1007/978-3-031-43622-2_7,Petra Schwer,2023,https://link.springer.com/chapter/10.1007/978-3-031-43622-2_7,Chapter
QGoL: Quantum Game of Life,Quantum Information Processing,,,,10.1007/s11128-025-05022-y,Daniel Escanez-ExpositoJorge Garcia-DiazDaniel del CastilloPino Caballero-GilEduardo Sáenz-de-Cabezón,2026,https://link.springer.com/article/10.1007/s11128-025-05022-y,Article
QAISim: a toolkit for modeling and simulation of AI in quantum cloud computing environments,Cluster Computing,,,,10.1007/s10586-025-05879-9,Irwindeep SinghSukhpal Singh GillJinzhao SunJan Mol,2026,https://link.springer.com/article/10.1007/s10586-025-05879-9,Article
Faster quantum state decomposition with Tucker tensor approximation,Quantum Machine Intelligence,,,,10.1007/s42484-023-00113-4,Protasov StanislavLisnichenko Marina,2023,https://link.springer.com/article/10.1007/s42484-023-00113-4,Article
"QAOA in&#xa0;Quantum Datacenters: Parallelization, Simulation, and&#xa0;Orchestration",Quantum Engineering Sciences and Technologies for Industry and Services,,,,10.1007/978-3-032-13855-2_5,Amana LiaqatAhmed DarwishAdrian RomanStephen DiAdamo,2026,https://link.springer.com/chapter/10.1007/978-3-032-13855-2_5,Conference paper
Qubit Routing via&#xa0;swap Network: A&#xa0;Minimum Dominating Path Approach,Computational Science – ICCS 2026,,,,10.1007/978-3-032-29921-5_5,Riccardo RomanelloDaniele Lizzio BoscoGiuseppe SerraCarla Piazza,2026,https://link.springer.com/chapter/10.1007/978-3-032-29921-5_5,Conference paper
Multi-GPU Code Generation for&#xa0;Out-of-Core Problems,Trends in Functional Programming,,,,10.1007/978-3-031-99751-8_6,Patrick van BeurdenThomas KoopmanSven-Bodo Scholz,2026,https://link.springer.com/chapter/10.1007/978-3-031-99751-8_6,Conference paper
Hybrid Quantum Image Recognition on&#xa0;Limited-Qubit Hardware,"Dependable Computer Systems: Methods, Models, and Applications",,,,10.1007/978-3-032-27927-9_12,Olaf DudaMateusz A. KucharskiRadosław Idzikowski,2026,https://link.springer.com/chapter/10.1007/978-3-032-27927-9_12,Conference paper
A Service-Oriented Digital Twin Architecture for&#xa0;Seamless Reliability Verification of&#xa0;IoT Systems,Service-Oriented Computing,,,,10.1007/978-981-95-5015-9_13,Janik-Vasily BenzinJürgen ManglerStefanie Rinderle-Ma,2026,https://link.springer.com/chapter/10.1007/978-981-95-5015-9_13,Conference paper
A Neuro-Computational Architecture Taxonomy to&#xa0;Bridge Biological and&#xa0;Artificial Intelligence,Biologically Inspired Cognitive Architectures 2025,,,,10.1007/978-3-032-13977-1_10,Salvatore DistefanoMax Talanov,2026,https://link.springer.com/chapter/10.1007/978-3-032-13977-1_10,Conference paper
Quantum Machine Learning,Quantum Computing for Engineers,,,,10.1007/978-3-032-03325-3_38,Osama M. RaisuddinSuvranu De,2026,https://link.springer.com/chapter/10.1007/978-3-032-03325-3_38,Chapter
Knowledge Graphs and&#xa0;Quantum Computing: First Blood,Knowledge Graphs,,,,10.1007/978-981-95-5009-8_1,Yannis TzitzikasHaridimos Kondylakis,2026,https://link.springer.com/chapter/10.1007/978-981-95-5009-8_1,Conference paper
Auto Quantum Machine Learning for&#xa0;Multisource Classification,Computational Science – ICCS 2026 Workshops,,,,10.1007/978-3-032-29918-5_2,Tomasz RybotyckiSebastian DziuraPiotr Gawron,2026,https://link.springer.com/chapter/10.1007/978-3-032-29918-5_2,Conference paper
Monte Carlo Particle Transport on&#xa0;Quantum Computers,Quantum Engineering Sciences and Technologies for Industry and Services,,,,10.1007/978-3-032-13855-2_17,Noe OlivierMichel Nowak,2026,https://link.springer.com/chapter/10.1007/978-3-032-13855-2_17,Conference paper
EniQmA - Enabling Hybrid Quantum Applications,Quantum Engineering Sciences and Technologies for Industry and Services,,,,10.1007/978-3-032-13855-2_14,Dimitris BadounasMarvin BechtoldMartin BeiselPatricia BickertArcesio Castañeda MedinaMichael FrommAlexander GengIlie-Daniel Gheorghe-PopFlorian GirtlerCristian GrozeaDominik HeldweinMichael HolzkiMatthias KabelColin Kai-Uwe BeckerSophia LahsFernando LimaThéo Lisart-LiebermannDarya MartyniukMerlin MengelAli MoghisehAndreas MüllerJoe RixonMarcel Seelbach BenknerSebastian SengeNikolay TcholtchevFelix TrugerJuris UlmanisSebastian WagnerBenjamin WederArmin Wolf,2026,https://link.springer.com/chapter/10.1007/978-3-032-13855-2_14,Conference paper
LLM-Based Semantic Layers: Connecting Model-Driven Engineering and Data Warehouses,"The 3rd International Conference on Artificial Intelligence and Smart Applications (AISA’25), Volume 1: Artificial Intelligence, IoT, and Smart Applications",,,,10.1007/978-3-032-18716-1_11,Ibtissam ArrassenYoussef Ben AmarMohammed Erramdani,2026,https://link.springer.com/chapter/10.1007/978-3-032-18716-1_11,Conference paper
Product Delivery,Produktmanagement,,,,10.1007/978-3-658-49110-9_7,Lutz GöckeMichael Schultheiß,2026,https://link.springer.com/chapter/10.1007/978-3-658-49110-9_7,Chapter
Control Software,An Introduction to Quantum Computing for Computer Engineers,,,,10.1007/978-3-032-03650-6_8,Marcus Stephen Edwards,2026,https://link.springer.com/chapter/10.1007/978-3-032-03650-6_8,Chapter
The Future of Quantum Operations in Enterprises,Quantum Ops,,,,10.1007/978-3-032-10775-6_10,Varun Awasthi,2026,https://link.springer.com/chapter/10.1007/978-3-032-10775-6_10,Chapter
OpenMP-Q: Quantum Task Offloading in&#xa0;OpenMP,OpenMP: Balancing Productivity and Performance Portability,,,,10.1007/978-3-032-06343-4_6,Swastik MittalAtulya MaheshFrank Mueller,2026,https://link.springer.com/chapter/10.1007/978-3-032-06343-4_6,Conference paper
Learning the Basics: A Whistle-Stop Tour of React,React Native for Mobile Development,,,,10.1007/979-8-8688-2977-2_1,Abhishek NalwayaAkshat Paul,2026,https://link.springer.com/chapter/10.1007/979-8-8688-2977-2_1,Chapter
Experimental Analysis of&#xa0;Quantum Neural Networks on&#xa0;Odra 5 Quantum Computer,"Dependable Computer Systems: Methods, Models, and Applications",,,,10.1007/978-3-032-27927-9_18,Małgorzata JȩdruszekRadosław IdzikowskiMateusz A. Kucharski,2026,https://link.springer.com/chapter/10.1007/978-3-032-27927-9_18,Conference paper
Solving Capacitated Vehicle Routing Problem with&#xa0;Equal Demand Using Quantum Approximate Optimization Algorithm on&#xa0;Superconducting Quantum Computer,Soft Computing Models in Industrial and Environmental Applications,,,,10.1007/978-3-032-29254-4_35,Miłosz BiałczakDominik NikrewiczMariusz Uchroński,2026,https://link.springer.com/chapter/10.1007/978-3-032-29254-4_35,Conference paper
On the Development Platforms and&#xa0;Services for Quantum Machine Learning: A Comparative Study,"Artificial Intelligence, Cybersecurity and Game Design",,,,10.1007/978-981-95-6746-1_7,C. AishwaryaM. VenkatesanP. Prabhavathy,2026,https://link.springer.com/chapter/10.1007/978-981-95-6746-1_7,Conference paper
Implementation and Testing of Programmable Logic Controller (PLC) Functionality on C-DAC VEGA RISC-V Microcontroller Using OpenPLC,"Emerging Electronics and Automation, Volume 2",,,,10.1007/978-981-95-0705-4_25,A. R. VinukumarA. V. PremjithSri Ram Shankar RajaduraiSivakumaran Natarajan,2026,https://link.springer.com/chapter/10.1007/978-981-95-0705-4_25,Conference paper
Quantum Linear System Algorithms: Iterative Methods,Quantum Computing for Engineers,,,,10.1007/978-3-032-03325-3_31,Osama M. RaisuddinSuvranu De,2026,https://link.springer.com/chapter/10.1007/978-3-032-03325-3_31,Chapter
QMin: Quantum Circuit Minimization via Gate Fusions for Efficient State Vector Simulation,Quantum Information Processing,,,,10.1007/s11128-025-05028-6,Longshan XuEdwin Hsing-Mean ShaYuhong SongQingfeng Zhuge,2025,https://link.springer.com/article/10.1007/s11128-025-05028-6,Article
MiniZinc with objects,Constraints,,,,10.1007/s10601-025-09380-3,Guido TackRichard Comploi-TaupeAndreas FalknerGottfried Schenner,2025,https://link.springer.com/article/10.1007/s10601-025-09380-3,Article
A doubly stochastic matrices-based approach to optimal qubit routing,Quantum Information Processing,,,,10.1007/s11128-023-04023-z,Nicola MariellaSergiy Zhuk,2023,https://link.springer.com/article/10.1007/s11128-023-04023-z,Article
An SQL query generator for cross-domain human language based questions based on NLP model,Multimedia Tools and Applications,,,,10.1007/s11042-023-15731-0,B. Balaji NaikT. Jaya Venkata Rama ReddyK. Rohith Venkata karthikPratyay Kuila,2023,https://link.springer.com/article/10.1007/s11042-023-15731-0,Article
Controlled gate networks: theory and application to eigenvalue estimation,The European Physical Journal A,,,,10.1140/epja/s10050-025-01750-y,Max Bee-LindgrenZhengrong QianMatthew DeCrossNatalie C. BrownChristopher N. GilbrethJacob WatkinsXilin ZhangDean Lee,2025,https://link.springer.com/article/10.1140/epja/s10050-025-01750-y,Article
Improving quantum-to-classical data decoding using optimized quantum wavelet transform,The Journal of Supercomputing,,,,10.1007/s11227-023-05433-7,Mingyoung JengSM Ishraq Ul IslamDavid LevyAndrew RiachiManu ChaudharyMd. Alvir Islam NobelDylan KneidelVinayak JhaJack BauerAnshul MauryaNaveed MahmudEsam El-Araby,2023,https://link.springer.com/article/10.1007/s11227-023-05433-7,Article
"Three-qubit W state tomography via full and marginal state reconstructions on <Emphasis FontCategory=""NonProportional"">ibm</Emphasis>_<Emphasis FontCategory=""NonProportional"">osaka</Emphasis>",Quantum Information Processing,,,,10.1007/s11128-025-04964-7,Talath H.Govindaraja B.P.Divyamani B.G.Akshata Shenoy H.Usha A. R. DeviSudha,2025,https://link.springer.com/article/10.1007/s11128-025-04964-7,Article
Efficient domination problem: a quantum computing approach,The Journal of Supercomputing,,,,10.1007/s11227-025-07967-4,K. A. VidyaK. Venugopal,2025,https://link.springer.com/article/10.1007/s11227-025-07967-4,Article
Study on quantum thermalization from thermal initial states in a superconducting quantum computer,Scientific Reports,,,,10.1038/s41598-025-19553-y,Marc Espinosa EdoLian-Ao Wu,2025,https://link.springer.com/article/10.1038/s41598-025-19553-y,Article
"DevQCC: <Emphasis Type=""Underline"">Dev</Emphasis>ice-Aware <Emphasis Type=""Underline"">Q</Emphasis>uantum <Emphasis Type=""Underline"">C</Emphasis>ircuit <Emphasis Type=""Underline"">C</Emphasis>utting framework with applications in quantum machine learning",Quantum Machine Intelligence,,,,10.1007/s42484-025-00313-0,Himanshu SahuHari Prabhat GuptaVishnu Vardhan PuvvadaRahul Mishra,2025,https://link.springer.com/article/10.1007/s42484-025-00313-0,Article
ExQUAL: an explainable quantum machine learning classifier,Applied Intelligence,,,,10.1007/s10489-025-06732-7,Karuna KadianSunita GarhwalAjay Kumar,2025,https://link.springer.com/article/10.1007/s10489-025-06732-7,Article
A practical applicable quantum–classical hybrid ant colony algorithm for the NISQ era,Quantum Information Processing,,,,10.1007/s11128-025-04895-3,Mohan WuQian QiuLiang ZhangYin XuQichun SunXiaogang LiDa-Chuang LiHua Xu,2025,https://link.springer.com/article/10.1007/s11128-025-04895-3,Article
Digitized counterdiabatic quantum optimization for bin packing problem,EPJ Quantum Technology,,,,10.1140/epjqt/s40507-025-00402-w,Ruoqian XuSebastián V. RomeroJialiang TangYue BanXi Chen,2025,https://link.springer.com/article/10.1140/epjqt/s40507-025-00402-w,Article
Quantum enhanced stratification of breast cancer: exploring quantum expressivity for real omics data,Quantum Machine Intelligence,,,,10.1007/s42484-025-00289-x,Valeria RepettoElia Giuseppe CeroniGiuseppe BuonaiutoRomina D’Aurizio,2025,https://link.springer.com/article/10.1007/s42484-025-00289-x,Article
Multi-controlled single-qubit unitary gates based on the quantum Fourier transform and deep decomposition,The Journal of Supercomputing,,,,10.1007/s11227-025-07684-y,Vladimir V. Arsoski,2025,https://link.springer.com/article/10.1007/s11227-025-07684-y,Article
Secure and efficient quantum signature scheme based on the controlled unitary operations encryption,Quantum Information Processing,,,,10.1007/s11128-025-04843-1,Debnath GhoshSoumit RoyPrithwi BagchiIndranil ChakrabartyAshok Kumar Das,2025,https://link.springer.com/article/10.1007/s11128-025-04843-1,Article
A coherent approach to quantum-classical optimization,Communications Physics,,,,10.1038/s42005-025-02111-3,Andrés N. CálizJordi RiuJosep BoschPau TorrenteJose MirallesArnau Riera,2025,https://link.springer.com/article/10.1038/s42005-025-02111-3,Article
Transfer learning of optimal QAOA parameters in combinatorial optimization,Quantum Information Processing,,,,10.1007/s11128-025-04743-4,J. A. Montañez-BarreraDennis WillschKristel Michielsen,2025,https://link.springer.com/article/10.1007/s11128-025-04743-4,Article
Preparation of Multiparticle Greenberger–Horne–Zeilinger States on <sup>171</sup>Yb<sup>+</sup> Ions for Frequency Standards,JETP Letters,,,,10.1134/S002136402560630X,A. E. KorolkovI. V. ZalivakoA. S. BorisenkoV. N. SmirnovP. A. KamenskikhI. A. SemerikovK. Yu. KhabarovaN. N. Kolachevsky,2025,https://link.springer.com/article/10.1134/S002136402560630X,Article
QOPS: a compiler framework for quantum circuit simulation acceleration with profile-guided optimizations,The Journal of Supercomputing,,,,10.1007/s11227-025-07157-2,Yu-Tsung WuPo-Hsuan HuangKai-Chieh ChangChia-Heng TuShih-Hao Hung,2025,https://link.springer.com/article/10.1007/s11227-025-07157-2,Article
Role-based access using partial homomorphic encryption for securing cloud data,International Journal of System Assurance Engineering and Management,,,,10.1007/s13198-023-01896-2,Urvashi Rahul SaxenaTaj Alam,2023,https://link.springer.com/article/10.1007/s13198-023-01896-2,Article
Quantum adversarial learning for kernel methods,Quantum Machine Intelligence,,,,10.1007/s42484-025-00238-8,Giuseppe MontalbanoLeonardo Banchi,2025,https://link.springer.com/article/10.1007/s42484-025-00238-8,Article
$$&lt;\hbox {w}|\hbox {b}&gt;$$ : A&#xa0;Quantum Emulation Workbench for&#xa0;Benchmark Construction and&#xa0;Application Development,Euro-Par 2024: Parallel Processing Workshops,,,,10.1007/978-3-031-90200-0_2,Elise JenningsMartin RüfenachtStefan Kister,2025,https://link.springer.com/chapter/10.1007/978-3-031-90200-0_2,Conference paper
QIris: Quantum Implementation of&#xa0;Rainbow Table Attacks,Information Systems Security,,,,10.1007/978-3-031-80020-7_12,Lee Jun QuanTan Jia YeGoh Geok LingVivek Balachandran,2025,https://link.springer.com/chapter/10.1007/978-3-031-80020-7_12,Conference paper
A Proposal for&#xa0;an&#xa0;Adaptive Compiler Architecture and&#xa0;Design for&#xa0;Precision and&#xa0;Scale Aware Compilation Using Data-Oriented Design,Universal Access in Human-Computer Interaction,,,,10.1007/978-3-031-93848-1_13,Zintis EricsArnis Cirulis,2025,https://link.springer.com/chapter/10.1007/978-3-031-93848-1_13,Conference paper
Quantum Neural Networks (QNNs),Quantum Computing and Quantum Machine Learning for Engineers and Developers,,,,10.1007/978-3-031-98245-3_9,Jesse Van Griensven ThéRoydon Andrew FraserJose Rosas-Bustos,2025,https://link.springer.com/chapter/10.1007/978-3-031-98245-3_9,Chapter
Modern Front-End Tooling,Designing Web Layouts with Bootstrap 5,,,,10.1007/979-8-8688-1904-9_9,Ajdin Imsirovic,2025,https://link.springer.com/chapter/10.1007/979-8-8688-1904-9_9,Chapter
The SIMPLACE crop and ecosystem management modelling platform,Current crop models,,,,10.19103/AS.2025.0155.18,M. ViannaA. EndersT. GaiserG. KraussT. H. NguyenS. J. SeidelE. E. RezaeiH. WebberA. TewesA. K. SrivastavaF. Ewert,2025,https://link.springer.com/chapter/10.19103/AS.2025.0155.18,Chapter
Vector Data and AI Innovations,Oracle 23AI & ADBS in Action,,,,10.1007/979-8-8688-2068-7_6,Asim Chowdhury,2025,https://link.springer.com/chapter/10.1007/979-8-8688-2068-7_6,Chapter
FeynmanDD: Quantum Circuit Analysis with&#xa0;Classical Decision Diagrams,Computer Aided Verification,,,,10.1007/978-3-031-98685-7_2,Ziyuan WangBin ChengLongxiang YuanZhengfeng Ji,2025,https://link.springer.com/chapter/10.1007/978-3-031-98685-7_2,Conference paper
Blazor WebAssembly: Full-Stack Web Development,Mastering ASP.NET Core 10,,,,10.1007/979-8-8688-1892-9_20,Mabrouk Mahdhi,2025,https://link.springer.com/chapter/10.1007/979-8-8688-1892-9_20,Chapter
Heart Failure Risk Assessment with Quantum-Inspired Support Vector Classification: An Empirical Study,Proceedings of the International Health Informatics Conference,,,,10.1007/978-981-97-7190-5_5,Sheral WaskarSanthosh RaminediS. Shridevi,2025,https://link.springer.com/chapter/10.1007/978-981-97-7190-5_5,Conference paper
Eine Frage der Qualität,Programmieren mit JavaScript,,,,10.1007/978-3-658-45577-4_15,Ralph Steyer,2025,https://link.springer.com/chapter/10.1007/978-3-658-45577-4_15,Chapter
Optimization Framework for&#xa0;Reducing Mid-circuit Measurements and&#xa0;Resets,Computational Science – ICCS 2025 Workshops,,,,10.1007/978-3-031-97570-7_13,Yanbin ChenInnocenzo FulginitiChristian B. Mendl,2025,https://link.springer.com/chapter/10.1007/978-3-031-97570-7_13,Conference paper
A Template Course for&#xa0;Teaching the&#xa0;Development of&#xa0;Interactive Systems to&#xa0;Students of&#xa0;Human-Computer Interaction,HCI International 2024 – Late Breaking Papers,,,,10.1007/978-3-031-76803-3_12,Toni SchumacherMaged MortagaAndré Calero Valdez,2025,https://link.springer.com/chapter/10.1007/978-3-031-76803-3_12,Conference paper
BlenderAlchemy: Editing 3D Graphics with&#xa0;Vision-Language Models,Computer Vision – ECCV 2024,,,,10.1007/978-3-031-73024-5_18,Ian HuangGuandao YangLeonidas Guibas,2025,https://link.springer.com/chapter/10.1007/978-3-031-73024-5_18,Conference paper
Efficient quantum circuit contraction using tensor decision diagrams,The Journal of Supercomputing,,,,10.1007/s11227-024-06836-w,Vicente Lopez-OlivaJose M. BadiaMaribel Castillo,2024,https://link.springer.com/article/10.1007/s11227-024-06836-w,Article
Synergizing quantum techniques with machine learning for advancing drug discovery challenge,Scientific Reports,,,,10.1038/s41598-024-82576-4,Zhiding LiangZichang HeYue SunDylan HermanQingyue JiaoYanzhang ZhuWeiwen JiangXiaowei XuDi WuMarco PistoiaYiyu Shi,2024,https://link.springer.com/article/10.1038/s41598-024-82576-4,Article
Digital quantum simulation of quantum gravitational entanglement with IBM quantum computers,EPJ Quantum Technology,,,,10.1140/epjqt/s40507-023-00161-6,Carlos Sabín,2023,https://link.springer.com/article/10.1140/epjqt/s40507-023-00161-6,Article
Multi-output quantum teleportation of different quantum information with optimal quantum resources,Optical and Quantum Electronics,,,,10.1007/s11082-023-04593-3,Satish Kumar,2023,https://link.springer.com/article/10.1007/s11082-023-04593-3,Article
"Characteristics, implementation, and applications of special perfect entanglers",The European Physical Journal D,,,,10.1140/epjd/s10053-024-00925-4,Karthick SelvanS. Balakrishnan,2024,https://link.springer.com/article/10.1140/epjd/s10053-024-00925-4,Article
Scaling whole-chip QAOA for higher-order ising spin glass models on heavy-hex graphs,npj Quantum Information,,,,10.1038/s41534-024-00906-w,Elijah PelofskeAndreas BärtschiLukasz CincioJohn GoldenStephan Eidenbenz,2024,https://link.springer.com/article/10.1038/s41534-024-00906-w,Article
On-board classification of underwater images using hybrid classical-quantum CNN-based method,Quantum Machine Intelligence,,,,10.1007/s42484-024-00206-8,Sreeraj Rajan WarrierD. Sri Harshavardhan ReddySriya BadaRohith AchampetaSebastian UppapalliJayasri Dontabhaktuni,2024,https://link.springer.com/article/10.1007/s42484-024-00206-8,Article
Quantum computing for financial risk measurement,Quantum Information Processing,,,,10.1007/s11128-022-03777-2,Sascha WilkensJoe Moorhouse,2023,https://link.springer.com/article/10.1007/s11128-022-03777-2,Article
Quantum multi-programming for Grover’s search,Quantum Information Processing,,,,10.1007/s11128-022-03793-2,Gilchan ParkKun ZhangKwangmin YuVladimir Korepin,2023,https://link.springer.com/article/10.1007/s11128-022-03793-2,Article
Quantum anomaly detection in the latent space of proton collision events at the LHC,Communications Physics,,,,10.1038/s42005-024-01811-6,Vasilis BelisKinga Anna WoźniakEma PuljakPanagiotis BarkoutsosGünther DissertoriMichele GrossiMaurizio PieriniFlorentin ReiterIvano TavernelliSofia Vallecorsa,2024,https://link.springer.com/article/10.1038/s42005-024-01811-6,Article
A Polynomial Size Model with&#xa0;Implicit SWAP Gate Counting for&#xa0;Exact Qubit Reordering,Computational Science – ICCS 2023,,,,10.1007/978-3-031-36030-5_7,J. MulderijK.I. AardalI. ChiscopF. Phillipson,2023,https://link.springer.com/chapter/10.1007/978-3-031-36030-5_7,Conference paper
City Scale Seismic-Damage Prediction of Buildings Using Quantum Neural Network,Experimental Vibration Analysis for Civil Engineering Structures,,,,10.1007/978-3-031-39117-0_46,Sanjeev BhattaJi Dang,2023,https://link.springer.com/chapter/10.1007/978-3-031-39117-0_46,Conference paper
Build,Modern TypeScript,,,,10.1007/978-1-4842-9723-0_8,Ben Beattie-Hood,2023,https://link.springer.com/chapter/10.1007/978-1-4842-9723-0_8,Chapter
Accelerating Scientific Applications with the Quantum Edge: A Drug Design Use Case,High Performance Computing,,,,10.1007/978-3-031-40843-4_11,Vincenzo De MaioIvona Brandic,2023,https://link.springer.com/chapter/10.1007/978-3-031-40843-4_11,Conference paper
Operating with&#xa0;Quantum Integers: An Efficient ‘Multiples of’ Oracle,Service-Oriented Computing,,,,10.1007/978-3-031-45728-9_7,Javier Sanchez-RiveroDaniel TalavánJose Garcia-AlonsoAntonio Ruiz-CortésJuan Manuel Murillo,2023,https://link.springer.com/chapter/10.1007/978-3-031-45728-9_7,Conference paper
Solving Higher Order Binary Optimization Problems on&#xa0;NISQ Devices: Experiments and&#xa0;Limitations,Computational Science – ICCS 2023,,,,10.1007/978-3-031-36030-5_18,Valentin GilbertJulien RodriguezStéphane LouiseRenaud Sirdey,2023,https://link.springer.com/chapter/10.1007/978-3-031-36030-5_18,Conference paper
Towards DEMO Model-Based Automatic Generation of Smart Contracts,Advances in Enterprise Engineering XVI,,,,10.1007/978-3-031-34175-5_5,David AveiroJoão Oliveira,2023,https://link.springer.com/chapter/10.1007/978-3-031-34175-5_5,Conference paper
Software Aided Analysis of&#xa0;EWL Based Quantum Games,Parallel Processing and Applied Mathematics,,,,10.1007/978-3-031-30445-3_18,Piotr KotaraTomasz ZawadzkiKatarzyna Rycerz,2023,https://link.springer.com/chapter/10.1007/978-3-031-30445-3_18,Conference paper
Quantum autoencoders using mixed reference states,npj Quantum Information,,,,10.1038/s41534-024-00872-3,Hailan MaGary J. MooneyIan R. PetersenLloyd C. L. HollenbergDaoyi Dong,2024,https://link.springer.com/article/10.1038/s41534-024-00872-3,Article
Ising meson spectroscopy on a noisy digital quantum simulator,Nature Communications,,,,10.1038/s41467-024-50206-2,Christopher LambYicheng TangRobert DavisAnanda Roy,2024,https://link.springer.com/article/10.1038/s41467-024-50206-2,Article
LExCI: A framework for reinforcement learning with embedded systems,Applied Intelligence,,,,10.1007/s10489-024-05573-0,Kevin BadalianLucas KochTobias BrinkmannMario PicernoMarius WegenerSung-Yong LeeJakob Andert,2024,https://link.springer.com/article/10.1007/s10489-024-05573-0,Article
Quantum computation of frequency-domain molecular response properties using a three-qubit iToffoli gate,npj Quantum Information,,,,10.1038/s41534-024-00850-9,Shi-Ning SunBrian MarinelliJin Ming KohYosep KimLong B. NguyenLarry ChenJohn Mark KreikebaumDavid I. SantiagoIrfan SiddiqiAustin J. Minnich,2024,https://link.springer.com/article/10.1038/s41534-024-00850-9,Article
Quantum circuit synthesis with diffusion models,Nature Machine Intelligence,,,,10.1038/s42256-024-00831-9,Florian FürrutterGorka Muñoz-GilHans J. Briegel,2024,https://link.springer.com/article/10.1038/s42256-024-00831-9,Article
An algorithm based on quantum phase estimation for the identification of patterns,Quantum Information Processing,,,,10.1007/s11128-024-04388-9,Dimitris NtalaperasAndreas KalogeropoulosNikos Konofaos,2024,https://link.springer.com/article/10.1007/s11128-024-04388-9,Article
Implementing 2-qubit pseudo-telepathy games on noisy intermediate-scale quantum computers,Quantum Information Processing,,,,10.1007/s11128-024-04386-x,Colm KelleherMohammad RoomyFrédéric Holweck,2024,https://link.springer.com/article/10.1007/s11128-024-04386-x,Article
Experience in teaching quantum computing with hands-on programming labs,The Journal of Supercomputing,,,,10.1007/s11227-024-06001-3,Federico GalettoHiram H. LópezMehdi RahmatiJanche SangChansu Yu,2024,https://link.springer.com/article/10.1007/s11227-024-06001-3,Article
On the optimality of quantum circuit initial mapping using reinforcement learning,EPJ Quantum Technology,,,,10.1140/epjqt/s40507-024-00225-1,Norhan Elsayed AmerWalid GomaaKeiji KimuraKazunori UedaAhmed El-Mahdy,2024,https://link.springer.com/article/10.1140/epjqt/s40507-024-00225-1,Article
Entanglement-Based Computation,Architectures and Circuits for Distributed Quantum Computing,,,,10.1007/978-3-031-73808-1_3,Daniele Cuomo,2024,https://link.springer.com/chapter/10.1007/978-3-031-73808-1_3,Chapter
Development and Deployment of Quantum Services,Quantum Software,,,,10.1007/978-3-031-64136-7_8,Enrique MoguelJose Garcia-AlonsoJuan M. Murillo,2024,https://link.springer.com/chapter/10.1007/978-3-031-64136-7_8,Chapter
Green Evolutionary Algorithms and&#xa0;JavaScript: A Study on&#xa0;Different Software and&#xa0;Hardware Architectures,Software Technologies,,,,10.1007/978-3-031-61753-9_1,Juan J. Merelo-GuervósMario García-ValdezPedro A. Castillo,2024,https://link.springer.com/chapter/10.1007/978-3-031-61753-9_1,Conference paper
A Quick Introduction to TypeScript,Angular for Business,,,,10.1007/978-1-4842-9609-7_1,Michael D. Callaghan,2024,https://link.springer.com/chapter/10.1007/978-1-4842-9609-7_1,Chapter
Programmable Data Pipelines,Snowflake Recipes,,,,10.1007/979-8-8688-0938-5_6,Dillon DaytonJohn Eipe,2024,https://link.springer.com/chapter/10.1007/979-8-8688-0938-5_6,Chapter
Quantum Software Engineering and Programming Applied to Personalized Pharmacogenomics,Quantum Software,,,,10.1007/978-3-031-64136-7_11,José Luis HeviaEzequiel MurinaAurelio MartínezGuido Peterssen,2024,https://link.springer.com/chapter/10.1007/978-3-031-64136-7_11,Chapter
A Representative Framework for&#xa0;Implementing Quantum Finite Automata on&#xa0;Real Devices,Unconventional Computation and Natural Computation,,,,10.1007/978-3-031-63742-1_12,Aliya KhadievaÖzlem SalehiAbuzer Yakaryılmaz,2024,https://link.springer.com/chapter/10.1007/978-3-031-63742-1_12,Conference paper
Computing with&#xa0;Quantum Circuits,Architectures and Circuits for Distributed Quantum Computing,,,,10.1007/978-3-031-73808-1_2,Daniele Cuomo,2024,https://link.springer.com/chapter/10.1007/978-3-031-73808-1_2,Chapter
Quantum Permutation Pad with Qiskit Runtime,Recent Advances in Communication Networks and Embedded Systems,,,,10.1007/978-3-031-59619-3_12,Alain Chancé,2024,https://link.springer.com/chapter/10.1007/978-3-031-59619-3_12,Conference paper
Streaming IoT Data and&#xa0;the&#xa0;Quantum Edge: A Classic/Quantum Machine Learning Use Case,Euro-Par 2023: Parallel Processing Workshops,,,,10.1007/978-3-031-50684-0_14,Sabrina HerbstVincenzo De MaioIvona Brandic,2024,https://link.springer.com/chapter/10.1007/978-3-031-50684-0_14,Conference paper
Threshold Fully Homomorphic Encryption Over&#xa0;the&#xa0;Torus,Computer Security – ESORICS 2023,,,,10.1007/978-3-031-50594-2_3,Yukimasa SugizakiHikaru TsuchidaTakuya HayashiKoji NuidaAkira NakashimaToshiyuki IsshikiKengo Mori,2024,https://link.springer.com/chapter/10.1007/978-3-031-50594-2_3,Conference paper
Improved Cross-Platform Mobile Applications to Native Applications Converters,Proceedings of the 10th International Conference on Advanced Intelligent Systems and Informatics 2024,,,,10.1007/978-3-031-71619-5_9,Mostafa M. AbdallahAshraf SalemAhmed H. Yousef,2024,https://link.springer.com/chapter/10.1007/978-3-031-71619-5_9,Conference paper
Quantum splitting of multi-qubit gates,Optical and Quantum Electronics,,,,10.1007/s11082-023-05974-4,Mario Mastriani,2023,https://link.springer.com/article/10.1007/s11082-023-05974-4,Article
Non-adaptive measurement-based quantum computation on IBM Q,Scientific Reports,,,,10.1038/s41598-023-41025-4,Jelena MackeprangDaniel BhattiStefanie Barz,2023,https://link.springer.com/article/10.1038/s41598-023-41025-4,Article
Classical splitting of parametrized quantum circuits,Quantum Machine Intelligence,,,,10.1007/s42484-023-00118-z,Cenk TüysüzGiuseppe ClementeArianna CrippaTobias HartungStefan KühnKarl Jansen,2023,https://link.springer.com/article/10.1007/s42484-023-00118-z,Article
Measurement-induced entanglement phase transition on a superconducting quantum processor with mid-circuit readout,Nature Physics,,,,10.1038/s41567-023-02076-6,Jin Ming KohShi-Ning SunMario MottaAustin J. Minnich,2023,https://link.springer.com/article/10.1038/s41567-023-02076-6,Article
Technological diversity of quantum computing providers: a comparative study and a proposal for API Gateway integration,Software Quality Journal,,,,10.1007/s11219-023-09633-5,Jaime Alvarado-ValienteJavier Romero-ÁlvarezEnrique MoguelJosé García-AlonsoJuan M. Murillo,2023,https://link.springer.com/article/10.1007/s11219-023-09633-5,Article
Quantum pattern recognition on real quantum processing units,Quantum Machine Intelligence,,,,10.1007/s42484-022-00093-x,Sreetama DasJingfu ZhangStefano MartinaDieter SuterFilippo Caruso,2023,https://link.springer.com/article/10.1007/s42484-022-00093-x,Article
How to define modeling languages?,Software and Systems Modeling,,,,10.1007/s10270-023-01098-1,Benoit CombemaleJeff GrayBernhard Rumpe,2023,https://link.springer.com/article/10.1007/s10270-023-01098-1,Article
Circuit implementation of discrete-time quantum walks via the shunt decomposition method,Quantum Information Processing,,,,10.1007/s11128-023-03878-6,Allan Wing-BocanegraSalvador E. Venegas-Andraca,2023,https://link.springer.com/article/10.1007/s11128-023-03878-6,Article
Configurable sublinear circuits for quantum state preparation,Quantum Information Processing,,,,10.1007/s11128-023-03869-7,Israel F. AraujoDaniel K. ParkTeresa B. LudermirWilson R. OliveiraFrancesco PetruccioneAdenilton J. da Silva,2023,https://link.springer.com/article/10.1007/s11128-023-03869-7,Article
Benchmarking Geospatial Question Answering Engines Using the&#xa0;Dataset GeoQuestions1089,The Semantic Web – ISWC 2023,,,,10.1007/978-3-031-47243-5_15,Sergios-Anestis KefalidisDharmen PunjaniEleni TsalapatiKonstantinos PlasMariangela PollaliMichail MitsiosMyrto TsokanaridouManolis KoubarakisPierre Maret,2023,https://link.springer.com/chapter/10.1007/978-3-031-47243-5_15,Conference paper
Deploying Azure SQL DB Hyperscale Using Azure Bicep,Azure SQL Hyperscale Revealed,,,,10.1007/978-1-4842-9225-9_11,Zoran BaraćDaniel Scott-Raynsford,2023,https://link.springer.com/chapter/10.1007/978-1-4842-9225-9_11,Chapter
Behavior-Driven Development,Test-Driven Development with React and TypeScript,,,,10.1007/978-1-4842-9648-6_11,Juntao Qiu,2023,https://link.springer.com/chapter/10.1007/978-1-4842-9648-6_11,Chapter
Implementing the&#xa0; $$\lambda _{GT}$$ Language: A Functional Language with&#xa0;Graphs as&#xa0;First-Class Data,Graph Transformation,,,,10.1007/978-3-031-36709-0_14,Jin SanoKazunori Ueda,2023,https://link.springer.com/chapter/10.1007/978-3-031-36709-0_14,Conference paper
Industry Trends Impacting SAP UI Technologies,SAP UI Frameworks for Enterprise Developers,,,,10.1007/978-1-4842-9535-9_6,Marius ObertVolker Buzek,2023,https://link.springer.com/chapter/10.1007/978-1-4842-9535-9_6,Chapter
Quantum Computing Techniques for&#xa0;Multi-knapsack Problems,Intelligent Computing,,,,10.1007/978-3-031-37963-5_19,Abhishek AwasthiFrancesco BärJoseph DoetschHans EhmMarvin ErdmannMaximilian HessJohannes KlepschPeter A. LimacherAndre LuckowChristoph NiedermeierLilly PalackalRuben PfeifferPhilipp RossHila SafiJanik Schönmeier-KromerOliver von SicardYannick WengerKaren WinterspergerSheir Yarkoni,2023,https://link.springer.com/chapter/10.1007/978-3-031-37963-5_19,Conference paper
Automated Property-Based Testing from&#xa0;AADL Component Contracts,Formal Methods for Industrial Critical Systems,,,,10.1007/978-3-031-43681-9_8,John HatcliffJason BeltRobbyJacob LeggDanielle StewartTodd Carpenter,2023,https://link.springer.com/chapter/10.1007/978-3-031-43681-9_8,Conference paper
Linked Data Objects (LDO): A TypeScript-Enabled RDF Devtool,The Semantic Web – ISWC 2023,,,,10.1007/978-3-031-47243-5_13,Jackson Morgan,2023,https://link.springer.com/chapter/10.1007/978-3-031-47243-5_13,Conference paper
TAQOS: A Benchmark Protocol for&#xa0;Quantum Optimization Systems,Computational Science – ICCS 2023,,,,10.1007/978-3-031-36030-5_13,Valentin GilbertStéphane LouiseRenaud Sirdey,2023,https://link.springer.com/chapter/10.1007/978-3-031-36030-5_13,Conference paper
Towards a&#xa0;Taxonomy for&#xa0;Reversible Computation Approaches,Reversible Computation,,,,10.1007/978-3-031-38100-3_3,Robert GlückIvan LaneseClaudio Antares MezzinaJarosław Adam MiszczakIain PhillipsIrek UlidowskiGermán Vidal,2023,https://link.springer.com/chapter/10.1007/978-3-031-38100-3_3,Conference paper
Quantum Computing Research Lines in&#xa0;the&#xa0;Italian Center for&#xa0;Supercomputing,"Embedded Computer Systems: Architectures, Modeling, and Simulation",,,,10.1007/978-3-031-46077-7_28,Alessandro BarenghiPaolo CremonesiGerardo Pelosi,2023,https://link.springer.com/chapter/10.1007/978-3-031-46077-7_28,Conference paper
Enabling an&#xa0;Isolated and&#xa0;Energy-Aware Deployment of&#xa0;Computationally Intensive Kernels on&#xa0;Multi-tenant Environments,"Embedded Computer Systems: Architectures, Modeling, and Simulation",,,,10.1007/978-3-031-46077-7_27,Argyris KokkinisAnnastasios NanosKostas Siozios,2023,https://link.springer.com/chapter/10.1007/978-3-031-46077-7_27,Conference paper
FPGA-Based Network-Attached Accelerators – An Environmental Life Cycle Perspective,Architecture of Computing Systems,,,,10.1007/978-3-031-42785-5_17,Fritjof SteinertBenno Stabernack,2023,https://link.springer.com/chapter/10.1007/978-3-031-42785-5_17,Conference paper
Standard: UI5 Web Components,SAP UI Frameworks for Enterprise Developers,,,,10.1007/978-1-4842-9535-9_4,Marius ObertVolker Buzek,2023,https://link.springer.com/chapter/10.1007/978-1-4842-9535-9_4,Chapter
Expanded Toxicological Mechanisms of Chemicals,Health Risk Assessment of Environmental Chemicals,,,,10.1007/978-981-99-1560-6_8,Masami Ishido,2023,https://link.springer.com/chapter/10.1007/978-981-99-1560-6_8,Chapter
Applications,Building Enterprise IoT Solutions with Eclipse IoT Technologies,,,,10.1007/978-1-4842-8882-5_12,Frédéric Desbiens,2023,https://link.springer.com/chapter/10.1007/978-1-4842-8882-5_12,Chapter
StencilTorch: An Iterative and&#xa0;User-Guided Framework for&#xa0;Anime Lineart Colorization,Image and Vision Computing,,,,10.1007/978-3-031-25825-1_1,Yliess HatiVincent TheveninFlorent NolotFrancis RousseauxClement Duhart,2023,https://link.springer.com/chapter/10.1007/978-3-031-25825-1_1,Conference paper
Parsing Semi-structured Languages: A Crochet Pattern to&#xa0;Diagram Translation,South African Institute of Computer Scientists and Information Technologists,,,,10.1007/978-3-031-39652-6_5,Lisa van StadenLynette van Zijl,2023,https://link.springer.com/chapter/10.1007/978-3-031-39652-6_5,Conference paper
Quantum Annealing to&#xa0;Solve the&#xa0;Unrelated Parallel Machine Scheduling Problem,Parallel Processing and Applied Mathematics,,,,10.1007/978-3-031-30445-3_14,Francisco OrtsAntonio M. PuertasEster M. GarzónGloria Ortega,2023,https://link.springer.com/chapter/10.1007/978-3-031-30445-3_14,Conference paper
Survey of Open-Source Tools/Industry Tools to Develop Quantum Software,Quantum Computing: A Shift from Bits to Qubits,,,,10.1007/978-981-19-9530-9_17,Dhaval MehtaAmol RanadiveJigna B. PrajapatiRajiv Pandey,2023,https://link.springer.com/chapter/10.1007/978-981-19-9530-9_17,ChapterHighly dependable concurrent programming using design for verification,Formal Aspects of Computing,,,,10.1007/s00165-006-0017-0,Aysu Betin-CanTevfik Bultan,2006,https://link.springer.com/article/10.1007/s00165-006-0017-0,Article
Auto-CFD-NOW: A pre-compiler for effectively parallelizing CFD applications on networks of workstations,The Journal of Supercomputing,,,,10.1007/s11227-006-8324-z,Li XiaoXiaodong ZhangZhengqian KuangBaiming FengJichang Kang,2006,https://link.springer.com/article/10.1007/s11227-006-8324-z,Article
Mobile Agent-Based Directed Diffusion in Wireless Sensor Networks,EURASIP Journal on Advances in Signal Processing,,,,10.1155/2007/36871,Min ChenTaekyoung KwonYong YuanYanghee ChoiVictor C.M. Leung,2006,https://link.springer.com/article/10.1155/2007/36871,Article
Improved verification of hardware designs through antecedent conditioned slicing,International Journal on Software Tools for Technology Transfer,,,,10.1007/s10009-006-0022-x,Shobha VasudevanE. Allen EmersonJacob A. Abraham,2006,https://link.springer.com/article/10.1007/s10009-006-0022-x,Article
VeriTech: a framework for translating among model description notations,International Journal on Software Tools for Technology Transfer,,,,10.1007/s10009-006-0003-0,Orna GrumbergShmuel Katz,2006,https://link.springer.com/article/10.1007/s10009-006-0003-0,Article
Orbital evolution and orbital phase resolved spectroscopy of the HMXB pulsar 4U 1538-52 with RXTE-PCA and BeppoSAX,Journal of Astrophysics and Astronomy,,,,10.1007/BF02709367,U. MukherjeeH. RaichurB. PaulS. NaikN. Bhatt,2006,https://link.springer.com/article/10.1007/BF02709367,Article
Tactic-Based Optimized Compilation of Functional Programs,Types for Proofs and Programs,,,,10.1007/11617990_13,Thomas MeyerBurkhart Wolff,2006,https://link.springer.com/chapter/10.1007/11617990_13,Conference paper
"Development of an Adjoint for a Complex Atmospheric Model, the ARPS, using TAF","Automatic Differentiation: Applications, Theory, and Implementations",,,,10.1007/3-540-28438-9_23,Ying XiaoMing XueWilliam MartinJidong Gao,2006,https://link.springer.com/chapter/10.1007/3-540-28438-9_23,Conference paper
Performance of parallel communication and spawning primitives on a Linux cluster,Cluster Computing,,,,10.1007/s10586-006-0007-2,David J. JohnstonMartin FleuryMichael LincolnAndrew C. Downton,2006,https://link.springer.com/article/10.1007/s10586-006-0007-2,Article
Formal Development of Mechanisms for Tolerating Transient Faults,Rigorous Development of Complex Fault-Tolerant Systems,,,,10.1007/11916246_10,Dubravka IlićElena TroubitsynaLinas LaibinisColin Snook,2006,https://link.springer.com/chapter/10.1007/11916246_10,Chapter
Classification and Utilization of Abstractions for Optimization,Leveraging Applications of Formal Methods,,,,10.1007/11925040_5,Dan QuinlanMarkus SchordanQing YiAndreas Saebjornsen,2006,https://link.springer.com/chapter/10.1007/11925040_5,Conference paper
An Extensible Open-Source Compiler Infrastructure for Testing,"Hardware and Software, Verification and Testing",,,,10.1007/11678779_9,Dan QuinlanShmuel UrRichard Vuduc,2006,https://link.springer.com/chapter/10.1007/11678779_9,Conference paper
An Axiomatization of Arrays for Kleene Algebra with Tests,Relations and Kleene Algebra in Computer Science,,,,10.1007/11828563_4,Kamal Aboul-Hosn,2006,https://link.springer.com/chapter/10.1007/11828563_4,Conference paper
Argus: Online Statistical Bug Detection,Fundamental Approaches to Software Engineering,,,,10.1007/11693017_23,Long FeiKyungwoo LeeFei LiSamuel P. Midkiff,2006,https://link.springer.com/chapter/10.1007/11693017_23,Conference paper
Experiences with Sweep3D implementations in Co-array Fortran,The Journal of Supercomputing,,,,10.1007/s11227-006-7952-7,Cristian CoarfaYuri DotsenkoJohn Mellor-Crummey,2006,https://link.springer.com/article/10.1007/s11227-006-7952-7,Article
Effects of antioxidant-rich foods on vascular reactivity: Review of the clinical evidence,Current Atherosclerosis Reports,,,,10.1007/s11883-006-0027-7,Colin D. KayPenny M. Kris-EthertonSheila G. West,2006,https://link.springer.com/article/10.1007/s11883-006-0027-7,Article
Execution transactions for defending against software failures: use and evaluation,International Journal of Information Security,,,,10.1007/s10207-006-0083-6,Stelios SidiroglouAngelos D. Keromytis,2006,https://link.springer.com/article/10.1007/s10207-006-0083-6,Article
Semi-Automatic Composition of Loop Transformations for Deep Parallelism and Memory Hierarchies,International Journal of Parallel Programming,,,,10.1007/s10766-006-0012-3,Sylvain GirbalNicolas VasilacheCédric BastoulAlbert CohenDavid ParelloMarc SiglerOlivier Temam,2006,https://link.springer.com/article/10.1007/s10766-006-0012-3,Article
Coverage metrics for formal verification,International Journal on Software Tools for Technology Transfer,,,,10.1007/s10009-004-0175-4,Hana ChocklerOrna KupfermanMoshe Vardi,2006,https://link.springer.com/article/10.1007/s10009-004-0175-4,Article
Achieving Fault Tolerance,Software-Implemented Hardware Fault Tolerance,,,,10.1007/0-387-32937-4_4,,2006,https://link.springer.com/chapter/10.1007/0-387-32937-4_4,Chapter
The Program Counter Security Model: Automatic Detection and Removal of Control-Flow Side Channel Attacks,Information Security and Cryptology - ICISC 2005,,,,10.1007/11734727_14,David MolnarMatt PiotrowskiDavid SchultzDavid Wagner,2006,https://link.springer.com/chapter/10.1007/11734727_14,Conference paper
Experiences in Using Cetus for Source-to-Source Transformations,Languages and Compilers for High Performance Computing,,,,10.1007/11532378_1,Troy A. JohnsonSang-Ik LeeLong FeiAyon BasumallikGautam UpadhyayaRudolf EigenmannSamuel P. Midkiff,2005,https://link.springer.com/chapter/10.1007/11532378_1,Conference paper
Provably-correct hardware compilation tools based on pass separation techniques,Formal Aspects of Computing,,,,10.1007/s00165-005-0075-8,Steve McKeeverWayne Luk,2005,https://link.springer.com/article/10.1007/s00165-005-0075-8,Article
Automatic tuning of whole applications using direct search and a performance-based transformation system,The Journal of Supercomputing,,,,10.1007/s11227-006-7957-2,Apan QasemKen KennedyJohn Mellor-Crummey,2006,https://link.springer.com/article/10.1007/s11227-006-7957-2,Article
Supporting SELL for High-Performance Computing,Languages and Compilers for Parallel Computing,,,,10.1007/978-3-540-69330-7_33,Bjarne StroustrupGabriel Dos Reis,2006,https://link.springer.com/chapter/10.1007/978-3-540-69330-7_33,Conference paper
Hardening the Data,Software-Implemented Hardware Fault Tolerance,,,,10.1007/0-387-32937-4_2,,2006,https://link.springer.com/chapter/10.1007/0-387-32937-4_2,Chapter
Semiautomatic Differentiation for Efficient Gradient Computations,"Automatic Differentiation: Applications, Theory, and Implementations",,,,10.1007/3-540-28438-9_13,David M. Gay,2006,https://link.springer.com/chapter/10.1007/3-540-28438-9_13,Conference paper
A Language for the Compact Representation of Multiple Program Versions,Languages and Compilers for Parallel Computing,,,,10.1007/978-3-540-69330-7_10,Sebastien DonadioJames BrodmanThomas RoederKamen YotovDenis BarthouAlbert CohenMaría Jesús GarzaránDavid PaduaKeshav Pingali,2006,https://link.springer.com/chapter/10.1007/978-3-540-69330-7_10,Conference paper
Multiple Hypothesis Correlation in Track-to-Track Fusion Management,Handbook on Modelling for Discrete Optimization,,,,10.1007/0-387-32942-0_12,Aubrey B PooreSabino M GadaletaBenjamin J Slocumb,2006,https://link.springer.com/chapter/10.1007/0-387-32942-0_12,Chapter
Production-Testing of Embedded Systems with Aspects,"Hardware and Software, Verification and Testing",,,,10.1007/11678779_7,Jani PesonenMika KataraTommi Mikkonen,2006,https://link.springer.com/chapter/10.1007/11678779_7,Conference paper
On the Representation of Kleene Algebras with Tests,Mathematical Foundations of Computer Science 2006,,,,10.1007/11821069_6,Dexter Kozen,2006,https://link.springer.com/chapter/10.1007/11821069_6,Conference paper
Model Checking of Hybrid Systems: From Reachability Towards Stability,Hybrid Systems: Computation and Control,,,,10.1007/11730637_38,Andreas PodelskiSilke Wagner,2006,https://link.springer.com/chapter/10.1007/11730637_38,Conference paper
Composing Source-to-Source Data-Flow Transformations with Rewriting Strategies and Dependent Dynamic Rewrite Rules,Compiler Construction,,,,10.1007/978-3-540-31985-6_14,Karina OlmosEelco Visser,2005,https://link.springer.com/chapter/10.1007/978-3-540-31985-6_14,Conference paper
Analytical methods of size distribution for organic matter in water and wastewater,Korean Journal of Chemical Engineering,,,,10.1007/BF02706798,Ho-Kyong ShonSeung-Hyun KimLaszlo ErdeiSaravanamuthu Vigneswaran,2006,https://link.springer.com/article/10.1007/BF02706798,Article
ConTraST – A Configurable SDL Transpiler and Runtime Environment,System Analysis and Modeling: Language Profiles,,,,10.1007/11951148_14,Ingmar FliegeRüdiger GrammesChristian Weber,2006,https://link.springer.com/chapter/10.1007/11951148_14,Conference paper
Bayesian analysis of quasi-life tables,Lifetime Data Analysis,,,,10.1007/s10985-006-9003-3,David A. StephensMartin J. Crowder,2006,https://link.springer.com/article/10.1007/s10985-006-9003-3,Article
Titanium Performance and Potential: An NPB Experimental Study,Languages and Compilers for Parallel Computing,,,,10.1007/978-3-540-69330-7_14,Kaushik DattaDan BonacheaKatherine Yelick,2006,https://link.springer.com/chapter/10.1007/978-3-540-69330-7_14,Conference paper
A Tool to Display Array Access Patterns in OpenMP Programs,Applied Parallel Computing. State of the Art in Scientific Computing,,,,10.1007/11558958_58,Oscar R. HernandezChunhua LiaoBarbara M. Chapman,2006,https://link.springer.com/chapter/10.1007/11558958_58,Conference paper
abc : An Extensible AspectJ Compiler,Transactions on Aspect-Oriented Software Development I,,,,10.1007/11687061_9,Pavel AvgustinovAske Simon ChristensenLaurie HendrenSascha KuzinsJennifer LhotákOndřej LhotákOege de MoorDamien SereniGanesh SittampalamJulian Tibble,2006,https://link.springer.com/chapter/10.1007/11687061_9,Conference paper
Case Study: An Event-Driven Language,Virtual Machines,,,,10.1007/978-1-84628-246-1_6,,2006,https://link.springer.com/chapter/10.1007/978-1-84628-246-1_6,Chapter
Tangent Linear and Adjoint Versions of NASA/GMAO’s Fortran 90 Global Weather Forecast Model,"Automatic Differentiation: Applications, Theory, and Implementations",,,,10.1007/3-540-28438-9_24,Ralf GieringThomas KaminskiRicardo TodlingRonald ErricoRonald GelaroNathan Winslow,2006,https://link.springer.com/chapter/10.1007/3-540-28438-9_24,Conference paper
Towards a Versatile Pointer Analysis Framework,Euro-Par 2006 Parallel Processing,,,,10.1007/11823285_33,R. CastilloA. TineoF. CorberaA. NavarroR. AsenjoE. L. Zapata,2006,https://link.springer.com/chapter/10.1007/11823285_33,Conference paper
Application-Level Checkpointing Techniques for Parallel Programs,Distributed Computing and Internet Technology,,,,10.1007/11951957_21,John Paul WaltersVipin Chaudhary,2006,https://link.springer.com/chapter/10.1007/11951957_21,Conference paper
Flattening Basic Blocks,"Automatic Differentiation: Applications, Theory, and Implementations",,,,10.1007/3-540-28438-9_11,Jean Utke,2006,https://link.springer.com/chapter/10.1007/3-540-28438-9_11,Conference paper
Clustering Sentences for Discovering Events in News Articles,Advances in Information Retrieval,,,,10.1007/11735106_59,Martina NaughtonNicholas KushmerickJoe Carthy,2006,https://link.springer.com/chapter/10.1007/11735106_59,Conference paper
Applying Data Copy to Improve Memory Performance of General Array Computations,Languages and Compilers for Parallel Computing,,,,10.1007/978-3-540-69330-7_7,Qing Yi,2006,https://link.springer.com/chapter/10.1007/978-3-540-69330-7_7,Conference paper
Type-Driven Automatic Quotation of Concrete Object Code in Meta Programs,Rapid Integration of Software Engineering Techniques,,,,10.1007/11751113_8,J. J. Vinju,2006,https://link.springer.com/chapter/10.1007/11751113_8,Conference paper
TOSKANA: A Toolkit for Operating System Kernel Aspects,Transactions on Aspect-Oriented Software Development II,,,,10.1007/11922827_7,Michael EngelBernd Freisleben,2006,https://link.springer.com/chapter/10.1007/11922827_7,Conference paper
Symbolic Model Checking of Concurrent Programs Using Partial Orders and On-the-Fly Transactions,Computer Aided Verification,,,,10.1007/11817963_28,Vineet KahlonAarti GuptaNishant Sinha,2006,https://link.springer.com/chapter/10.1007/11817963_28,Conference paper
Efficient Object Querying for Java,ECOOP 2006 – Object-Oriented Programming,,,,10.1007/11785477_3,Darren WillisDavid J. PearceJames Noble,2006,https://link.springer.com/chapter/10.1007/11785477_3,Conference paper
Prolog Cafe: A Prolog to Java Translator System,Declarative Programming for Knowledge Management,,,,10.1007/11963578_1,Mutsunori BanbaraNaoyuki TamuraKatsumi Inoue,2006,https://link.springer.com/chapter/10.1007/11963578_1,Conference paper
"The COMPOST, COMPASS, Inject/J and RECODER Tool Suite for Invasive Software Composition: Invasive Composition with COMPASS Aspect-Oriented Connectors",Generative and Transformational Techniques in Software Engineering,,,,10.1007/11877028_14,Dirk HeuzerothUwe AßmannMircea TrifuVolker Kuttruff,2006,https://link.springer.com/chapter/10.1007/11877028_14,Chapter
Live and Heterogeneous Migration of Execution Environments,On the Move to Meaningful Internet Systems 2006: OTM 2006 Workshops,,,,10.1007/11915072_29,Nicolas GeoffrayGaël ThomasBertil Folliot,2006,https://link.springer.com/chapter/10.1007/11915072_29,Conference paper
A search for periodicity in the light curves of selected blazars,Astronomy Reports,,,,10.1134/S106377290601001X,N. A. KudryavtsevaT. B. Pyatunina,2006,https://link.springer.com/article/10.1134/S106377290601001X,Article
Fixing Letrec: A Faithful Yet Efficient Implementation of Scheme's Recursive Binding Construct,Higher-Order and Symbolic Computation,,,,10.1007/s10990-005-4878-3,Oscar WaddellDipanwita SarkarR. Kent Dybvig,2005,https://link.springer.com/article/10.1007/s10990-005-4878-3,Article
Programming Language Concepts for Multimedia Application Development,Modular Programming Languages,,,,10.1007/11860990_3,Oliver LamplElmar StellnbergerLászló Böszörményi,2006,https://link.springer.com/chapter/10.1007/11860990_3,Conference paper
Stress Urinary Incontinence,"A Seat on the Aisle, Please!",,,,10.1007/0-387-36745-4_4,,2006,https://link.springer.com/chapter/10.1007/0-387-36745-4_4,Chapter
Mistaken Identity: P-values in Epidemiology,Statistical Reasoning in Medicine,,,,10.1007/978-0-387-46212-7_5,Lemuel A. Moyé,2006,https://link.springer.com/chapter/10.1007/978-0-387-46212-7_5,Chapter
National Arts and Disruptive Technologies in Blake’s Prospectus of 1793,"Blake, Nation and Empire",,,,10.1057/9780230597068_7,Morris Eaves,2006,https://link.springer.com/chapter/10.1057/9780230597068_7,Chapter
Distributed Abstract Data Types,"On the Move to Meaningful Internet Systems 2006: CoopIS, DOA, GADA, and ODBASE",,,,10.1007/11914952_40,Gian Pietro PiccoMatteo MigliavaccaAmy L. MurphyGruia-Catalin Roman,2006,https://link.springer.com/chapter/10.1007/11914952_40,Conference paper
Occupational Issues of Irritant Contact Dermatitis,Irritant Dermatitis,,,,10.1007/3-540-31294-3_13,Ai-Lean ChewHoward I. Maibach,2006,https://link.springer.com/chapter/10.1007/3-540-31294-3_13,Chapter
Agile Parsing to Transform Web Applications,Generative and Transformational Techniques in Software Engineering,,,,10.1007/11877028_11,Thomas DeanMykyta Synytskyy,2006,https://link.springer.com/chapter/10.1007/11877028_11,Chapter
Approximate Reachability for Dead Code Elimination in Esterel ⋆,Automated Technology for Verification and Analysis,,,,10.1007/11562948_25,Olivier TardieuStephen A. Edwards,2005,https://link.springer.com/chapter/10.1007/11562948_25,Conference paper
Applications of the Asf+Sdf Meta-Environment,Generative and Transformational Techniques in Software Engineering,,,,10.1007/11877028_9,M. G. J. van den Brand,2006,https://link.springer.com/chapter/10.1007/11877028_9,Chapter
Modular Name Analysis for Java Using JastAdd,Generative and Transformational Techniques in Software Engineering,,,,10.1007/11877028_18,Torbjörn EkmanGörel Hedin,2006,https://link.springer.com/chapter/10.1007/11877028_18,Chapter
MetaBorg in Action: Examples of Domain-Specific Language Embedding and Assimilation Using Stratego/XT,Generative and Transformational Techniques in Software Engineering,,,,10.1007/11877028_10,Martin BravenboerRené de GrootEelco Visser,2006,https://link.springer.com/chapter/10.1007/11877028_10,Chapter
Class AB and driver amplifiers,Analog Design Essentials,,,,10.1007/0-387-25747-0_12,Willy Sansen,2006,https://link.springer.com/chapter/10.1007/0-387-25747-0_12,Chapter
Lightweight Lexical Closures for Legitimate Execution Stack Access,Compiler Construction,,,,10.1007/11688839_15,Masahiro YasugiTasuku HiraishiTaiichi Yuasa,2006,https://link.springer.com/chapter/10.1007/11688839_15,Conference paper
Conditional Random Fields Based Label Sequence and Information Feedback,Computational Intelligence,,,,10.1007/978-3-540-37275-2_85,Wei JiangYi GuanXiao-Long Wang,2006,https://link.springer.com/chapter/10.1007/978-3-540-37275-2_85,Conference paper
Using Static Analysis to Reduce Dynamic Analysis Overhead,Formal Methods in System Design,,,,10.1007/s10703-005-3401-0,Suan Hsi YongSusan Horwitz,2005,https://link.springer.com/article/10.1007/s10703-005-3401-0,Article
Polytypic Syntax Tree Operations,Implementation and Application of Functional Languages,,,,10.1007/11964681_9,Arjen van WeeldenSjaak SmetsersRinus Plasmeijer,2006,https://link.springer.com/chapter/10.1007/11964681_9,Conference paper
An Overview of CaesarJ,Transactions on Aspect-Oriented Software Development I,,,,10.1007/11687061_5,Ivica AracicVaidas GasiunasMira MeziniKlaus Ostermann,2006,https://link.springer.com/chapter/10.1007/11687061_5,Conference paper
Price Trackers Inspired by Immune Memory,Artificial Immune Systems,,,,10.1007/11823940_28,William O. WilsonPhil BirkinUwe Aickelin,2006,https://link.springer.com/chapter/10.1007/11823940_28,Conference paper
Combining Static Analysis and Profiling for Estimating Execution Times,Practical Aspects of Declarative Languages,,,,10.1007/978-3-540-69611-7_9,Edison MeraPedro López-GarcíaGermán PueblaManuel CarroManuel V. Hermenegildo,2006,https://link.springer.com/chapter/10.1007/978-3-540-69611-7_9,Conference paper
Calculating Derivatives,Numerical Optimization,,,,10.1007/978-0-387-40065-5_8,,2006,https://link.springer.com/chapter/10.1007/978-0-387-40065-5_8,Chapter
Polyhedral Code Generation in the Real World,Compiler Construction,,,,10.1007/11688839_16,Nicolas VasilacheCédric BastoulAlbert Cohen,2006,https://link.springer.com/chapter/10.1007/11688839_16,Conference paper
Microfiltration Membranes: Characteristics and Manufacturing,Sterile Filtration,,,,10.1007/b104245,Oscar W. W. Reif,2006,https://link.springer.com/chapter/10.1007/b104245,Chapter
Morphware and Configware,Handbook of Nature-Inspired and Innovative Computing,,,,10.1007/0-387-27705-6_11,Reiner Hartenstein,2006,https://link.springer.com/chapter/10.1007/0-387-27705-6_11,Chapter
Retinal Transpilantation,Retinal Degenerative Diseases,,,,10.1007/0-387-32442-9_52,Biju B. ThomasRobert B. AramantSriniVas R. SaddaMagdalene J. Seiler,2006,https://link.springer.com/chapter/10.1007/0-387-32442-9_52,Conference paper
The State and Labour Migration Policies in Thailand,"Mobility, Labour Migration and Border Controls in Asia",,,,10.1057/9780230503465_13,Patcharawalai Wongboonsin,2006,https://link.springer.com/chapter/10.1057/9780230503465_13,Chapter
High Excitation ISM and Gas,Space Science Reviews,,,,10.1007/s11214-005-8070-1,Els PeetersNieves Leticia Martín-HernáNdezNemesio J. RodríGuez-FernáNdezXander Tielens,2005,https://link.springer.com/article/10.1007/s11214-005-8070-1,Article
Program Transformation with Reflection and Aspect-Oriented Programming,Generative and Transformational Techniques in Software Engineering,,,,10.1007/11877028_3,Shigeru Chiba,2006,https://link.springer.com/chapter/10.1007/11877028_3,Chapter
Workflow Concepts of the Java CoG Kit,Journal of Grid Computing,,,,10.1007/s10723-005-9013-5,Gregor von LaszewskiMike Hategan,2005,https://link.springer.com/article/10.1007/s10723-005-9013-5,Article
Implementing Embedded Systems: Hardware/Software Codesign,Embedded System Design,,,,10.1007/0-387-30087-2_5,,2006,https://link.springer.com/chapter/10.1007/0-387-30087-2_5,Chapter
Surface and Interface Characterization,Springer Handbook of Materials Measurement Methods,,,,10.1007/978-3-540-30300-8_6,Martin SeahLeonardo Chiffre,2006,https://link.springer.com/rwe/10.1007/978-3-540-30300-8_6,Reference work entry
Formal Operations for SDL Language Profiles,System Analysis and Modeling: Language Profiles,,,,10.1007/11951148_4,Rüdiger Grammes,2006,https://link.springer.com/chapter/10.1007/11951148_4,Conference paper
BIT: A Very Compact Scheme System for Microcontrollers,Higher-Order and Symbolic Computation,,,,10.1007/s10990-005-4877-4,Danny DubéMarc Feeley,2005,https://link.springer.com/article/10.1007/s10990-005-4877-4,Article
Biopolymer-Based Biomaterials as Scaffolds for Tissue Engineering,Tissue Engineering I,,,,10.1007/10_013,James VelemaDavid Kaplan,2006,https://link.springer.com/chapter/10.1007/10_013,Chapter
Customisable Hardware Compilation,The Journal of Supercomputing,,,,10.1007/s11227-005-0288-x,Tim TodmanJosé Gabriel de F. CoutinhoWayne Luk,2005,https://link.springer.com/article/10.1007/s11227-005-0288-x,Article
Pre-Main Sequence Stars Seen by ISO,Space Science Reviews,,,,10.1007/s11214-005-8064-z,Dario Lorenzetti,2005,https://link.springer.com/article/10.1007/s11214-005-8064-z,Article
Electromagnetic Processes in Space,Astrophysical Concepts,,,,10.1007/978-0-387-33228-4_6,,2006,https://link.springer.com/chapter/10.1007/978-0-387-33228-4_6,Chapter
Searching Semantically Equivalent Code Fragments in Logic Programs,Logic Based Program Synthesis and Transformation,,,,10.1007/11506676_1,Wim Vanhoof,2005,https://link.springer.com/chapter/10.1007/11506676_1,Conference paper
Resource-Aware Programming,Embedded Software and Systems,,,,10.1007/11535409_6,Walid Taha,2005,https://link.springer.com/chapter/10.1007/11535409_6,Conference paper
Investigations on the carbothermic reduction of chromite ores,Metallurgical and Materials Transactions B,,,,10.1007/s11663-005-0034-z,Dolly ChakrabortyS. RanganathanS. N. Sinha,2005,https://link.springer.com/article/10.1007/s11663-005-0034-z,Article
Scratchpad Memory Optimizations,"Fast, Efficient and Predictable Memory Accesses",,,,10.1007/1-4020-4822-X_4,,2006,https://link.springer.com/chapter/10.1007/1-4020-4822-X_4,Chapter
Experiences with Co-array Fortran on Hardware Shared Memory Platforms,Languages and Compilers for High Performance Computing,,,,10.1007/11532378_24,Yuri DotsenkoCristian CoarfaJohn Mellor-CrummeyDaniel Chavarría-Miranda,2005,https://link.springer.com/chapter/10.1007/11532378_24,Conference paper
An application of the time- and magnitude-predictable model to long-term earthquake prediction in eastern Anatolia,Journal of Seismology,,,,10.1007/s10950-005-0037-x,Nilgün Sayil,2005,https://link.springer.com/article/10.1007/s10950-005-0037-x,Article
Cascading costs: An economic nitrogen cycle,Science in China Series C: Life Sciences,,,,10.1007/BF03187109,William R. MoomawMelissa B. L. Birch,2005,https://link.springer.com/article/10.1007/BF03187109,Article
Big five and little five: Measuring revolutions in social science,Society,,,,10.1007/BF02687589,Irving Louis Horowitz,2006,https://link.springer.com/article/10.1007/BF02687589,Article
Applying Loop Optimizations to Object-Oriented Abstractions Through General Classification of Array Semantics,Languages and Compilers for High Performance Computing,,,,10.1007/11532378_19,Qing YiDan Quinlan,2005,https://link.springer.com/chapter/10.1007/11532378_19,Conference paper
The use of the generalized Waring process in modelling informetric data,Scientometrics,,,,10.1007/s11192-005-0250-y,Quentin L. Burrell,2005,https://link.springer.com/article/10.1007/s11192-005-0250-y,Article
A giant γ-ray flare from the magnetar SGR 1806–20,Nature,,,,10.1038/nature03525,D. M. PalmerS. BarthelmyN. GehrelsR. M. KippenT. CaytonC. KouveliotouD. EichlerR. A. M. J. WijersP. M. WoodsJ. GranotY. E. LyubarskyE. Ramirez-RuizL. BarbierM. ChesterJ. CummingsE. E. FenimoreM. H. FingerB. M. GaenslerD. HullingerH. KrimmC. B. MarkwardtJ. A. NousekA. ParsonsS. PatelT. SakamotoG. SatoM. SuzukiJ. Tueller,2005,https://link.springer.com/article/10.1038/nature03525,Article
Using Dependent Types to Certify the Safety of Assembly Code,Static Analysis,,,,10.1007/11547662_12,Matthew HarrenGeorge C. Necula,2005,https://link.springer.com/chapter/10.1007/11547662_12,Conference paper
An overview of JML tools and applications,International Journal on Software Tools for Technology Transfer,,,,10.1007/s10009-004-0167-4,Lilian BurdyYoonsik CheonDavid R. CokMichael D. ErnstJoseph R. KiniryGary T. Leavens K. Rustan M. LeinoErik Poll,2004,https://link.springer.com/article/10.1007/s10009-004-0167-4,Article
Automated Runtime Validation of Software Architecture Design,Distributed Computing and Internet Technology,,,,10.1007/11604655_52,Zhijiang DongYujian FuYue FuXudong He,2005,https://link.springer.com/chapter/10.1007/11604655_52,Conference paper
Brief report: Laboratory safety monitoring of chronic medications in ambulatory care settings,Journal of General Internal Medicine,,,,10.1111/j.1525-1497.2005.40182.x,Judith S. HurleyMelissa RobertsLeif I. SolbergMargaret J. GunterWinnie W. NelsonLinda YoungFloyd J. Forst,2005,https://link.springer.com/article/10.1111/j.1525-1497.2005.40182.x,Article
Cetus – An Extensible Compiler Infrastructure for Source-to-Source Transformation,Languages and Compilers for Parallel Computing,,,,10.1007/978-3-540-24644-2_35,Sang-Ik LeeTroy A. JohnsonRudolf Eigenmann,2004,https://link.springer.com/chapter/10.1007/978-3-540-24644-2_35,Conference paper
Memory Space Conscious Loop Iteration Duplication for Reliable Execution,Static Analysis,,,,10.1007/11547662_6,G. ChenM. KandemirM. Karakoy,2005,https://link.springer.com/chapter/10.1007/11547662_6,Conference paper
Run-Time Profiling of Functional Logic Programs,Logic Based Program Synthesis and Transformation,,,,10.1007/11506676_12,B. BrasselM. HanusF. HuchJ. SilvaG. Vidal,2005,https://link.springer.com/chapter/10.1007/11506676_12,Conference paper
An Overview of the Open Research Compiler,Languages and Compilers for High Performance Computing,,,,10.1007/11532378_3,Chengyong WuRuiqi LianJunchao ZhangRoy JuSun ChanLixia LiuXiaobing FengZhaoqing Zhang,2005,https://link.springer.com/chapter/10.1007/11532378_3,Conference paper
A Java Package for Transparent Code Mobility,Scientific Engineering of Distributed Java Applications,,,,10.1007/978-3-540-31869-9_11,Lorenzo Bettini,2005,https://link.springer.com/chapter/10.1007/978-3-540-31869-9_11,Conference paper
A Dynamic Mechanism for Recovering from Buffer Overflow Attacks,Information Security,,,,10.1007/11556992_1,Stelios SidiroglouGiannis GiovanidisAngelos D. Keromytis,2005,https://link.springer.com/chapter/10.1007/11556992_1,Conference paper
Efficient Code Generation for a Domain Specific Language,Generative Programming and Component Engineering,,,,10.1007/11561347_5,Andrew MossHenk Muller,2005,https://link.springer.com/chapter/10.1007/11561347_5,Conference paper
Execution Generated Test Cases: How to Make Systems Code Crash Itself,Model Checking Software,,,,10.1007/11537328_2,Cristian CadarDawson Engler,2005,https://link.springer.com/chapter/10.1007/11537328_2,Conference paper
An Evaluation of Auto-Scoping in OpenMP,Shared Memory Parallel Programming with Open MP,,,,10.1007/978-3-540-31832-3_9,Michael VossEric ChiuPatrick Man Yan ChowCatherine WongKevin Yuen,2005,https://link.springer.com/chapter/10.1007/978-3-540-31832-3_9,Conference paper
Invasive Configuration of Generic Components,Software Composition,,,,10.1007/11550679_14,Volker KuttruffThomas Genssler,2005,https://link.springer.com/chapter/10.1007/11550679_14,Conference paper
XML Goes Native: Run-Time Representations for Xtatic,Compiler Construction,,,,10.1007/978-3-540-31985-6_4,Vladimir GapeyevMichael Y. LevinBenjamin C. PierceAlan Schmitt,2005,https://link.springer.com/chapter/10.1007/978-3-540-31985-6_4,Conference paper
On Typesafe Aspect Implementations in C++,Software Composition,,,,10.1007/11550679_11,Daniel LohmannOlaf Spinczyk,2005,https://link.springer.com/chapter/10.1007/11550679_11,Conference paper
Towards a Productive MPI Environment,Recent Advances in Parallel Virtual Machine and Message Passing Interface,,,,10.1007/11557265_2,William D. Gropp,2005,https://link.springer.com/chapter/10.1007/11557265_2,Conference paper
Optimizing Cache Access: A Tool for Source-to-Source Transformations and Real-Life Compiler Tests,Euro-Par 2004 Parallel Processing,,,,10.1007/978-3-540-27866-5_10,Ralph Müller-PfefferkornWolfgang E. NagelBernd Trenkler,2004,https://link.springer.com/chapter/10.1007/978-3-540-27866-5_10,Conference paper
High Excitation ISM and Gas,ISO Science Legacy,,,,10.1007/1-4020-3844-5_12,Els PeetersNieves Leticia Martín-HernándezMemesio J. Rodríguez-FernándezXander Tielens,2005,https://link.springer.com/chapter/10.1007/1-4020-3844-5_12,Chapter
The use of atomic force microscopy to measure the formation and development of chocolate bloom in pralines,Journal of the American Oil Chemists' Society,,,,10.1007/s11746-005-5167-3,Paul R. SmithAnnika Dahlman,2005,https://link.springer.com/article/10.1007/s11746-005-5167-3,Article
Lessons Learned from Model Checking a NASA Robot Controller,Formal Methods in System Design,,,,10.1023/B:FORM.0000040029.73127.85,Natasha SharyginaJames BrowneFei XieRobert KurshanVladimir Levin,2004,https://link.springer.com/article/10.1023/B:FORM.0000040029.73127.85,Article
Induction Variable Analysis with Delayed Abstractions,High Performance Embedded Architectures and Compilers,,,,10.1007/11587514_15,Sebastian PopAlbert CohenGeorges-André Silber,2005,https://link.springer.com/chapter/10.1007/11587514_15,Conference paper
A Full Pattern-Based Paradigm for XML Query Processing,Practical Aspects of Declarative Languages,,,,10.1007/978-3-540-30557-6_18,Véronique BenzakenGiuseppe CastagnaCédric Miachon,2005,https://link.springer.com/chapter/10.1007/978-3-540-30557-6_18,Conference paper
SPC-XML: A Structured Representation for Nested-Parallel Programming Languages,Euro-Par 2005 Parallel Processing,,,,10.1007/11549468_85,Arturo González-EscribanoArjan J. C. van GemundValentín Cardeñoso-Payo,2005,https://link.springer.com/chapter/10.1007/11549468_85,Conference paper
Automatic Scoping of Variables in Parallel Regions of an OpenMP Program,Shared Memory Parallel Programming with Open MP,,,,10.1007/978-3-540-31832-3_8,Yuan LinChristian TerbovenDieter an MeyNawal Copty,2005,https://link.springer.com/chapter/10.1007/978-3-540-31832-3_8,Conference paper
Scalarization Using Loop Alignment and Loop Skewing,The Journal of Supercomputing,,,,10.1023/B:SUPE.0000049323.47732.02,Yuan ZhaoKen Kennedy,2005,https://link.springer.com/article/10.1023/B:SUPE.0000049323.47732.02,Article
"Obscured Activity: AGN, Quasars, Starbursts and ULIGs Observed by the Infrared Space Observatory",Space Science Reviews,,,,10.1007/s11214-005-8072-z,Aprajita VermaVassilis CharmandarisUlrich KlaasDieter LutzMartin Haas,2005,https://link.springer.com/article/10.1007/s11214-005-8072-z,Article
A Prototype for Translating XQuery Expressions into XSLT Stylesheets,Advances in Databases and Information Systems,,,,10.1007/11547686_18,Niklas KleinSven GroppeStefan BöttcherLe Gruenwald,2005,https://link.springer.com/chapter/10.1007/11547686_18,Conference paper
Low Power Engineering,Embedded Systems Design,,,,10.1007/978-3-540-31973-3_30,Bruno BouyssounouseJoseph Sifakis,2005,https://link.springer.com/chapter/10.1007/978-3-540-31973-3_30,Chapter
Implementing OpenMP for Clusters on Top of MPI,Recent Advances in Parallel Virtual Machine and Message Passing Interface,,,,10.1007/11557265_22,Antonio J. DortaJosé M. BadíaEnrique S. QuintanaFrancisco de Sande,2005,https://link.springer.com/chapter/10.1007/11557265_22,Conference paper
Systemc and OCAPI-XL Based System-Level Design for Reconfigurable Systems-on-Chip,Advances in Design and Specification Languages for SoCs,,,,10.1007/0-387-26151-6_18,Kari TiensyrjäMiroslav CupakKostas MasselosMarko PettissaloKonstantinos PotamianosYang QuLuc RyndersGeert VanmeerbeeckNikos VorosYan Zhang,2005,https://link.springer.com/chapter/10.1007/0-387-26151-6_18,Chapter
Pre-Main Sequence Stars Seen by ISO,ISO Science Legacy,,,,10.1007/1-4020-3844-5_8,Dario Lorenzetti,2005,https://link.springer.com/chapter/10.1007/1-4020-3844-5_8,Chapter
Selector: A Language Construct for Developing Dynamic Applications,Languages and Compilers for Parallel Computing,,,,10.1007/11596110_15,Pedro C. DinizBing Liu,2005,https://link.springer.com/chapter/10.1007/11596110_15,Conference paper
A Polynomial-Time Algorithm for Memory Space Reduction,International Journal of Parallel Programming,,,,10.1007/s10766-004-1459-8,Yonghong SongCheng WangZhiyuan Li,2005,https://link.springer.com/article/10.1007/s10766-004-1459-8,Article
Preprocessing Eden with Template Haskell,Generative Programming and Component Engineering,,,,10.1007/11561347_24,Steffen Priebe,2005,https://link.springer.com/chapter/10.1007/11561347_24,Conference paper
A New Approach to Software-Implemented Fault Tolerance,Journal of Electronic Testing,,,,10.1023/B:JETT.0000039610.30724.b2,M. RebaudengoM. Sonza ReordaM. Violante,2004,https://link.springer.com/article/10.1023/B:JETT.0000039610.30724.b2,Article
The Future of Engaged Knowledge Management,Engaged Knowledge Management,,,,10.1057/9780230006072_10,Kevin C. DesouzaYukika Awazu,2005,https://link.springer.com/chapter/10.1057/9780230006072_10,Chapter
Automatic circuit extractor for HDL description using program slicing,Journal of Computer Science and Technology,,,,10.1007/BF02945599,Tun LiYang GuoSi-Kun Li,2004,https://link.springer.com/article/10.1007/BF02945599,Article
A Generative Programming Approach to Interactive Information Retrieval:Insights and Experiences,Generative Programming and Component Engineering,,,,10.1007/11561347_15,Saverio PeruginiNaren Ramakrishnan,2005,https://link.springer.com/chapter/10.1007/11561347_15,Conference paper
Continuous Integration,Expert .NET Delivery Using NAnt and CruiseControl.NET,,,,10.1007/978-1-4302-0023-9_6,Marc Holmes,2005,https://link.springer.com/chapter/10.1007/978-1-4302-0023-9_6,Chapter
A modular formulation for flexible multibody systems including nonlinear finite elements,Journal of Mechanical Science and Technology,,,,10.1007/BF02916168,Lars KüblerPeter Eberhard,2005,https://link.springer.com/article/10.1007/BF02916168,Article
Program Generation and Components,Formal Methods for Components and Objects,,,,10.1007/11561163_10,D. AnconaE. Moggi,2005,https://link.springer.com/chapter/10.1007/11561163_10,Conference paper
Foundations of Cryptology,Complexity Theory and Cryptology,,,,10.1007/3-540-28520-2_4,,2005,https://link.springer.com/chapter/10.1007/3-540-28520-2_4,Chapter
A Multi-Agent Architecture for Distributed Domain-Specific Information Integration,Net-Centric Approaches to Intelligence and National Security,,,,10.1007/0-387-26176-1_7,Shahram RahimiNorm CarverFrederick Petry,2005,https://link.springer.com/chapter/10.1007/0-387-26176-1_7,Chapter
Analog CMOS Chipset for a 2-D Sound Localization System,Analog Integrated Circuits and Signal Processing,,,,10.1023/B:ALOG.0000041634.92147.0d,Ivan GrechJoseph MicallefTanya Vladimirova,2004,https://link.springer.com/article/10.1023/B:ALOG.0000041634.92147.0d,Article
Negative-Ion Formation Processes and Sources,Electrostatic Accelerators,,,,10.1007/3-540-27095-7_20,G.D. Alton,2005,https://link.springer.com/chapter/10.1007/3-540-27095-7_20,Chapter
Teaching Bioeconomics,Journal of Bioeconomics,,,,10.1007/s10818-005-0156-z,Robert M. Yarbrough,2005,https://link.springer.com/article/10.1007/s10818-005-0156-z,Article
"Characterization of Aspen ASH, Sand and Log-Yard Waste Mixtures from an Aspen-Based Oriented Strand Board Mill for Use as an Intermediate Landfill Cover","Water, Air, and Soil Pollution",,,,10.1023/B:WATE.0000044856.98351.63,R. M. A. BlockK. C. J. van Rees,2004,https://link.springer.com/article/10.1023/B:WATE.0000044856.98351.63,Article
ARCHERR: Runtime Environment Driven Program Safety,Computer Security – ESORICS 2004,,,,10.1007/978-3-540-30108-0_24,Ramkumar ChinchaniAnusha IyerBharat JayaramanShambhu Upadhyaya,2004,https://link.springer.com/chapter/10.1007/978-3-540-30108-0_24,Conference paper
A Framework for Incremental Extensible Compiler Construction,International Journal of Parallel Programming,,,,10.1023/B:IJPP.0000035816.93295.68,Steven CarrollConstantine Polychronopoulos,2004,https://link.springer.com/article/10.1023/B:IJPP.0000035816.93295.68,Article
Source-Level Models for Software Power Optimization,Ultra Low-Power Electronics and Design,,,,10.1007/1-4020-8076-X_9,Carlo BrandoleseWilliam FornaciariFabio Salice,2004,https://link.springer.com/chapter/10.1007/1-4020-8076-X_9,Chapter
αSPIN: A tool for abstract model checking,International Journal on Software Tools for Technology Transfer,,,,10.1007/s10009-003-0122-9,María del Mar GallardoJesús MartínezPedro MerinoErnesto Pimentel,2004,https://link.springer.com/article/10.1007/s10009-003-0122-9,Article
"Obscured Activity: AGN, Quasars, Starbursts and ULIGs Observed by the Infrared Space Observatory",ISO Science Legacy,,,,10.1007/1-4020-3844-5_15,Aprajita VermaVassilis CharmandarisUlrich KlaasDieter LutzMartin Haas,2005,https://link.springer.com/chapter/10.1007/1-4020-3844-5_15,Chapter
Random Variables,Probability: A Graduate Course,,,,10.1007/0-387-27332-8_2,,2005,https://link.springer.com/chapter/10.1007/0-387-27332-8_2,Chapter
Translating Software Designs for Model Checking,Fundamental Approaches to Software Engineering,,,,10.1007/978-3-540-24721-0_24,Fei XieVladimir LevinRobert P. KurshanJames C. Browne,2004,https://link.springer.com/chapter/10.1007/978-3-540-24721-0_24,Conference paper
Implementing Tag-Driven Transformers with Tango,"Software Reuse: Methods, Techniques, and Tools",,,,10.1007/978-3-540-27799-6_25,Vasian Cepa,2004,https://link.springer.com/chapter/10.1007/978-3-540-27799-6_25,Conference paper
Efficient reduction of finite state model checking to reachability analysis,International Journal on Software Tools for Technology Transfer,,,,10.1007/s10009-003-0121-x,Viktor SchuppanArmin Biere,2004,https://link.springer.com/article/10.1007/s10009-003-0121-x,Article
CAS-DSM: A Compiler Assisted Software Distributed Shared Memory,International Journal of Parallel Programming,,,,10.1023/B:IJPP.0000023480.82632.87,N. P. ManojK. V. ManjunathR. Govindarajan,2004,https://link.springer.com/article/10.1023/B:IJPP.0000023480.82632.87,Article
Source-to-Source Transformation in the Large,Modular Programming Languages,,,,10.1007/978-3-540-45213-3_31,Thomas GensslerVolker Kuttruff,2003,https://link.springer.com/chapter/10.1007/978-3-540-45213-3_31,Conference paper
Development of a verified Erlang program for resource locking,International Journal on Software Tools for Technology Transfer,,,,10.1007/s10009-003-0114-9,Thomas ArtsClara Benac EarleJohn Derrick,2004,https://link.springer.com/article/10.1007/s10009-003-0114-9,Article
Transforming Complex Loop Nests for Locality,The Journal of Supercomputing,,,,10.1023/B:SUPE.0000011386.69245.f5,Qing YiKen KennedyVikram Adve,2004,https://link.springer.com/article/10.1023/B:SUPE.0000011386.69245.f5,Article
Verification of Java Programs Using Symbolic Execution and Invariant Generation,Model Checking Software,,,,10.1007/978-3-540-24732-6_13,Corina S. PăsăreanuWillem Visser,2004,https://link.springer.com/chapter/10.1007/978-3-540-24732-6_13,Conference paper
A Source-To-Source Architecture for User-Defined Optimizations,Modular Programming Languages,,,,10.1007/978-3-540-45213-3_27,Markus SchordanDan Quinlan,2003,https://link.springer.com/chapter/10.1007/978-3-540-45213-3_27,Conference paper
Instruction Scheduling for Low Power,"Journal of VLSI signal processing systems for signal, image and video technology",,,,10.1023/B:VLSI.0000017007.28247.f6,A. ParikhSoontae KimM. KandemirN. VijaykrishnanM.J. Irwin,2004,https://link.springer.com/article/10.1023/B:VLSI.0000017007.28247.f6,Article
Combined Application of Data Transfer and Storage Optimizing Transformations and Subword Parallelism Exploitation for Power Consumption and Execution Time Reduction in VLIW Multimedia Processors,"Journal of VLSI signal processing systems for signal, image and video technology",,,,10.1023/B:VLSI.0000017003.70829.34,K. MasselosF. CatthoorC. E. GoutisH. DeMan,2004,https://link.springer.com/article/10.1023/B:VLSI.0000017003.70829.34,Article
Translation of Tree-Processing Programs into Stream-Processing Programs Based on Ordered Linear Type,Programming Languages and Systems,,,,10.1007/978-3-540-30477-7_4,Koichi KodamaKohei SuenagaNaoki Kobayashi,2004,https://link.springer.com/chapter/10.1007/978-3-540-30477-7_4,Conference paper
Meta-programming with Typed Object-Language Representations,Generative Programming and Component Engineering,,,,10.1007/978-3-540-30175-2_8,Emir PašalićNathan Linger,2004,https://link.springer.com/chapter/10.1007/978-3-540-30175-2_8,Conference paper
Improving Prolog Programs: Refactoring for Prolog,Logic Programming,,,,10.1007/978-3-540-27775-0_5,Tom SchrijversAlexander Serebrenik,2004,https://link.springer.com/chapter/10.1007/978-3-540-27775-0_5,Conference paper
Modeling Functional Data Sources as Relations,Conceptual Modeling – ER 2004,,,,10.1007/978-3-540-30464-7_6,Simone SantiniAmarnath Gupta,2004,https://link.springer.com/chapter/10.1007/978-3-540-30464-7_6,Conference paper
Co-array Fortran Performance and Potential: An NPB Experimental Study,Languages and Compilers for Parallel Computing,,,,10.1007/978-3-540-24644-2_12,Cristian CoarfaYuri DotsenkoJason EckhardtJohn Mellor-Crummey,2004,https://link.springer.com/chapter/10.1007/978-3-540-24644-2_12,Conference paper
Program Transformation with Stratego/XT,Domain-Specific Program Generation,,,,10.1007/978-3-540-25935-0_13,Eelco Visser,2004,https://link.springer.com/chapter/10.1007/978-3-540-25935-0_13,Chapter
9. Transformation of SAFL Specifications,Higher-Level Hardware Synthesis,,,,10.1007/978-3-540-24657-2_9,Richard Sharp,2004,https://link.springer.com/chapter/10.1007/978-3-540-24657-2_9,Chapter
3. The SAFL Language,Higher-Level Hardware Synthesis,,,,10.1007/978-3-540-24657-2_3,Richard Sharp,2004,https://link.springer.com/chapter/10.1007/978-3-540-24657-2_3,Chapter
Cost-Augmented Partial Evaluation of Functional Logic Programs,Higher-Order and Symbolic Computation,,,,10.1023/B:LISP.0000029447.02190.42,Germán Vidal,2004,https://link.springer.com/article/10.1023/B:LISP.0000029447.02190.42,Article
Evaluating Passage Retrieval Approaches for Question Answering,Advances in Information Retrieval,,,,10.1007/978-3-540-24752-4_6,Ian RobertsRobert Gaizauskas,2004,https://link.springer.com/chapter/10.1007/978-3-540-24752-4_6,Conference paper
A Framework for Orthogonal Data and Control Parallelism Exploitation,Computational Science and Its Applications – ICCSA 2004,,,,10.1007/978-3-540-24709-8_22,S. CampaM. Danelutto,2004,https://link.springer.com/chapter/10.1007/978-3-540-24709-8_22,Conference paper
An Implementation of Subtyping Among Regular Expression Types,Programming Languages and Systems,,,,10.1007/978-3-540-30477-7_5,Kenny Zhuo Ming LuMartin Sulzmann,2004,https://link.springer.com/chapter/10.1007/978-3-540-30477-7_5,Conference paper
Use of water-equivalent plastic scintillator for intravascular brachytherapy dosimetry,Australasian Physics & Engineering Sciences in Medicine,,,,10.1007/BF03178881,M. GesoN. RobinsonW. SchumerK. Williams,2004,https://link.springer.com/article/10.1007/BF03178881,Article
The Specification of Source-to-Source Transformations for the Compile-Time Optimization of Parallel Object-Oriented Scientific Applications,Languages and Compilers for Parallel Computing,,,,10.1007/3-540-35767-X_25,Daniel J. QuinlanMarkus SchordanBobby PhilipMarkus Kowarschik,2003,https://link.springer.com/chapter/10.1007/3-540-35767-X_25,Conference paper
Call-by-Value Mixin Modules,Programming Languages and Systems,,,,10.1007/978-3-540-24725-8_6,Tom HirschowitzXavier LeroyJ. B. Wells,2004,https://link.springer.com/chapter/10.1007/978-3-540-24725-8_6,Conference paper
Developing Portable Software,Information Technology,,,,10.1007/1-4020-8159-6_3,James D. Mooney,2004,https://link.springer.com/chapter/10.1007/1-4020-8159-6_3,Conference paper
Type Inference for Parameterized Race-Free Java,"Verification, Model Checking, and Abstract Interpretation",,,,10.1007/978-3-540-24622-0_14,Rahul AgarwalScott D. Stoller,2004,https://link.springer.com/chapter/10.1007/978-3-540-24622-0_14,Conference paper
Adaptive MPI,Languages and Compilers for Parallel Computing,,,,10.1007/978-3-540-24644-2_20,Chao HuangOrion LawlorL. V. Kalé,2004,https://link.springer.com/chapter/10.1007/978-3-540-24644-2_20,Conference paper
"Multilingual Information Retrieval Using Open, Transparent Resources in CLEF 2003",Comparative Evaluation of Multilingual Information Access Systems,,,,10.1007/978-3-540-30222-3_12,Monica RogatiYiming Yang,2004,https://link.springer.com/chapter/10.1007/978-3-540-30222-3_12,Conference paper
Putting Polyhedral Loop Transformations to Work,Languages and Compilers for Parallel Computing,,,,10.1007/978-3-540-24644-2_14,Cédric BastoulAlbert CohenSylvain GirbalSaurabh SharmaOlivier Temam,2004,https://link.springer.com/chapter/10.1007/978-3-540-24644-2_14,Conference paper
4. Soft Scheduling,Higher-Level Hardware Synthesis,,,,10.1007/978-3-540-24657-2_4,Richard Sharp,2004,https://link.springer.com/chapter/10.1007/978-3-540-24657-2_4,Chapter
On the Semantics of Logic Program Composition,Program Development in Computational Logic,,,,10.1007/978-3-540-25951-0_5,Antonio Brogi,2004,https://link.springer.com/chapter/10.1007/978-3-540-25951-0_5,Chapter
Applications of HPJava,Languages and Compilers for Parallel Computing,,,,10.1007/978-3-540-24644-2_10,Bryan CarpenterGeoffrey FoxHan-Ku LeeSang Boem Lim,2004,https://link.springer.com/chapter/10.1007/978-3-540-24644-2_10,Conference paper
A Unification of Inheritance and Automatic Program Specialization,Generative Programming and Component Engineering,,,,10.1007/978-3-540-30175-2_13,Ulrik P. Schultz,2004,https://link.springer.com/chapter/10.1007/978-3-540-30175-2_13,Conference paper
Online Justification for Tabled Logic Programs,Functional and Logic Programming,,,,10.1007/978-3-540-24754-8_4,Giridhar PemmasaniHai-Feng GuoYifei DongC. R. RamakrishnanI. V. Ramakrishnan,2004,https://link.springer.com/chapter/10.1007/978-3-540-24754-8_4,Conference paper
Nonequilibrium Structures in Codeposited Cr-Fe-Ni Films,MRS Online Proceedings Library,,,,10.1557/PROC-804-JJ6.3,E. D. SpechtP. D. RackA. RarG. M. PharrE. P. GeorgeH. Hong,2003,https://link.springer.com/article/10.1557/PROC-804-JJ6.3,Article
Intermediate Representations and Their Suitability for Source Code Optimization,Source Code Optimization Techniques for Data Flow Dominated Embedded Software,,,,10.1007/978-1-4020-2829-8_4,Heiko FalkPeter Marwedel,2004,https://link.springer.com/chapter/10.1007/978-1-4020-2829-8_4,Chapter
Improved Compilation of Prolog to C Using Moded Types and Determinism Information,Practical Aspects of Declarative Languages,,,,10.1007/978-3-540-24836-1_7,J. MoralesManuel CarroManuel Hermenegildo,2004,https://link.springer.com/chapter/10.1007/978-3-540-24836-1_7,Conference paper
An Overview on the Mechanical Behaviour of Biodegradable Agricultural Films,Journal of Polymers and the Environment,,,,10.1023/B:JOOE.0000010052.86786.ef,D. Briassoulis,2004,https://link.springer.com/article/10.1023/B:JOOE.0000010052.86786.ef,Article
Logic Programs with Annotated Disjunctions,Logic Programming,,,,10.1007/978-3-540-27775-0_30,Joost VennekensSofie VerbaetenMaurice Bruynooghe,2004,https://link.springer.com/chapter/10.1007/978-3-540-27775-0_30,Conference paper
1. Introduction,Higher-Level Hardware Synthesis,,,,10.1007/978-3-540-24657-2_1,Richard Sharp,2004,https://link.springer.com/chapter/10.1007/978-3-540-24657-2_1,Chapter
Global Emissions of Mineral Aerosol: Formulation and Validation using Satellite Imagery,Emissions of Atmospheric Trace Compounds,,,,10.1007/978-1-4020-2167-1_6,Yves BalkanskiMichael SchulzTanguy ClaquinCyril MoulinPaul Ginoux,2004,https://link.springer.com/chapter/10.1007/978-1-4020-2167-1_6,Conference paper
An Overview of Hydrogen Storage Methods,Hydrogen Materials Science and Chemistry of Carbon Nanomaterials,,,,10.1007/1-4020-2669-2_7,V. A. YartysM. V. Lototsky,2004,https://link.springer.com/chapter/10.1007/1-4020-2669-2_7,Conference paper
Remote method invocation as a first-class citizen,Distributed Computing,,,,10.1007/s00446-003-0094-8,Walter Cazzola,2003,https://link.springer.com/article/10.1007/s00446-003-0094-8,Article
Conquering the Map,Turbo Codes,,,,10.1007/978-1-4615-0477-1_3,Alexandre GiuliettiBruno BougardLiesbet Van der Perre,2004,https://link.springer.com/chapter/10.1007/978-1-4615-0477-1_3,Chapter
Generalized Symbolic Execution for Model Checking and Testing,Tools and Algorithms for the Construction and Analysis of Systems,,,,10.1007/3-540-36577-X_40,Sarfraz KhurshidCorina S. PĂsĂreanuWillem Visser,2003,https://link.springer.com/chapter/10.1007/3-540-36577-X_40,Conference paper
T,StarBriefs Plus,,,,10.1007/978-0-306-48603-6_20,André Heck,2004,https://link.springer.com/chapter/10.1007/978-0-306-48603-6_20,Chapter
MySQL Column and Table Types,Beginning MySQL Database Design and Optimization,,,,10.1007/978-1-4302-0729-0_2,Jon StephensChad Russell,2004,https://link.springer.com/chapter/10.1007/978-1-4302-0729-0_2,Chapter
Implementing in Java,Systems Building with Oracle,,,,10.1007/978-0-230-00094-0_14,William Smith,2004,https://link.springer.com/chapter/10.1007/978-0-230-00094-0_14,Chapter
Specialising Interpreters Using Offline Partial Deduction,Program Development in Computational Logic,,,,10.1007/978-3-540-25951-0_11,Michael LeuschelStephen J. CraigMaurice BruynoogheWim Vanhoof,2004,https://link.springer.com/chapter/10.1007/978-3-540-25951-0_11,Chapter
Agile Parsing in TXL,Automated Software Engineering,,,,10.1023/A:1025801405075,Thomas R. DeanJames R. CordyAndrew J. MaltonKevin A. Schneider,2003,https://link.springer.com/article/10.1023/A:1025801405075,Article
PolyAPM: Parallel Programming via Stepwise Refinement with Abstract Parallel Machines,Implementation of Functional Languages,,,,10.1007/3-540-44854-3_8,Nils EllmenreichChristian Lengauer,2003,https://link.springer.com/chapter/10.1007/3-540-44854-3_8,Conference paper
"Implementing Multi-stage Languages Using ASTs, Gensym, and Reflection",Generative Programming and Component Engineering,,,,10.1007/978-3-540-39815-8_4,Cristiano CalcagnoWalid TahaLiwen HuangXavier Leroy,2003,https://link.springer.com/chapter/10.1007/978-3-540-39815-8_4,Conference paper
"Higher-level techniques for hardware description and synthesis
",International Journal on Software Tools for Technology Transfer,,,,10.1007/s10009-002-0086-1,Alan MycroftRichard Sharp,2003,https://link.springer.com/article/10.1007/s10009-002-0086-1,Article
A Hierarchical Test Generation Approach Using Program Slicing Techniques on Hardware Description Languages,Journal of Electronic Testing,,,,10.1023/A:1022885523034,Vivekananda M. VedulaJacob A. AbrahamJayanta BhadraRaghuram Tupuri,2003,https://link.springer.com/article/10.1023/A:1022885523034,Article
Boolean and Cartesian abstraction for model checking C programs,International Journal on Software Tools for Technology Transfer,,,,10.1007/s10009-002-0095-0,Thomas BallAndreas PodelskiSriram K. Rajamani,2002,https://link.springer.com/article/10.1007/s10009-002-0095-0,Article
Occupational issues of irritant contact dermatitis,International Archives of Occupational and Environmental Health,,,,10.1007/s00420-002-0419-0,Ai-Lean ChewHoward I. Maibach,2003,https://link.springer.com/article/10.1007/s00420-002-0419-0,Article
Program Development Using Abstract Interpretation (And the Ciao System Preprocessor),Static Analysis,,,,10.1007/3-540-44898-5_8,Manuel V. HermenegildoGermán PueblaFrancisco BuenoPedro López-García,2003,https://link.springer.com/chapter/10.1007/3-540-44898-5_8,Conference paper
Run-Time Type Checking for Binary Programs,Compiler Construction,,,,10.1007/3-540-36579-6_7,Michael BurrowsStephen N. FreundJanet L. Wiener,2003,https://link.springer.com/chapter/10.1007/3-540-36579-6_7,Conference paper
Automatic Detection of Uninitialized Variables,Compiler Construction,,,,10.1007/3-540-36579-6_16,Thi Viet Nga NguyenFrançois IrigoinCorinne AncourtFabien Coelho,2003,https://link.springer.com/chapter/10.1007/3-540-36579-6_16,Conference paper
From Survivor Testimonies to the Discourse of Power,Buried Secrets,,,,10.1057/9781403973375_9,Victoria Sanford,2003,https://link.springer.com/chapter/10.1057/9781403973375_9,Chapter
Model Checking Programs,Automated Software Engineering,,,,10.1023/A:1022920129859,Willem VisserKlaus HavelundGuillaume BratSeungJoon ParkFlavio Lerda,2003,https://link.springer.com/article/10.1023/A:1022920129859,Article
Towards Efficient Execution of MPI Applications on the Grid: Porting and Optimization Issues,Journal of Grid Computing,,,,10.1023/B:GRID.0000024071.12177.91,Rainer KellerEdgar GabrielBettina KrammerMatthias S. MüllerMichael M. Resch,2003,https://link.springer.com/article/10.1023/B:GRID.0000024071.12177.91,Article
Low-Power Log-Domain CMOS Filter Bank for 2-D Sound Source Localization,Analog Integrated Circuits and Signal Processing,,,,10.1023/A:1024414101019,Ivan GrechJoseph MicallefTanya Vladimirova,2003,https://link.springer.com/article/10.1023/A:1024414101019,Article
Improve OpenMP Performance by Extending BARRIER and REDUCTION Constructs,High Performance Computing,,,,10.1007/978-3-540-39707-6_48,Huang ChunYang Xuejun,2003,https://link.springer.com/chapter/10.1007/978-3-540-39707-6_48,Conference paper
Memory Power Reduction for High-Speed Implementation of Turbo Codes,"Journal of VLSI signal processing systems for signal, image and video technology",,,,10.1023/A:1022132031284,B. BougardL. van der PerreF. MaessenA. GiuliettiV. DerudderF. Catthoor,2003,https://link.springer.com/article/10.1023/A:1022132031284,Article
Non-Strict Execution in Parallel and Distributed Computing,International Journal of Parallel Programming,,,,10.1023/A:1022664724413,Alfredo Cristobal-SalasAndrei TchernykhJean-Luc GaudiotWen-Yen Lin,2003,https://link.springer.com/article/10.1023/A:1022664724413,Article
Model Checking Software via Abstraction of Loop Transitions,Fundamental Approaches to Software Engineering,,,,10.1007/3-540-36578-8_23,Natasha SharyginaJames C. Browne,2003,https://link.springer.com/chapter/10.1007/3-540-36578-8_23,Conference paper
Transforming Haskell for Tracing,Implementation of Functional Languages,,,,10.1007/3-540-44854-3_11,Olaf ChitilColin RuncimanMalcolm Wallace,2003,https://link.springer.com/chapter/10.1007/3-540-44854-3_11,Conference paper
Fail-Safe ANSI-C Compiler: An Approach to Making C Programs Secure Progress Report,Software Security — Theories and Systems,,,,10.1007/3-540-36532-X_9,Yutaka OiwaTatsurou SekiguchiEijiro SumiiAkinori Yonezawa,2003,https://link.springer.com/chapter/10.1007/3-540-36532-X_9,Conference paper
Selective Tail Call Elimination,Static Analysis,,,,10.1007/3-540-44898-5_9,Yasuhiko Minamide,2003,https://link.springer.com/chapter/10.1007/3-540-44898-5_9,Conference paper
Testing and Tracing Lazy Functional Programs Using QuickCheck and Hat,Advanced Functional Programming,,,,10.1007/978-3-540-44833-4_3,Koen ClaessenColin RuncimanOlaf ChitilJohn HughesMalcolm Wallace,2003,https://link.springer.com/chapter/10.1007/978-3-540-44833-4_3,Chapter
Introduction,Reasoning About Program Transformations,,,,10.1007/978-0-387-22461-9_1,Jean-François Collard,2003,https://link.springer.com/chapter/10.1007/978-0-387-22461-9_1,Chapter
Related Work,Advanced Symbolic Analysis for Compilers,,,,10.1007/3-540-36614-8_6,,2003,https://link.springer.com/chapter/10.1007/3-540-36614-8_6,Chapter
Coverage Metrics for Formal Verification,Correct Hardware Design and Verification Methods,,,,10.1007/978-3-540-39724-3_11,Hana ChocklerOrna KupfermanMoshe Y. Vardi,2003,https://link.springer.com/chapter/10.1007/978-3-540-39724-3_11,Conference paper
Computational Divided Differencing and Divided-Difference Arithmetics,Higher-Order and Symbolic Computation,,,,10.1023/A:1023024221391,Thomas W. RepsLouis B. Rall,2003,https://link.springer.com/article/10.1023/A:1023024221391,Article
A Language for Role Specifications,Languages and Compilers for Parallel Computing,,,,10.1007/3-540-35767-X_24,Viktor KuncakPatrick LamMartin Rinard,2003,https://link.springer.com/chapter/10.1007/3-540-35767-X_24,Conference paper
Termination Analysis with Types Is More Accurate,Logic Programming,,,,10.1007/978-3-540-24599-5_18,Vitaly LagoonFred MesnardPeter J. Stuckey,2003,https://link.springer.com/chapter/10.1007/978-3-540-24599-5_18,Conference paper
Polyglot: An Extensible Compiler Framework for Java,Compiler Construction,,,,10.1007/3-540-36579-6_11,Nathaniel NystromMichael R. ClarksonAndrew C. Myers,2003,https://link.springer.com/chapter/10.1007/3-540-36579-6_11,Conference paper
JMatch: Iterable Abstract Pattern Matching for Java,Practical Aspects of Declarative Languages,,,,10.1007/3-540-36388-2_9,Jed LiuAndrew C. Myers,2003,https://link.springer.com/chapter/10.1007/3-540-36388-2_9,Conference paper
Performance Instrumentation and Measurement for Terascale Systems,Computational Science — ICCS 2003,,,,10.1007/3-540-44864-0_6,Jack DongarraAllen D. MalonyShirley MoorePhilip MucciSameer Shende,2003,https://link.springer.com/chapter/10.1007/3-540-44864-0_6,Conference paper
Interoperability on XML Data,The Semantic Web - ISWC 2003,,,,10.1007/978-3-540-39718-2_10,Laks V. S. LakshmananFereidoon Sadri,2003,https://link.springer.com/chapter/10.1007/978-3-540-39718-2_10,Conference paper
Online Justification for Tabled Logic Programs,Logic Programming,,,,10.1007/978-3-540-24599-5_42,Giridhar PemmasaniHai-Feng GuoYifei DongC. R. RamakrishnanI. V. Ramakrishnan,2003,https://link.springer.com/chapter/10.1007/978-3-540-24599-5_42,Conference paper
Evaluation of OpenMP for the Cyclops Multithreaded Architecture,OpenMP Shared Memory Parallel Programming,,,,10.1007/3-540-45009-2_6,George AlmasiEduard AyguadéCălin CaşcavalJosé CastañosJesús LabartaFrancisco MartínezXavier MartorellJosé Moreira,2003,https://link.springer.com/chapter/10.1007/3-540-45009-2_6,Conference paper
Towards Automating Source-Consistent UML Refactorings,«UML» 2003 - The Unified Modeling Language. Modeling Languages and Applications,,,,10.1007/978-3-540-45221-8_15,Pieter Van GorpHans StentenTom MensSerge Demeyer,2003,https://link.springer.com/chapter/10.1007/978-3-540-45221-8_15,Conference paper
From Dust Astrophysics Towards Dust Mineralogy — A Historical Review,Astromineralogy,,,,10.1007/3-540-45840-9_1,Johann Dorschner,2003,https://link.springer.com/chapter/10.1007/3-540-45840-9_1,Chapter
An Example of an Automatic Differentiation-Based Modelling System,Computational Science and Its Applications — ICCSA 2003,,,,10.1007/3-540-44843-8_11,Thomas KaminskiRalf GieringMarko ScholzePeter RaynerWolfgang Knorr,2003,https://link.springer.com/chapter/10.1007/3-540-44843-8_11,Conference paper
"Program model checking as a new trend
",International Journal on Software Tools for Technology Transfer,,,,10.1007/s10009-002-0080-7,Klaus HavelundWillem Visser,2002,https://link.springer.com/article/10.1007/s10009-002-0080-7,Article
Rewriting UNITY,Rewriting Techniques and Applications,,,,10.1007/3-540-44881-0_11,Adam GraniczDaniel M. ZimmermanJason Hickey,2003,https://link.springer.com/chapter/10.1007/3-540-44881-0_11,Conference paper
Partial Evaluation of MATLAB,Generative Programming and Component Engineering,,,,10.1007/978-3-540-39815-8_21,Daniel ElphickMichael LeuschelSimon Cox,2003,https://link.springer.com/chapter/10.1007/978-3-540-39815-8_21,Conference paper
Systematic Application of Data Transfer and Storage Optimizing Code Transformations for Power Consumption and Execution Time Reduction in ACROPOLIS: A Pre-Compiler for Multimedia Applications,Design Automation for Embedded Systems,,,,10.1023/A:1022340119745,K. MasselosF. CatthoorC. E. GoutisH. De Man,2003,https://link.springer.com/article/10.1023/A:1022340119745,Article
Laura: Leiden Architecture Research and Exploration Tool,Field Programmable Logic and Application,,,,10.1007/978-3-540-45234-8_88,Claudiu ZissulescuTodor StefanovBart KienhuisEd Deprettere,2003,https://link.springer.com/chapter/10.1007/978-3-540-45234-8_88,Conference paper
Design and Prototype of a Performance Tool Interface for OpenMP,The Journal of Supercomputing,,,,10.1023/A:1015741304337,Bernd MohrAllen D. MalonySameer ShendeFelix Wolf,2002,https://link.springer.com/article/10.1023/A:1015741304337,Article
Symbolic Analysis for Parallelizing Compilers,Advanced Symbolic Analysis for Compilers,,,,10.1007/3-540-36614-8_5,,2003,https://link.springer.com/chapter/10.1007/3-540-36614-8_5,Chapter
Modeling Crosscutting in Aspect-Oriented Mechanisms,ECOOP 2003 – Object-Oriented Programming,,,,10.1007/978-3-540-45070-2_2,Hidehiko MasuharaGregor Kiczales,2003,https://link.springer.com/chapter/10.1007/978-3-540-45070-2_2,Conference paper
Hierarchical Models and Software Tools for Parallel Programming,Algorithms for Memory Hierarchies,,,,10.1007/3-540-36574-5_15,Massimo CoppolaMartin Schmollinger,2003,https://link.springer.com/chapter/10.1007/3-540-36574-5_15,Chapter
Introducing Custom Language Extensions to SQL:1999,Advanced Information Systems Engineering,,,,10.1007/3-540-45017-3_15,Jernej KovseWolfgang Mahnke,2003,https://link.springer.com/chapter/10.1007/3-540-45017-3_15,Conference paper
Technicolor Genome Analysis,Topics in Fluorescence Spectroscopy,,,,10.1007/0-306-47947-8_10,Michael J. DifilippantonioThomas Ried,2003,https://link.springer.com/chapter/10.1007/0-306-47947-8_10,Chapter
Improving Data Locality by Chunking,Compiler Construction,,,,10.1007/3-540-36579-6_23,Cédric BastoulPaul Feautrier,2003,https://link.springer.com/chapter/10.1007/3-540-36579-6_23,Conference paper
NoC Application Programming Interfaces,Networks on Chip,,,,10.1007/0-306-48727-6_12,Zhonghai LuRaimo Haukilahti,2003,https://link.springer.com/chapter/10.1007/0-306-48727-6_12,Chapter
Fine-Grained Dynamic Adaptation of Distributed Components,Middleware 2003,,,,10.1007/3-540-44892-6_7,Frédéric PeschanskiJean-Pierre BriotAkinori Yonezawa,2003,https://link.springer.com/chapter/10.1007/3-540-44892-6_7,Conference paper
Partial Collection Replication for Information Retrieval,Information Retrieval,,,,10.1023/A:1023947204209,Zhihong LuKathryn S. McKinley,2003,https://link.springer.com/article/10.1023/A:1023947204209,Article
An Overview of Cache Optimization Techniques and Cache-Aware Numerical Algorithms,Algorithms for Memory Hierarchies,,,,10.1007/3-540-36574-5_10,Markus KowarschikChristian Weiß,2003,https://link.springer.com/chapter/10.1007/3-540-36574-5_10,Chapter
OpenMP on networks of workstations for software DSMs,Journal of Computer Science and Technology,,,,10.1007/BF02949829,Feng ZhangGuoliang ChenZhaoqing Zhang,2002,https://link.springer.com/article/10.1007/BF02949829,Article
Managing the quality and completeness of customer data,Journal of Database Marketing & Customer Strategy Management,,,,10.1057/palgrave.jdm.3240105,B FossI HendersonP JohnsonD MurrayM Stone,2002,https://link.springer.com/article/10.1057/palgrave.jdm.3240105,Article
"Influence of Sulfur, Platinum, and Hafnium on the Oxidation Behavior of CVD NiAl Bond Coatings",Oxidation of Metals,,,,10.1023/A:1020525123056,J. A. HaynesB. A. PintK. L. MoreY. ZhangI. G. Wright,2002,https://link.springer.com/article/10.1023/A:1020525123056,Article
"Chemical, Protein Precipitation and Bioassays for Tannins, Tannin Levels and Activity in Unconventional Feeds, and Efects and Fate of Tannins",Quantification of Tannins in Tree and Shrub Foliage,,,,10.1007/978-94-017-0273-7_1,Harinder P. S. Makkar,2003,https://link.springer.com/chapter/10.1007/978-94-017-0273-7_1,Chapter
A Comparison of Co-Array Fortran and OpenMP Fortran for SPMD Programming,The Journal of Supercomputing,,,,10.1023/A:1015322200593,Alan J. Wallcraft,2002,https://link.springer.com/article/10.1023/A:1015322200593,Article
Implementing Algebraic Dynamic Programming in the Functional and the Imperative Programming Paradigm,Mathematics of Program Construction,,,,10.1007/3-540-45442-X_1,Robert GiegerichPeter Steffen,2002,https://link.springer.com/chapter/10.1007/3-540-45442-X_1,Conference paper
Abstract Data Types and the Development of Data Structures,Software Pioneers,,,,10.1007/978-3-642-59412-0_29,John Guttag,2002,https://link.springer.com/chapter/10.1007/978-3-642-59412-0_29,Chapter
"The topology of a mixed-polarity potential field, and inferences for the heating of the quiet solar corona",Solar Physics,,,,10.1023/A:1016295516408,Carolus J. SchrijverAlan M. Title,2002,https://link.springer.com/article/10.1023/A:1016295516408,Article
The narrowing-driven approach to functional logic program specialization,New Generation Computing,,,,10.1007/BF03037257,Elvira AlbertGerman Vidal,2002,https://link.springer.com/article/10.1007/BF03037257,Article
A Fully Compliant OpenMP Implementation on Software Distributed Shared Memory,High Performance Computing — HiPC 2002,,,,10.1007/3-540-36265-7_19,Sven KarlssonSung-Woo LeeMats Brorsson,2002,https://link.springer.com/chapter/10.1007/3-540-36265-7_19,Conference paper
On Improving Thread Migration: Safety and Performance,High Performance Computing — HiPC 2002,,,,10.1007/3-540-36265-7_45,Hai JiangVipin Chaudhary,2002,https://link.springer.com/chapter/10.1007/3-540-36265-7_45,Conference paper
TINMAN: A Resource Bound Security Checking System for Mobile Code,Computer Security — ESORICS 2002,,,,10.1007/3-540-45853-0_11,Aloysius K. MokWeijiang Yu,2002,https://link.springer.com/chapter/10.1007/3-540-45853-0_11,Conference paper
Compiling Hardware Descriptions with Relative Placement Information for Parametrised Libraries,Formal Methods in Computer-Aided Design,,,,10.1007/3-540-36126-X_21,Steve McKeeverWayne LukArran Derbyshire,2002,https://link.springer.com/chapter/10.1007/3-540-36126-X_21,Conference paper
CIL: Intermediate Language and Tools for Analysis and Transformation of C Programs,Compiler Construction,,,,10.1007/3-540-45937-5_16,George C. NeculaScott McPeakShree P. RahulWestley Weimer,2002,https://link.springer.com/chapter/10.1007/3-540-45937-5_16,Conference paper
A Framework for Translating Models and Specifications,Integrated Formal Methods,,,,10.1007/3-540-47884-1_9,Shmuel KatzOrna Grumberg,2002,https://link.springer.com/chapter/10.1007/3-540-47884-1_9,Conference paper
Generative Programming,Object-Oriented Technology ECOOP 2002 Workshop Reader,,,,10.1007/3-540-36208-8_2,Krzysztof CzarneckiKasper ØsterbyeMarkus Völter,2002,https://link.springer.com/chapter/10.1007/3-540-36208-8_2,Conference paper
Type-Based Useless-Variable Elimination,Higher-Order and Symbolic Computation,,,,10.1023/A:1012944815270,Naoki Kobayashi,2001,https://link.springer.com/article/10.1023/A:1012944815270,Article
Monads and Effects,Applied Semantics,,,,10.1007/3-540-45699-6_2,Nick BentonJohn HughesEugenio Moggi,2002,https://link.springer.com/chapter/10.1007/3-540-45699-6_2,Conference paper
Data Transfer and Storage Exploration in Programmable Architectures,Data Access and Storage Management for Embedded Programmable Processors,,,,10.1007/978-1-4757-4903-8_1,Francky CatthoorKoen DanckaertChidamber KulkarniErik BrockmeyerPer Gunnar KjeldsbergTanja Van AchterenThierry Omnes,2002,https://link.springer.com/chapter/10.1007/978-1-4757-4903-8_1,Chapter
Compiling Mercury to High-Level C Code,Compiler Construction,,,,10.1007/3-540-45937-5_15,Fergus HendersonZoltan Somogyi,2002,https://link.springer.com/chapter/10.1007/3-540-45937-5_15,Conference paper
Lambda Calculi and Linear Speedups,The Essence of Computation,,,,10.1007/3-540-36377-7_4,David SandsJörgen GustavssonAndrew Moran,2002,https://link.springer.com/chapter/10.1007/3-540-36377-7_4,Chapter
Abstract Interpretation over Non-deterministic Finite Tree Automata for Set-Based Analysis of Logic Programs,Practical Aspects of Declarative Languages,,,,10.1007/3-540-45587-6_16,John P. GallagherGermán Puebla,2002,https://link.springer.com/chapter/10.1007/3-540-45587-6_16,Conference paper
Compiling Embedded Programs to Byte Code,Practical Aspects of Declarative Languages,,,,10.1007/3-540-45587-6_9,Morten Rhiger,2002,https://link.springer.com/chapter/10.1007/3-540-45587-6_9,Conference paper
A study of class II methanol maser condensations in the star-forming region W48,Astronomy Reports,,,,10.1134/1.1471395,I. V. Val’ttsS. Yu. Lyubchenko,2002,https://link.springer.com/article/10.1134/1.1471395,Article
Verifying Erlang Code: A Resource Locker Case-Study,FME 2002:Formal Methods—Getting IT Right,,,,10.1007/3-540-45614-7_11,Thomas ArtsClara Benac EarleJohn Derrick,2002,https://link.springer.com/chapter/10.1007/3-540-45614-7_11,Conference paper
Modern Concurrency Abstractions for C#,ECOOP 2002 — Object-Oriented Programming,,,,10.1007/3-540-47993-7_18,Nick BentonLuca CardelliCédric Fournet,2002,https://link.springer.com/chapter/10.1007/3-540-47993-7_18,Conference paper
Automatic Generation of Efficient Adjoint Code for a Parallel Navier-Stokes Solver,Computational Science — ICCS 2002,,,,10.1007/3-540-46080-2_107,Patrick HeimbachChris HillRalf Giering,2002,https://link.springer.com/chapter/10.1007/3-540-46080-2_107,Conference paper
"Delayed Evaluation, Self-optimising Software Components as a Programming Model",Euro-Par 2002 Parallel Processing,,,,10.1007/3-540-45706-2_92,Peter LinikerOlav BeckmannPaul H. J. Kelly,2002,https://link.springer.com/chapter/10.1007/3-540-45706-2_92,Conference paper
Automatic Specialization of Java Programs in the Distributed Environment,Information Networking: Wireless Communications Technologies and Network Applications,,,,10.1007/3-540-45801-8_71,Jung Gyu ParkMyong-Soon Park,2002,https://link.springer.com/chapter/10.1007/3-540-45801-8_71,Conference paper
Dynamic Cheap Eagerness,Implementation of Functional Languages,,,,10.1007/3-540-46028-4_7,Karl-Filip Faxén,2002,https://link.springer.com/chapter/10.1007/3-540-46028-4_7,Conference paper
Energy-Efficient System-Level Design,Power Aware Design Methodologies,,,,10.1007/0-306-48139-1_16,Luca BeniniGiovanni De Micheli,2002,https://link.springer.com/chapter/10.1007/0-306-48139-1_16,Chapter
Native Cellulosic Fibers: Structure and Composition,Cellulosic Materials,,,,10.1007/978-1-4615-0825-0_1,Wadood Hamad,2002,https://link.springer.com/chapter/10.1007/978-1-4615-0825-0_1,Chapter
A portable approach to dynamic optimization in run-time specialization,New Generation Computing,,,,10.1007/BF03037261,Hidehiko MasuharaAkinori Yonezawa,2002,https://link.springer.com/article/10.1007/BF03037261,Article
Meta-circular Abstract Interpretation in Prolog,The Essence of Computation,,,,10.1007/3-540-36377-7_6,Michael CodishHarald Søndergaard,2002,https://link.springer.com/chapter/10.1007/3-540-36377-7_6,Chapter
P,Fachwörterbuch Elektronische Medien und Dienste Dictionary of Electronic Media and Services,,,,10.1007/978-3-642-56111-5_16,Horst E. von Renouard,2002,https://link.springer.com/chapter/10.1007/978-3-642-56111-5_16,Chapter
Macros That Compose: Systematic Macro Programming,Generative Programming and Component Engineering,,,,10.1007/3-540-45821-2_13,Oleg Kiselyov,2002,https://link.springer.com/chapter/10.1007/3-540-45821-2_13,Conference paper
Demonstrator Designs,Data Access and Storage Management for Embedded Programmable Processors,,,,10.1007/978-1-4757-4903-8_8,Francky CatthoorKoen DanckaertChidamber KulkarniErik BrockmeyerPer Gunnar KjeldsbergTanja Van AchterenThierry Omnes,2002,https://link.springer.com/chapter/10.1007/978-1-4757-4903-8_8,Chapter
Self Reflection for Adaptive Programming,Generative Programming and Component Engineering,,,,10.1007/3-540-45821-2_3,Giuseppe AttardiAntonio Cisternino,2002,https://link.springer.com/chapter/10.1007/3-540-45821-2_3,Conference paper
"A Pure Meta-interpreter for Flat GHC, a Concurrent Constraint Language",Computational Logic: Logic Programming and Beyond,,,,10.1007/3-540-45628-7_7,Kazunori Ueda,2002,https://link.springer.com/chapter/10.1007/3-540-45628-7_7,Chapter
On Enabling the WAM with Region Support,Logic Programming,,,,10.1007/3-540-45619-8_12,Henning MakholmKonstantinos Sagonas,2002,https://link.springer.com/chapter/10.1007/3-540-45619-8_12,Conference paper
Automatic extraction of printed mathematical formulas using fuzzy logic and propagation of context,International Journal on Document Analysis and Recognition,,,,10.1007/s100320100064,A. KacemA. BelaïdM. Ben Ahmed,2001,https://link.springer.com/article/10.1007/s100320100064,Article
The Military-Civilian Tradeoff in Guatemala: An Econometric Analysis,Arming the South,,,,10.1057/9780230501256_16,Kanta MarwahLawrence R. KleinThomas Scheetz,2002,https://link.springer.com/chapter/10.1057/9780230501256_16,Chapter
"A Relationship Between Transition Region Brightenings, Abundances, and Magnetic Topology",Solar Physics,,,,10.1023/A:1013302317042,Lyndsay FletcherMarcelo C. López FuentesCristina H. MandriniBrigitte SchmiederPascal DémoulinHelen E. MasonPeter R. YoungNariaki Nitta,2001,https://link.springer.com/article/10.1023/A:1013302317042,Article
Design and Correctness of Program Transformations Based on Control-Flow Analysis,Theoretical Aspects of Computer Software,,,,10.1007/3-540-45500-0_21,Anindya BanerjeeNevin HeintzeJon G. Riecke,2001,https://link.springer.com/chapter/10.1007/3-540-45500-0_21,Conference paper
“Three at Once”: The Multidimensional Scope of Labor Crisis in China,Politics in China,,,,10.1007/978-1-137-11768-7_1,Jean-Louis Rocca,2002,https://link.springer.com/chapter/10.1007/978-1-137-11768-7_1,Chapter
Pre-Main-Sequence Evolution of Stars and Young Clusters,Physics of Star Formation in Galaxies,,,,10.1007/3-540-31633-7_2,Francesco Palla,2002,https://link.springer.com/chapter/10.1007/3-540-31633-7_2,Chapter
"Towards a Mobile Code Management Environment for Complex, Real-Time, Distributed Systems",Real-Time Systems,,,,10.1023/A:1011151522310,Alexander D. StoyenPlamen V. Petrov,2001,https://link.springer.com/article/10.1023/A:1011151522310,Article
Constraint-based deductive model checking,International Journal on Software Tools for Technology Transfer,,,,10.1007/s100090100049,Giorgio DelzannoAndreas Podelski,2001,https://link.springer.com/article/10.1007/s100090100049,Article
Boolean and Cartesian Abstraction for Model Checking C Programs,Tools and Algorithms for the Construction and Analysis of Systems,,,,10.1007/3-540-45319-9_19,Thomas BallAndreas PodelskiSriram K. Rajamani,2001,https://link.springer.com/chapter/10.1007/3-540-45319-9_19,Conference paper
Distinctness and Sharing Domains for Static Analysis of Java Programs,ECOOP 2001 — Object-Oriented Programming,,,,10.1007/3-540-45337-7_5,Isabelle PolletBaudouin Le CharlierAgostino Cortesi,2001,https://link.springer.com/chapter/10.1007/3-540-45337-7_5,Conference paper
A Compiler Infrastructure for High-Performance Java⋆,High-Performance Computing and Networking,,,,10.1007/3-540-48228-8_77,Neil V. BrewsterTarek S. Abdelrahman,2001,https://link.springer.com/chapter/10.1007/3-540-48228-8_77,Conference paper
Faithful Translations Among Models and Specifications,FME 2001: Formal Methods for Increasing Software Productivity,,,,10.1007/3-540-45251-6_23,Shmuel Katz,2001,https://link.springer.com/chapter/10.1007/3-540-45251-6_23,Conference paper
A Practical Partial Evaluator for a Multi-Paradigm Declarative Language,Functional and Logic Programming,,,,10.1007/3-540-44716-4_21,Elvira AlbertMichael HanusGermán Vidal,2001,https://link.springer.com/chapter/10.1007/3-540-44716-4_21,Conference paper
Cleanness Checking of String Manipulations in C Programs via Integer Analysis,Static Analysis,,,,10.1007/3-540-47764-0_12,Nurit DorMichael RodehMooly Sagiv,2001,https://link.springer.com/chapter/10.1007/3-540-47764-0_12,Conference paper
Design of Syntactic Program Transformations by Abstract Interpretation of Semantic Transformations,Logic Programming,,,,10.1007/3-540-45635-X_3,Patrick Cousot,2001,https://link.springer.com/chapter/10.1007/3-540-45635-X_3,Conference paper
"Freja, Hat and Hood - A Comparative Evaluation of Three Systems for Tracing and Debugging Lazy Functional Programs",Implementation of Functional Languages,,,,10.1007/3-540-45361-X_11,Olaf ChitilColin RuncimanMalcolm Wallace,2001,https://link.springer.com/chapter/10.1007/3-540-45361-X_11,Conference paper
Logical Background,Set Theory for Computing,,,,10.1007/978-1-4757-3452-2_2,Domenico CantoneEugenio OmodeoAlberto Policriti,2001,https://link.springer.com/chapter/10.1007/978-1-4757-3452-2_2,Chapter
Metaprogramming in the Large,Generative and Component-Based Software Engineering,,,,10.1007/3-540-44815-2_13,Andreas LudwigDirk Heuzeroth,2001,https://link.springer.com/chapter/10.1007/3-540-44815-2_13,Conference paper
Compiler Transformation of Pointers to Explicit Array Accesses in DSP Applications,Compiler Construction,,,,10.1007/3-540-45306-7_6,Björn FrankeMichael O’Boyle,2001,https://link.springer.com/chapter/10.1007/3-540-45306-7_6,Conference paper
Debugging via Run-Time Type Checking,Fundamental Approaches to Software Engineering,,,,10.1007/3-540-45314-8_16,Alexey LoginovSuan Hsi YongSusan HorwitzThomas Reps,2001,https://link.springer.com/chapter/10.1007/3-540-45314-8_16,Conference paper
Using the Bandera Tool Set to Model-Check Properties of Concurrent Java Software,CONCUR 2001 — Concurrency Theory,,,,10.1007/3-540-44685-0_5,John HatcliffMatthew Dwyer,2001,https://link.springer.com/chapter/10.1007/3-540-44685-0_5,Conference paper
New Trends in U.S. Industrial Concentration,Review of Industrial Organization,,,,10.1023/A:1007888323241,Frederic L. Pryor,2001,https://link.springer.com/article/10.1023/A:1007888323241,Article
A New Meta-Complexity Theorem for Bottom-Up Logic Programs,Automated Reasoning,,,,10.1007/3-540-45744-5_44,Harald GanzingerDavid Mc Allester,2001,https://link.springer.com/chapter/10.1007/3-540-45744-5_44,Conference paper
Hardware Synthesis Using SAFL and Application to Processor Design,Correct Hardware Design and Verification Methods,,,,10.1007/3-540-44798-9_2,Alan MycroftRichard Sharp,2001,https://link.springer.com/chapter/10.1007/3-540-44798-9_2,Conference paper
A Neural Network Based Tool for Semi-automatic Code Transformation,Vector and Parallel Processing — VECPAR 2000,,,,10.1007/3-540-44942-6_11,Patrick H. CorrPeter MilliganVaughan Purnell,2001,https://link.springer.com/chapter/10.1007/3-540-44942-6_11,Conference paper
Control-Flow Analysis in Cubic Time,Programming Languages and Systems,,,,10.1007/3-540-45309-1_17,Flemming NielsonHelmut Seidl,2001,https://link.springer.com/chapter/10.1007/3-540-45309-1_17,Conference paper
Measuring the Effectiveness of Partial Evaluation in Functional Logic Languages,Logic Based Program Synthesis and Transformation,,,,10.1007/3-540-45142-0_7,Elvira AlbertGermán VidalSergio Antoy,2001,https://link.springer.com/chapter/10.1007/3-540-45142-0_7,Conference paper
Parallel Computation: MM +/- X,Informatics,,,,10.1007/3-540-44577-3_16,Lawrence Snyder,2001,https://link.springer.com/chapter/10.1007/3-540-44577-3_16,Chapter
Program Representation Size in an Intermediate Language with Intersection and Union Types,Types in Compilation,,,,10.1007/3-540-45332-6_2,Allyn DimockIan WestmacottRobert MullerFranklyn TurbakJ. B. WellsJeffrey Considine,2001,https://link.springer.com/chapter/10.1007/3-540-45332-6_2,Conference paper
Higher-Order Pattern Matching for Automatically Applying Fusion Transformations,Programs as Data Objects,,,,10.1007/3-540-44978-7_13,Ganesh SittampalamOege de Moor,2001,https://link.springer.com/chapter/10.1007/3-540-44978-7_13,Conference paper
Portable Implementation of Continuation Operators in Imperative Languages by Exception Handling,Advances in Exception Handling Techniques,,,,10.1007/3-540-45407-1_14,Tatsurou SekiguchiTakahiro SakamotoAkinori Yonezawa,2001,https://link.springer.com/chapter/10.1007/3-540-45407-1_14,Chapter
Glossary for Partial Evaluation and Related Topics,Higher-Order and Symbolic Computation,,,,10.1023/A:1026551132647,Torben Æ. Mogensen,2000,https://link.springer.com/article/10.1023/A:1026551132647,Article
P,StarBriefs 2001,,,,10.1007/978-94-011-4351-6_16,André Heck,2001,https://link.springer.com/chapter/10.1007/978-94-011-4351-6_16,Chapter
Driving in the Jungle,Programs as Data Objects,,,,10.1007/3-540-44978-7_12,Jens Peter Secher,2001,https://link.springer.com/chapter/10.1007/3-540-44978-7_12,Conference paper
Occurrence and Significance,Glycoscience: Chemistry and Chemical Biology I–III,,,,10.1007/978-3-642-56874-9_43,James N. BeMiller,2001,https://link.springer.com/chapter/10.1007/978-3-642-56874-9_43,Chapter
A New Approach to Software Integration Frameworks for Multi-Physics Simulation Codes,The Architecture of Scientific Software,,,,10.1007/978-0-387-35407-1_6,Eric de SturlerJay HoeflingerLaxmikant KaleMilind Bhandarkar,2001,https://link.springer.com/chapter/10.1007/978-0-387-35407-1_6,Chapter
High Level Parallelization of a 3D Electromagnetic Simulation Code with Irregular Communication Patterns,Vector and Parallel Processing — VECPAR 2000,,,,10.1007/3-540-44942-6_42,Emmanuel CagniotThomas BrandesJean-Luc DekeyserFrancis PiriouPierre BouletStéphance Clénet,2001,https://link.springer.com/chapter/10.1007/3-540-44942-6_42,Conference paper
Base Class Injection,Generative and Component-Based Software Engineering,,,,10.1007/3-540-44800-4_10,Douglas GregorSibylle SchuppDavid Musser,2001,https://link.springer.com/chapter/10.1007/3-540-44800-4_10,Conference paper
LP in the real world,Linear Programming/Critical Path Analysis,,,,10.1007/978-1-4039-3769-8_5,Mik WisniewskiJonathan H. Klein,2001,https://link.springer.com/chapter/10.1007/978-1-4039-3769-8_5,Chapter
Program Development Environment for OpenMP Programs on ccNUMA Architectures,Large-Scale Scientific Computing,,,,10.1007/3-540-45346-6_21,B. ChapmanO. HernandezA. PatilA. Prabhakar,2001,https://link.springer.com/chapter/10.1007/3-540-45346-6_21,Conference paper
Experimental Evaluation of Energy Behavior of Iteration Space Tiling,Languages and Compilers for Parallel Computing,,,,10.1007/3-540-45574-4_10,Mahmut KandemirNarayanan VijaykrishnanMary Jane IrwinHyun Suk Kim,2001,https://link.springer.com/chapter/10.1007/3-540-45574-4_10,Conference paper
Integrating Task and Data Parallelism by Means of Coordination Patterns,High-Level Parallel Programming Models and Supportive Environments,,,,10.1007/3-540-45401-2_2,Manuel DíazBartolomé RubioEnrique SolerJosé M. Troya,2001,https://link.springer.com/chapter/10.1007/3-540-45401-2_2,Conference paper
Safe and Flexible Dynamic Linking of Native Code,Types in Compilation,,,,10.1007/3-540-45332-6_6,Michael HicksStephanie WeirichKarl Crary,2001,https://link.springer.com/chapter/10.1007/3-540-45332-6_6,Conference paper
"‘A Mother’s Cares’: Women Workers and Popular Opinion in Stalin’s Russia, 1934–41",Women in the Stalin Era,,,,10.1057/9780230523425_6,Sarah Davies,2001,https://link.springer.com/chapter/10.1057/9780230523425_6,Chapter
Natural Semantics-Directed Generation of Compilers and Abstract Machines,Formal Aspects of Computing,,,,10.1007/PL00003929,Stephan Diehl,2000,https://link.springer.com/article/10.1007/PL00003929,Article
Recursion Unrolling for Divide and Conquer Programs,Languages and Compilers for Parallel Computing,,,,10.1007/3-540-45574-4_3,Radu RuginaMartin Rinard,2001,https://link.springer.com/chapter/10.1007/3-540-45574-4_3,Conference paper
Optimizing the Use of High Performance Software Libraries,Languages and Compilers for Parallel Computing,,,,10.1007/3-540-45574-4_15,Samuel Z. GuyerCalvin Lin,2001,https://link.springer.com/chapter/10.1007/3-540-45574-4_15,Conference paper
User-Extensible Simplification—Type-Based Optimizer Generators,Compiler Construction,,,,10.1007/3-540-45306-7_7,Sibylle SchuppDouglas GregorDavid MusserShin-Ming Liu,2001,https://link.springer.com/chapter/10.1007/3-540-45306-7_7,Conference paper
Performance Oriented Programming for NUMA Architechtures,OpenMP Shared Memory Parallel Programming,,,,10.1007/3-540-44587-0_13,Barbara ChapmanAmit PatilAchal Prabhakar,2001,https://link.springer.com/chapter/10.1007/3-540-44587-0_13,Conference paper
Improving Cache Effectiveness through Array Data Layout Manipulation in SAC,Implementation of Functional Languages,,,,10.1007/3-540-45361-X_14,Clemens Grelck,2001,https://link.springer.com/chapter/10.1007/3-540-45361-X_14,Conference paper
The Use of Cyclodextrins as Chiral Selectors,The Separation of Enantiomers by Capillary Electrophoresis,,,,10.1007/978-3-322-83141-5_5,Stephen WrenT. A. BergerK.-S. BoosH. EngelhardtE. R. AdlardI. W. DaviesK. D. AltriaR. Stock,2001,https://link.springer.com/chapter/10.1007/978-3-322-83141-5_5,Chapter
"Reflections on MOP s, Components, and Java Security",ECOOP 2001 — Object-Oriented Programming,,,,10.1007/3-540-45337-7_14,Denis CaromelJulien Vayssière,2001,https://link.springer.com/chapter/10.1007/3-540-45337-7_14,Conference paper
Points-to and Side-Effect Analyses for Programs Built with Precompiled Libraries,Compiler Construction,,,,10.1007/3-540-45306-7_3,Atanas RountevBarbara G. Ryder,2001,https://link.springer.com/chapter/10.1007/3-540-45306-7_3,Conference paper
The use of cyclodextrins as chiral selectors,Chromatographia,,,,10.1007/BF02492894,,2001,https://link.springer.com/article/10.1007/BF02492894,Article
Retargetable Compiler Case Studies,Retargetable Compiler Technology for Embedded Systems,,,,10.1007/978-1-4757-6420-8_5,Rainer LeupersPeter Marwedel,2001,https://link.springer.com/chapter/10.1007/978-1-4757-6420-8_5,Chapter
Interprocedural Analysis Based on Guarded Array Regions,Compiler Optimizations for Scalable Parallel Systems,,,,10.1007/3-540-45403-9_7,Zhiyuan LiJunjie GuGyungho Lee,2001,https://link.springer.com/chapter/10.1007/3-540-45403-9_7,Chapter
Loop Parallelization Algorithms,Compiler Optimizations for Scalable Parallel Systems,,,,10.1007/3-540-45403-9_5,Alain DarteYves RobertFrédéric Vivien,2001,https://link.springer.com/chapter/10.1007/3-540-45403-9_5,Chapter
"Uncontrolled Networks, Continued",Heavy Traffic Analysis of Controlled Queueing and Communication Networks,,,,10.1007/978-1-4613-0005-2_7,Harold J. Kushner,2001,https://link.springer.com/chapter/10.1007/978-1-4613-0005-2_7,Chapter
Automatic Array Privatization,Compiler Optimizations for Scalable Parallel Systems,,,,10.1007/3-540-45403-9_8,Peng TuDavid Padua,2001,https://link.springer.com/chapter/10.1007/3-540-45403-9_8,Chapter
Fault-Tolerant File-I/O for Portable Checkpointing Systems,The Journal of Supercomputing,,,,10.1023/A:1008133513763,Igor LyubashevskiyVolker Strumpen,2000,https://link.springer.com/article/10.1023/A:1008133513763,Article
Black-hole binaries,The Century of Space Science,,,,10.1007/978-94-010-0320-9_36,Yasuo Tanaka,2001,https://link.springer.com/chapter/10.1007/978-94-010-0320-9_36,Chapter
Conceptualising Resources as a Theme for Teacher Education,Journal of Mathematics Teacher Education,,,,10.1023/A:1009903206236,Jill Adler,2000,https://link.springer.com/article/10.1023/A:1009903206236,Article
Regulatory Implications of Excipient Changes in Medicinal Products,Drug information journal : DIJ / Drug Information Association,,,,10.1177/009286150003400324,Tom Sam,2000,https://link.springer.com/article/10.1177/009286150003400324,Article
A Vectorizing Compiler for Multimedia Extensions,International Journal of Parallel Programming,,,,10.1023/A:1007559022013,N. SreramanR. Govindarajan,2000,https://link.springer.com/article/10.1023/A:1007559022013,Article
Supporting flexible data distribution in software DSMs,Journal of Computer Science and Technology,,,,10.1007/BF02950408,Hong JinweiChen GuoliangZhang Zhaoqing,2000,https://link.springer.com/article/10.1007/BF02950408,Article
T,StarBriefs 2001,,,,10.1007/978-94-011-4351-6_20,André Heck,2001,https://link.springer.com/chapter/10.1007/978-94-011-4351-6_20,Chapter
Designing the Agassiz Compiler for Concurrent Multithreaded Architectures,Languages and Compilers for Parallel Computing,,,,10.1007/3-540-44905-1_24,B. ZhengJ. Y. TsaiB. Y. ZangT. ChenB. HuangJ. H. LiY. H. DingJ. LiangY. ZhenP. C. YewC. Q. Zhu,2000,https://link.springer.com/chapter/10.1007/3-540-44905-1_24,Conference paper
Certification of Compiler Optimizations Using Kleene Algebra with Tests,Computational Logic — CL 2000,,,,10.1007/3-540-44957-4_38,Dexter KozenMaria-Cristina Patron,2000,https://link.springer.com/chapter/10.1007/3-540-44957-4_38,Conference paper
Energy release during disk accretion onto a rapidly rotating neutron star,Astronomy Letters,,,,10.1134/1.1323277,N. R. SibgatullinR. A. Sunyaev,2000,https://link.springer.com/article/10.1134/1.1323277,Article
Flattening Is an Improvement,Static Analysis,,,,10.1007/978-3-540-45099-3_19,James RielyJan Prins,2000,https://link.springer.com/chapter/10.1007/978-3-540-45099-3_19,Conference paper
Making Mercury Programs Tail Recursive,Logic-Based Program Synthesis and Transformation,,,,10.1007/10720327_12,Peter RossDavid OvertonZoltan Somogyi,2000,https://link.springer.com/chapter/10.1007/10720327_12,Conference paper
Abstraction and performance in the design of parallel programs: an overview of the SAT approach,Acta Informatica,,,,10.1007/s002360050174,Sergei GorlatchChristian Lengauer,2000,https://link.springer.com/article/10.1007/s002360050174,Article
Hardware Synthesis from Term Rewriting Systems,VLSI: Systems on a Chip,,,,10.1007/978-0-387-35498-9_52,James C. HoeArvind,2000,https://link.springer.com/chapter/10.1007/978-0-387-35498-9_52,Chapter
Class hierarchy specialization,Acta Informatica,,,,10.1007/PL00013298,Frank TipPeter F. Sweeney,2000,https://link.springer.com/article/10.1007/PL00013298,Article
The use of domain knowledge in program understanding,Annals of Software Engineering,,,,10.1023/A:1018976708691,Spencer Rugaber,2000,https://link.springer.com/article/10.1023/A:1018976708691,Article
Combined Static and Dynamic Assertion-Based Debugging of Constraint Logic Programs,Logic-Based Program Synthesis and Transformation,,,,10.1007/10720327_16,Germán PueblaFrancisco BuenoManuel Hermenegildo,2000,https://link.springer.com/chapter/10.1007/10720327_16,Conference paper
Accurately Selecting Block Size at Runtime in Pipelined Parallel Programs,International Journal of Parallel Programming,,,,10.1023/A:1007577115980,David K. Lowenthal,2000,https://link.springer.com/article/10.1023/A:1007577115980,Article
Automatic Generation of OpenMP Directives and Its Application to Computational Fluid Dynamics Codes,High Performance Computing,,,,10.1007/3-540-39999-2_42,Haoqiang JinMichael FrumkinJerry Yan,2000,https://link.springer.com/chapter/10.1007/3-540-39999-2_42,Conference paper
A Note on Two Simple Transformations for Improving the Efficiency of an ILP System,Inductive Logic Programming,,,,10.1007/3-540-44960-4_14,Vítor Santos CostaAshwin SrinivasanRui Camacho,2000,https://link.springer.com/chapter/10.1007/3-540-44960-4_14,Conference paper
On Jones-Optimal Specialization for Strongly Typed Languages,"Semantics, Applications, and Implementation of Program Generation",,,,10.1007/3-540-45350-4_11,Henning Makholm,2000,https://link.springer.com/chapter/10.1007/3-540-45350-4_11,Conference paper
A Collective I/O Scheme Based on Compiler Analysis,"Languages, Compilers, and Run-Time Systems for Scalable Computers",,,,10.1007/3-540-40889-4_1,Mahmut Taylan Kandemir,2000,https://link.springer.com/chapter/10.1007/3-540-40889-4_1,Conference paper
A Generic Preprocessor for Program Validation and Debugging,Analysis and Visualization Tools for Constraint Programming,,,,10.1007/10722311_3,Germán PueblaFrancisco BuenoManuel Hermenegildo,2000,https://link.springer.com/chapter/10.1007/10722311_3,Chapter
Improving Functional Logic Programs by Difference-Lists,Advances in Computing Science — ASIAN 2000,,,,10.1007/3-540-44464-5_17,Elvira AlbertCésar FerriFrank SteinerGermán Vidal,2000,https://link.springer.com/chapter/10.1007/3-540-44464-5_17,Conference paper
Problem Solving Environment Infrastructure for High Performance Computer Systems,Parallel and Distributed Processing,,,,10.1007/3-540-45591-4_41,Daniel C. StanzioneWalter B. Ligon,2000,https://link.springer.com/chapter/10.1007/3-540-45591-4_41,Conference paper
Mobile Stress in the Four-Part Paradigms of Modern Russian Verbs and Adjectives,Russian Linguistics,,,,10.1023/A:1007082527299,Nick Ukiah,2000,https://link.springer.com/article/10.1023/A:1007082527299,Article
Using Extensible Grammars for Data Modelling,Fully Integrated Data Environments,,,,10.1007/978-3-642-59623-0_51,Florian MatthesJoachim W. SchmidtJens Wahlen,2000,https://link.springer.com/chapter/10.1007/978-3-642-59623-0_51,Chapter
Imperative Program Specialisation: An Approach Using CLP,Logic-Based Program Synthesis and Transformation,,,,10.1007/10720327_7,Julio C. PeraltaJohn P. Gallagher,2000,https://link.springer.com/chapter/10.1007/10720327_7,Conference paper
A Statically Allocated Parallel Functional Language,"Automata, Languages and Programming",,,,10.1007/3-540-45022-X_5,Alan MycroftRichard Sharp,2000,https://link.springer.com/chapter/10.1007/3-540-45022-X_5,Conference paper
Frontend Issues — The LANCE System,Code Optimization Techniques for Embedded Processors,,,,10.1007/978-1-4757-3169-9_8,Rainer Leupers,2000,https://link.springer.com/chapter/10.1007/978-1-4757-3169-9_8,Chapter
From Macros to Reusable Generative Programming,Generative and Component-Based Software Engineering,,,,10.1007/3-540-40048-6_9,Shriram KrishnamurthiMatthias FelleisenBruce F. Duba,2000,https://link.springer.com/chapter/10.1007/3-540-40048-6_9,Conference paper
Loop Shifting for Loop Compaction,Languages and Compilers for Parallel Computing,,,,10.1007/3-540-44905-1_26,Alain DarteGuillaume Huard,2000,https://link.springer.com/chapter/10.1007/3-540-44905-1_26,Conference paper
Using an Abstract Representation to Specialize Functional Logic Programs,Logic for Programming and Automated Reasoning,,,,10.1007/3-540-44404-1_24,Elvira AlbertMichael HanusGermán Vidal,2000,https://link.springer.com/chapter/10.1007/3-540-44404-1_24,Conference paper
Load-Time Structural Reflection in Java,ECOOP 2000 — Object-Oriented Programming,,,,10.1007/3-540-45102-1_16,Shigeru Chiba,2000,https://link.springer.com/chapter/10.1007/3-540-45102-1_16,Conference paper
Compile-Time Based Performance Prediction,Languages and Compilers for Parallel Computing,,,,10.1007/3-540-44905-1_23,Calin CascavalLuiz DeRoseDavid A. PaduaDaniel A. Reed,2000,https://link.springer.com/chapter/10.1007/3-540-44905-1_23,Conference paper
Efficient Object-Oriented Software with Design Patterns,Generative and Component-Based Software Engineering,,,,10.1007/3-540-40048-6_7,Mario FriedrichHolger PapajewskiWolfgang Schröder-PreikschatOlaf SpinczykUte Spinczyk,2000,https://link.springer.com/chapter/10.1007/3-540-40048-6_7,Conference paper
Meta-complexity Theorems: Talk Abstract,Principles and Practice of Constraint Programming – CP 2000,,,,10.1007/3-540-45349-0_3,David McAllester,2000,https://link.springer.com/chapter/10.1007/3-540-45349-0_3,Conference paper
Temporary Arrays for Distribution of Loops with Control Dependences,Euro-Par 2000 Parallel Processing,,,,10.1007/3-540-44520-X_47,Alain DarteGeorges-André Silber,2000,https://link.springer.com/chapter/10.1007/3-540-44520-X_47,Conference paper
encode,Computer Science and Communications Dictionary,,,,10.1007/1-4020-0613-6_6153,Martin H. Weik,2000,https://link.springer.com/rwe/10.1007/1-4020-0613-6_6153,Reference work entry
unit-distance code,Computer Science and Communications Dictionary,,,,10.1007/1-4020-0613-6_20446,Martin H. Weik,2000,https://link.springer.com/rwe/10.1007/1-4020-0613-6_20446,Reference work entry
edit,Computer Science and Communications Dictionary,,,,10.1007/1-4020-0613-6_5807,Martin H. Weik,2000,https://link.springer.com/rwe/10.1007/1-4020-0613-6_5807,Reference work entry
Online Computation of Critical Paths for Multithreaded Languages,Parallel and Distributed Processing,,,,10.1007/3-540-45591-4_40,Yoshihiro OyamaKenjiro TauraAkinori Yonezawa,2000,https://link.springer.com/chapter/10.1007/3-540-45591-4_40,Conference paper
Low-Power Processor-Level Data Transfer and Storage Exploration,Unified low-power design flow for data-dominated multi-media and telecom applications,,,,10.1007/978-1-4757-3182-8_3,Erik BrockmeyerCedric GhezWim BaetensFrancky Catthoor,2000,https://link.springer.com/chapter/10.1007/978-1-4757-3182-8_3,Chapter
Energy-Aware Instruction Scheduling,High Performance Computing — HiPC 2000,,,,10.1007/3-540-44467-X_30,A. ParikhM. KandemirN. VijaykrishnanM. J. Irwin,2000,https://link.springer.com/chapter/10.1007/3-540-44467-X_30,Conference paper
Checking Cleanness in Linked Lists,Static Analysis,,,,10.1007/978-3-540-45099-3_7,Nurit DorMichael RodehMooly Sagiv,2000,https://link.springer.com/chapter/10.1007/978-3-540-45099-3_7,Conference paper
A Survey and a Categorization Scheme of Automatic Programming Systems,Generative and Component-Based Software Engineering,,,,10.1007/3-540-40048-6_1,Wolfgang Goebl,2000,https://link.springer.com/chapter/10.1007/3-540-40048-6_1,Conference paper
Elimination of Negation in a Logical Framework,Computer Science Logic,,,,10.1007/3-540-44622-2_28,Alberto Momigliano,2000,https://link.springer.com/chapter/10.1007/3-540-44622-2_28,Conference paper
The Nestor library: A tool for implementing fortran source to source transfromations,High-Performance Computing and Networking,,,,10.1007/BFb0100626,Georges-André SilberAlain Darte,1999,https://link.springer.com/chapter/10.1007/BFb0100626,Conference paper
Dust in the Interstellar Medium,"Astronomie spatiale infrarouge, aujourd’hui et demain Infrared space astronomy, today and tomorrow",,,,10.1007/3-540-45573-6_7,F. BoulangerP. CoxA. P. Jones,2000,https://link.springer.com/chapter/10.1007/3-540-45573-6_7,Conference paper
The Tail-Recursive SECD Machine,Journal of Automated Reasoning,,,,10.1023/A:1006151910336,John D. Ramsdell,1999,https://link.springer.com/article/10.1023/A:1006151910336,Article
SQL/TP: A Temporal Extension of SQL,Constraint Databases,,,,10.1007/978-3-662-04031-7_19,David Toman,2000,https://link.springer.com/chapter/10.1007/978-3-662-04031-7_19,Chapter
ParAgent: A Domain-Specific Semi-automatic Parallelization Tool,High Performance Computing — HiPC 2000,,,,10.1007/3-540-44467-X_13,S. MitraS. C. KothariJ. ChoA. Krishnaswamy,2000,https://link.springer.com/chapter/10.1007/3-540-44467-X_13,Conference paper
Cost-Efficient C-Level Design of an MPEG-4 Video Decoder,Integrated Circuit Design,,,,10.1007/3-540-45373-3_25,Kristof DenolfPeter VosJan BormansIvo Bolsens,2000,https://link.springer.com/chapter/10.1007/3-540-45373-3_25,Conference paper
Integration of Task and Data Parallelism: A Coordination-Based Approach,High Performance Computing — HiPC 2000,,,,10.1007/3-540-44467-X_16,Manuel DíazBartolomé RubioEnrique SolerJosé M. Troya,2000,https://link.springer.com/chapter/10.1007/3-540-44467-X_16,Conference paper
Left-Looking to Right-Looking and Vice Versa: An Application of Fractal Symbolic Analysis to Linear Algebra Code Restructuring,Euro-Par 2000 Parallel Processing,,,,10.1007/3-540-44520-X_49,Nikolay MateevVijay MenonKeshav Pingali,2000,https://link.springer.com/chapter/10.1007/3-540-44520-X_49,Conference paper
Design and Implementation of the Physical Layer in WebBases: The XRover Experience,Computational Logic — CL 2000,,,,10.1007/3-540-44957-4_73,Hasan DavulcuGuizhen YangMichael KiferI. V. Ramakrishnan,2000,https://link.springer.com/chapter/10.1007/3-540-44957-4_73,Conference paper
Components of Parallel Computers,Parallel Processing and Parallel Algorithms,,,,10.1007/978-1-4612-1220-1_2,Seyed H. Roosta,2000,https://link.springer.com/chapter/10.1007/978-1-4612-1220-1_2,Chapter
MobileML: A Programming Language for Mobile Computation,Coordination Languages and Models,,,,10.1007/3-540-45263-X_13,Masatomo HashimotoAkinori Yonezawa,2000,https://link.springer.com/chapter/10.1007/3-540-45263-X_13,Conference paper
FLORA: Implementing an Efficient DOOD System Using a Tabling Logic Engine,Computational Logic — CL 2000,,,,10.1007/3-540-44957-4_72,Guizhen YangMichael Kifer,2000,https://link.springer.com/chapter/10.1007/3-540-44957-4_72,Conference paper
Conclusions,Foreign Direct Investment in Transitional Economies,,,,10.1057/9780333977521_9,Michael Du Pont,2000,https://link.springer.com/chapter/10.1057/9780333977521_9,Chapter
Referencing Schemes for Intensity Modulated Optical Fiber Sensor Systems,Optical Fiber Sensor Technology,,,,10.1007/978-1-4757-6079-8_5,G. MurtazaJ. M. Senior,2000,https://link.springer.com/chapter/10.1007/978-1-4757-6079-8_5,Chapter
Loud Messengers — P Values and Effect Size,Statistical Reasoning in Medicine,,,,10.1007/978-1-4757-3292-4_5,Lemuel A. Moyé,2000,https://link.springer.com/chapter/10.1007/978-1-4757-3292-4_5,Chapter
Recent Developments and Prospects for the Sanxia (Three Gorges) Dam,China’s Economic Growth,,,,10.1057/9780333977392_7,Richard Louis Edmonds,2000,https://link.springer.com/chapter/10.1057/9780333977392_7,Chapter
A Strategy and a Tool for Architecture-Independent Loop Parallelisation,Architecture-Independence Loop Parallelisation,,,,10.1007/978-1-4471-0763-7_7,R. C. Calinescu,2000,https://link.springer.com/chapter/10.1007/978-1-4471-0763-7_7,Chapter
Dry Etching of InP Vias,Handbook of Advanced Plasma Processing Techniques,,,,10.1007/978-3-642-56989-0_13,S. ThomasJ. J. Brown,2000,https://link.springer.com/chapter/10.1007/978-3-642-56989-0_13,Chapter
Objects + Views = Components?,Abstract State Machines - Theory and Applications,,,,10.1007/3-540-44518-8_5,Martin Odersky,2000,https://link.springer.com/chapter/10.1007/3-540-44518-8_5,Conference paper
"OpenJIT: An Open-Ended, Reflective JIT Compiler Framework for Java",ECOOP 2000 — Object-Oriented Programming,,,,10.1007/3-540-45102-1_18,Hirotaka OgawaKouya ShimuraSatoshi MatsuokaFuyuhiko MaruyamaYukihiko SohdaYasunori Kimura,2000,https://link.springer.com/chapter/10.1007/3-540-45102-1_18,Conference paper
Improving Memory Traffic by Assembly-Level Exploitation of Reuses for Vector Registers,The Journal of Supercomputing,,,,10.1023/A:1008134522009,Chih-Yung ChangTzung-Shi ChenJang-Ping Sheu,2000,https://link.springer.com/article/10.1023/A:1008134522009,Article
Efficient Implementations of Software Architectures via Partial Evaluation,Automated Software Engineering,,,,10.1023/A:1008719607040,Renaud MarletScott ThibaultCharles Consel,1999,https://link.springer.com/article/10.1023/A:1008719607040,Article
The Background to Eastward Enlargement,The Return to Europe,,,,10.1007/978-1-349-62942-8_1,Alan Smith,2000,https://link.springer.com/chapter/10.1007/978-1-349-62942-8_1,Chapter
"Peroxidase-Catalyzed Oxidation of Ascorbate Structural, Spectroscopic and Mechanistic Correlations in Ascorbate Peroxidase",Enzyme-Catalyzed Electron and Radical Transfer,,,,10.1007/0-306-46828-X_10,Emma Lloyd Raven,2000,https://link.springer.com/chapter/10.1007/0-306-46828-X_10,Chapter
AnnoDomini in Practice: A Type-Theoretic Approach to the Year 2000 Problem,Typed Lambda Calculi and Applications,,,,10.1007/3-540-48959-2_2,Peter Harry EidorffFritz HengleinChristian MossinHenning NissMorten Heine B. SörensenMads Tofte,1999,https://link.springer.com/chapter/10.1007/3-540-48959-2_2,Conference paper
Chapter 14: Legal Aspects,SEMPER - Secure Electronic Marketplace for Europe,,,,10.1007/978-3-540-44927-0_16,Gérard LacosteBirgit PfitzmannMichael SteinerMichael Waidner,2000,https://link.springer.com/chapter/10.1007/978-3-540-44927-0_16,Chapter
Distinguishing RBL-like Objects and XBL-Like Objects With thePeak Emission Frequency of the Overall Energy Spectrum,Astrophysics and Space Science,,,,10.1023/A:1002026504603,Yi-Ping QinG.Z. XieXue-Tang Zheng,1999,https://link.springer.com/article/10.1023/A:1002026504603,Article
A Framework for Automatic Construction of Abstract Promela Models,Theoretical and Practical Aspects of SPIN Model Checking,,,,10.1007/3-540-48234-2_15,Maria-del-Mar GallardoPedro Merino,1999,https://link.springer.com/chapter/10.1007/3-540-48234-2_15,Conference paper
Automatic Parallelization of C by Means of Language Transcription,Languages and Compilers for Parallel Computing,,,,10.1007/3-540-48319-5_11,Richard L. KennelRudolf Eigenmann,1999,https://link.springer.com/chapter/10.1007/3-540-48319-5_11,Conference paper
Parallel Performance Debugging,"Performance Evaluation, Prediction and Visualization of Parallel Systems",,,,10.1007/978-1-4615-5147-8_7,Xingfu Wu,1999,https://link.springer.com/chapter/10.1007/978-1-4615-5147-8_7,Chapter
A Semantic Account of Type-Directed Partial Evaluation,Principles and Practice of Declarative Programming,,,,10.1007/10704567_23,Andrzej Filinski,1999,https://link.springer.com/chapter/10.1007/10704567_23,Conference paper
Observable Sharing for Functional Circuit Description,Advances in Computing Science — ASIAN’99,,,,10.1007/3-540-46674-6_7,Koen ClaessenDavid Sands,1999,https://link.springer.com/chapter/10.1007/3-540-46674-6_7,Conference paper
Symbol table management in an HPF debugger,High-Performance Computing and Networking,,,,10.1007/BFb0100708,Marian BubakWłodzimierz FunikaGrzegorz MłynarczykKrzysztof SowaRoland Wismüller,1999,https://link.springer.com/chapter/10.1007/BFb0100708,Conference paper
How to Comprehend Queries Functionally,Journal of Intelligent Information Systems,,,,10.1023/A:1008705026446,Torsten GrustMarc H. Scholl,1999,https://link.springer.com/article/10.1023/A:1008705026446,Article
An overview of the relational-functional language RELFUN,"A Tight, Practical Integration of Relations and Functions",,,,10.1007/BFb0103292,,1999,https://link.springer.com/chapter/10.1007/BFb0103292,Chapter
NaraView: An Interactive 3D Visualization System for Parallelization of Programs,International Journal of Parallel Programming,,,,10.1023/A:1018792319452,Mariko SasakuraKazuki JoeYoshitoshi KuniedaKeijiro Araki,1999,https://link.springer.com/article/10.1023/A:1018792319452,Article
"Using Global Analysis, Partial Specifications, and an Extensible Assertion Language for Program Validation and Debugging",The Logic Programming Paradigm,,,,10.1007/978-3-642-60085-2_7,Manuel HermenegildoGermán PueblaFrancisco Bueno,1999,https://link.springer.com/chapter/10.1007/978-3-642-60085-2_7,Chapter
Nebular Abundances from Recombination Lines,Chemical Evolution from Zero to High Redshift,,,,10.1007/978-3-540-48360-1_5,X.-W. LiuM. J. BarlowI. J. DanzigerP. J. Storey,1999,https://link.springer.com/chapter/10.1007/978-3-540-48360-1_5,Conference paper
On the Complexity Analysis of Static Analyses,Static Analysis,,,,10.1007/3-540-48294-6_21,David McAllester,1999,https://link.springer.com/chapter/10.1007/3-540-48294-6_21,Conference paper
Language-Based Security,Mathematical Foundations of Computer Science 1999,,,,10.1007/3-540-48340-3_26,Dexter Kozen,1999,https://link.springer.com/chapter/10.1007/3-540-48340-3_26,Conference paper
Introduction,Principles of Program Analysis,,,,10.1007/978-3-662-03811-6_1,Flemming NielsonHanne Riis NielsonChris Hankin,1999,https://link.springer.com/chapter/10.1007/978-3-662-03811-6_1,Chapter
Implementation,High-Integrity System Specification and Design,,,,10.1007/978-1-4471-3431-2_8,I. J. HayesC. B. JonesNorbert E. Fuchs,1999,https://link.springer.com/chapter/10.1007/978-1-4471-3431-2_8,Chapter
Aspect-Oriented Logic Meta Programming,Meta-Level Architectures and Reflection,,,,10.1007/3-540-48443-4_22,Kris De VolderTheo D’Hondt,1999,https://link.springer.com/chapter/10.1007/3-540-48443-4_22,Conference paper
Parallel Performance Prediction,"Performance Evaluation, Prediction and Visualization of Parallel Systems",,,,10.1007/978-1-4615-5147-8_5,Xingfu Wu,1999,https://link.springer.com/chapter/10.1007/978-1-4615-5147-8_5,Chapter
Overture: Object-Oriented Tools for Applications with Complex Geometry,Computing in Object-Oriented Parallel Environments,,,,10.1007/10704054_11,David L. BrownWilliam D. HenshawDan Quinlan,1999,https://link.springer.com/chapter/10.1007/10704054_11,Conference paper
Improving Cache Utilization of Linear Relaxation Methods: Theory and Practice,Computing in Object-Oriented Parallel Environments,,,,10.1007/10704054_3,Federico BassettiKei DavisMadhav MaratheDan QuinlanBobby Philip,1999,https://link.springer.com/chapter/10.1007/10704054_3,Conference paper
A Simple Extension of Java Language for Controllable Transparent Migration and its Portable Implementation,Coordinatio Languages and Models,,,,10.1007/3-540-48919-3_16,Tatsurou SekiguchiHidehiko MasuharaAkinori Yonezawa,1999,https://link.springer.com/chapter/10.1007/3-540-48919-3_16,Conference paper
Parallel Performance Visualization,"Performance Evaluation, Prediction and Visualization of Parallel Systems",,,,10.1007/978-1-4615-5147-8_6,Xingfu Wu,1999,https://link.springer.com/chapter/10.1007/978-1-4615-5147-8_6,Chapter
Quotienting Share for Dependency Analysis,Programming Languages and Systems,,,,10.1007/3-540-49099-X_5,Andy KingJan-Georg SmausPat Hill,1999,https://link.springer.com/chapter/10.1007/3-540-49099-X_5,Conference paper
Considerations in HPJava Language Design and Implementation,Languages and Compilers for Parallel Computing,,,,10.1007/3-540-48319-5_2,Guansong ZhangBryan CarpenterGeoffrey FoxXinying LiYuhong Wen,1999,https://link.springer.com/chapter/10.1007/3-540-48319-5_2,Conference paper
3 The Design of RML,Compiling Natural Semantics,,,,10.1007/10693148_3,Mikael Pettersson,1999,https://link.springer.com/chapter/10.1007/10693148_3,Chapter
The Nature and Evolution of Interstellar Organics,Formation and Evolution of Solids in Space,,,,10.1007/978-94-011-4806-1_2,Jean E. ChiarYvonne J. Pendleton,1999,https://link.springer.com/chapter/10.1007/978-94-011-4806-1_2,Chapter
A linker for effective whole-program optimizations,High-Performance Computing and Networking,,,,10.1007/BFb0100625,Andrea G. M. CilioHenk Corporaal,1999,https://link.springer.com/chapter/10.1007/BFb0100625,Conference paper
Model Checking in CLP,Tools and Algorithms for the Construction and Analysis of Systems,,,,10.1007/3-540-49059-0_16,Giorgio DelzannoAndreas Podelski,1999,https://link.springer.com/chapter/10.1007/3-540-49059-0_16,Conference paper
SCALA: A framework for performance evaluation of scalable computing,Parallel and Distributed Processing,,,,10.1007/BFb0097887,Xian-He SunMario PantanoThomas FahringerZhaohua Zhan,1999,https://link.springer.com/chapter/10.1007/BFb0097887,Conference paper
Forklight: A control-synchronous parallel programming language,High-Performance Computing and Networking,,,,10.1007/BFb0100613,Christoph W. KeßlerHelmut Seidl,1999,https://link.springer.com/chapter/10.1007/BFb0100613,Conference paper
Thermoelectric Transport Properties of ReSi<sub>1.75</sub> Thin Films,MRS Online Proceedings Library,,,,10.1557/PROC-545-165,C. A. KleintA. HeinrichH. GriessmannD. HofmannH. VinzelbergJ. SchumannD. SchlaeferG. BehrL. Ivanenko,1998,https://link.springer.com/article/10.1557/PROC-545-165,Article
"Advanced Models, Applications, and Software Systems for High Performance Computing — Application in Microelectronics",High Performance Scientific and Engineering Computing,,,,10.1007/978-3-642-60155-2_25,E. LangerS. Selberherr,1999,https://link.springer.com/chapter/10.1007/978-3-642-60155-2_25,Conference paper
Stardust Mineralogy,Formation and Evolution of Solids in Space,,,,10.1007/978-94-011-4806-1_14,Johann Dorschner,1999,https://link.springer.com/chapter/10.1007/978-94-011-4806-1_14,Chapter
The Agricultural System: Potential Production and Environmental Consequences,Rural Planning from an Environmental Systems Perspective,,,,10.1007/978-1-4612-1448-9_9,Malcolm E. Sumner,1999,https://link.springer.com/chapter/10.1007/978-1-4612-1448-9_9,Chapter
Bipolar Molecular Outflows,The Origin of Stars and Planetary Systems,,,,10.1007/978-94-011-4509-1_7,R. BachillerM. Tafalla,1999,https://link.springer.com/chapter/10.1007/978-94-011-4509-1_7,Chapter
X-ray Spectroscopic Observations with ASCA and BeppoSAX,X-Ray Spectroscopy in Astrophysics,,,,10.1007/978-3-540-49199-6_4,Jelle S. Kaastra,1999,https://link.springer.com/chapter/10.1007/978-3-540-49199-6_4,Conference paper
Models and Observations of the Chemistry Near Young Stellar Objects,The Origin of Stars and Planetary Systems,,,,10.1007/978-94-011-4509-1_4,Ewine F. Van DishoeckMichiel R. Hogerheijde,1999,https://link.springer.com/chapter/10.1007/978-94-011-4509-1_4,Chapter
The Theory of Fexprs is Trivial,LISP and Symbolic Computation,,,,10.1023/A:1007720632734,Mitchell Wand,1998,https://link.springer.com/article/10.1023/A:1007720632734,Article
On the degeneration of program generators by program composition,New Generation Computing,,,,10.1007/BF03037321,Robert GlückAndrei Klimov,1998,https://link.springer.com/article/10.1007/BF03037321,Article
Optimal type lifting,Types in Compilation,,,,10.1007/BFb0055517,Bratin SahaZhong Shao,1998,https://link.springer.com/chapter/10.1007/BFb0055517,Conference paper
Portable Checkpointing for Heterogeneous Architectures,Fault-Tolerant Parallel and Distributed Systems,,,,10.1007/978-1-4615-5449-3_4,Volker StrumpenBalkrishna Ramkumar,1998,https://link.springer.com/chapter/10.1007/978-1-4615-5449-3_4,Chapter
On the inhibition of camel retina acetylcholinesterase activity by cycloheximide in vitro,Cell Biology and Toxicology,,,,10.1023/A:1007421124793,A.A. Al-JafariM.A. KamalA.S. Alhomida,1998,https://link.springer.com/article/10.1023/A:1007421124793,Article
Data Parallelism in Java,High Performance Computing Systems and Applications,,,,10.1007/978-1-4615-5611-4_11,Michael Philippsen,1998,https://link.springer.com/chapter/10.1007/978-1-4615-5611-4_11,Chapter
Exploiting course grain parallelism from FORTRAN by mapping it to IF1,Euro-Par’98 Parallel Processing,,,,10.1007/BFb0057889,Adrianos LachanasParaskevas Evripidou,1998,https://link.springer.com/chapter/10.1007/BFb0057889,Conference paper
Parallelizing irregular applications with the Vienna HPF- Compiler VFC,High-Performance Computing and Networking,,,,10.1007/BFb0037209,Siegfried BenknerKamran SaniariViera SipkovaBob Velkov,1998,https://link.springer.com/chapter/10.1007/BFb0037209,Conference paper
Towards a Generic Framework for AOP,Object-Oriented Technology: ECOOP’98 Workshop Reader,,,,10.1007/3-540-49255-0_118,Pascal FradetMario Südholt,1998,https://link.springer.com/chapter/10.1007/3-540-49255-0_118,Conference paper
Unfold/fold transformations of CCP programs,CONCUR'98 Concurrency Theory,,,,10.1007/BFb0055633,Sandro EtalleMaurizio GabbrielliMaria Chiara Meo,1998,https://link.springer.com/chapter/10.1007/BFb0055633,Conference paper
Staging static analyses using abstraction-based program specialization,Principles of Declarative Programming,,,,10.1007/BFb0056612,John HatcliffMatthew DwyerShawn Laubach,1998,https://link.springer.com/chapter/10.1007/BFb0056612,Conference paper
AutoMap and AutoLink tools for communicating complex and dynamic data-structures using MPI,"Network-Based Parallel Computing Communication, Architecture, and Applications",,,,10.1007/BFb0052210,Delphine Stéphanie GoujonMartial MichelJasper PeetersJudith Ellen Devaney,1998,https://link.springer.com/chapter/10.1007/BFb0052210,Conference paper
A perspective of generative reuse,Annals of Software Engineering,,,,10.1023/A:1018924407841,Ted J. Biggerstaff,1998,https://link.springer.com/article/10.1023/A:1018924407841,Article
Program analysis of overlap area usage in self-similar parallel programs,Languages and Compilers for Parallel Computing,,,,10.1007/BFb0032685,Aaron SawdeyMatthew O'Keefe,1998,https://link.springer.com/chapter/10.1007/BFb0032685,Conference paper
Sparse Jacobian Computation in Automatic Differentiation by Static Program Analysis,Static Analysis,,,,10.1007/3-540-49727-7_19,M. TadjouddineF. EyssetteC. Faure,1998,https://link.springer.com/chapter/10.1007/3-540-49727-7_19,Conference paper
Quantitative Evaluation of Register Pressure on Software Pipelined Loops,International Journal of Parallel Programming,,,,10.1023/A:1018743102645,Josep LlosaEduard AyguadéMateo Valero,1998,https://link.springer.com/article/10.1023/A:1018743102645,Article
Optimizing Transformations of Stencil Operations for Parallel Object-Oriented Scientific Frameworks on Cache-Based Architectures,Computing in Object-Oriented Parallel Environments,,,,10.1007/3-540-49372-7_10,Federico BassettiKei DavisDan Quinlan,1998,https://link.springer.com/chapter/10.1007/3-540-49372-7_10,Conference paper
Look-up table based hardware processors for multiparameter analysis,Czechoslovak Journal of Physics,,,,10.1007/s10582-998-0014-z,D. P. MikhalevA. N. Parfionov,1998,https://link.springer.com/article/10.1007/s10582-998-0014-z,Article
Experiences with loop parallelization in javar (A prototype restructuring compiler for java),Languages and Compilers for Parallel Computing,,,,10.1007/BFb0032704,Aart J.C. BikJuan E. VillacisDennis B. Gannon,1998,https://link.springer.com/chapter/10.1007/BFb0032704,Conference paper
Dissolution of Nonaqueous Phase Liquids,Diffusion in Natural Porous Media,,,,10.1007/978-1-4615-5683-1_5,Peter Grathwohl,1998,https://link.springer.com/chapter/10.1007/978-1-4615-5683-1_5,Chapter
Optimal Fine and Medium Grain Parallelism Detection in Polyhedral Reduced Dependence Graphs,International Journal of Parallel Programming,,,,10.1023/A:1025168022993,Alain DarteFrédéric Vivien,1997,https://link.springer.com/article/10.1023/A:1025168022993,Article
Synchronisation analysis to stop tupling,Programming Languages and Systems,,,,10.1007/BFb0053564,Wei-Ngan ChinSiau-Cheng KhooTat-Wee Lee,1998,https://link.springer.com/chapter/10.1007/BFb0053564,Conference paper
Compositional design and implementation of domain-specific languages,Systems Implementation 2000,,,,10.1007/978-0-387-35350-0_12,U. KastensP. Pfahler,1998,https://link.springer.com/chapter/10.1007/978-0-387-35350-0_12,Chapter
The Development of Parallel Optimisation Routines for the NAG Parallel Library,High Performance Algorithms and Software in Nonlinear Optimization,,,,10.1007/978-1-4613-3279-4_12,Rupert W. FordGraham D. RileyLeonard T. Freeman,1998,https://link.springer.com/chapter/10.1007/978-1-4613-3279-4_12,Chapter
Compiler and Run-Time Support for Adaptive Load Balancing in Software Distributed Shared Memory Systems,"Languages, Compilers, and Run-Time Systems for Scalable Computers",,,,10.1007/3-540-49530-4_8,Sotiris IoannidisSandhya Dwarkadas,1998,https://link.springer.com/chapter/10.1007/3-540-49530-4_8,Conference paper
A polyvariant binding-time analysis for off-line partial deduction,Programming Languages and Systems,,,,10.1007/BFb0053561,Maurice BruynoogheMichael LeuschelKonstantinos Sagonas,1998,https://link.springer.com/chapter/10.1007/BFb0053561,Conference paper
HPF+ High Performance Fortran for advanced industrial applications,High-Performance Computing and Networking,,,,10.1007/BFb0037207,Siegfried Benkner,1998,https://link.springer.com/chapter/10.1007/BFb0037207,Conference paper
The brisk machine: A simplified STG machine,Implementation of Functional Languages,,,,10.1007/BFb0055422,Ian HolyerEleni Spiliopoulou,1998,https://link.springer.com/chapter/10.1007/BFb0055422,Conference paper
System-Level Data-Flow Transformation Exploration and Power-Area Trade-offs Demonstrated on Video Codecs,"Journal of VLSI signal processing systems for signal, image and video technology",,,,10.1023/A:1007941326114,Francky CatthoorMartin JanssenLode NachtergaeleHugo De Man,1998,https://link.springer.com/article/10.1023/A:1007941326114,Article
Advances in Brachytherapy,Advances in Radiation Therapy,,,,10.1007/978-1-4615-5769-2_9,Ravinder NathLynn D. Wilson,1998,https://link.springer.com/chapter/10.1007/978-1-4615-5769-2_9,Chapter
"Stellar Systems, Galaxy, Extragalactic Objects, Cosmology","Literature 1997, Part 1",,,,10.1007/978-3-642-51758-7_15,G. BurkhardtU. EsserH. HefeleI. HeinrichW. HofmannV. R. MatasL. D. SchmadelR. WielenG. Zech,1998,https://link.springer.com/chapter/10.1007/978-3-642-51758-7_15,Chapter
Applying AI to Software Renovation,Automated Software Engineering,,,,10.1023/A:1008631226912,Robert E. Filman,1997,https://link.springer.com/article/10.1023/A:1008631226912,Article
Transforming lazy functions using comportment properties,"Programming Languages: Implementations, Logics, and Programs",,,,10.1007/BFb0033840,Ross Paterson,1997,https://link.springer.com/chapter/10.1007/BFb0033840,Conference paper
Dust Morphology Of Comet Hale-Bopp (C/1995 O1). Ii. Introduction Of A Working Model,"Earth, Moon, and Planets",,,,10.1023/A:1006286024437,S. SekaninaH. Boehnhardt,1997,https://link.springer.com/article/10.1023/A:1006286024437,Article
Some Challenges for Constraint Programming,Constraints,,,,10.1023/A:1009701123606,Manuel Hermenegildo,1997,https://link.springer.com/article/10.1023/A:1009701123606,Article
An Unboxed Operational Semantics for ML Polymorphism,LISP and Symbolic Computation,,,,10.1023/A:1007730624053,Atsushi OhoriTomonobu Takamizawa,1997,https://link.springer.com/article/10.1023/A:1007730624053,Article
ANGLE: A PC-code for semiconductor detector efficiency calculations,Journal of Radioanalytical and Nuclear Chemistry,,,,10.1007/BF02033967,S. JovanovićA. DlabačN. MihaljevićP. Vukotić,1997,https://link.springer.com/article/10.1007/BF02033967,Article
Tumor cell motility and metastasis,Pathology & Oncology Research,,,,10.1007/BF02899927,Steve SillettiSandor PakuAvraham Raz,1997,https://link.springer.com/article/10.1007/BF02899927,Article
Automatic parallelization of irregular and pointer-based computations: Perspectives from logic and constraint programming,Euro-Par'97 Parallel Processing,,,,10.1007/BFb0002715,Manuel Hermenegildo,1997,https://link.springer.com/chapter/10.1007/BFb0002715,Conference paper
Relating graph and term rewriting via Böhm models,"Applicable Algebra in Engineering, Communication and Computing",,,,10.1007/BF01293598,Zena M. Ariola,1996,https://link.springer.com/article/10.1007/BF01293598,Article
Abstract specialization and its application to program parallelization,Logic Program Synthesis and Transformation,,,,10.1007/3-540-62718-9_10,Germán PueblaManuel Hermenegildo,1997,https://link.springer.com/chapter/10.1007/3-540-62718-9_10,Conference paper
BioKleisli: a digital library for biomedical researchers,International Journal on Digital Libraries,,,,10.1007/s007990050003,S. B. DavidsonC. OvertonV. TannenL. Wong,1997,https://link.springer.com/article/10.1007/s007990050003,Article
DETECTION OF ORGANIC MATTER IN INTERSTELLAR GRAINS,Origins of life and evolution of the biosphere,,,,10.1023/A:1006565912658,YVONNE J. Pendleton,1997,https://link.springer.com/article/10.1023/A:1006565912658,Article
A higher-order removal method,LISP and Symbolic Computation,,,,10.1007/BF01806315,Wei-Ngan ChinJohn Darlington,1996,https://link.springer.com/article/10.1007/BF01806315,Article
Graph rewriting semantics for functional programming languages,Computer Science Logic,,,,10.1007/3-540-63172-0_35,Marko van EekelenSjaak SmetsersRinus Plasmeijer,1997,https://link.springer.com/chapter/10.1007/3-540-63172-0_35,Conference paper
Tracing lazy functional computations using redex trails,"Programming Languages: Implementations, Logics, and Programs",,,,10.1007/BFb0033851,Jan SparudColin Runciman,1997,https://link.springer.com/chapter/10.1007/BFb0033851,Conference paper
Regrouping parallel processes,Formal Methods in System Design,,,,10.1007/BF00122084,T. Bolognesi,1996,https://link.springer.com/article/10.1007/BF00122084,Article
A comparison of performance-enhancing strategies for parallel numerical object-oriented frameworks,Scientific Computing in Object-Oriented Parallel Environments,,,,10.1007/3-540-63827-X_39,Federico BassettiKei DavisDan Quinlan,1997,https://link.springer.com/chapter/10.1007/3-540-63827-X_39,Conference paper
The Evaluation Dependence Tree as a Basis for Lazy Functional Debugging,Automated Software Engineering,,,,10.1023/A:1008681016679,Henrik NilssonJan Sparud,1997,https://link.springer.com/article/10.1023/A:1008681016679,Article
The GRIN project: A highly optimising back end for lazy functional languages,Implementation of Functional Languages,,,,10.1007/3-540-63237-9_19,Urban BoquistThomas Johnsson,1997,https://link.springer.com/chapter/10.1007/3-540-63237-9_19,Conference paper
Engineering formal requirements: An analysis and testing method for Z documents,Annals of Software Engineering,,,,10.1023/A:1018965316985,P. CiancariniS. CimatoC. Mascolo,1997,https://link.springer.com/article/10.1023/A:1018965316985,Article
The Use of Program Profiling in Software Testing,Informatik ’97 Informatik als Innovationsmotor,,,,10.1007/978-3-642-60831-5_4,Thomas Reps,1997,https://link.springer.com/chapter/10.1007/978-3-642-60831-5_4,Conference paper
Memoing evaluation by source-to-source transformation,Logic Program Synthesis and Transformation,,,,10.1007/3-540-60939-3_2,Jens E. Wunderwald,1996,https://link.springer.com/chapter/10.1007/3-540-60939-3_2,Conference paper
The PALLAS parallel programming environment,Recent Advances in Parallel Virtual Machine and Message Passing Interface,,,,10.1007/3-540-63697-8_93,Werner Krotz-VogelHans-Christian Hoppe,1997,https://link.springer.com/chapter/10.1007/3-540-63697-8_93,Conference paper
Cross-loop reuse analysis and its application to cache optimizations,Languages and Compilers for Parallel Computing,,,,10.1007/BFb0017242,Keith CooperKen KennedyNathaniel McIntosh,1997,https://link.springer.com/chapter/10.1007/BFb0017242,Conference paper
An object-oriented approach to the implementation of a high-level data parallel language,Scientific Computing in Object-Oriented Parallel Environments,,,,10.1007/3-540-63827-X_49,Matthias BeschHua BiGerd HeberMatthias KesslerMatthias Wilhelmi,1997,https://link.springer.com/chapter/10.1007/3-540-63827-X_49,Conference paper
Compiling in-core programs,Input/Output Intensive Massively Parallel Computing,,,,10.1007/3-540-62840-1_4,,1997,https://link.springer.com/chapter/10.1007/3-540-62840-1_4,Chapter
The use of program profiling for software maintenance with applications to the year 2000 problem,Software Engineering — ESEC/FSE'97,,,,10.1007/3-540-63531-9_29,Thomas RepsThomas BallManuvir DasJames Larus,1997,https://link.springer.com/chapter/10.1007/3-540-63531-9_29,Conference paper
Simple qualitative experiments with a sparse compiler,Languages and Compilers for Parallel Computing,,,,10.1007/BFb0017270,Aart J. C. BikHarry A. G. Wijshoff,1997,https://link.springer.com/chapter/10.1007/BFb0017270,Conference paper
Light of the Night Sky / Lumière Du Ciel Nocturne,Reports on Astronomy,,,,10.1007/978-94-011-5762-9_22,Ch. LeinertS. BowyerY. I. GalperinB. GustafsonM. S. HannerM. G. HauserS. S. HongPh. LamyA.-Ch. Levasseur-RegourdT. Matsumoto,1997,https://link.springer.com/chapter/10.1007/978-94-011-5762-9_22,Chapter
The 3CR Radio Galaxies at z ~ 1: Old Stellar Populations in Central Cluster Galaxies,"Galaxy Scaling Relations: Origins, Evolution and Applications",,,,10.1007/978-3-540-69654-4_29,Philip BestMalcolm LongairHuub Röttgering,1997,https://link.springer.com/chapter/10.1007/978-3-540-69654-4_29,Conference paper
On extending Java,Modular Programming Languages,,,,10.1007/3-540-62599-2_49,Andreas KrallJan Vitek,1997,https://link.springer.com/chapter/10.1007/3-540-62599-2_49,Conference paper
PMPI: High-level message passing in Fortran77 and C,High-Performance Computing and Networking,,,,10.1007/BFb0031632,Sava MintchevVladimir Getov,1997,https://link.springer.com/chapter/10.1007/BFb0031632,Conference paper
Are parallel workstations the right target for parallelizing compilers?,Languages and Compilers for Parallel Computing,,,,10.1007/BFb0017260,Rudolf EigenmannInsung ParkMichael J. Voss,1997,https://link.springer.com/chapter/10.1007/BFb0017260,Conference paper
Fast and effective procedure inlining,Static Analysis,,,,10.1007/BFb0032732,Oscar WaddellR. Kent Dybvig,1997,https://link.springer.com/chapter/10.1007/BFb0032732,Conference paper
Ripples of Light,Alternate Realities,,,,10.1007/978-1-4899-3440-6_3,Joel Davis,1997,https://link.springer.com/chapter/10.1007/978-1-4899-3440-6_3,Chapter
Cyclic lambda calculi,Theoretical Aspects of Computer Software,,,,10.1007/BFb0014548,Zena M. AriolaStefan Blom,1997,https://link.springer.com/chapter/10.1007/BFb0014548,Conference paper
Communication-passing style for coordination languages,Coordination Languages and Models,,,,10.1007/3-540-63383-9_77,Suresh Jagannathan,1997,https://link.springer.com/chapter/10.1007/3-540-63383-9_77,Conference paper
Detection of Organic Matter in Interstellar Grains,Planetary and Interstellar Processes Relevant to the Origins of Life,,,,10.1007/978-94-015-8907-9_4,Yvonne J. Pendleton,1997,https://link.springer.com/chapter/10.1007/978-94-015-8907-9_4,Chapter
From Criticism to Mimesis: Comedy and the New Music,Griechisch-römische Komödie und Tragödie II,,,,10.1007/978-3-476-04271-2_5,Gregory Dobrov,1997,https://link.springer.com/chapter/10.1007/978-3-476-04271-2_5,Chapter
Query reformulation for dynamic information integration,Journal of Intelligent Information Systems,,,,10.1007/BF00122124,Yigal ArensCraig A. KnoblockWei-Min Shen,1996,https://link.springer.com/article/10.1007/BF00122124,Article
Placental Blood: New Options in Hematopoietic Stem Cell Transplantation,Cellular Therapy,,,,10.1007/978-3-662-03509-2_2,R. M. Weber-NordtR. Mertelsmann,1997,https://link.springer.com/chapter/10.1007/978-3-662-03509-2_2,Conference paper
Transformation of left terminating programs: The reordering problem,Logic Program Synthesis and Transformation,,,,10.1007/3-540-60939-3_3,Annalisa BossiNicoletta CoccoSandro Etalle,1996,https://link.springer.com/chapter/10.1007/3-540-60939-3_3,Conference paper
Eliminating virtual function calls in C++ programs,ECOOP ’96 — Object-Oriented Programming,,,,10.1007/BFb0053060,Gerald AignerUrs Hölzle,1996,https://link.springer.com/chapter/10.1007/BFb0053060,Conference paper
Dusty plasmas in interstellar clouds and star forming regions,Astrophysics and Space Science,,,,10.1007/BF00645644,T. W. HartquistW. PilippO. Havnes,1996,https://link.springer.com/article/10.1007/BF00645644,Article
Model,Automatic Performance Prediction of Parallel Programs,,,,10.1007/978-1-4613-1371-7_2,Thomas Fahringer,1996,https://link.springer.com/chapter/10.1007/978-1-4613-1371-7_2,Chapter
Special issue on the Workshop on Parallel Logic Programming,New Generation Computing,,,,10.1007/BF03037215,Takashi ChikayamaEvan Tick,1996,https://link.springer.com/article/10.1007/BF03037215,Article
Instant replay debugging of concurrent logic programs,New Generation Computing,,,,10.1007/BF03037219,Kish ShenSteve Gregory,1996,https://link.springer.com/article/10.1007/BF03037219,Article
Optimal multicast routing with quality of service constraints,Journal of Network and Systems Management,,,,10.1007/BF02139130,Vachaspathi P. KompellaJoseph C. PasqualeGeorge C. Polyzos,1996,https://link.springer.com/article/10.1007/BF02139130,Article
Towards independent and-parallelism in CLP,"Programming Languages: Implementations, Logics, and Programs",,,,10.1007/3-540-61756-6_78,María García de la BandaFrancisco BuenoManuel Hermenegildo,1996,https://link.springer.com/chapter/10.1007/3-540-61756-6_78,Conference paper
HDL-based integration of formal methods and CAD tools in the PREVAIL environment,Formal Methods in Computer-Aided Design,,,,10.1007/BFb0031827,D. BorrioneH. BouamamaD. DeharbeC. Le FaouA. Wahba,1996,https://link.springer.com/chapter/10.1007/BFb0031827,Conference paper
Compiler architectures for heterogeneous systems,Languages and Compilers for Parallel Computing,,,,10.1007/BFb0014216,Kathryn S. McKinleySharad K. SinghaiGlen E. WeaverCharles C. Weems,1996,https://link.springer.com/chapter/10.1007/BFb0014216,Conference paper
Minimal term rewriting systems,Recent Trends in Data Type Specification,,,,10.1007/3-540-61629-2_48,J. F. Th. KampermanH. R. Walters,1996,https://link.springer.com/chapter/10.1007/3-540-61629-2_48,Conference paper
Query Reformulation for Dynamic Information Integration,Intelligent Integration of Information,,,,10.1007/978-1-4613-0467-8_2,Yigal ArensCraig A. KnoblockWei-Min Shen,1996,https://link.springer.com/chapter/10.1007/978-1-4613-0467-8_2,Chapter
Interchange format for inter-operability of tools and translation,Recent Trends in Data Type Specification,,,,10.1007/3-540-61629-2_39,Michel BidoitChristine ChoppyFrédéric Voisin,1996,https://link.springer.com/chapter/10.1007/3-540-61629-2_39,Conference paper
Compiling laziness using projections,Static Analysis,,,,10.1007/3-540-61739-6_46,Ross Paterson,1996,https://link.springer.com/chapter/10.1007/3-540-61739-6_46,Conference paper
What not to do when writing an interpreter for specialisation,Partial Evaluation,,,,10.1007/3-540-61580-6_11,Neil D. Jones,1996,https://link.springer.com/chapter/10.1007/3-540-61580-6_11,Conference paper
"Using partial evaluation in support of portability, reusability, and maintainability",Compiler Construction,,,,10.1007/3-540-61053-7_63,Daniel J. Salomon,1996,https://link.springer.com/chapter/10.1007/3-540-61053-7_63,Conference paper
Improving the result of high-level synthesis using interactive transformational design,Theorem Proving in Higher Order Logics,,,,10.1007/BFb0105412,Mats Larsson,1996,https://link.springer.com/chapter/10.1007/BFb0105412,Conference paper
Introduction,Automatic Performance Prediction of Parallel Programs,,,,10.1007/978-1-4613-1371-7_1,Thomas Fahringer,1996,https://link.springer.com/chapter/10.1007/978-1-4613-1371-7_1,Chapter
A systematic search for supersoft X-ray sources in the ROSAT all-sky survey,Supersoft X-Ray Sources,,,,10.1007/BFb0102272,J. Greiner,1996,https://link.springer.com/chapter/10.1007/BFb0102272,Conference paper
Realization of an HPF Interface to ScaLAPACK with Redistributions,High-Performance Computing and Networking,,,,10.1007/3-540-61142-8_634,Thomas BrandesDavid Greco,1996,https://link.springer.com/chapter/10.1007/3-540-61142-8_634,Conference paper
Organic Material in the Interstellar Medium,The Cosmic Dust Connection,,,,10.1007/978-94-011-5652-3_3,Yvonne Pendleton,1996,https://link.springer.com/chapter/10.1007/978-94-011-5652-3_3,Chapter
Construction of a translator for robot-programming languages,Journal of Intelligent and Robotic Systems,,,,10.1007/BF00125494,M. Racković,1996,https://link.springer.com/article/10.1007/BF00125494,Article
"Circumstellar envelopes and Asymptotic Giant
Branch stars
",The Astronomy and Astrophysics Review,,,,10.1007/PL00013287,H.J. Habing,1996,https://link.springer.com/article/10.1007/PL00013287,Article
Experiences with HPF for scientific applications,High-Performance Computing and Networking,,,,10.1007/3-540-61142-8_561,G. CabitzaC. NardoneC. BagainiA. BalzanoE. BonomiL. BriegerM. EnnasE. GarauD. GrecoG. LeccaE. PieroniC. Rossi,1996,https://link.springer.com/chapter/10.1007/3-540-61142-8_561,Conference paper
Optical Data of Glassy Pyroxenes and Olivines,The Cosmic Dust Connection,,,,10.1007/978-94-011-5652-3_13,H. MutschkeB. BegemannJ. DorschnerC. JägerTh. Henning,1996,https://link.springer.com/chapter/10.1007/978-94-011-5652-3_13,Chapter
Iteration space partitioning,High-Performance Computing and Networking,,,,10.1007/3-540-61142-8_586,Aart J. C. BikHarry A. G. Wijshoff,1996,https://link.springer.com/chapter/10.1007/3-540-61142-8_586,Conference paper
A tool for the development of structured parallel applications,High-Performance Computing and Networking,,,,10.1007/3-540-61142-8_587,A. CeccoliniM. DaneluttoG. OrsiniS. Pelagatti,1996,https://link.springer.com/chapter/10.1007/3-540-61142-8_587,Conference paper
Design and implementation of a general purpose parallel programming system,High-Performance Computing and Networking,,,,10.1007/3-540-61142-8_589,Mark Chu-CarrollLori L. Pollock,1996,https://link.springer.com/chapter/10.1007/3-540-61142-8_589,Conference paper
Primordial nucleosynthesis and light element abundances,"The Universe at High-z, Large-Scale Structure and the Cosmic Microwave Background",,,,10.1007/BFb0102582,Rafael Rebolo,1996,https://link.springer.com/chapter/10.1007/BFb0102582,Conference paper
Numerical libraries on shared memory computers,Applied Parallel Computing Industrial Computation and Optimization,,,,10.1007/3-540-62095-8_65,Stefano Salvini,1996,https://link.springer.com/chapter/10.1007/3-540-62095-8_65,Conference paper
Ansätze des Programmverstehens,Softwarewartung und Reengineering,,,,10.1007/978-3-663-08951-3_11,Rainer KoschkeErhard Plödereder,1996,https://link.springer.com/chapter/10.1007/978-3-663-08951-3_11,Chapter
Tools for high performance fortran: A survey,The Data Parallel Programming Model,,,,10.1007/3-540-61736-1_46,Jean-Louis Pazat,1996,https://link.springer.com/chapter/10.1007/3-540-61736-1_46,Chapter
A complete transformational toolkit for compilers,Programming Languages and Systems — ESOP '96,,,,10.1007/3-540-61055-3_31,J. A. BergstraT. B. DineshJ. FieldJ. Heering,1996,https://link.springer.com/chapter/10.1007/3-540-61055-3_31,Conference paper
Women and Revolution in Vietnam,Vietnam’s Women in Transition,,,,10.1007/978-1-349-24611-3_3,Mary Ann Tétreault,1996,https://link.springer.com/chapter/10.1007/978-1-349-24611-3_3,Chapter
Efficient model generation through compilation,Automated Deduction — Cade-13,,,,10.1007/3-540-61511-3_105,Heribert SchützTim Geisler,1996,https://link.springer.com/chapter/10.1007/3-540-61511-3_105,Conference paper
Parametricity and unboxing with unpointed types,Programming Languages and Systems — ESOP '96,,,,10.1007/3-540-61055-3_38,John LaunchburyRoss Paterson,1996,https://link.springer.com/chapter/10.1007/3-540-61055-3_38,Conference paper
A water-vapour giga-maser in the active galaxy TXFS2226 – 184,Nature,,,,10.1038/378697a0,Anton M. KoekemoerChristian HenkelLincoln J. GreenhillArjun DeyWil van BreugelClaudio CodellaRobert Antonucci,1995,https://link.springer.com/article/10.1038/378697a0,Article
Interprocedural constant range propagation and alias analysis by multiple version method,Journal of Computer Science and Technology,,,,10.1007/BF02948336,Fang XianhongZhang ZhaoqingQiao Ruliang,1995,https://link.springer.com/article/10.1007/BF02948336,Article
T,The Informatics Handbook,,,,10.1007/978-1-4615-2093-1_21,Stewart Fist,1996,https://link.springer.com/chapter/10.1007/978-1-4615-2093-1_21,Chapter
Strategies to Portable Programming,Porting to Win32™,,,,10.1007/978-1-4612-0727-6_3,Thomas Lauer,1996,https://link.springer.com/chapter/10.1007/978-1-4612-0727-6_3,Chapter
Coding and Record Linkage,Databases in Historical Research,,,,10.1007/978-1-349-24392-1_8,Charles HarveyJon Press,1996,https://link.springer.com/chapter/10.1007/978-1-349-24392-1_8,Chapter
Metrics for assessment of designs and implementations during reengineering of computer-based systems,Annals of Software Engineering,,,,10.1007/BF02249051,Lonnie R. WelchGuohui YuJack VerhooselJudith A. HaneyAntonio L. SamuelPeter Ng,1995,https://link.springer.com/article/10.1007/BF02249051,Article
Proving the correctness of recursion-based automatic program transformations,TAPSOFT '95: Theory and Practice of Software Development,,,,10.1007/3-540-59293-8_228,David Sands,1995,https://link.springer.com/chapter/10.1007/3-540-59293-8_228,Conference paper
The VLISP verified PreScheme compiler,LISP and Symbolic Computation,,,,10.1007/BF01128408,Dino P. OlivaJohn D. RamsdellMitchell Wand,1995,https://link.springer.com/article/10.1007/BF01128408,Article
VLISP: A verified implementation of Scheme,LISP and Symbolic Computation,,,,10.1007/BF01128406,Joshua D. GuttmanJohn D. RamsdellMitchell Wand,1995,https://link.springer.com/article/10.1007/BF01128406,Article
Multicast security and its extension to a mobile environment,Wireless Networks,,,,10.1007/BF01200847,Li GongNachum Shacham,1995,https://link.springer.com/article/10.1007/BF01200847,Article
Compilation by Transformation in the Glasgow Haskell Compiler,"Functional Programming, Glasgow 1994",,,,10.1007/978-1-4471-3573-9_13,Simon Peyton JonesAndré Santos,1995,https://link.springer.com/chapter/10.1007/978-1-4471-3573-9_13,Conference paper
"A logic for Miranda, revisited",Formal Aspects of Computing,,,,10.1007/BF01211216,Simon Thompson,1995,https://link.springer.com/article/10.1007/BF01211216,Article
The polaris internal representation,International Journal of Parallel Programming,,,,10.1007/BF02577778,Keith A. FaiginStephen A. WeatherfordJay P. HoeflingerDavid A. PaduaPaul M. Petersen,1994,https://link.springer.com/article/10.1007/BF02577778,Article
The VLISP Verified PreScheme Compiler,VLISP A Verfied Implementation of Scheme,,,,10.1007/978-1-4615-2339-0_3,Dino P. OlivaJohn D. RamsdellMitchell Wand,1995,https://link.springer.com/chapter/10.1007/978-1-4615-2339-0_3,Chapter
VLISP: A Verified Implementation of Scheme,VLISP A Verfied Implementation of Scheme,,,,10.1007/978-1-4615-2339-0_1,Joshua D. GuttmanJohn D. RamsdellMitchell Wand,1995,https://link.springer.com/chapter/10.1007/978-1-4615-2339-0_1,Chapter
CoLab: A hybrid knowledge representation and compilation laboratory,Annals of Operations Research,,,,10.1007/BF02031716,Harold BoleyPhilipp HanschkeKnut HinkelmannManfred Meyer,1995,https://link.springer.com/article/10.1007/BF02031716,Article
Compiler construction using scheme,Funtional Programming Languages in Education,,,,10.1007/3-540-60675-0_49,Erik HilsdaleJ. Michael AshleyR. Kent DybvigDaniel P. Friedman,1995,https://link.springer.com/chapter/10.1007/3-540-60675-0_49,Conference paper
An Exercise in Protocol Verification,LOTOSphere: Software Development with LOTOS,,,,10.1007/978-1-4615-2203-4_13,Stefania GnesiEric MadelaineGioia Ristori,1995,https://link.springer.com/chapter/10.1007/978-1-4615-2203-4_13,Chapter
Expressing Object Residency Optimizations Using Pointer Type Annotations,Persistent Object Systems,,,,10.1007/978-1-4471-2122-0_2,J. EliotB. MossAntony L. Hosking,1995,https://link.springer.com/chapter/10.1007/978-1-4471-2122-0_2,Conference paper
AMOS: A Natural Language Parser Implemented as a Deductive Database in LOLA,Applications of Logic Databases,,,,10.1007/978-1-4615-2207-2_9,Gunther SpechtBurkhard Freitag,1995,https://link.springer.com/chapter/10.1007/978-1-4615-2207-2_9,Chapter
Relating data-parallelism and (and-) parallelism in logic programs,EURO-PAR '95 Parallel Processing,,,,10.1007/BFb0020453,Manuel V. HermenegildoManuel Carro,1995,https://link.springer.com/chapter/10.1007/BFb0020453,Conference paper
Parallelizing applications with SVM-Fortran,High-Performance Computing and Networking,,,,10.1007/BFb0046716,M. GerndtR. Berrendorf,1995,https://link.springer.com/chapter/10.1007/BFb0046716,Conference paper
An optimizing compiler for CLP(ℛ),Principles and Practice of Constraint Programming — CP '95,,,,10.1007/3-540-60299-2_14,Andrew D. KellyAndrew MacdonaldKim MarriottHarald SøndergaardPeter J. StuckeyRoland H. C. Yap,1995,https://link.springer.com/chapter/10.1007/3-540-60299-2_14,Conference paper
Bigloo: a portable and optimizing compiler for strict functional languages,Static Analysis,,,,10.1007/3-540-60360-3_50,Manuel SerranoPierre Weis,1995,https://link.springer.com/chapter/10.1007/3-540-60360-3_50,Conference paper
Parallelization of an iterative placement algorithm using ParMod-C,High-Performance Computing and Networking,,,,10.1007/BFb0046675,Thomas SchnekenburgerHenning Spruth,1995,https://link.springer.com/chapter/10.1007/BFb0046675,Conference paper
Modeling multi-rate DSP specification semantics for formal transformational design in HOL,Formal Methods in System Design,,,,10.1007/BF01384234,Catia M. AngeloLuc ClaesenHugo de Man,1994,https://link.springer.com/article/10.1007/BF01384234,Article
Using optimistic execution techniques as a parallelisation tool for general purpose computing,High-Performance Computing and Networking,,,,10.1007/BFb0046604,Adam BackStephen Turner,1995,https://link.springer.com/chapter/10.1007/BFb0046604,Conference paper
The Quest for the Cosmic Abundance of 3He,The Light Element Abundances,,,,10.1007/978-3-540-49169-9_30,R. T. RoodT. M. BaniaT. L. WilsonD. S. Balser,1995,https://link.springer.com/chapter/10.1007/978-3-540-49169-9_30,Conference paper
Schemes for referencing of intensity-modulated optical sensor systems,Optical Fiber Sensor Technology,,,,10.1007/978-94-011-1210-9_12,G. MurtazaJ. M. Senior,1995,https://link.springer.com/chapter/10.1007/978-94-011-1210-9_12,Chapter
"Women, Work and Resistance in the French Caribbean during Slavery 1700–1848",Engendering History,,,,10.1007/978-1-137-07302-0_9,Bernard Moitt,1995,https://link.springer.com/chapter/10.1007/978-1-137-07302-0_9,Chapter
Recent Developments in Basic Brachytherapy Physics,Radiation Therapy Physics,,,,10.1007/978-3-662-03107-0_12,Jeffrey F. Williamson,1995,https://link.springer.com/chapter/10.1007/978-3-662-03107-0_12,Chapter
SIMPLE performance results in ZPL,Languages and Compilers for Parallel Computing,,,,10.1007/BFb0025890,Calvin LinLawrence Snyder,1995,https://link.springer.com/chapter/10.1007/BFb0025890,Conference paper
Database: Introduction to problems,SOFSEM '95: Theory and Practice of Informatics,,,,10.1007/3-540-60609-2_6,Keith G. Jeffery,1995,https://link.springer.com/chapter/10.1007/3-540-60609-2_6,Conference paper
Radio synthesis imaging of anisotropic angular broadening in the solar wind,Journal of Astrophysics and Astronomy,,,,10.1007/BF02714823,K. R. AnantharamaiahPradeep GothoskarT. J. Cornwell,1994,https://link.springer.com/article/10.1007/BF02714823,Article
Three applications of formal methods at MITRE,FME '94: Industrial Benefit of Formal Methods,,,,10.1007/3-540-58555-9_87,Joshua D. GuttmanDale M. Johnson,1994,https://link.springer.com/chapter/10.1007/3-540-58555-9_87,Conference paper
The complementary relationship of interprocedural register allocation and inlining,International Journal of Parallel Programming,,,,10.1007/BF02577739,Feipei LaiYung-kuang ChaoChia-Jung Hsieh,1994,https://link.springer.com/article/10.1007/BF02577739,Article
Long-term earthquake prediction in the North Pacific seismic zone based on the time and magnitude predictable model,Natural Hazards,,,,10.1007/BF00690743,Eleftheria E. Papadimitriou,1994,https://link.springer.com/article/10.1007/BF00690743,Article
Compiler Assisted Synthesis of Algorithm-Based Checking in Multiprocessors1,Foundations of Dependable Computing,,,,10.1007/978-0-585-28002-8_6,Prithviraj BanerjeeVijay BalasubramanianAmber Roy-Chowdhury,1994,https://link.springer.com/chapter/10.1007/978-0-585-28002-8_6,Chapter
A Transformation Based on the Equality between Terms,Logic Program Synthesis and Transformation,,,,10.1007/978-1-4471-3234-9_15,Ulrich Neumerkel,1994,https://link.springer.com/chapter/10.1007/978-1-4471-3234-9_15,Conference paper
A compilation approach for Fortran 90D/HPF compilers,Languages and Compilers for Parallel Computing,,,,10.1007/3-540-57659-2_12,Zeki BozkusAlok ChoudharyGeoffrey FoxTomasz HauptSanjay Ranka,1994,https://link.springer.com/chapter/10.1007/3-540-57659-2_12,Conference paper
Data and Process Alignment in Modula-2*,Automatic Parallelization,,,,10.1007/978-3-322-87865-6_10,Michael PhilippsenMarkus U. Mock,1994,https://link.springer.com/chapter/10.1007/978-3-322-87865-6_10,Chapter
Compiling HPF for Distributed Memory MIMD Computers,The Interaction of Compilation Technology and Computer Architecture,,,,10.1007/978-1-4615-2684-1_8,Zeki BozkusAlok ChoudharyTomasz HauptGeoffrey FoxSanjay Ranka,1994,https://link.springer.com/chapter/10.1007/978-1-4615-2684-1_8,Chapter
Repeated redundant inequalities in constraint logic programming,Constraints in Computational Logics,,,,10.1007/BFb0016851,Spiro Michaylov,1994,https://link.springer.com/chapter/10.1007/BFb0016851,Conference paper
Computing land use emissions of greenhouse gases,"Water, Air, and Soil Pollution",,,,10.1007/BF00478341,G. J. J. KreilemanA. F. Bouwman,1994,https://link.springer.com/article/10.1007/BF00478341,Article
Implementation of GTS,PARLE'94 Parallel Architectures and Languages Europe,,,,10.1007/3-540-58184-7_131,Cristina BarradoJesús LabartaPatricia Borensztejn,1994,https://link.springer.com/chapter/10.1007/3-540-58184-7_131,Conference paper
Adaptor: A Compilation System for Data Parallel Fortran Programs,Automatic Parallelization,,,,10.1007/978-3-322-87865-6_5,Thomas Brandes,1994,https://link.springer.com/chapter/10.1007/978-3-322-87865-6_5,Chapter
Degrees of formality in shallow embedding hardware description languages in HOL,Higher Order Logic Theorem Proving and Its Applications,,,,10.1007/3-540-57826-9_127,Catia M. AngeloLuc ClaesenHugo De Man,1994,https://link.springer.com/chapter/10.1007/3-540-57826-9_127,Conference paper
A Knowledge-Based Program Transformation System,Advanced Information Systems Engineering,,,,10.1007/3-540-58113-8_173,P. C- Y. SheuS. Yoo,1994,https://link.springer.com/chapter/10.1007/3-540-58113-8_173,Conference paper
Reasoning about a class of linear systems of equations in HOL,Higher Order Logic Theorem Proving and Its Applications,,,,10.1007/3-540-58450-1_33,Catia M. AngeloLuc ClaesenHugo De Man,1994,https://link.springer.com/chapter/10.1007/3-540-58450-1_33,Conference paper
Maximizing loop parallelism and improving data locality via loop fusion and distribution,Languages and Compilers for Parallel Computing,,,,10.1007/3-540-57659-2_18,Ken KennedyKathryn S. McKinley,1994,https://link.springer.com/chapter/10.1007/3-540-57659-2_18,Conference paper
Transaction Management to Support Rule Based Database Applications,Rules in Database Systems,,,,10.1007/978-1-4471-3225-7_9,Christine DannerMichael Ranft,1994,https://link.springer.com/chapter/10.1007/978-1-4471-3225-7_9,Conference paper
The CORAL deductive system,The VLDB Journal,,,,10.1007/BF01228880,Raghu RamakrishnanDivesh SrivastavaS. SudarshanPraveen Seshadri,1994,https://link.springer.com/article/10.1007/BF01228880,Article
An introduction to deductive database languages and systems,The VLDB Journal,,,,10.1007/BF01228878,Kotagiri RamamohanaraoJames Harland,1994,https://link.springer.com/article/10.1007/BF01228878,Article
Towards a concurrent semantics based analysis of CC and CLP,Principles and Practice of Constraint Programming,,,,10.1007/3-540-58601-6_97,U. MontanariF. RossiF. BuenoM. García de la BandaM. Hermenegildo,1994,https://link.springer.com/chapter/10.1007/3-540-58601-6_97,Conference paper
Dynamic Program Monitoring and Transformation using the OMOS Object Server,The Interaction of Compilation Technology and Computer Architecture,,,,10.1007/978-1-4615-2684-1_6,Douglas B. OrrRobert W. MecklenburgPeter J. HoogenboomJay Lepreau,1994,https://link.springer.com/chapter/10.1007/978-1-4615-2684-1_6,Chapter
Formal analysis of correctness of behavioral transformations,Formal Methods in System Design,,,,10.1007/BF01384133,Michael C. McFarland,1993,https://link.springer.com/article/10.1007/BF01384133,Article
Project Triton: Towards Improved Programmability of Parallel Computers,The Interaction of Compilation Technology and Computer Architecture,,,,10.1007/978-1-4615-2684-1_10,Michael PhilippsenThomas M. WarschkoWalter F. TichyChristian G. HerterErnst A. HeinzPaul Lukowicz,1994,https://link.springer.com/chapter/10.1007/978-1-4615-2684-1_10,Chapter
ZPL: An array sublanguage,Languages and Compilers for Parallel Computing,,,,10.1007/3-540-57659-2_6,Calvin LinLawrence Snyder,1994,https://link.springer.com/chapter/10.1007/3-540-57659-2_6,Conference paper
Long-term earthquake prediction in the Aegean area based on a time and magnitude predictable model,pure and applied geophysics,,,,10.1007/BF00876578,B. C. PapazachosCh. A. Papaioannou,1993,https://link.springer.com/article/10.1007/BF00876578,Article
CAPTools — semiautomatic parallelisation of mesh based computational mechanics codes,High-Performance Computing and Networking,,,,10.1007/3-540-57981-8_125,M. CrossC. S. IerotheouS. P. JohnsonP. F. Leggett,1994,https://link.springer.com/chapter/10.1007/3-540-57981-8_125,Conference paper
Mixtus: An automatic partial evaluator for full Prolog,New Generation Computing,,,,10.1007/BF03038271,Dan Sahlin,1993,https://link.springer.com/article/10.1007/BF03038271,Article
Improving the execution of the dependent and-parallel Prolog DDAS,PARLE'94 Parallel Architectures and Languages Europe,,,,10.1007/3-540-58184-7_121,Kish Shen,1994,https://link.springer.com/chapter/10.1007/3-540-58184-7_121,Conference paper
Parallel processing in high integrity aircraft engine control,High-Performance Computing and Networking,,,,10.1007/BFb0020345,S. H. DuncanP. L. GordonE. J. ZaluskaS. I. Edwards,1994,https://link.springer.com/chapter/10.1007/BFb0020345,Conference paper
Enzymatic Methods for Cleaving Proteins,Basic Protein and Peptide Protocols,,,,10.1385/0-89603-268-X:289,Bryan John Smith,1994,https://link.springer.com/chapter/10.1385/0-89603-268-X:289,Protocol
Parallelizing compilers: what can be achieved?,High-Performance Computing and Networking,,,,10.1007/3-540-57981-8_159,Michèle DionJean-Laurent PhilippeYves Robert,1994,https://link.springer.com/chapter/10.1007/3-540-57981-8_159,Conference paper
Constraint-based type inference and parametric polymorphism,Static Analysis,,,,10.1007/3-540-58485-4_34,Ole Agesen,1994,https://link.springer.com/chapter/10.1007/3-540-58485-4_34,Conference paper
Intelligent Algorithm Decomposition for Parallelism with Alfer,Programming Environments for Massively Parallel Distributed Systems,,,,10.1007/978-3-0348-8534-8_5,S. N. McIntosh-SmithB. M BrownS. Hurley,1994,https://link.springer.com/chapter/10.1007/978-3-0348-8534-8_5,Conference paper
The aditi deductive database system,The VLDB Journal,,,,10.1007/BF01228882,Jayen VaghanlKotagiri RamamohanaraoDavid B. KempZoltan SomogyiPeter J. StuckeyTim S. LeaskJames Harland,1994,https://link.springer.com/article/10.1007/BF01228882,Article
Technological steps toward a software component industry,Programming Languages and System Architectures,,,,10.1007/3-540-57840-4_36,Michael Franz,1994,https://link.springer.com/chapter/10.1007/3-540-57840-4_36,Conference paper
"Generalized boxings, congruences and partial inlining",Static Analysis,,,,10.1007/3-540-58485-4_38,Jean Goubault,1994,https://link.springer.com/chapter/10.1007/3-540-58485-4_38,Conference paper
Specialising the Ground Representation in the Logic Programming Language Gödel,Logic Program Synthesis and Transformation,,,,10.1007/978-1-4471-3234-9_12,C. A. Gurr,1994,https://link.springer.com/chapter/10.1007/978-1-4471-3234-9_12,Conference paper
Partial continuations as the difference of continuations a duumvirate of control operators,Programming Language Implementation and Logic Programming,,,,10.1007/3-540-58402-1_14,Luc MoreauChristian Queinnec,1994,https://link.springer.com/chapter/10.1007/3-540-58402-1_14,Conference paper
Computing Land use Emissions of Greenhouse Gases,Image 2.0,,,,10.1007/978-94-011-1200-0_7,G. J. J. KreilemanA. F. Bouwman,1994,https://link.springer.com/chapter/10.1007/978-94-011-1200-0_7,Chapter
Reasoning about programs in continuation-passing style,LISP and Symbolic Computation,,,,10.1007/BF01019462,AMR SabryMatthias Felleisen,1993,https://link.springer.com/article/10.1007/BF01019462,Article
High level synthesis and generating FPGAs with the BEDROC system,"Journal of VLSI signal processing systems for signal, image and video technology",,,,10.1007/BF01607881,Miriam LeeserRichard ChapmanMark AagaardMark LindermanStephan Meier,1993,https://link.springer.com/article/10.1007/BF01607881,Article
"Natural and Synthetic Carriers Suitable for Immobilization of Viable Cells, Active Organelles, and Molecules",Immobilized Biosystems,,,,10.1007/978-94-011-1334-2_1,Peter GemeinerL’ubomíra Rexová-BenkováFrantišek ŠvecOlof Norrlöw,1994,https://link.springer.com/chapter/10.1007/978-94-011-1334-2_1,Chapter
Problems and Pitfalls of Sulphonylurea Therapy in Older Patients,Drugs & Aging,,,,10.2165/00002512-199303060-00005,D. A. RobertsonP. D. Home,1993,https://link.springer.com/article/10.2165/00002512-199303060-00005,Article
Difference-list transformation for Prolog,New Generation Computing,,,,10.1007/BF03037156,Kim MarriottHarald Søndergaard,1993,https://link.springer.com/article/10.1007/BF03037156,Article
Optimized parallel execution of declarative programs on distributed memory multiprocessors,Journal of Computer Science and Technology,,,,10.1007/BF02939530,Meiming ShenXinmin TianDingxing WangWeimin ZhengDongchan Wen,1993,https://link.springer.com/article/10.1007/BF02939530,Article
Long-term prediction of intermediate depth earthquakes in the southern Aegean region based on a time-predictable model,Natural Hazards,,,,10.1007/BF00662647,B. C. Papazachos,1993,https://link.springer.com/article/10.1007/BF00662647,Article
Relating graph and term rewriting via Böhm models,Rewriting Techniques and Applications,,,,10.1007/978-3-662-21551-7_15,Zena M. Ariola,1993,https://link.springer.com/chapter/10.1007/978-3-662-21551-7_15,Conference paper
A unified formal basis for the CASE tools system,Journal of Systems Integration,,,,10.1007/BF01974953,C. S. Tang,1993,https://link.springer.com/article/10.1007/BF01974953,Article
A Rationalisation of the ATMS in Terms of Partial Evaluation,Logic Program Synthesis and Transformation,,,,10.1007/978-1-4471-3560-9_9,Evelina LammaPaola Mello,1993,https://link.springer.com/chapter/10.1007/978-1-4471-3560-9_9,Chapter
Regularities in the internal structure of diamonds of the malaya botuoba kimberlite field,Journal of Mining Science,,,,10.1007/BF00734683,V. P. Mironov,1993,https://link.springer.com/article/10.1007/BF00734683,Article
Young bipolar nebulae,The Astronomy and Astrophysics Review,,,,10.1007/BF00873542,H. J. StaudeH. ElsÄsser,1993,https://link.springer.com/article/10.1007/BF00873542,Article
Guided tour of the PROSPECTRA System,Program Development by Specification and Transformation,,,,10.1007/3-540-56733-X_156,Junbo LiuOwen TraynorSteen Lynenskjold,1993,https://link.springer.com/chapter/10.1007/3-540-56733-X_156,Chapter
Specifying Semantics of Evolution in Object-Oriented Databases Using Partial Deduction,Modelling Database Dynamics,,,,10.1007/978-1-4471-3554-8_4,Hele-Mai Haav,1993,https://link.springer.com/chapter/10.1007/978-1-4471-3554-8_4,Conference paper
Designing the McCAT compiler based on a family of structured intermediate representations,Languages and Compilers for Parallel Computing,,,,10.1007/3-540-57502-2_61,L. HendrenC. DonawaM. EmamiG. GaoJustianiB. Sridharan,1993,https://link.springer.com/chapter/10.1007/3-540-57502-2_61,Conference paper
Executable specifications for language implementation,Progamming Language Implementation and Logic Programming,,,,10.1007/3-540-57186-8_67,Uwe Kastens,1993,https://link.springer.com/chapter/10.1007/3-540-57186-8_67,Conference paper
An Unfold Rule for Full Prolog,Logic Program Synthesis and Transformation,,,,10.1007/978-1-4471-3560-9_14,Steven Prestwich,1993,https://link.springer.com/chapter/10.1007/978-1-4471-3560-9_14,Chapter
A new top-down parsing algorithm for left-recursive DCGs,Progamming Language Implementation and Logic Programming,,,,10.1007/3-540-57186-8_74,Mark-Jan Nederhof,1993,https://link.springer.com/chapter/10.1007/3-540-57186-8_74,Conference paper
Recent Work On SiO Masers at the Centro Astronómico de Yebes,Astrophysical Masers,,,,10.1007/3-540-56343-1_293,V. BujarrabalJ. AlcoleaA. MartínezA. BarciaJ. D. GallegoJ. Gómez-GonzálezA. del PinoP. PlanesasR. BachillerA. RodríguezA. del RomeroM. TafallaP. de Vicente,1993,https://link.springer.com/chapter/10.1007/3-540-56343-1_293,Conference paper
Distributed databases tied with string,Advances in Databases,,,,10.1007/3-540-56921-9_5,Daniel CohenGraem Ringwood,1993,https://link.springer.com/chapter/10.1007/3-540-56921-9_5,Conference paper
Slicing concurrent programs,Automated and Algorithmic Debugging,,,,10.1007/BFb0019411,Jingde Cheng,1993,https://link.springer.com/chapter/10.1007/BFb0019411,Conference paper
Dynamic dependence analysis: A novel method for data dependence evaluation,Languages and Compilers for Parallel Computing,,,,10.1007/3-540-57502-2_40,P. PetersonD. Padua,1993,https://link.springer.com/chapter/10.1007/3-540-57502-2_40,Conference paper
Utilizing new communication features in compilation for private-memory machines,Languages and Compilers for Parallel Computing,,,,10.1007/3-540-57502-2_70,S. HinrichsT. Gross,1993,https://link.springer.com/chapter/10.1007/3-540-57502-2_70,Conference paper
"Using standard tools to build an Open, client/server prototype",DCE — The OSF Distributed Computing Environment Client/Server Model and Beyond,,,,10.1007/3-540-57306-2_29,Bernard S. Hirsch,1993,https://link.springer.com/chapter/10.1007/3-540-57306-2_29,Conference paper
On the validity of time-predictable model for earthquake generation in north-east India,Proceedings of the Indian Academy of Sciences - Earth and Planetary Sciences,,,,10.1007/BF02893011,V P SinghD ShankerJ Singh,1992,https://link.springer.com/article/10.1007/BF02893011,Article
Automatic Parallelization for Distributed-Memory Systems: Experiences and Current Research,Europäischer Informatik Kongreß Architektur von Rechensystemen Euro-ARCH ’93,,,,10.1007/978-3-642-78565-8_43,Hans P. ZimaPeter BrezanyBarbara M. ChapmanJan Hulman,1993,https://link.springer.com/chapter/10.1007/978-3-642-78565-8_43,Conference paper
Long term bending creep of wood in cyclic relative humidity,Wood Science and Technology,,,,10.1007/BF00203409,S. MohagerT. Toratti,1992,https://link.springer.com/article/10.1007/BF00203409,Article
Parallelizing a C Dialect for distributed memory MIMD machines,Languages and Compilers for Parallel Computing,,,,10.1007/3-540-57502-2_59,O. LempelS. PinterE. Turiel,1993,https://link.springer.com/chapter/10.1007/3-540-57502-2_59,Conference paper
Specifying rule-based query optimizers in a reflective framework,Deductive and Object-Oriented Databases,,,,10.1007/3-540-57530-8_9,Leonidas FegarasDavid MaierTim Sheard,1993,https://link.springer.com/chapter/10.1007/3-540-57530-8_9,Conference paper
Improved positron emission tomography quantification by Fourier-based restoration filtering,European Journal of Nuclear Medicine,,,,10.1007/BF00175857,Jonathan M. LinksJeffrey P. LealHans W. Mueller-GaertnerHenry N. Wagner Jr.,1992,https://link.springer.com/article/10.1007/BF00175857,Article
Natural geochemical cycles and the disposal of anthropogenic wastes,Waster Disposal and Evaporites,,,,10.1007/BFb0011852,,1993,https://link.springer.com/chapter/10.1007/BFb0011852,Chapter
A time- and magnitude-predictable model for generation of shallow earthquakes in the Aegean area,pure and applied geophysics,,,,10.1007/BF00878900,B. C. Papazachos,1992,https://link.springer.com/article/10.1007/BF00878900,Article
SiO maser emission and the intrinsic properties of Mira variables,Journal of Astrophysics and Astronomy,,,,10.1007/BF02702293,Nimesh A. PatelAntony JosephR. Ganesan,1992,https://link.springer.com/article/10.1007/BF02702293,Article
Generating memory-efficient imperative data structures from systolic programs,PARLE '92 Parallel Architectures and Languages Europe,,,,10.1007/3-540-55599-4_140,Zbigniew Chamski,1992,https://link.springer.com/chapter/10.1007/3-540-55599-4_140,Conference paper
Using Algebraic Semantics for Proving Prolog Termination and Transformation,ALPUK 91,,,,10.1007/978-1-4471-3546-3_8,Brian J. Ross,1992,https://link.springer.com/chapter/10.1007/978-1-4471-3546-3_8,Conference paper
Compilation of Id,Languages and Compilers for Parallel Computing,,,,10.1007/BFb0038660,Z. AriolaArvind,1992,https://link.springer.com/chapter/10.1007/BFb0038660,Conference paper
An application of program unification to priority queue vectorization,International Journal of Parallel Programming,,,,10.1007/BF01408555,Ling-Yu ChuangVernon RegoAditya Mathur,1992,https://link.springer.com/article/10.1007/BF01408555,Article
A WAM compilation scheme,Logic Programming,,,,10.1007/3-540-55460-2_15,Hans -Günther HeinManfred Meyer,1992,https://link.springer.com/chapter/10.1007/3-540-55460-2_15,Conference paper
Program transformations and WAM-support for the compilation of definite metaprograms,Logic Programming,,,,10.1007/3-540-55460-2_35,Paul Tarau,1992,https://link.springer.com/chapter/10.1007/3-540-55460-2_35,Conference paper
Modula-S,Parallel Computation,,,,10.1007/3-540-55437-8_78,W. DiestelkampH. BiA. Böttcher,1992,https://link.springer.com/chapter/10.1007/3-540-55437-8_78,Conference paper
Source-to-source conversion based on formal definition,Journal of Computer Science and Technology,,,,10.1007/BF02945369,Zhang Xing’erZhu XiaojunLi JianxinDong Jianning,1991,https://link.springer.com/article/10.1007/BF02945369,Article
Abundances in the interstellar medium,The Astronomy and Astrophysics Review,,,,10.1007/BF00873568,T. L. WilsonF. Matteucci,1992,https://link.springer.com/article/10.1007/BF00873568,Article
VHDL Tools,VHDL Designer’s Reference,,,,10.1007/978-1-4615-3498-3_2,Jean-Michel BergéAlain FonkouaSerge MaginotJacques Rouillard,1992,https://link.springer.com/chapter/10.1007/978-1-4615-3498-3_2,Chapter
LOLA — ein deduktives Datenbanksystem,Objektbanken für Experten,,,,10.1007/978-3-642-77873-5_1,Burkhard FreitagHeribert SchützGünther SpechtRudolf BayerUlrich Güntzer,1992,https://link.springer.com/chapter/10.1007/978-3-642-77873-5_1,Conference paper
Detection of helium-3 in a planetary nebula,Nature,,,,10.1038/355618a0,R. T. RoodT. M. BaniaT. L. Wilson,1992,https://link.springer.com/article/10.1038/355618a0,Article
"Paragon specifications: Structure, analysis and implementation",PARLE '92 Parallel Architectures and Languages Europe,,,,10.1007/3-540-55599-4_124,Paul AndersonDavid BoltonPaul Kelly,1992,https://link.springer.com/chapter/10.1007/3-540-55599-4_124,Conference paper
Software for supercomputers of the future,The Journal of Supercomputing,,,,10.1007/BF00127948,Ken Kennedy,1992,https://link.springer.com/article/10.1007/BF00127948,Article
Integrating scalar optimization and parallelization,Languages and Compilers for Parallel Computing,,,,10.1007/BFb0038662,S. TjiangM. WolfM. LamK. PieperJ. Hennessy,1992,https://link.springer.com/chapter/10.1007/BFb0038662,Conference paper
Interprocedural dynamic slicing,Programming Language Implementation and Logic Programming,,,,10.1007/3-540-55844-6_148,Mariam KamkarNahid ShahmehriPeter Fritzson,1992,https://link.springer.com/chapter/10.1007/3-540-55844-6_148,Conference paper
Association merging in a schema metaintegration system for a heterogeneous Object-Oriented database environment,Advanced Database Systems,,,,10.1007/3-540-55693-1_40,M. A. QutaishatN. J. FiddianW. A. Gray,1992,https://link.springer.com/chapter/10.1007/3-540-55693-1_40,Conference paper
Transformation of attributed trees using pattern matching,Compiler Construction,,,,10.1007/3-540-55984-1_1,Josef Grosch,1992,https://link.springer.com/chapter/10.1007/3-540-55984-1_1,Conference paper
Quasiperiodic Phenomena in Accreting Binary Stars,Statistical Challenges in Modern Astronomy,,,,10.1007/978-1-4613-9290-3_42,Paul HertzJay P. Norris,1992,https://link.springer.com/chapter/10.1007/978-1-4613-9290-3_42,Chapter
A reflective model of inheritance,ECOOP ’92 European Conference on Object-Oriented Programming,,,,10.1007/BFb0053046,Suresh JagannathanGul Agha,1992,https://link.springer.com/chapter/10.1007/BFb0053046,Conference paper
Perfumery,Chemistry and Technology of the Cosmetics and Toiletries Industry,,,,10.1007/978-94-011-2268-9_8,A. Dallimore,1992,https://link.springer.com/chapter/10.1007/978-94-011-2268-9_8,Chapter
Perfumery,Chemistry and Technology of the Cosmetics and Toiletries Industry,,,,10.1007/978-94-009-1555-8_8,A. Dallimore,1992,https://link.springer.com/chapter/10.1007/978-94-009-1555-8_8,Chapter
Network Viruses: The Worms,A Pathology of Computer Viruses,,,,10.1007/978-1-4471-1774-2_8,David Ferbrache,1992,https://link.springer.com/chapter/10.1007/978-1-4471-1774-2_8,Chapter
A general criterion for avoiding infinite unfolding during partial deduction,New Generation Computing,,,,10.1007/BF03037527,Maurice BruynoogheDanny De SchreyeBern Martens,1992,https://link.springer.com/article/10.1007/BF03037527,Article
Knowledge-based parallelization for distributed memory systems,Parallel Computation,,,,10.1007/3-540-55437-8_72,Barbara M. ChapmanHeinz M. Herbeck,1992,https://link.springer.com/chapter/10.1007/3-540-55437-8_72,Conference paper
Panel Discussion: The Co/H2 Abundance Ratio,Astrochemistry of Cosmic Phenomena,,,,10.1007/978-94-011-2761-5_64,E. F. van DishoeckA. E. GlassgoldM. GuélinD. T. JaffeD. A. NeufeldA. G. G. M. TielensC. M. Walmsley,1992,https://link.springer.com/chapter/10.1007/978-94-011-2761-5_64,Conference paper
Back to direct style,ESOP '92,,,,10.1007/3-540-55253-7_8,Olivier Danvy,1992,https://link.springer.com/chapter/10.1007/3-540-55253-7_8,Conference paper
Leaking methane from natural gas vehicles: Implications for transportation policy in the greenhouse era,Climatic Change,,,,10.1007/BF00154171,D. G. Victor,1992,https://link.springer.com/article/10.1007/BF00154171,Article
Gravitational Lensing,Highlights of Astronomy,,,,10.1007/978-94-011-2828-5_1,Sjur RefsdalJean Surdej,1992,https://link.springer.com/chapter/10.1007/978-94-011-2828-5_1,Chapter
Parallelization of WHILE loops on pipelined architectures,The Journal of Supercomputing,,,,10.1007/BF00127840,Parthasarathy P. TirumalaiMeng LeeMichael S. Schlansker,1991,https://link.springer.com/article/10.1007/BF00127840,Article
Comparison of a calculated spectrum of C<sub>60</sub>H<sub>60</sub> with the unidentified astronomical infrared emission features,Nature,,,,10.1038/352412a0,Adrian Webster,1991,https://link.springer.com/article/10.1038/352412a0,Article
The Performance of Agricultural Production in Marxist and Non-Marxist Nations,Comparative Economic Studies,,,,10.1057/ces.1991.22,Frederic L Pryor,1991,https://link.springer.com/article/10.1057/ces.1991.22,Article
High performance Prolog on a RISC,New Generation Computing,,,,10.1007/BF03037163,Andrew Taylor,1991,https://link.springer.com/article/10.1007/BF03037163,Article
Carbon monoxide frosts in the interstellar medium,The Astronomy and Astrophysics Review,,,,10.1007/BF00872766,D. C. B. WhittetW. W. Duley,1991,https://link.springer.com/article/10.1007/BF00872766,Article
Parallelism in logic programs,Annals of Mathematics and Artificial Intelligence,,,,10.1007/BF01530928,Raghu Ramakrishnan,1991,https://link.springer.com/article/10.1007/BF01530928,Article
An overview of the OPTRAN system,"Attribute Grammars, Applications and Systems",,,,10.1007/3-540-54572-7_21,Peter LippsUlrich MönckeReinhard Wilhelm,1991,https://link.springer.com/chapter/10.1007/3-540-54572-7_21,Conference paper
Tools and techniques of annotated programming,Compiler Compilers,,,,10.1007/3-540-53669-8_78,Victor N. Kasvanov,1991,https://link.springer.com/chapter/10.1007/3-540-53669-8_78,Conference paper
GAML: A parallel implementation of lazy ML,Functional Programming Languages and Computer Architecture,,,,10.1007/3540543961_6,Luc Maranget,1991,https://link.springer.com/chapter/10.1007/3540543961_6,Conference paper
Data-driven transformation of meta-interpreters: A sketch,Processing Declarative Knowledge,,,,10.1007/BFb0013539,Yannis CosmadopoulosMarek SergotRichard W. Southwick,1991,https://link.springer.com/chapter/10.1007/BFb0013539,Conference paper
Media Images of Environmental Biotechnology: What does the Public See?,Environmental Biotechnology for Waste Treatment,,,,10.1007/978-1-4684-5955-5_2,Amy S. McCabeMichael R. Fitzgerald,1991,https://link.springer.com/chapter/10.1007/978-1-4684-5955-5_2,Chapter
Efficient memo-table management strategies,Acta Informatica,,,,10.1007/BF02983374,Hessam Khoshnevisan,1990,https://link.springer.com/article/10.1007/BF02983374,Article
The Family of Concurrent Logic Programming Languages,"Logic, Algebra, and Computation",,,,10.1007/978-3-642-76799-9_10,Ehud Shapiro,1991,https://link.springer.com/chapter/10.1007/978-3-642-76799-9_10,Conference paper
Semantics-directed generation of a Prolog compiler,Programming Language Implementation and Logic Programming,,,,10.1007/3-540-54444-5_94,Charles ConselSiau Cheng Khoo,1991,https://link.springer.com/chapter/10.1007/3-540-54444-5_94,Conference paper
Selected Z Bibliography,"Z User Workshop, Oxford 1990",,,,10.1007/978-1-4471-3540-1_23,Jonathan Bowen,1991,https://link.springer.com/chapter/10.1007/978-1-4471-3540-1_23,Conference paper
Debugging parallel Strand Programs,Parallel Execution of Logic Programs,,,,10.1007/3-540-55038-0_1,Martin Gittins,1991,https://link.springer.com/chapter/10.1007/3-540-55038-0_1,Conference paper
For a better support of static data flow,Functional Programming Languages and Computer Architecture,,,,10.1007/3540543961_24,Charles ConselOlivier Danvy,1991,https://link.springer.com/chapter/10.1007/3540543961_24,Conference paper
Linearity and laziness,Functional Programming Languages and Computer Architecture,,,,10.1007/3540543961_11,David WakelingColin Runciman,1991,https://link.springer.com/chapter/10.1007/3540543961_11,Conference paper
Federated case environment,Advanced Information Systems Engineering,,,,10.1007/3-540-54059-8_99,S. PapahristosW. A. Gray,1991,https://link.springer.com/chapter/10.1007/3-540-54059-8_99,Conference paper
Nucleic acids,Molecular Genetics,,,,10.1007/978-1-349-11732-1_2,Peter Smith-Keary,1991,https://link.springer.com/chapter/10.1007/978-1-349-11732-1_2,Chapter
Attribute grammars in a compiler construction environment,"Attribute Grammars, Applications and Systems",,,,10.1007/3-540-54572-7_15,Uwe Kastens,1991,https://link.springer.com/chapter/10.1007/3-540-54572-7_15,Conference paper
Applications for a New Time Digitizer in SSC Experiments,Supercollider 3,,,,10.1007/978-1-4615-3746-5_85,George J. BlanarRichard Sumner,1991,https://link.springer.com/chapter/10.1007/978-1-4615-3746-5_85,Chapter
Internals and externals of the FNC-2 attribute grammar system,"Attribute Grammars, Applications and Systems",,,,10.1007/3-540-54572-7_20,Martin JourdanDidier Parigot,1991,https://link.springer.com/chapter/10.1007/3-540-54572-7_20,Conference paper
Parallelizing Prolog on shared-memory multiprocessors,Processing Declarative Knowledge,,,,10.1007/BFb0013541,Gao YaoqingWang DingxingQiu XiaolinHwang ZhiyiHu Shouren,1991,https://link.springer.com/chapter/10.1007/BFb0013541,Conference paper
Who’s Who of World Religions,Who’s Who of World Religions,,,,10.1007/978-1-349-09500-1_1,John R. Hinnells,1991,https://link.springer.com/chapter/10.1007/978-1-349-09500-1_1,Chapter
Application development with the FNC-2 attribute grammar system,Compiler Compilers,,,,10.1007/3-540-53669-8_71,Martin JourdanDidier Parigot,1991,https://link.springer.com/chapter/10.1007/3-540-53669-8_71,Conference paper
Concurrent Clean,Parle ’91 Parallel Architectures and Languages Europe,,,,10.1007/978-3-662-25209-3_39,E. G. J. M. H. NöckerJ. E. W. SmetsersM. C. J. D. van EekelenM. J. Plasmeijer,1991,https://link.springer.com/chapter/10.1007/978-3-662-25209-3_39,Conference paper
Concurrent clean,PARLE '91 Parallel Architectures and Languages Europe,,,,10.1007/3-540-54152-7_66,E. G. J. M. H. NöckerJ. E. W. SmetsersM. C. J. D. van EekelenM. J. Plasmeijer,1991,https://link.springer.com/chapter/10.1007/3-540-54152-7_66,Conference paper
Progress: A VHL-language based on graph grammars,Graph Grammars and Their Application to Computer Science,,,,10.1007/BFb0017419,Andy Schürr,1991,https://link.springer.com/chapter/10.1007/BFb0017419,Conference paper
Enzymes,Food Additive User’s Handbook,,,,10.1007/978-1-4757-5247-2_6,Y. J. Owusu-Ansah,1991,https://link.springer.com/chapter/10.1007/978-1-4757-5247-2_6,Chapter
Enzymes,Food Additive User’s Handbook,,,,10.1007/978-1-4615-3916-2_6,Y. J. Owusu-Ansah,1991,https://link.springer.com/chapter/10.1007/978-1-4615-3916-2_6,Chapter
Newly Formed Massive Stars,The Physics of Star Formation and Early Stellar Evolution,,,,10.1007/978-94-011-3642-6_6,Ed Churchwell,1991,https://link.springer.com/chapter/10.1007/978-94-011-3642-6_6,Chapter
Particle-Induced Desorption Ionization Techniques for Organic Mass Spectrometry,Ion Spectroscopies for Surface Analysis,,,,10.1007/978-1-4615-3708-3_3,Kenneth L. Busch,1991,https://link.springer.com/chapter/10.1007/978-1-4615-3708-3_3,Chapter
"A preprocessor based implementation of<b>Common Lisp</b>
",LISP and Symbolic Computation,,,,10.1007/BF01806098,John R. DiamantGerald P. Duggan,1990,https://link.springer.com/article/10.1007/BF01806098,Article
Transformations for optimizing interprocess communication and synchronization mechanisms,International Journal of Parallel Programming,,,,10.1007/BF01407906,Carole M. McNameeRonald A. Olsson,1990,https://link.springer.com/article/10.1007/BF01407906,Article
Cosmic dust: From space to laboratory,La Rivista del Nuovo Cimento (1978-1999),,,,10.1007/BF02902933,E. BussolettiL. Colangeli,1990,https://link.springer.com/article/10.1007/BF02902933,Article
Feedstuffs,Pork Production Systems,,,,10.1007/978-1-4615-3932-2_9,Wilson G. PondJerome H. ManerDewey L. Harris,1991,https://link.springer.com/chapter/10.1007/978-1-4615-3932-2_9,Chapter
A synthesis map of the sky at 34.5 MHz,Journal of Astrophysics and Astronomy,,,,10.1007/BF02709282,K. S. DwarakanathN. Udaya Shankar,1990,https://link.springer.com/article/10.1007/BF02709282,Article
How to control unfolding when specializing interpreters,New Generation Computing,,,,10.1007/BF03037513,Arun LakhotiaLeon Sterling,1990,https://link.springer.com/article/10.1007/BF03037513,Article
"Components of phototaxis of the nematode <i>Mermis nigrescens</i>
",Journal of Comparative Physiology A,,,,10.1007/BF00188117,A. H. Jay BurrColette P. F. BabinszkiAmanda J. Ward,1990,https://link.springer.com/article/10.1007/BF00188117,Article
Clinical Pharmacokinetics of Prednisone and Prednisolone,Clinical Pharmacokinetics,,,,10.2165/00003088-199019020-00003,Brigitte M. FreyFelix J. Frey,1990,https://link.springer.com/article/10.2165/00003088-199019020-00003,Article
Cedar Fortran and other vector and parallel Fortran dialects,The Journal of Supercomputing,,,,10.1007/BF00162342,Mark D. GuzziDavid A. PaduaJay HoeflingerDuncan H. Lawrie,1990,https://link.springer.com/article/10.1007/BF00162342,Article
Ultracompact HII regions: the impact of newly formed massive stars on their environment,The Astronomy and Astrophysics Review,,,,10.1007/BF00872764,Ed Churchwell,1990,https://link.springer.com/article/10.1007/BF00872764,Article
An abstract interpretation scheme for identifying inherent parallelism in logic programs,New Generation Computing,,,,10.1007/BF03037209,Arvind K. BansalLeon S. Sterling,1990,https://link.springer.com/article/10.1007/BF03037209,Article
Aging and the Elderly in Japan,Anthropology and Aging,,,,10.1007/978-94-009-2031-6_7,Cristie Kiefer,1990,https://link.springer.com/chapter/10.1007/978-94-009-2031-6_7,Chapter
An automated reasoning problem associated with proving claims about programs using Floyd-Hoare inductive assertion methods,Journal of Automated Reasoning,,,,10.1007/BF00243137,G. H. ChisholmB. T. SmithA. S. Wojcik,1989,https://link.springer.com/article/10.1007/BF00243137,Article
Dielectric Properties of Sintered AIN,MRS Online Proceedings Library,,,,10.1557/PROC-167-229,R. D. HarrisR. C. EnckJ. L. Fields,1989,https://link.springer.com/article/10.1557/PROC-167-229,Article
On the automatic generation of events in delta prolog,Programming Language Implementation and Logic Programming,,,,10.1007/BFb0024193,Veroniek DumortierMaurice Bruynooghe,1990,https://link.springer.com/chapter/10.1007/BFb0024193,Conference paper
Object oriented extension of attribute grammars and its implementation using distributed attribute evaluation algorithm,Attribute Grammars and their Applications,,,,10.1007/3-540-53101-7_13,Yoichi ShinodaTakuya Katayama,1990,https://link.springer.com/chapter/10.1007/3-540-53101-7_13,Conference paper
The Infrared Interstellar Emission Features,Dusty Objects in the Universe,,,,10.1007/978-94-009-0661-7_5,K. Sellgren,1990,https://link.springer.com/chapter/10.1007/978-94-009-0661-7_5,Conference paper
Attributed translation and the semantics of natural language,Attribute Grammars and their Applications,,,,10.1007/3-540-53101-7_20,J. V. PittR. J. Cunningham,1990,https://link.springer.com/chapter/10.1007/3-540-53101-7_20,Conference paper
A Modified WAM,A High Performance Architecture for Prolog,,,,10.1007/978-1-4613-1529-2_3,T. P. Dobry,1990,https://link.springer.com/chapter/10.1007/978-1-4613-1529-2_3,Chapter
The Theory of Interpreting Scientific Transfer Evidence,Forensic Science Progress,,,,10.1007/978-3-642-75186-8_5,Richard S. FrankStanley P. Sobol,1990,https://link.springer.com/chapter/10.1007/978-3-642-75186-8_5,Conference paper
Deductive database rule languages: Analysis and case study,Database Systems of the 90s,,,,10.1007/3-540-53397-4_37,Georges GardarinJerry Kiernan,1990,https://link.springer.com/chapter/10.1007/3-540-53397-4_37,Conference paper
Polymorphic type checking with subtypes in Prolog,Design and Implementation of Symbolic Computation Systems,,,,10.1007/3-540-52531-9_131,Thom W. Frühwirth,1990,https://link.springer.com/chapter/10.1007/3-540-52531-9_131,Conference paper
"The Polyphonic Music of the Medieval Monastery, Cathedral and University",Antiquity and the Middle Ages,,,,10.1007/978-1-349-21157-9_6,Marion S. Gushee,1990,https://link.springer.com/chapter/10.1007/978-1-349-21157-9_6,Chapter
Coherence Effects in Guided Wave Optical Systems,Recent Advances in Electromagnetic Theory,,,,10.1007/978-1-4612-3330-5_12,Alan Rolf Mickelson,1990,https://link.springer.com/chapter/10.1007/978-1-4612-3330-5_12,Chapter
The Emergence of Gregorian Chant in the Carolingian Era,Antiquity and the Middle Ages,,,,10.1007/978-1-349-21157-9_4,James McKinnon,1990,https://link.springer.com/chapter/10.1007/978-1-349-21157-9_4,Chapter
The Occurrence and Metabolism of Lanthanides,Biochemistry of the Lanthanides,,,,10.1007/978-1-4684-8748-0_7,C. H. Evans,1990,https://link.springer.com/chapter/10.1007/978-1-4684-8748-0_7,Chapter
"Boriding of Fe and Fe–C, Fe–Cr, and Fe–Ni alloys; Boride-layer growth kinetics",Journal of Materials Research,,,,10.1557/JMR.1989.1354,C. M. BrakmanA. W. J. GommersE. J. Mittemeijer,1989,https://link.springer.com/article/10.1557/JMR.1989.1354,Article
Transforming generate-and-test programs to execute under committed-choice AND-parallelism,International Journal of Parallel Programming,,,,10.1007/BF01379187,Arvind K. BansalLeon S. Sterling,1989,https://link.springer.com/article/10.1007/BF01379187,Article
Automatically replacing indices into parallel arrays with pointers to records,BIT Numerical Mathematics,,,,10.1007/BF01952678,Matti O. Jokinen,1989,https://link.springer.com/article/10.1007/BF01952678,Article
An application of abstract interpretation in source level program transformation,Programming Languages Implementation and Logic Programming,,,,10.1007/3-540-50820-1_39,Daniel De SchreyeMaurice Bruynooghe,1989,https://link.springer.com/chapter/10.1007/3-540-50820-1_39,Conference paper
Failure Rate Estimation Based on Data from Different Environments and with Varying Quality,Reliability Data Collection and Analysis,,,,10.1007/978-94-011-2438-6_14,S. LydersenM. Rausand,1989,https://link.springer.com/chapter/10.1007/978-94-011-2438-6_14,Chapter
Failure Rate Estimation Based on Data from Different Environments and with Varying Quality,Reliability Data Collection and Use in Risk and Availability Assessment,,,,10.1007/978-3-642-83721-0_6,S. LydersenM. Rausand,1989,https://link.springer.com/chapter/10.1007/978-3-642-83721-0_6,Conference paper
OPTRAN - A language/system for the specification of program transformations: System overview and experiences,Compiler Compilers and High Speed Compilation,,,,10.1007/3-540-51364-7_4,Peter LippsUlrich MönckeReinhard Wilhelm,1989,https://link.springer.com/chapter/10.1007/3-540-51364-7_4,Conference paper
Synthesizing systolic arrays with control signals from recurrence equations,Distributed Computing,,,,10.1007/BF01558666,Sanjay V. Rajopadhye,1989,https://link.springer.com/article/10.1007/BF01558666,Article
Meta-interpreters and partial evaluation in Parlog,Formal Aspects of Computing,,,,10.1007/BF01887205,Matthew Huntbach,1989,https://link.springer.com/article/10.1007/BF01887205,Article
Annotated program transformations,Foundations of Software Technology and Theoretical Computer Science,,,,10.1007/3-540-52048-1_42,Viktor N. Kasyanov,1989,https://link.springer.com/chapter/10.1007/3-540-52048-1_42,Conference paper
Demonstration of a Sample Editor,The Synthesizer Generator,,,,10.1007/978-1-4613-9623-9_2,Thomas W. RepsTim Teitelbaum,1989,https://link.springer.com/chapter/10.1007/978-1-4613-9623-9_2,Chapter
Structure of Toolpack/1 Software,Using Toolpack Software Tools,,,,10.1007/978-94-009-0879-6_3,Stephen J. Hague,1989,https://link.springer.com/chapter/10.1007/978-94-009-0879-6_3,Conference paper
Mix: A self-applicable partial evaluator for experiments in compiler generation,LISP and Symbolic Computation,,,,10.1007/BF01806312,Neil D. JonesPeter SestoftHarald Søndergaard,1989,https://link.springer.com/article/10.1007/BF01806312,Article
Introduction,Error Detection and Recovery in Robotics,,,,10.1007/BFb0039641,,1989,https://link.springer.com/chapter/10.1007/BFb0039641,Chapter
A self-applicable partial evaluator for term rewriting systems,TAPSOFT '89,,,,10.1007/3-540-50940-2_29,Anders Bondorf,1989,https://link.springer.com/chapter/10.1007/3-540-50940-2_29,Conference paper
The University of Durham Southern Hemisphere VHE gamma ray telescope,Experimental Astronomy,,,,10.1007/BF00457984,K. T. BrazierA. CarramiñanaP. M. ChadwickT. R. CurrellN. A. DipperE. W. LincolnV. G. ManningsT. J. L. McCombK. J. OrfordS. M. RaynerK. E. Turver,1989,https://link.springer.com/article/10.1007/BF00457984,Article
General Advice on Installing Toolpack/1,Using Toolpack Software Tools,,,,10.1007/978-94-009-0879-6_16,Ian C. Hounam,1989,https://link.springer.com/chapter/10.1007/978-94-009-0879-6_16,Conference paper
Specification of a Sample Editor,The Synthesizer Generator,,,,10.1007/978-1-4613-9623-9_4,Thomas W. RepsTim Teitelbaum,1989,https://link.springer.com/chapter/10.1007/978-1-4613-9623-9_4,Chapter
Toolpack Invocation Techniques,Using Toolpack Software Tools,,,,10.1007/978-94-009-0879-6_5,Stephen J. Hague,1989,https://link.springer.com/chapter/10.1007/978-94-009-0879-6_5,Conference paper
Mixed computation of Prolog programs,New Generation Computing,,,,10.1007/BF03037134,David A. FullerSamson Abramsky,1988,https://link.springer.com/article/10.1007/BF03037134,Article
X-ray binaries,The Astronomy and Astrophysics Review,,,,10.1007/BF00872485,N. E. White,1989,https://link.springer.com/article/10.1007/BF00872485,Article
Some thoughts on the role of examples in program transformation and its relevance for explanation-based learning,Analogical and Inductive Inference,,,,10.1007/3-540-51734-0_52,Maurice BruynoogheDanny De Schreye,1989,https://link.springer.com/chapter/10.1007/3-540-51734-0_52,Conference paper
Accretion Disks in Low Mass X-Ray Binaries,Theory of Accretion Disks,,,,10.1007/978-94-009-1037-9_26,Nicholas E. White,1989,https://link.springer.com/chapter/10.1007/978-94-009-1037-9_26,Chapter
Numerical Simulation of Mass Outflows from Star Forming Regions,Accretion Disks and Magnetic Fields in Astrophysics,,,,10.1007/978-94-009-2401-7_22,James M. StoneMichael L. NormanDimitri Mihalas,1989,https://link.springer.com/chapter/10.1007/978-94-009-2401-7_22,Conference paper
Annotated bibliography on partial evaluation and mixed computation,New Generation Computing,,,,10.1007/BF03037145,,1988,https://link.springer.com/article/10.1007/BF03037145,Article
Evaluation,A Systolic Array Optimizing Compiler,,,,10.1007/978-1-4613-1705-0_7,Monica S. Lam,1989,https://link.springer.com/chapter/10.1007/978-1-4613-1705-0_7,Chapter
The limitations of partial evaluation,"Machines, Languages, and Complexity",,,,10.1007/BFb0015938,Frank van Harmelen,1989,https://link.springer.com/chapter/10.1007/BFb0015938,Conference paper
Definite Clause Translation Grammars and their Applications,Logic Grammars,,,,10.1007/978-1-4612-3640-5_10,Harvey AbramsonVeronica Dahl,1989,https://link.springer.com/chapter/10.1007/978-1-4612-3640-5_10,Chapter
Debugging in applicative languages,LISP and Symbolic Computation,,,,10.1007/BF01806168,John T. O'DonnellCordelia V. Hall,1988,https://link.springer.com/article/10.1007/BF01806168,Article
Compiling parallel programs by optimizing performance,The Journal of Supercomputing,,,,10.1007/BF00128176,Marina ChenYoung-Il ChooJingke Li,1988,https://link.springer.com/article/10.1007/BF00128176,Article
A self-applicable partial evaluator and its use in incremental compilation,New Generation Computing,,,,10.1007/BF03037133,Hiroshi FujitaKoichi Furukawa,1988,https://link.springer.com/article/10.1007/BF03037133,Article
"Composing recursive logic programs with<i>Clausal join</i>
            ",New Generation Computing,,,,10.1007/BF03037138,A. LakhotiaL. Sterling,1988,https://link.springer.com/article/10.1007/BF03037138,Article
Ligaments of the lumbar spine: a review,Surgical and Radiologic Anatomy,,,,10.1007/BF02115239,J. F. BehrsinC. A. Briggs,1988,https://link.springer.com/article/10.1007/BF02115239,Article
Partial evaluation of metaprograms in a “multiple worlds” logic language,New Generation Computing,,,,10.1007/BF03037139,Giorgio LeviGiuseppe Sardu,1988,https://link.springer.com/article/10.1007/BF03037139,Article
Kant in Russia: The initial phase,Studies in Soviet Thought,,,,10.1007/BF01043897,Thomas Nemeth,1988,https://link.springer.com/article/10.1007/BF01043897,Article
Translating between programming languages,Attribute Grammar Inversion and Source-to-source Translation,,,,10.1007/3-540-19072-4_6,,1988,https://link.springer.com/chapter/10.1007/3-540-19072-4_6,Chapter
Electronic ceramics,Sadhana,,,,10.1007/BF02811957,V C S Prasad,1988,https://link.springer.com/article/10.1007/BF02811957,Article
The INVERT system,Attribute Grammar Inversion and Source-to-source Translation,,,,10.1007/3-540-19072-4_5,,1988,https://link.springer.com/chapter/10.1007/3-540-19072-4_5,Chapter
Composition and evaluation of attribute coupled grammars,Acta Informatica,,,,10.1007/BF02737108,Robert Giegerich,1988,https://link.springer.com/article/10.1007/BF02737108,Article
Classified bibliography,Attribute Grammars,,,,10.1007/BFb0030512,,1988,https://link.springer.com/chapter/10.1007/BFb0030512,Chapter
Hypertension,Prevention in Clinical Practice,,,,10.1007/978-1-4684-5356-0_13,Mark T. O’Connell,1988,https://link.springer.com/chapter/10.1007/978-1-4684-5356-0_13,Chapter
Introduction,Attribute Grammar Inversion and Source-to-source Translation,,,,10.1007/3-540-19072-4_1,,1988,https://link.springer.com/chapter/10.1007/3-540-19072-4_1,Chapter
The inversion of RIF grammars,Attribute Grammar Inversion and Source-to-source Translation,,,,10.1007/3-540-19072-4_3,,1988,https://link.springer.com/chapter/10.1007/3-540-19072-4_3,Chapter
Integrating code generation and peephole optimization,Acta Informatica,,,,10.1007/BF00268846,Mahadevan GanapathiCharles N. Fischer,1988,https://link.springer.com/article/10.1007/BF00268846,Article
Conclusions and future directions,Attribute Grammar Inversion and Source-to-source Translation,,,,10.1007/3-540-19072-4_7,,1988,https://link.springer.com/chapter/10.1007/3-540-19072-4_7,Chapter
Das OBSCURE-Projekt,Innovative Informations-Infrastrukturen,,,,10.1007/978-3-642-74116-6_9,Jacques LoeckxJoachim Philippi,1988,https://link.springer.com/chapter/10.1007/978-3-642-74116-6_9,Conference paper
Generalizing RIFs,Attribute Grammar Inversion and Source-to-source Translation,,,,10.1007/3-540-19072-4_4,,1988,https://link.springer.com/chapter/10.1007/3-540-19072-4_4,Chapter
Deforestation: Transforming programs to eliminate trees,ESOP '88,,,,10.1007/3-540-19027-9_23,Philip Wadler,1988,https://link.springer.com/chapter/10.1007/3-540-19027-9_23,Conference paper
Review of existing systems,Attribute Grammars,,,,10.1007/BFb0030511,,1988,https://link.springer.com/chapter/10.1007/BFb0030511,Chapter
Statistical Treatment of Stable Isotope Data,"Classical Marble: Geochemistry, Technology, Trade",,,,10.1007/978-94-015-7795-3_37,M. N. Leese,1988,https://link.springer.com/chapter/10.1007/978-94-015-7795-3_37,Chapter
Extended abstract of MIX: A self-applicable partial evaluator for experiments in compiler generation,Mathematical Foundations of Programming Language Semantics,,,,10.1007/3-540-19020-1_21,Neil D. JonesPeter SestoftHarald Søndergaard,1988,https://link.springer.com/chapter/10.1007/3-540-19020-1_21,Conference paper
Automatic restructuring of Fortran programs for parallel execution,Parallel Computing in Science and Engineering,,,,10.1007/3-540-18923-8_17,Constantine D. Polychronopoulos,1988,https://link.springer.com/chapter/10.1007/3-540-18923-8_17,Conference paper
Enzymatic Methods for Cleaving Proteins,New Protein Techniques,,,,10.1385/0-89603-126-8:57,Bryan John Smith,1988,https://link.springer.com/chapter/10.1385/0-89603-126-8:57,Protocol
Spectral index variations in supernova remnants,Supernova Shells and Their Birth Events,,,,10.1007/3-540-50435-4_4,E. FürstW. Reich,1988,https://link.springer.com/chapter/10.1007/3-540-50435-4_4,Conference paper
Prolog Architectures,Memory Performance of Prolog Architectures,,,,10.1007/978-1-4613-2017-3_2,Evan Tick,1988,https://link.springer.com/chapter/10.1007/978-1-4613-2017-3_2,Chapter
β-SiC MESFETs,MRS Online Proceedings Library,,,,10.1557/PROC-97-227,G. KelnerS. BinariK. SlegerH. Kong,1987,https://link.springer.com/article/10.1557/PROC-97-227,Article
Realization of a knowledge-based parallelization tool in a programming environment,Supercomputing,,,,10.1007/3-540-18991-2_20,Thomas BrandesManfred Sommer,1988,https://link.springer.com/chapter/10.1007/3-540-18991-2_20,Conference paper
Quantitative estimates of the reproducibility of measurements,Measurement Techniques,,,,10.1007/BF00865063,V. Yu. KaminskiiA. V. Sadchikov,1987,https://link.springer.com/article/10.1007/BF00865063,Article
Digital encoders of sine-cosine rotating transformers output signals,Measurement Techniques,,,,10.1007/BF00865064,V. G. DomrachevYu. S. Smirnov,1987,https://link.springer.com/article/10.1007/BF00865064,Article
HII Regions and Radio Recombination Lines,Galactic and Extragalactic Radio Astronomy,,,,10.1007/978-1-4612-3936-9_2,Mark A. Gordon,1988,https://link.springer.com/chapter/10.1007/978-1-4612-3936-9_2,Chapter
Raw Materials,The Printing Ink Manual,,,,10.1007/978-1-4684-6906-6_4,M. J. Clayton,1988,https://link.springer.com/chapter/10.1007/978-1-4684-6906-6_4,Chapter
Raw Materials,The Printing Ink Manual,,,,10.1007/978-94-011-7097-0_4,M. Clayton,1988,https://link.springer.com/chapter/10.1007/978-94-011-7097-0_4,Chapter
Organometallic compounds of elements of main groups IV and V,Principles of Organometallic Chemistry,,,,10.1007/978-94-009-1197-0_4,P. Powell,1988,https://link.springer.com/chapter/10.1007/978-94-009-1197-0_4,Chapter
Semi-automatic process partitioning for parallel computation,International Journal of Parallel Programming,,,,10.1007/BF01407902,Charles KoelbelPiyush MehrotraJohn Van Rosendale,1987,https://link.springer.com/article/10.1007/BF01407902,Article
"Interstellar Matter, Nebulae","Literature 1987, Part 2",,,,10.1007/978-3-662-12361-4_14,U. EsserH. HefeleI. HeinrichW. HofmannD. KrahnV. R. MatasL. D. SchmadelG. Zech,1988,https://link.springer.com/chapter/10.1007/978-3-662-12361-4_14,Chapter
Compiling OR-parallelism into AND-parallelism,New Generation Computing,,,,10.1007/BF03037457,Michael CodishEhud Shapiro,1987,https://link.springer.com/article/10.1007/BF03037457,Article
How to invent a Prolog machine,New Generation Computing,,,,10.1007/BF03037460,Peter Kursawe,1987,https://link.springer.com/article/10.1007/BF03037460,Article
Flat Parlog: A basis for comparison,International Journal of Parallel Programming,,,,10.1007/BF01379097,Ian FosterStephen Taylor,1987,https://link.springer.com/article/10.1007/BF01379097,Article
Optimizing equational programs,Rewriting Techniques and Applications,,,,10.1007/3-540-17220-3_2,Robert Strandh,1987,https://link.springer.com/chapter/10.1007/3-540-17220-3_2,Conference paper
Program development by transformation and refinement,Advanced Programming Environments,,,,10.1007/3-540-17189-4_114,Stefan JähnichenFatima Ali HussainMatthias Weber,1987,https://link.springer.com/chapter/10.1007/3-540-17189-4_114,Conference paper
Controlling the behaviour of functional language systems,Functional Programming Languages and Computer Architecture,,,,10.1007/3-540-18317-5_16,John DarlingtonLyndon While,1987,https://link.springer.com/chapter/10.1007/3-540-18317-5_16,Conference paper
Parallel graph reduction on a supercomputer: A status report,Graph Reduction,,,,10.1007/3-540-18420-1_52,Randy MichelsenLauren SmithElizabeth WilliamsBonnie Yantis,1987,https://link.springer.com/chapter/10.1007/3-540-18420-1_52,Conference paper
Concurrent Prolog: A Progress Report,Fundamentals of Artificial Intelligence,,,,10.1007/978-3-662-40145-3_7,Ehud Shapiro,1987,https://link.springer.com/chapter/10.1007/978-3-662-40145-3_7,Chapter
Magnetic Vortex Tubes and Charge Acceleration,Interstellar Magnetic Fields,,,,10.1007/978-3-642-72621-7_38,P. F. Browne,1987,https://link.springer.com/chapter/10.1007/978-3-642-72621-7_38,Conference paper
Genetic and Environmental Manipulation of Aging in Caenorhabditis elegans,Evolution of Longevity in Animals,,,,10.1007/978-1-4613-1939-9_3,Richard L. RussellRenée I. Seppa,1987,https://link.springer.com/chapter/10.1007/978-1-4613-1939-9_3,Chapter
Interfacing Prolog and External Data Management Systems: A Model,GWAI-87 11th German Workshop on Artifical Intelligence,,,,10.1007/978-3-642-73005-4_40,Heinrich Jaspers,1987,https://link.springer.com/chapter/10.1007/978-3-642-73005-4_40,Conference paper
Plant carbohydrates—An overview,Proceedings / Indian Academy of Sciences,,,,10.1007/BF03053322,R N TharanathanG MuralikrishnaP V SalimathM R Raghavendra Rao,1987,https://link.springer.com/article/10.1007/BF03053322,Article
World Coal Demand: Bridging the Energy Future?,Energy Demand,,,,10.1007/978-1-349-09279-6_8,Colin Robinson,1987,https://link.springer.com/chapter/10.1007/978-1-349-09279-6_8,Chapter
Chemical Abundances in Molecular Clouds,Interstellar Processes,,,,10.1007/978-94-009-3861-8_21,W. M. IrvineP. F. GoldsmithÅ. Hjalmarson,1987,https://link.springer.com/chapter/10.1007/978-94-009-3861-8_21,Conference paper
Experimental investigations of astronomically important interstellar silicates,Astrophysics and Space Science,,,,10.1007/BF00656018,J. DorschnerTh. Henning,1986,https://link.springer.com/article/10.1007/BF00656018,Article
Organic molecules in space,Organic Geo- and Cosmochemistry,,,,10.1007/BFb0018080,Gisbert WinnewisserEric Herbst,1987,https://link.springer.com/chapter/10.1007/BFb0018080,Conference paper
Loops skewing: The wavefront method revisited,International Journal of Parallel Programming,,,,10.1007/BF01407876,Michael Wolfe,1986,https://link.springer.com/article/10.1007/BF01407876,Article
Compiling OR-parallelism into AND-parallelism,Third International Conference on Logic Programming,,,,10.1007/3-540-16492-8_82,Michael CodishEhud Shapiro,1986,https://link.springer.com/chapter/10.1007/3-540-16492-8_82,Conference paper
An investigation of diffuse cloud chemistry,Astrophysics and Space Science,,,,10.1007/BF00653709,A. P. C. MannD. A. Williams,1986,https://link.springer.com/article/10.1007/BF00653709,Article
How to invent a Prolog machine,Third International Conference on Logic Programming,,,,10.1007/3-540-16492-8_70,Peter Kursawe,1986,https://link.springer.com/chapter/10.1007/3-540-16492-8_70,Conference paper
The Architecture of Parallel Computers,Control Flow and Data Flow: Concepts of Distributed Programming,,,,10.1007/978-3-642-82921-5_7,Clyde P. KruskalLarry RudolphRon Cytron,1986,https://link.springer.com/chapter/10.1007/978-3-642-82921-5_7,Conference paper
Detection and optimization of functional computations in Prolog,Third International Conference on Logic Programming,,,,10.1007/3-540-16492-8_97,Saumya K. DebrayDavid S. Warren,1986,https://link.springer.com/chapter/10.1007/3-540-16492-8_97,Conference paper
Practical Aspects of Wavefield Stability,The Marine Seismic Source,,,,10.1007/978-94-017-3385-4_4,Gregg ParkesLes Hatton,1986,https://link.springer.com/chapter/10.1007/978-94-017-3385-4_4,Chapter
Automatic parallelization of fortran programs in the presence of procedure calls,ESOP 86,,,,10.1007/3-540-16442-1_16,Rémi TrioletPaul FeautrierFrançois Irigoin,1986,https://link.springer.com/chapter/10.1007/3-540-16442-1_16,Conference paper
Concurrent Prolog: A progress report,Fundamentals of Artificial Intelligence,,,,10.1007/BFb0022685,Ehud Shapiro,1986,https://link.springer.com/chapter/10.1007/BFb0022685,Chapter
The Identification of IRAS Galaxies,Light on Dark Matter,,,,10.1007/978-94-009-4672-9_90,R. D. WolstencroftR. G. ClowesM. KalafiS. K. LeggettH. T. MacGillivrayA. Savage,1986,https://link.springer.com/chapter/10.1007/978-94-009-4672-9_90,Conference paper
Experimental Investigations of Astronomically Important Interstellar Silicates,The Role of Dust in Dense Regions of Interstellar Matter,,,,10.1007/978-94-009-3785-7_7,J. DorschnerTh. Henning,1986,https://link.springer.com/chapter/10.1007/978-94-009-3785-7_7,Conference paper
Quasi-periodic oscillations in bright galactic-bulge X-ray sources,Nature,,,,10.1038/317681a0,F. K. LambN. ShibazakiM. A. AlparJ. Shaham,1985,https://link.springer.com/article/10.1038/317681a0,Article
Stages in the psychological response to unemployment: A (dis)integrative review,Current Psychological Research & Reviews,,,,10.1007/BF02686575,David Fryer,1985,https://link.springer.com/article/10.1007/BF02686575,Article
The Infrared Characteristics of Circumstellar Silicate Grains,Mass Loss from Red Giants,,,,10.1007/978-94-009-5428-1_13,W. SchutteA. G. G. M. Tielens,1985,https://link.springer.com/chapter/10.1007/978-94-009-5428-1_13,Conference paper
Optimizing almost-tail-recursive prolog programs,Functional Programming Languages and Computer Architecture,,,,10.1007/3-540-15975-4_38,Saumya K. Debray,1985,https://link.springer.com/chapter/10.1007/3-540-15975-4_38,Conference paper
Mechanical translation of set theoretic problem specifications into efficient RAM code — A case study,EUROCAL '85,,,,10.1007/3-540-15984-3_329,Robert PaigeFritz Henglein,1985,https://link.springer.com/chapter/10.1007/3-540-15984-3_329,Conference paper
A Guide for Reliability and Maintainability Data Acquisition,Risk Analysis in the Private Sector,,,,10.1007/978-1-4613-2465-2_29,M. J. HaireE. H. Gift,1985,https://link.springer.com/chapter/10.1007/978-1-4613-2465-2_29,Chapter
"Stable Isotopic Compositions of Hydrogen, Carbon, Nitrogen, Oxygen and Sulfur in Meteoritic Low Temperature Condensates",Ices in the Solar System,,,,10.1007/978-94-009-5418-2_15,I. P. Wright,1985,https://link.springer.com/chapter/10.1007/978-94-009-5418-2_15,Chapter
An experiment in partial evaluation: The generation of a compiler generator,Rewriting Techniques and Applications,,,,10.1007/3-540-15976-2_6,Neil D. JonesPeter SestoftHarald Søndergaard,1985,https://link.springer.com/chapter/10.1007/3-540-15976-2_6,Conference paper
"Serial combinators: ""optimal"" grains of parallelism",Functional Programming Languages and Computer Architecture,,,,10.1007/3-540-15975-4_49,Paul HudakBenjamin Goldberg,1985,https://link.springer.com/chapter/10.1007/3-540-15975-4_49,Conference paper
Radio Astronomy,Reports on Astronomy,,,,10.1007/978-94-009-5392-5_30,Richard M. West,1985,https://link.springer.com/chapter/10.1007/978-94-009-5392-5_30,Chapter
"Interstellar Matter, Nebulae","Literature 1985, Part 1",,,,10.1007/978-3-662-12352-2_14,S. BöhmeU. EsserW. FrickeH. HefeleInge HeinrichW. HofmannD. KrahnV. R. MatasLutz D. SchmadelG. Zech,1985,https://link.springer.com/chapter/10.1007/978-3-662-12352-2_14,Chapter
"Interstellar Matter, Nebulae","Literature 1984, Part 2",,,,10.1007/978-3-662-12346-1_14,S. BöhmeWalter FrickeH. HefeleInge HeinrichW. HofmannD. KrahnV. R. MatasLutz D. SchmadelG. Zech,1985,https://link.springer.com/chapter/10.1007/978-3-662-12346-1_14,Chapter
Interstellar Matter,Reports on Astronomy,,,,10.1007/978-94-009-5392-5_25,Richard M. West,1985,https://link.springer.com/chapter/10.1007/978-94-009-5392-5_25,Chapter
"Radio Observations of Interstellar Molecules, of their behaviour, and of their physics",Molecular Astrophysics,,,,10.1007/978-94-009-5432-8_3,O. E. H. RydbeckÅ Hjalmarson,1985,https://link.springer.com/chapter/10.1007/978-94-009-5432-8_3,Chapter
Language Comparison and Source-to-Source Translation,Program Transformation and Programming Environments,,,,10.1007/978-3-642-46490-4_26,Bernd Krieg-Brückner,1984,https://link.springer.com/chapter/10.1007/978-3-642-46490-4_26,Conference paper
Die geschichtliche Entwicklung der Nierentransplantation,Psychonephrologie,,,,10.1007/978-3-642-69680-0_2,H. G. Hartmann,1985,https://link.springer.com/chapter/10.1007/978-3-642-69680-0_2,Chapter
Transformational Derivation of Parsing Algorithms Executable on Parallel Architectures,Programmiersprachen und Programmentwicklung,,,,10.1007/978-3-642-69393-9_3,H. Partsch,1984,https://link.springer.com/chapter/10.1007/978-3-642-69393-9_3,Chapter
How to Implement a System for Manipulation of Attributed Trees,Programmiersprachen und Programmentwicklung,,,,10.1007/978-3-642-69393-9_8,Ulrich MönckeBeatrix WeisgerberReinhard Wilhelm,1984,https://link.springer.com/chapter/10.1007/978-3-642-69393-9_8,Chapter
Ionospheric refraction in radio source observations at long radio wavelengths,Journal of Astrophysics and Astronomy,,,,10.1007/BF02714972,W. C. Erickson,1984,https://link.springer.com/article/10.1007/BF02714972,Article
Algebraic Methods for Program Construction: The Project CIP,Program Transformation and Programming Environments,,,,10.1007/978-3-642-46490-4_18,Manfred Broy,1984,https://link.springer.com/chapter/10.1007/978-3-642-46490-4_18,Conference paper
Circular polarization and the structure of compact extragalactic radio sources,Astrophysics and Space Science,,,,10.1007/BF00651598,Esko Valtaoja,1984,https://link.springer.com/article/10.1007/BF00651598,Article
Metals and Alloys: Expansion and Contraction,Advances in Cryogenic Engineering Materials,,,,10.1007/978-1-4613-9868-4_47,G. K. White,1984,https://link.springer.com/chapter/10.1007/978-1-4613-9868-4_47,Chapter
An Environment for High-level Program Development,Programmiersprachen und Programmentwicklung,,,,10.1007/978-3-642-69393-9_10,Peter GrogonoV. S. Alagar,1984,https://link.springer.com/chapter/10.1007/978-3-642-69393-9_10,Chapter
"The use of Diana in compilers, language transformers, formatters, and debuggers",Ada Software Tools Interfaces,,,,10.1007/3-540-13878-1_7,Guido Persch,1984,https://link.springer.com/chapter/10.1007/3-540-13878-1_7,Conference paper
The program dependence graph and its use in optimization,International Symposium on Programming,,,,10.1007/3-540-12925-1_33,Jeanne FerranteKarl J. OttensteinJoe D. Warren,1984,https://link.springer.com/chapter/10.1007/3-540-12925-1_33,Conference paper
Infrared Spectroscopy of Evolved Objects,Galactic and Extragalactic Infrared Spectroscopy,,,,10.1007/978-94-009-7251-3_21,David K. AitkenPatrick F. Roche,1984,https://link.springer.com/chapter/10.1007/978-94-009-7251-3_21,Conference paper
Current Use of Legume Inoculant Technology,Biological Nitrogen Fixation,,,,10.1007/978-1-4613-2747-9_8,P. M. Williams,1984,https://link.springer.com/chapter/10.1007/978-1-4613-2747-9_8,Chapter
"Interstellar Matter, Nebulae","Literature 1984, Part 1",,,,10.1007/978-3-662-12343-0_14,S. BöhmeWalter FrickeH. HefeleInge HeinrichW. HofmannD. KrahnV. R. MatasLutz D. SchmadelG. Zech,1984,https://link.springer.com/chapter/10.1007/978-3-662-12343-0_14,Chapter
Assessment of vegetation cover in India: LANDSAT images on band 5 black and white of 1980–82,Proceedings of the Indian Academy of Sciences Section C: Engineering Sciences,,,,10.1007/BF02842883,A. B. ChaudhuriR. P. SharmaM. K. Sharma,1983,https://link.springer.com/article/10.1007/BF02842883,Article
Determination of distances to interstellar clouds using OH absorption lines,Astrophysics,,,,10.1007/BF01005695,I. G. KolesnikL. V. Yurevich,1983,https://link.springer.com/article/10.1007/BF01005695,Article
Program Construction by Transformations: A Family Tree of Sorting Programs,Computer Program Synthesis Methodologies,,,,10.1007/978-94-009-7019-9_1,Manfred Broy,1983,https://link.springer.com/chapter/10.1007/978-94-009-7019-9_1,Conference paper
Deriving very efficient algorithms for evaluating linear recurrence relations using the program transformation technique,Acta Informatica,,,,10.1007/BF00264438,A. PettorossiR. M. Burstall,1982,https://link.springer.com/article/10.1007/BF00264438,Article
Genotype-Environment Interaction in Rust Resistance in Mississippi Loblolly Pine,Forest Science,,,,10.1093/forestscience/28.4.797,Osborn O. WellsGeorge L. SwitzerWarren L. Nance,1982,https://link.springer.com/article/10.1093/forestscience/28.4.797,Article
Implementation options,DIANA An Intermediate Language for Ada,,,,10.1007/3-540-12695-3_18,,1983,https://link.springer.com/chapter/10.1007/3-540-12695-3_18,Chapter
MERLIN observations of superluminal radio sources,Nature,,,,10.1038/299788a0,I. W. A. BrowneR. R. ClarkP. K. MooreT. W. B. MuxlowP. N. WilknsonM. H. CohenR. W. Porcas,1982,https://link.springer.com/article/10.1038/299788a0,Article
Communications Engineering and Computer Science,Masters Theses in the Pure and Applied Sciences,,,,10.1007/978-1-4613-3700-3_10,Wade H. Shafer,1982,https://link.springer.com/chapter/10.1007/978-1-4613-3700-3_10,Chapter
Introduction,"Nigeria: Its Petroleum Geology, Resources and Potential",,,,10.1007/978-94-009-7361-9_1,Arthur Whiteman,1982,https://link.springer.com/chapter/10.1007/978-94-009-7361-9_1,Chapter
Programming,The Illiac IV,,,,10.1007/978-3-662-10345-6_4,R. Michael Hord,1982,https://link.springer.com/chapter/10.1007/978-3-662-10345-6_4,Chapter
Comparison of mathematical models for the maternal age dependence of Down's syndrome rates,Human Genetics,,,,10.1007/BF00283670,Scott H. LamsonErnest B. Hook,1981,https://link.springer.com/article/10.1007/BF00283670,Article
Folylpoly-γ-glutamate synthesis by bacteria and mammalian cells,Molecular and Cellular Biochemistry,,,,10.1007/BF00232575,David J. CichowiczSiang K. FooBarry Shane,1981,https://link.springer.com/article/10.1007/BF00232575,Article
Practical Demonstration of Multiple-Source Urban Air Quality Simulation Models,Air Pollution,,,,10.1007/978-1-4757-9131-0_5,Erich Weber,1982,https://link.springer.com/chapter/10.1007/978-1-4757-9131-0_5,Chapter
New discoveries from the interstellar laboratory,Nature,,,,10.1038/293339a0,Eva N. Rodríguez Kuiper,1981,https://link.springer.com/article/10.1038/293339a0,Article
Plasma diagnostics in an astrophysical setting,Nature,,,,10.1038/293338a0,David J. Helfand,1981,https://link.springer.com/article/10.1038/293338a0,Article
"Interstellar Matter, Nebulae",Astronomy and Astrophysics Abstracts,,,,10.1007/978-3-662-12334-8_14,S. BöhmeW. FrickeH. HefeleI. HeinrichW. HofmannD. KrahnV. R. MatasL. D. SchmadelG. Zech,1982,https://link.springer.com/chapter/10.1007/978-3-662-12334-8_14,Chapter
"Stellar Systems, Galaxy, Extragalactic Objects, Cosmology",Astronomy and Astrophysics Abstracts,,,,10.1007/978-3-662-12334-8_16,S. BöhmeW. FrickeH. HefeleI. HeinrichW. HofmannD. KrahnV. R. MatasL. D. SchmadelG. Zech,1982,https://link.springer.com/chapter/10.1007/978-3-662-12334-8_16,Chapter
Preparation of high purity labelled Rose-Bengal with radioiodine,Journal of Radioanalytical Chemistry,,,,10.1007/BF02516101,E. HallabaS. El-BayoumyG. El-Shaboury,1981,https://link.springer.com/article/10.1007/BF02516101,Article
Folylpoly-γ-glutamate synthesis by bacteria and mammalian cells,The Biological Effects of Glutamic Acid and Its Derivatives,,,,10.1007/978-94-009-8027-3_13,David J. CichowiczSiang K. FooBarry Shane,1981,https://link.springer.com/chapter/10.1007/978-94-009-8027-3_13,Chapter
Automatic program restructuring for high-speed computation,Conpar 81,,,,10.1007/BFb0105110,D. J. Kuck,1981,https://link.springer.com/chapter/10.1007/BFb0105110,Conference paper
"Graph rewriting and automatic, machine-independent program optimization",Graphtheoretic Concepts in Computer Science,,,,10.1007/3-540-10291-4_5,M. Nagl,1981,https://link.springer.com/chapter/10.1007/3-540-10291-4_5,Conference paper
Application of Graph Rewriting to Optimization and Parallelization of Programs,Parallel Processes and Related Automata / Parallele Prozesse und damit zusammenhängende Automaten,,,,10.1007/978-3-7091-8596-4_7,M. Nagl,1981,https://link.springer.com/chapter/10.1007/978-3-7091-8596-4_7,Chapter
Substance Abuse Disorders,Neuropsychiatric Features of Medical Disorders,,,,10.1007/978-1-4684-3920-5_17,James W. JeffersonJohn R. Marshall,1981,https://link.springer.com/chapter/10.1007/978-1-4684-3920-5_17,Chapter
Correctness of the compiling process based on axiomatic semantics,Acta Informatica,,,,10.1007/BF00289061,Bruce Russell,1980,https://link.springer.com/article/10.1007/BF00289061,Article
A pragmatic approach to resolution-based theorem proving,International Journal of Computer & Information Sciences,,,,10.1007/BF00982291,Judy A. Townley,1980,https://link.springer.com/article/10.1007/BF00982291,Article
Interstellar molecules,Journal of Molecular Evolution,,,,10.1007/BF01732663,B. E. Turner,1980,https://link.springer.com/article/10.1007/BF01732663,Article
A Multiprocessor-System for the Acquisition and Analysis of Video Image Sequences,Erzeugung und Analyse von Bildern und Strukturen,,,,10.1007/978-3-642-67687-1_15,R. BrenneckeH. J. HahneP. H. Heintzen,1980,https://link.springer.com/chapter/10.1007/978-3-642-67687-1_15,Conference paper
"OPTRAN, a Language for the Specification of Program Transformations",Programmiersprachen und Programmentwicklung,,,,10.1007/978-3-642-67600-0_10,Ingrid GlasnerUlrich MönckeReinhard Wilhelm,1980,https://link.springer.com/chapter/10.1007/978-3-642-67600-0_10,Conference paper
Formal description of programming concepts,Mathematical Foundations of Computer Science 1980,,,,10.1007/BFb0022492,Dines Bjørner,1980,https://link.springer.com/chapter/10.1007/BFb0022492,Conference paper
Suggestions for composing and specifying program design decisions,International Symposium on Programming,,,,10.1007/3-540-09981-6_22,M. Sintzoff,1980,https://link.springer.com/chapter/10.1007/3-540-09981-6_22,Conference paper
Surveys of Galactic Hydrogen Radio Recombination Line Emission,Radio Recombination Lines,,,,10.1007/978-94-009-9024-1_18,T. L. Wilson,1980,https://link.springer.com/chapter/10.1007/978-94-009-9024-1_18,Conference paper
Low Frequency Recombination Line Surveys of the Galactic Plane,Radio Recombination Lines,,,,10.1007/978-94-009-9024-1_17,Felix J. Lockman,1980,https://link.springer.com/chapter/10.1007/978-94-009-9024-1_17,Conference paper
Infrared Astronomy,Astrophysics from Spacelab,,,,10.1007/978-94-009-8979-5_8,Ezio BussolettiRoberto FabbriFrancesco Melchiorri,1980,https://link.springer.com/chapter/10.1007/978-94-009-8979-5_8,Chapter
Use of Serum Creatinine Concentrations to Determine Renal Function1,Clinical Pharmacokinetics,,,,10.2165/00003088-197904030-00003,Thorir D. Bjornsson,1979,https://link.springer.com/article/10.2165/00003088-197904030-00003,Article
Systematics of transformation rules,Program Construction,,,,10.1007/BFb0014672,F. L. BauerM. BroyH. PartschP. PepperH. Wössner,1979,https://link.springer.com/chapter/10.1007/BFb0014672,Chapter
Towards a wide spectrum language to support program specification and program development,Program Construction,,,,10.1007/BFb0014682,F. L. BauerM. BroyR. GnatzW. HesseB. Krieg-BrücknertH. PartschP. PepperH. Wössner,1979,https://link.springer.com/chapter/10.1007/BFb0014682,Chapter
Tholins: organic chemistry of interstellar grains and gas,Nature,,,,10.1038/277102a0,Carl SaganB. N. Khare,1979,https://link.springer.com/article/10.1038/277102a0,Article
Applications of Atomic Physics to Astrophysical Plasmas,Progress in Atomic Spectroscopy,,,,10.1007/978-1-4613-3935-9_18,Carole Jordan,1979,https://link.springer.com/chapter/10.1007/978-1-4613-3935-9_18,Chapter
The Bengkalis Hunger Riots of 1935,Between People and Statistics,,,,10.1007/978-94-009-8846-0_16,William J. O’Malley,1979,https://link.springer.com/chapter/10.1007/978-94-009-8846-0_16,Chapter
Fiber Optic System Design and Component Selection,Fiber Optics,,,,10.1007/978-1-4684-3492-7_28,G. J. Wilhelmi,1979,https://link.springer.com/chapter/10.1007/978-1-4684-3492-7_28,Chapter
The method of attributes for data flow analysis,Acta Informatica,,,,10.1007/BF00264319,Wayne A. BabichMehdi Jazayeri,1978,https://link.springer.com/article/10.1007/BF00264319,Article
"Interstellar Matter, Nebulae","Literature 1979, Part 1",,,,10.1007/978-3-662-12316-4_14,Siegfried BöhmeUte EsserWalter FrickeInge HeinrichWilfried HofmannDietlinde KrahnDorothea RosaLutz D. SchmadelGert Zech,1979,https://link.springer.com/chapter/10.1007/978-3-662-12316-4_14,Chapter
Proving and applying program transformations expressed with second-order patterns,Acta Informatica,,,,10.1007/BF00264598,Gérard HuetBernard Lang,1978,https://link.springer.com/article/10.1007/BF00264598,Article
Towards a Wide Spectrum Language to Support Program Specification and Program Development,Programmiersprachen,,,,10.1007/978-3-642-87956-2_5,F. L. BauerM. BroyR. GnatzW. HesseB. Krieg-Brückner,1978,https://link.springer.com/chapter/10.1007/978-3-642-87956-2_5,Chapter
Oestrogen content of the embryonic rabbit ovary,Nature,,,,10.1038/274172a0,FREDRICK W. GEORGELEON MILEWICHJEAN D. WILSON,1978,https://link.springer.com/article/10.1038/274172a0,Article
Autoimmume and polyclonal B cell responses during murine malaria,Nature,,,,10.1038/274170a0,YVONNE J. ROSENBERG,1978,https://link.springer.com/article/10.1038/274170a0,Article
Refinement of the model,A simulation approach to the study of human fertility,,,,10.1007/978-1-4613-4089-8_4,Gigi Santow,1978,https://link.springer.com/chapter/10.1007/978-1-4613-4089-8_4,Chapter
Leukocyte Transfusions for the Modification of Host-versus-graft Reactions in Dogs,Experimental Hematology Today 1978,,,,10.1007/978-1-4612-6304-3_11,I. RiederH. J. KolbE. SchäfferH. KolbH. Gross-WildeS. ScholzS. Thierfelder,1978,https://link.springer.com/chapter/10.1007/978-1-4612-6304-3_11,Conference paper
Theoretical Aspects of the Infrared Emission from HII Regions,Infrared Astronomy,,,,10.1007/978-94-009-9815-5_5,Nino Panagia,1978,https://link.springer.com/chapter/10.1007/978-94-009-9815-5_5,Conference paper
X-ray burst sources,Nature,,,,10.1038/270211a0,Walter H. G. LewinPaul C. Joss,1977,https://link.springer.com/article/10.1038/270211a0,Article
Accretion torques in X-ray pulsars,Nature,,,,10.1038/266683a0,S. RappaportP. C. Joss,1977,https://link.springer.com/article/10.1038/266683a0,Article
Abstract Data Types and the Development of Data Structures,Pioneers and Their Contributions to Software Engineering,,,,10.1007/978-3-642-48354-7_16,B. WegbreitJohn Guttag,1977,https://link.springer.com/chapter/10.1007/978-3-642-48354-7_16,Chapter
Programming language design issues,Design and Implementation of Programming Languages,,,,10.1007/BFb0021434,T. E. Cheatham,1977,https://link.springer.com/chapter/10.1007/BFb0021434,Conference paper
Multiple program realizations using the tampr system,Portability of Numerical Software,,,,10.1007/3-540-08446-0_51,Kenneth W. Dritz,1977,https://link.springer.com/chapter/10.1007/3-540-08446-0_51,Conference paper
Formal transformations and the development of programs,Mathematical Foundations of Computer Science 1977,,,,10.1007/3-540-08353-7_147,Friedrich W. von Henke,1977,https://link.springer.com/chapter/10.1007/3-540-08353-7_147,Conference paper
(12C/13C) Ratios Obtained from Radioastronomical Measurements,CNO Isotopes in Astrophysics,,,,10.1007/978-94-010-1232-4_12,T. L. WilsonJ. H. Bieging,1977,https://link.springer.com/chapter/10.1007/978-94-010-1232-4_12,Conference paper
CNO Isotope Abundances in Interstellar Clouds,CNO Isotopes in Astrophysics,,,,10.1007/978-94-010-1232-4_9,Peter G. Wannier,1977,https://link.springer.com/chapter/10.1007/978-94-010-1232-4_9,Conference paper
Galactic Evolution of CNO Isotopes: the Case of 15N*,CNO Isotopes in Astrophysics,,,,10.1007/978-94-010-1232-4_20,Jean AudouzeJames LequeuxBrigitte Rocca-VolmerangeLaurent Vigroux,1977,https://link.springer.com/chapter/10.1007/978-94-010-1232-4_20,Conference paper
New evidence on the origin of rotation measures in extragalactic radio sources,Nature,,,,10.1038/263653a0,P. P. KronbergMartine Simard-Normandin,1976,https://link.springer.com/article/10.1038/263653a0,Article
Discriminant trace-element analysis of strata in the Witwatersrand System,Journal of the International Association for Mathematical Geology,,,,10.1007/BF01028980,Ronald I. HutchisonDonald L. SkinnerDonald R. Bowes,1976,https://link.springer.com/article/10.1007/BF01028980,Article
"Effective cross sections for fission of U<sup>233</sup>, U<sup>235</sup>, Pu<sup>239</sup> and Pu<sup>240</sup> by neutrons with energies from 30 kev to 5 Mev",The Soviet Journal of Atomic Energy,,,,10.1007/BF01480700,G. A. DorofeevYu. P. Dobrynin,1957,https://link.springer.com/article/10.1007/BF01480700,Article
Determination of<i>L</i> subshell ratios of pure<i>M</i>1 transitions,Zeitschrift für Physik,,,,10.1007/BF01322062,S. HögbergS. -E. KarlssonC. -H. NorbergA. H. El-Farrash,1967,https://link.springer.com/article/10.1007/BF01322062,Article
The KLL Auger spectrum of fluorine,Zeitschrift für Physik A Hadrons and nuclei,,,,10.1007/BF01380547,R. G. AlbridgeK. HamrinG. JohanssonA. Fahlman,1968,https://link.springer.com/article/10.1007/BF01380547,Article
Extraterrestrial organic analysis,Space life sciences,,,,10.1007/BF00926781,J. Oró,1972,https://link.springer.com/article/10.1007/BF00926781,Article
"Properties of Xanthine Dehydrogenase in the Silkworm, <i>Bombyx mori</i> L.",Nature,,,,10.1038/192756b0,YOSHIYUKI HAYASHI,1961,https://link.springer.com/article/10.1038/192756b0,Article
Altithermal Timberline Advance in Western United States,Nature,,,,10.1038/213980a0,VALMORE C. LAMARCHE jun.HAROLD A. MOONEY,1967,https://link.springer.com/article/10.1038/213980a0,Article
Quantity and Hydrologic Characteristics of Litter under Upland Oak Forests in Eastern Tennessee,Journal of Forestry,,,,10.1093/jof/53.3.190,Frank E. Blow,1955,https://link.springer.com/article/10.1093/jof/53.3.190,Article
"Enhancements of Interplanetary Scintillation, Corotating Streams and Forbush Decreases",Nature,,,,10.1038/224356a0,JOCELYN BURNELL,1969,https://link.springer.com/article/10.1038/224356a0,Article
Variations in the Flux Density of Some Quasi-stellar Sources,Nature,,,,10.1038/213977a0,K. I. KELLERMANNI. I. K. PAULINY-TOTH,1967,https://link.springer.com/article/10.1038/213977a0,Article
Frequency Structure of Pulsar Intensity Variations,Nature,,,,10.1038/221158a0,B. J. RICKETT,1969,https://link.springer.com/article/10.1038/221158a0,Article
Collective Plasma Phenomena and their Role in the Dynamics of the Interstellar Medium,Interstellar Gas Dynamics,,,,10.1007/978-94-010-3329-9_7,B. B. KadomtsevV. N. Tsytovich,1970,https://link.springer.com/chapter/10.1007/978-94-010-3329-9_7,Chapter
Morphogenetic Role of Glycosaminoglycans (Acid Mucopolysaccharides) in Brain and Other Tissues,Neuronal Recognition,,,,10.1007/978-1-4684-2205-4_10,Bryan P. Toole,1976,https://link.springer.com/chapter/10.1007/978-1-4684-2205-4_10,Chapter
Supernova Remnants,Galactic and Extra-Galactic Radio Astronomy,,,,10.1007/978-3-642-96178-6_5,David E. Hogg,1974,https://link.springer.com/chapter/10.1007/978-3-642-96178-6_5,Chapter
Volcano Theory of Pulsars,Nature,,,,10.1038/223486a0,FREEMAN J. DYSON,1969,https://link.springer.com/article/10.1038/223486a0,Article
The middle ear of the Tokay Gecko,Journal of comparative physiology,,,,10.1007/BF00693629,Geoffrey A. Manley,1972,https://link.springer.com/article/10.1007/BF00693629,Article
Evaluating health programs,Journal of Community Health,,,,10.1007/BF01318942,Noralou P. Roos,1975,https://link.springer.com/article/10.1007/BF01318942,Article
Electrodynamics of pulsars,La Rivista del Nuovo Cimento,,,,10.1007/BF02896888,B. Bertotti,1970,https://link.springer.com/article/10.1007/BF02896888,Article
The transmission of information to human receivers,AV communication review,,,,10.1007/BF02768693,Robert M. W. Travers,1964,https://link.springer.com/article/10.1007/BF02768693,Article
Interstellar Hydrogen Atoms on Graphite Grains,Nature,,,,10.1038/223487b0,H. A. J. MCINTYRED. A. WILLIAMS,1969,https://link.springer.com/article/10.1038/223487b0,Article
"Interstellar Matter, Gaseous Nebulae, Planetary Nebulae","Literature 1976, Part 1",,,,10.1007/978-3-662-12304-1_13,S. BöhmeU. EsserW. FrickeU. Güntzel-LingnerI. HeinrichF. HennD. KrahnL. D. SchmadelH. SchollG. Zech,1976,https://link.springer.com/chapter/10.1007/978-3-662-12304-1_13,Chapter
Measurements of electric quadrupole moments by the pac-technique,Nuclear Structure Physics,,,,10.1007/3-540-06554-7_10,Erwin Bodenstedt,1973,https://link.springer.com/chapter/10.1007/3-540-06554-7_10,Conference paper
The Reforms and the Grain Trade,"Bread, Politics and Political Economy in the Reign of Louis XV",,,,10.1007/978-94-010-1404-5_6,Steven L. Kaplan,1976,https://link.springer.com/chapter/10.1007/978-94-010-1404-5_6,Chapter
Conversion of 2-<sup>14</sup>C-Pteroyl-<span>L</span>-Monoglutamic Acid into Isoxanthopterin in <i>Drosophila melanogaster</i>,Nature,,,,10.1038/192757a0,J. A. BLAIR,1961,https://link.springer.com/article/10.1038/192757a0,Article
Pulsar Slowdown Rates for <i>CP</i> 0328 and <i>HP</i> 1506,Nature,,,,10.1038/223487a0,T. W. COLE,1969,https://link.springer.com/article/10.1038/223487a0,Article
Investigation of the cultivars of the basils (Ocimum),Economic Botany,,,,10.1007/BF02861381,Helen H. Darrah,1974,https://link.springer.com/article/10.1007/BF02861381,Article
Slowly varying component spectrum of the solar radio emission at millimetre wavelengths,Solar Physics,,,,10.1007/BF00231092,V. A. EfanovA. G. KislyakovI. G. Moiseev,1972,https://link.springer.com/article/10.1007/BF00231092,Article
The latifundista: The impact of his income and expenditure patterns on investment and consumption,Studies in Comparative International Development,,,,10.1007/BF02810979,Marvin J. Sternberg,1972,https://link.springer.com/article/10.1007/BF02810979,Article
Sun,"Literature 1974, Part 2",,,,10.1007/978-3-662-12295-2_9,S. BöhmeU. EsserW. FrickeU. Güntzel-LingnerF. HennD. KrahnH. SchollG. Zech,1975,https://link.springer.com/chapter/10.1007/978-3-662-12295-2_9,Chapter
Commission de la Radioastronomie,Reports on Astronomy/Proceedings of the Thirteenth General Assembly Prague 1967,,,,10.1007/978-94-010-3476-0_30,M. Ryle,1967,https://link.springer.com/chapter/10.1007/978-94-010-3476-0_30,Conference paper