Item Title,Publication Title,Book Series Title,Journal Volume,Journal Issue,Item DOI,Authors,Publication Year,URL,Content Type
Source-to-source compilation targeting OpenMP-based automatic parallelization of C applications,The Journal of Supercomputing,,,,10.1007/s11227-019-03109-9,Hamid ArabnejadJoão BispoJoão M. P. CardosoJorge G. Barbosa,2019,https://link.springer.com/article/10.1007/s11227-019-03109-9,Article
An Optimizing Multi-platform Source-to-source Compiler Framework for the NEURON MODeling Language,Computational Science – ICCS 2020,,,,10.1007/978-3-030-50371-0_4,Pramod KumbharOmar AwileLiam KeeganJorge Blanco AlonsoJames KingMichael HinesFelix Schürmann,2020,https://link.springer.com/chapter/10.1007/978-3-030-50371-0_4,Conference paper
SSCCJ: System for Source to Source Conversion from C++ to Java for Efficient Computing in IoT Era,"Proceedings of International Conference on IoT Inclusive Life (ICIIL 2019), NITTTR Chandigarh, India",,,,10.1007/978-981-15-3020-3_35,Preeti BhattHarmunish TanejaKavita Taneja,2020,https://link.springer.com/chapter/10.1007/978-981-15-3020-3_35,Conference paper
"Source-to-Source Parallelization Compilers for Scientific Shared-Memory Multi-core and Accelerated Multiprocessing: Analysis, Pitfalls, Enhancement and Potential",International Journal of Parallel Programming,,,,10.1007/s10766-019-00640-3,Re’em HarelIdan MosseriHarel LevinLee-or AlonMatan RusanovskyGal Oren,2019,https://link.springer.com/article/10.1007/s10766-019-00640-3,Article
Performance Evaluation of Stencil Computations Based on Source-to-Source Transformations,High Performance Computing,,,,10.1007/978-3-030-16205-4_16,Víctor MartínezMatheus S. SerpaPablo J. PavanEdson Luiz PadoinPhilippe O. A. Navaux,2019,https://link.springer.com/chapter/10.1007/978-3-030-16205-4_16,Conference paper
ASSIST: An FDO Source-to-Source Transformation Tool for HPC Applications,Tools for High Performance Computing 2017,,,,10.1007/978-3-030-11987-4_3,Youenn LebrasAndres S. Charif RubialRomain DolbeauWilliam Jalby,2019,https://link.springer.com/chapter/10.1007/978-3-030-11987-4_3,Conference paper
LLVM Based Parallelization of C Programs for GPU,Supercomputing,,,,10.1007/978-3-030-64616-5_38,Nikita Kataev,2020,https://link.springer.com/chapter/10.1007/978-3-030-64616-5_38,Conference paper
ComPar: Optimized Multi-compiler for Automatic OpenMP S2S Parallelization,OpenMP: Portable Multi-Level Parallelism on Modern Systems,,,,10.1007/978-3-030-58144-2_16,Idan MosseriLee-Or AlonRe’Em HarelGal Oren,2020,https://link.springer.com/chapter/10.1007/978-3-030-58144-2_16,Conference paper
Verification and refutation of C programs based on <i>k</i>-induction and invariant inference,International Journal on Software Tools for Technology Transfer,,,,10.1007/s10009-020-00564-1,Omar M. AlhawiHerbert RochaMikhail R. GadelhaLucas C. CordeiroEddie Batista,2020,https://link.springer.com/article/10.1007/s10009-020-00564-1,Article
RETRACTED ARTICLE: An efficient soft computing approach for securing information over GAMEOVER Zeus Botnets with modified CPA algorithm,Soft Computing,,,,10.1007/s00500-020-04956-y,S. AanjankumarS. Poonkuntran,2020,https://link.springer.com/article/10.1007/s00500-020-04956-y,Article
Introduction to TypeScript,Building Web Applications with .NET Core 2.1 and JavaScript,,,,10.1007/978-1-4842-5352-6_10,Philip JapikseKevin GrossnicklausBen Dewey,2020,https://link.springer.com/chapter/10.1007/978-1-4842-5352-6_10,Chapter
Abstracting Containerisation and Orchestration for Cloud-Native Applications,Cloud Computing – CLOUD 2020,,,,10.1007/978-3-030-59635-4_12,José Ghislain QuenumGervasius Ishuuwa,2020,https://link.springer.com/chapter/10.1007/978-3-030-59635-4_12,Conference paper
Security Vulnerabilities and Issues of Traditional Wireless Sensors Networks in IoT,Principles of Internet of Things (IoT) Ecosystem: Insight Paradigm,,,,10.1007/978-3-030-33596-0_21,Bhanu chanderKumaravelan Gopalakrishnan,2020,https://link.springer.com/chapter/10.1007/978-3-030-33596-0_21,Chapter
Automatic translation of data parallel programs for heterogeneous parallelism through OpenMP offloading,The Journal of Supercomputing,,,,10.1007/s11227-020-03452-2,Farui WangWeizhe ZhangHaonan GuoMeng HaoGangzhao LuZheng Wang,2020,https://link.springer.com/article/10.1007/s11227-020-03452-2,Article
Detection of Security Vulnerabilities in C Code Using Runtime Verification: An Experience Report,Tests and Proofs,,,,10.1007/978-3-319-92994-1_8,Kostyantyn VorobyovNikolai KosmatovJulien Signoles,2018,https://link.springer.com/chapter/10.1007/978-3-319-92994-1_8,Conference paper
Parallel programming models for heterogeneous many-cores: a comprehensive survey,CCF Transactions on High Performance Computing,,,,10.1007/s42514-020-00039-4,Jianbin FangChun HuangTao TangZheng Wang,2020,https://link.springer.com/article/10.1007/s42514-020-00039-4,Article
FLY: A Domain-Specific Language for Scientific Computing on FaaS,Euro-Par 2019: Parallel Processing Workshops,,,,10.1007/978-3-030-48340-1_41,Gennaro CordascoMatteo D’AuriaAlberto NegroVittorio ScaranoCarmine Spagnuolo,2020,https://link.springer.com/chapter/10.1007/978-3-030-48340-1_41,Conference paper
Data Security Algorithm Using Circular Queue and Graycode,Proceedings of ICETIT 2019,,,,10.1007/978-3-030-30577-2_88,K. A. SumayyaJisha P. Abraham,2020,https://link.springer.com/chapter/10.1007/978-3-030-30577-2_88,Conference paper
On how the ergodic assumption influences seismic risk,Bulletin of Earthquake Engineering,,,,10.1007/s10518-020-00992-z,Zehra Çağnan,2020,https://link.springer.com/article/10.1007/s10518-020-00992-z,Article
Obfuscated integration of software protections,International Journal of Information Security,,,,10.1007/s10207-020-00494-8,Jens Van den BroeckBart CoppensBjorn De Sutter,2020,https://link.springer.com/article/10.1007/s10207-020-00494-8,Article
BinderAnn: Automated Reification of Source Annotations for Monadic EDSLs,Trends in Functional Programming,,,,10.1007/978-3-030-57761-2_2,Agustín MistaAlejandro Russo,2020,https://link.springer.com/chapter/10.1007/978-3-030-57761-2_2,Conference paper
Data Transfer and Reuse Analysis Tool for GPU-Offloading Using OpenMP,OpenMP: Portable Multi-Level Parallelism on Modern Systems,,,,10.1007/978-3-030-58144-2_18,Alok MishraAbid M. MalikBarbara Chapman,2020,https://link.springer.com/chapter/10.1007/978-3-030-58144-2_18,Conference paper
Pure Functions in C: A Small Keyword for Automatic Parallelization,International Journal of Parallel Programming,,,,10.1007/s10766-020-00660-4,Tim SüßLars NagelMarc-André VefAndré BrinkmannDustin FeldThomas Soddemann,2020,https://link.springer.com/article/10.1007/s10766-020-00660-4,Article
Information Flow Security Certification for SPARK Programs,Data and Applications Security and Privacy XXXIV,,,,10.1007/978-3-030-49669-2_8,Sandip GhosalR. K. Shyamasundar,2020,https://link.springer.com/chapter/10.1007/978-3-030-49669-2_8,Conference paper
Transpiling Python to Rust for Optimized Performance,"Embedded Computer Systems: Architectures, Modeling, and Simulation",,,,10.1007/978-3-030-60939-9_9,Henri LunnikiviKai JylkkäTimo Hämäläinen,2020,https://link.springer.com/chapter/10.1007/978-3-030-60939-9_9,Conference paper
Tornado: Automatic Generation of&#xa0;Probing-Secure Masked Bitsliced Implementations,Advances in Cryptology – EUROCRYPT 2020,,,,10.1007/978-3-030-45727-3_11,Sonia BelaïdPierre-Évariste DagandDarius MercadierMatthieu RivainRaphaël Wintersdorff,2020,https://link.springer.com/chapter/10.1007/978-3-030-45727-3_11,Conference paper
Technical Debt Management and Energy Consumption Evaluation in Implantable Medical Devices: The SDK4ED Approach,"Embedded Computer Systems: Architectures, Modeling, and Simulation",,,,10.1007/978-3-030-60939-9_25,Charalampos MarantosAngeliki-Agathi TsintziraLazaros PapadopoulosApostolos AmpatzoglouAlexander ChatzigeorgiouDimitrios Soudris,2020,https://link.springer.com/chapter/10.1007/978-3-030-60939-9_25,Conference paper
Simplifying and implementing service level objectives for stream parallelism,The Journal of Supercomputing,,,,10.1007/s11227-019-02914-6,Dalvan GrieblerAdriano VogelDaniele De SensiMarco DaneluttoLuiz G. Fernandes,2019,https://link.springer.com/article/10.1007/s11227-019-02914-6,Article
LLVM-based Hybrid Fuzzing with LibKluzzer (Competition Contribution),Fundamental Approaches to Software Engineering,,,,10.1007/978-3-030-45234-6_29,Hoang M. Le,2020,https://link.springer.com/chapter/10.1007/978-3-030-45234-6_29,Conference paper
Uncovering Information Flow Policy Violations in C Programs (Extended Abstract),Computer Security – ESORICS 2019,,,,10.1007/978-3-030-29962-0_2,Darion CasselYan HuangLimin Jia,2019,https://link.springer.com/chapter/10.1007/978-3-030-29962-0_2,Conference paper
OpenMP Device Offloading to FPGAs Using the Nymble Infrastructure,OpenMP: Portable Multi-Level Parallelism on Modern Systems,,,,10.1007/978-3-030-58144-2_17,Jens HuthmannLukas SommerArtur PodobasAndreas KochKentaro Sano,2020,https://link.springer.com/chapter/10.1007/978-3-030-58144-2_17,Conference paper
A competitive analysis of EU ports by fixing spatial and economic dimensions,Journal of Shipping and Trade,,,,10.1186/s41072-020-00075-x,Claudio QuintanoPaolo MazzocchiAntonella Rocca,2020,https://link.springer.com/article/10.1186/s41072-020-00075-x,Article
High-Performance Computing for Earth System Modeling,High Performance Computing for Geospatial Applications,,,,10.1007/978-3-030-47998-5_10,Dali WangFengming Yuan,2020,https://link.springer.com/chapter/10.1007/978-3-030-47998-5_10,Chapter
Pragma-Controlled Source-to-Source Code Transformations for Robust Application Execution,Euro-Par 2016: Parallel Processing Workshops,,,,10.1007/978-3-319-58943-5_53,Pedro C. DinizChunhua LiaoDaniel J. QuinlanRobert F. Lucas,2017,https://link.springer.com/chapter/10.1007/978-3-319-58943-5_53,Conference paper
Map2Check: Using Symbolic Execution and Fuzzing,Tools and Algorithms for the Construction and Analysis of Systems,,,,10.1007/978-3-030-45237-7_29,Herbert RochaRafael MenezesLucas C. CordeiroRaimundo Barreto,2020,https://link.springer.com/chapter/10.1007/978-3-030-45237-7_29,Conference paper
Innovative Automation Algorithm in Micro-multinational Data-Entry Industry,Cyber Security and Computer Science,,,,10.1007/978-3-030-52856-0_54,Nuruzzaman FaruquiMohammad Abu YousufPartha ChakrabortyMd. Safaet Hossain,2020,https://link.springer.com/chapter/10.1007/978-3-030-52856-0_54,Conference paper
Experimental study on the behavior of waste marble powder as partial replacement of sand in concrete,SN Applied Sciences,,,,10.1007/s42452-020-03349-y,Abdul GhaniZeeshan AliFasih Ahmed KhanSaid Rehan ShahSajjad Wali KhanMuhammad Rashid,2020,https://link.springer.com/article/10.1007/s42452-020-03349-y,Article
Learning to Generate Novel Domains for Domain Generalization,Computer Vision – ECCV 2020,,,,10.1007/978-3-030-58517-4_33,Kaiyang ZhouYongxin YangTimothy HospedalesTao Xiang,2020,https://link.springer.com/chapter/10.1007/978-3-030-58517-4_33,Conference paper
Optimizing Memory Bandwidth Efficiency with User-Preferred Kernel Merge,Euro-Par 2019: Parallel Processing Workshops,,,,10.1007/978-3-030-48340-1_6,Nabeeh JumahJulian Kunkel,2020,https://link.springer.com/chapter/10.1007/978-3-030-48340-1_6,Conference paper
Efficient code development for improving execution performance in high-performance computing centers,The Journal of Supercomputing,,,,10.1007/s11227-020-03382-z,Javier Corral-GarcíaFelipe Lemus-PrietoMiguel-Ángel Pérez-Toledano,2020,https://link.springer.com/article/10.1007/s11227-020-03382-z,Article
A Method to Enhance the Security Capability of Python IDE,Future Data and Security Engineering,,,,10.1007/978-3-030-35653-8_27,Vinh PhamNamuk KimEunil SeoJun Suk HaTai-Myoung Chung,2019,https://link.springer.com/chapter/10.1007/978-3-030-35653-8_27,Conference paper
GPU Support for Automatic Generation of Finite-Differences Stencil Kernels,High Performance Computing,,,,10.1007/978-3-030-41005-6_16,Vitor Hugo Mickus RodriguesLucas CavalcanteMaelso Bruno PereiraFabio LuporiniIstván RegulyGerard GormanSamuel Xavier de Souza,2020,https://link.springer.com/chapter/10.1007/978-3-030-41005-6_16,Conference paper
AceMesh: a structured data driven programming language for high performance computing,CCF Transactions on High Performance Computing,,,,10.1007/s42514-020-00047-4,Li ChenShenglin TangYou FuXiran GaoJie GuoShangzhi Jiang,2020,https://link.springer.com/article/10.1007/s42514-020-00047-4,Article
Using OpenMP to Detect and Speculate Dynamic DOALL Loops,OpenMP: Portable Multi-Level Parallelism on Modern Systems,,,,10.1007/978-3-030-58144-2_15,Bruno Chinelato HonorioJoão P. L. de CarvalhoMunir SkafGuido Araujo,2020,https://link.springer.com/chapter/10.1007/978-3-030-58144-2_15,Conference paper
Pattern-Aware Staging for Hybrid Memory Systems,High Performance Computing,,,,10.1007/978-3-030-50743-5_24,Eishi ArimaMartin Schulz,2020,https://link.springer.com/chapter/10.1007/978-3-030-50743-5_24,Conference paper
"Short-term exposure to air pollution and occurrence of emergency stroke in Chongqing, China",International Archives of Occupational and Environmental Health,,,,10.1007/s00420-020-01557-y,Caizhi TangYu ChenQiaoling SongJianfei MaYing ZhouLiang GongXingshu ChenJifu QuYongjun Luo,2020,https://link.springer.com/article/10.1007/s00420-020-01557-y,Article
"Assessment of the Quality of Drinking Water Sources and Human Health in a Rural Area of Solan, North India",MAPAN,,,,10.1007/s12647-019-00354-4,N. SinghM. Sharma,2019,https://link.springer.com/article/10.1007/s12647-019-00354-4,Article
"Metagenomic applications in microbial diversity, bioremediation, pollution monitoring, enzyme and drug discovery. A review",Environmental Chemistry Letters,,,,10.1007/s10311-020-01010-z,Saptashwa DattaK. Narayanan RajnishMelvin S. SamuelArivalagan PugazlendhiEthiraj Selvarajan,2020,https://link.springer.com/article/10.1007/s10311-020-01010-z,Article
29th Annual Computational Neuroscience Meeting: CNS*2020,BMC Neuroscience,,,,10.1186/s12868-020-00593-1,,2020,https://link.springer.com/article/10.1186/s12868-020-00593-1,Article
Global Population Growth and Industrial Impact on the Environment,Cleaner Production,,,,10.1007/978-3-030-23165-1_3,Francisco José Gomes da SilvaRonny Miguel Gouveia,2020,https://link.springer.com/chapter/10.1007/978-3-030-23165-1_3,Chapter
Parallel Stream Processing with MPI for Video Analytics and Data Visualization,High Performance Computing Systems,,,,10.1007/978-3-030-41050-6_7,Adriano VogelCassiano RistaGabriel JustoEndrius EwaldDalvan GrieblerGabriele MencagliLuiz Gustavo Fernandes,2020,https://link.springer.com/chapter/10.1007/978-3-030-41050-6_7,Conference paper
REFINITY to Model and Prove Program Transformation Rules,Programming Languages and Systems,,,,10.1007/978-3-030-64437-6_16,Dominic Steinhöfel,2020,https://link.springer.com/chapter/10.1007/978-3-030-64437-6_16,Conference paper
Refactoring GrPPI: Generic Refactoring for Generic Parallelism in C++,International Journal of Parallel Programming,,,,10.1007/s10766-020-00667-x,Christopher BrownVladimir JanjicAdam D. BarwellJ. Daniel GarciaKenneth MacKenzie,2020,https://link.springer.com/article/10.1007/s10766-020-00667-x,Article
HPC-Smart Infrastructures: A Review and Outlook on Performance Analysis Methods and Tools,Smart Infrastructure and Applications,,,,10.1007/978-3-030-13705-2_18,Thaha MuhammedRashid MehmoodAiiad AlbeshriFawaz Alsolami,2020,https://link.springer.com/chapter/10.1007/978-3-030-13705-2_18,Chapter
Optimizing non-coalesced memory access for irregular applications with GPU computing,Frontiers of Information Technology & Electronic Engineering,,,,10.1631/FITEE.1900262,Ran ZhengYuan-dong LiuHai Jin,2020,https://link.springer.com/article/10.1631/FITEE.1900262,Article
The 2020 Expert Survey on Formal Methods,Formal Methods for Industrial Critical Systems,,,,10.1007/978-3-030-58298-2_1,Hubert GaravelMaurice H. ter BeekJaco van de Pol,2020,https://link.springer.com/chapter/10.1007/978-3-030-58298-2_1,Conference paper
Trolling Trump,Sustainable Digital Communities,,,,10.1007/978-3-030-43687-2_10,Pnina Fichman,2020,https://link.springer.com/chapter/10.1007/978-3-030-43687-2_10,Conference paper
Extremophilic Amylases: Microbial Production and Applications,Microbial Enzymes: Roles and Applications in Industries,,,,10.1007/978-981-15-1710-5_7,Bhumi M. BhattUjjval B. TrivediKamlesh C. Patel,2020,https://link.springer.com/chapter/10.1007/978-981-15-1710-5_7,Chapter
"GOPHER, an HPC Framework for Large Scale Graph Exploration and Inference",High Performance Computing,,,,10.1007/978-3-030-59851-8_13,Marc Josep-FabregóXavier TeruelVictor Gimenez-AbalosDavide CirilloDario Garcia-GasullaSergio Alvarez-NapagaoMarta García-GasullaEduard AyguadéAlfonso Valencia,2020,https://link.springer.com/chapter/10.1007/978-3-030-59851-8_13,Conference paper
A Rubric-Driven Evaluation of Open Data Portals and Their Data in Transportation,Journal of Big Data Analytics in Transportation,,,,10.1007/s42421-020-00023-y,Archana VenkatachalapathyAnuj SharmaSkylar KnickerbockerNeal Hawkins,2020,https://link.springer.com/article/10.1007/s42421-020-00023-y,Article
Evaluation of cement treated reclaimed asphalt pavement and recycled concrete pavement bases,International Journal of Pavement Research and Technology,,,,10.1007/s42947-019-0069-1,S. ChakravarthiAnusha BoyinaArun Kumar SinghS. Shankar,2019,https://link.springer.com/article/10.1007/s42947-019-0069-1,Article
Data Treatment,Introduction to Environmental Data Analysis and Modeling,,,,10.1007/978-3-030-36207-2_5,Moses Eterigho EmetereEsther Titilayo Akinlabi,2020,https://link.springer.com/chapter/10.1007/978-3-030-36207-2_5,Chapter
Evaluation of two satellite-based products against ground-based observation for drought analysis in the southern part of Iran,Natural Hazards,,,,10.1007/s11069-020-03965-2,Seyedeh Mahboobeh JafariMohammad Reza NikooMaryam DehghaniMohammadali Alijanian,2020,https://link.springer.com/article/10.1007/s11069-020-03965-2,Article
Minimizing Self-adaptation Overhead in Parallel Stream Processing for Multi-cores,Euro-Par 2019: Parallel Processing Workshops,,,,10.1007/978-3-030-48340-1_3,Adriano VogelDalvan GrieblerMarco DaneluttoLuiz Gustavo Fernandes,2020,https://link.springer.com/chapter/10.1007/978-3-030-48340-1_3,Conference paper
A global dataset and model of earthquake-induced landslide fatalities,Landslides,,,,10.1007/s10346-020-01356-z,M. Anna Nowicki JesseeM. W. HamburgerM. R. FerraraA. McLeanC. FitzGerald,2020,https://link.springer.com/article/10.1007/s10346-020-01356-z,Article
A Survey on Performance Optimization of High-Level Synthesis Tools,Journal of Computer Science and Technology,,,,10.1007/s11390-020-9414-8,Lan HuangDa-Lin LiKang-Ping WangTeng GaoAdriano Tavares,2020,https://link.springer.com/article/10.1007/s11390-020-9414-8,Article
Zoonotic and vector-borne parasites and epilepsy in low-income and middle-income countries,Nature Reviews Neurology,,,,10.1038/s41582-020-0361-3,Gagandeep SinghSamuel A. AngwaforAlfred K. NjamnshiHenry FraimowJosemir W. Sander,2020,https://link.springer.com/article/10.1038/s41582-020-0361-3,Article
Midair: An Intermediate Representation for Multi-purpose Program Analysis,Computational Science and Its Applications – ICCSA 2020,,,,10.1007/978-3-030-58817-5_40,Maxim Menshikov,2020,https://link.springer.com/chapter/10.1007/978-3-030-58817-5_40,Conference paper
Constraint Programming for Dynamic Symbolic Execution of JavaScript,"Integration of Constraint Programming, Artificial Intelligence, and Operations Research",,,,10.1007/978-3-030-19212-9_1,Roberto AmadiniMak AndrlonGraeme GangePeter SchachteHarald  SøndergaardPeter J. Stuckey,2019,https://link.springer.com/chapter/10.1007/978-3-030-19212-9_1,Conference paper
MYX: Runtime Correctness Analysis for Multi-Level Parallel Programming Paradigms,Software for Exascale Computing - SPPEXA 2016-2019,,,,10.1007/978-3-030-47956-5_18,Joachim ProtzeMiwako TsujiChristian TerbovenThomas DufaudHitoshi MuraiSerge PetitonNahid EmadMatthias S. MüllerTaisuke Boku,2020,https://link.springer.com/chapter/10.1007/978-3-030-47956-5_18,Conference paper
A Formal Model for Checking Cryptographic API Usage in JavaScript,Computer Security – ESORICS 2019,,,,10.1007/978-3-030-29959-0_17,Duncan MitchellJohannes Kinder,2019,https://link.springer.com/chapter/10.1007/978-3-030-29959-0_17,Conference paper
Compile-Time Security Certification of Imperative Programming Languages,E-Business and Telecommunications,,,,10.1007/978-3-030-34866-3_8,Sandip GhosalR. K. ShyamasundarN. V. Narendra Kumar,2019,https://link.springer.com/chapter/10.1007/978-3-030-34866-3_8,Conference paper
The Evolution of Private Equity in India,Entrepreneurial Finance in Emerging Markets,,,,10.1007/978-3-030-46220-8_12,Troy D. SmithGaurav Dalmia,2020,https://link.springer.com/chapter/10.1007/978-3-030-46220-8_12,Chapter
AIMES: Advanced Computation and I/O Methods for Earth-System Simulations,Software for Exascale Computing - SPPEXA 2016-2019,,,,10.1007/978-3-030-47956-5_5,Julian KunkelNabeeh JumahAnastasiia NovikovaThomas LudwigHisashi YashiroNaoya MaruyamaMohamed WahibJohn Thuburn,2020,https://link.springer.com/chapter/10.1007/978-3-030-47956-5_5,Conference paper
"Climate finance and green growth: reconsidering climate-related institutions, investments, and priorities in Nepal",Environmental Sciences Europe,,,,10.1186/s12302-019-0222-0,Tek Jung MahatLuděk BláhaBatu UpretyMichal Bittner,2019,https://link.springer.com/article/10.1186/s12302-019-0222-0,Article
"Efficient Safety Enforcement for Maude Programs via Program Specialization in the <Emphasis FontCategory=""SansSerif"">ÁTAME</Emphasis> System",Mathematics in Computer Science,,,,10.1007/s11786-020-00455-3,M. AlpuenteD. BallisJ. Sapiña,2020,https://link.springer.com/article/10.1007/s11786-020-00455-3,Article
On the Versatility of Open Logical Relations,Programming Languages and Systems,,,,10.1007/978-3-030-44914-8_3,Gilles BartheRaphaëlle CrubilléUgo Dal LagoFrancesco Gavazzo,2020,https://link.springer.com/chapter/10.1007/978-3-030-44914-8_3,Conference paper
Mutation Operators for Large Scale Data Processing Programs in Spark,Advanced Information Systems Engineering,,,,10.1007/978-3-030-49435-3_30,João Batista de Souza NetoAnamaria Martins MoreiraGenoveva Vargas-SolarMartin Alejandro Musicante,2020,https://link.springer.com/chapter/10.1007/978-3-030-49435-3_30,Conference paper
Utilization of Linz–Donawitz slag from steel industry for waste minimization,Journal of Material Cycles and Waste Management,,,,10.1007/s10163-020-00981-z,S. K. SinghP. RekhaM. Surya,2020,https://link.springer.com/article/10.1007/s10163-020-00981-z,Article
"“Losers” “Acting Gay”: Internet Slang, Memes, and Affective Intensities",Mapping Digital Game Culture in China,,,,10.1007/978-3-030-36111-2_6,Marcella Szablewicz,2020,https://link.springer.com/chapter/10.1007/978-3-030-36111-2_6,Chapter
Achieving Safety Incrementally with Checked C,Principles of Security and Trust,,,,10.1007/978-3-030-17138-4_4,Andrew RuefLeonidas LampropoulosIan SweetDavid TarditiMichael Hicks,2019,https://link.springer.com/chapter/10.1007/978-3-030-17138-4_4,Conference paper
A performance- and energy-oriented extended tuning process for time-step-based scientific applications,The Journal of Supercomputing,,,,10.1007/s11227-020-03402-y,Natalia KalinnikRobert KieselThomas RauberMarcel RichterGudula Rünger,2020,https://link.springer.com/article/10.1007/s11227-020-03402-y,Article
A Toolchain to Verify the Parallelization of OmpSs-2 Applications,Euro-Par 2020: Parallel Processing,,,,10.1007/978-3-030-57675-2_2,Simone EconomoSara RoyuelaEduard AyguadéVicenç Beltran,2020,https://link.springer.com/chapter/10.1007/978-3-030-57675-2_2,Conference paper
"<span class=""mathjax-tex"">\(\hbox {CTL}^{\star }\)</span> family-based model checking using variability abstractions and modal transition systems",International Journal on Software Tools for Technology Transfer,,,,10.1007/s10009-019-00528-0,Aleksandar S. Dimovski,2019,https://link.springer.com/article/10.1007/s10009-019-00528-0,Article
Transpiling Programming Computable Functions to Answer Set Programs,Functional and Constraint Logic Programming,,,,10.1007/978-3-030-16202-3_1,Ingmar DassevilleMarc Denecker,2019,https://link.springer.com/chapter/10.1007/978-3-030-16202-3_1,Conference paper
Actionable Program Analyses for Improving Software Performance,Ernst Denert Award for Software Engineering 2019,,,,10.1007/978-3-030-58617-1_7,Marija Selakovic,2020,https://link.springer.com/chapter/10.1007/978-3-030-58617-1_7,Chapter
A Model-Based Combination Language for Scheduling Verification,Model-Driven Engineering and Software Development,,,,10.1007/978-3-030-37873-8_2,Hui ZhaoLudovic ApvrilleFrédéric Mallet,2020,https://link.springer.com/chapter/10.1007/978-3-030-37873-8_2,Conference paper
Reversible Languages and Incremental State Saving in Optimistic Parallel Discrete Event Simulation,Reversible Computation: Extending Horizons of Computing,,,,10.1007/978-3-030-47361-7_9,Markus SchordanTomas OppelstrupMichael Kirkedal ThomsenRobert Glück,2020,https://link.springer.com/chapter/10.1007/978-3-030-47361-7_9,Chapter
They Are All Fossils: A Paleontology of Early Modern Drama,Loss and the Literary Culture of Shakespeare’s Time,,,,10.1007/978-3-030-36867-8_11,Matthew Steggle,2020,https://link.springer.com/chapter/10.1007/978-3-030-36867-8_11,Chapter
Autonomic and Latency-Aware Degree of Parallelism Management in SPar,Euro-Par 2018: Parallel Processing Workshops,,,,10.1007/978-3-030-10549-5_3,Adriano VogelDalvan GrieblerDaniele De SensiMarco DaneluttoLuiz Gustavo Fernandes,2019,https://link.springer.com/chapter/10.1007/978-3-030-10549-5_3,Conference paper
Validation of Abstract Side-Channel Models for Computer Architectures,Computer Aided Verification,,,,10.1007/978-3-030-53288-8_12,Hamed NematiPablo BuirasAndreas LindnerRoberto GuancialeSwen Jacobs,2020,https://link.springer.com/chapter/10.1007/978-3-030-53288-8_12,Conference paper
RiCaSi: Rigorous Cache Side Channel Mitigation via Selective Circuit Compilation,Cryptology and Network Security,,,,10.1007/978-3-030-65411-5_25,Heiko MantelLukas ScheidelThomas SchneiderAlexandra WeberChristian WeinertTim Weißmantel,2020,https://link.springer.com/chapter/10.1007/978-3-030-65411-5_25,Conference paper
Upgrading a high performance computing environment for massive data processing,Journal of Internet Services and Applications,,,,10.1186/s13174-019-0118-7,Lucas M. PonceWalter dos SantosWagner Meira Jr.Dorgival GuedesDaniele LezziRosa M. Badia,2019,https://link.springer.com/article/10.1186/s13174-019-0118-7,Article
Service Level Objectives via C++11 Attributes,Euro-Par 2018: Parallel Processing Workshops,,,,10.1007/978-3-030-10549-5_58,Dalvan GrieblerDaniele De SensiAdriano VogelMarco DaneluttoLuiz Gustavo Fernandes,2019,https://link.springer.com/chapter/10.1007/978-3-030-10549-5_58,Conference paper
$$\textsc {Wys}^\star $$ : A DSL for Verified Secure Multi-party Computations,Principles of Security and Trust,,,,10.1007/978-3-030-17138-4_5,Aseem RastogiNikhil SwamyMichael Hicks,2019,https://link.springer.com/chapter/10.1007/978-3-030-17138-4_5,Conference paper
Securing Packet Transmission Through Trusted Shortest Network Path Using Fuzzy Forecasting for Mobility of MANET Nodes,"Security, Privacy and Trust in the IoT Environment",,,,10.1007/978-3-030-18075-1_12,Soham BandyopadhyaySunil Karforma,2019,https://link.springer.com/chapter/10.1007/978-3-030-18075-1_12,Chapter
A novel three-party quantum secret sharing scheme based on Bell state sequential measurements with application in quantum image sharing,Quantum Information Processing,,,,10.1007/s11128-020-02854-8,Farhan MusannaSanjeev Kumar,2020,https://link.springer.com/article/10.1007/s11128-020-02854-8,Article
Source-to-Source Optimization for HLS,FPGAs for Software Programmers,,,,10.1007/978-3-319-26408-0_8,Jason CongMuhuan HuangPeichen PanYuxin WangPeng Zhang,2016,https://link.springer.com/chapter/10.1007/978-3-319-26408-0_8,Chapter
Multithreaded scheduling for program segments based on chemical reaction optimizer,Soft Computing,,,,10.1007/s00500-020-05334-4,Basel A. MahafzahRiad JabriOmayya Murad,2020,https://link.springer.com/article/10.1007/s00500-020-05334-4,Article
Characterization of segregated greywater from Indian households: part A—physico-chemical and microbial parameters,Environmental Monitoring and Assessment,,,,10.1007/s10661-020-08369-0,Krithika DelhirajaLigy Philip,2020,https://link.springer.com/article/10.1007/s10661-020-08369-0,Article
Methodologies for Analysis and Identification of Total Petroleum Hydrocarbons,Total Petroleum Hydrocarbons,,,,10.1007/978-3-030-24035-6_2,Saranya KuppusamyNaga Raju MaddelaMallavarapu MegharajKadiyala Venkateswarlu,2020,https://link.springer.com/chapter/10.1007/978-3-030-24035-6_2,Chapter
Joint local and statistical discriminant learning via feature alignment,"Signal, Image and Video Processing",,,,10.1007/s11760-019-01587-1,Elahe GholenjiJafar Tahmoresnezhad,2019,https://link.springer.com/article/10.1007/s11760-019-01587-1,Article
Spitzer’s perspective of polycyclic aromatic hydrocarbons in galaxies,Nature Astronomy,,,,10.1038/s41550-020-1051-1,Aigen Li,2020,https://link.springer.com/article/10.1038/s41550-020-1051-1,Article
A novel PDF steganography optimized using segmentation technique,International Journal of Information Technology,,,,10.1007/s41870-019-00309-7,Sanjive TyagiRakesh Kumar DwivediAshendra Kumar Saxena,2019,https://link.springer.com/article/10.1007/s41870-019-00309-7,Article
End-to-End Resilience for HPC Applications,High Performance Computing,,,,10.1007/978-3-030-20656-7_14,Arash RezaeiHarsh KhetawatOnkar PatilFrank MuellerPaul HargroveEric Roman,2019,https://link.springer.com/chapter/10.1007/978-3-030-20656-7_14,Conference paper
CRUST: A C/C++ to Rust Transpiler Using a “Nano-parser Methodology” to Avoid C/C++ Safety Issues in Legacy Code,"Emerging Research in Computing, Information, Communication and Applications",,,,10.1007/978-981-13-5953-8_21,Nishanth ShettyNikhil SaldanhaM. N. Thippeswamy,2019,https://link.springer.com/chapter/10.1007/978-981-13-5953-8_21,Conference paper
Facilitating the Evolutionary Modifications in Distributed Apps via Automated Refactoring,Web Engineering,,,,10.1007/978-3-030-19274-7_43,Kijin An,2019,https://link.springer.com/chapter/10.1007/978-3-030-19274-7_43,Conference paper
Safety by Design,Designing Electronic Product Enclosures,,,,10.1007/978-3-319-69395-8_10,Tony Serksnis,2019,https://link.springer.com/chapter/10.1007/978-3-319-69395-8_10,Chapter
A two-dimensional approach to assessing the impact of port selection factors on port competitiveness using the Kano model,Maritime Economics & Logistics,,,,10.1057/s41278-019-00117-7,Hokey MinByung-In Park,2019,https://link.springer.com/article/10.1057/s41278-019-00117-7,Article
Drug Delivery Strategies to Overcome the Blood–Brain Barrier (BBB),"Physiology, Pharmacology and Pathology of the Blood-Brain Barrier",,,,10.1007/164_2020_403,Hans Christian Cederberg HelmsMie KristensenLasse SaabyGert FrickerBirger Brodin,2020,https://link.springer.com/chapter/10.1007/164_2020_403,Chapter
Generation of high-performance code based on a domain-specific language for algorithmic skeletons,The Journal of Supercomputing,,,,10.1007/s11227-019-02825-6,Fabian WredeChristoph RiegerHerbert Kuchen,2019,https://link.springer.com/article/10.1007/s11227-019-02825-6,Article
Pipeline Patterns on Top of Task-Based Runtimes,"Parallel and Distributed Computing, Applications and Technologies",,,,10.1007/978-981-13-5907-1_11,Enes BajrovicSiegfried BenknerJiri Dokulil,2019,https://link.springer.com/chapter/10.1007/978-981-13-5907-1_11,Conference paper
Featherlight Speculative Task Parallelism,Euro-Par 2019: Parallel Processing,,,,10.1007/978-3-030-29400-7_28,Vivek Kumar,2019,https://link.springer.com/chapter/10.1007/978-3-030-29400-7_28,Conference paper
MySQL Extension Automatic Porting to PDO for PHP Migration and Security Improvement,Computer Information Systems and Industrial Management,,,,10.1007/978-3-319-99954-8_38,Fabio MondinAgostino Cortesi,2018,https://link.springer.com/chapter/10.1007/978-3-319-99954-8_38,Conference paper
Evolution of Web Systems Architectures: A Roadmap,"Special Topics in Multimedia, IoT and  Web Technologies",,,,10.1007/978-3-030-35102-1_1,Raoni KuleszaMarcelo Fernandes de SousaMatheus Lima Moura de AraújoClaudiomar Pereira de AraújoAguinaldo Macedo Filho,2020,https://link.springer.com/chapter/10.1007/978-3-030-35102-1_1,Chapter
"Flexibility, Vision and Foresight in the Planning for Tomorrow’s Smart City",Smart Cities of Today and Tomorrow,,,,10.1007/978-3-319-95822-4_13,Joseph N. PeltonIndu B. Singh,2019,https://link.springer.com/chapter/10.1007/978-3-319-95822-4_13,Chapter
Program synthesis for interactive-security systems,Formal Methods in System Design,,,,10.1007/s10703-017-0296-5,William R. HarrisSomesh JhaThomas W. RepsSanjit A. Seshia,2017,https://link.springer.com/article/10.1007/s10703-017-0296-5,Article
A Poor Young Nation,The Creation of the East Timorese Economy,,,,10.1007/978-3-030-22052-5_1,Mats LundahlFredrik Sjöholm,2019,https://link.springer.com/chapter/10.1007/978-3-030-22052-5_1,Chapter
Properties and Assessment of Applications of Red Mud (Bauxite Residue): Current Status and Research Needs,Waste and Biomass Valorization,,,,10.1007/s12649-020-01089-z,Peddireddy Sreekanth ReddyNarala Gangadhara ReddyVesna Zalar SerjunBijayananda MohantySarat Kumar DasKrishna R. ReddyBendadi Hanumantha Rao,2020,https://link.springer.com/article/10.1007/s12649-020-01089-z,Article
Ebola virus disease,Nature Reviews Disease Primers,,,,10.1038/s41572-020-0147-3,Shevin T. JacobIan CrozierWilliam A. Fischer IIAngela HewlettColleen S. KraftMarc-Antoine de La VegaMoses J. SokaVictoria WahlAnthony GriffithsLaura BollingerJens H. Kuhn,2020,https://link.springer.com/article/10.1038/s41572-020-0147-3,Article
"Occurrence and ecological risk of pharmaceutical and personal care products in surface water of the Dongting Lake, China-during rainstorm period",Environmental Science and Pollution Research,,,,10.1007/s11356-019-06047-4,Yongqiang WangYing LiuShaoyong LuXiaohui LiuYuan MengGuodong ZhangYaru ZhangWeiliang WangXiaochun Guo,2019,https://link.springer.com/article/10.1007/s11356-019-06047-4,Article
Understanding the behaviour of hackers while performing attack tasks in a professional setting and in a public challenge,Empirical Software Engineering,,,,10.1007/s10664-018-9625-6,Mariano CeccatoPaolo TonellaCataldo BasilePaolo FalcarinMarco TorchianoBart CoppensBjorn De Sutter,2018,https://link.springer.com/article/10.1007/s10664-018-9625-6,Article
Android Application Analysis Using Machine Learning Techniques,AI in Cybersecurity,,,,10.1007/978-3-319-98842-9_7,Takeshi TakahashiTao Ban,2019,https://link.springer.com/chapter/10.1007/978-3-319-98842-9_7,Chapter
Reengineering for parallelism in heterogeneous parallel platforms,The Journal of Supercomputing,,,,10.1007/s11227-018-2651-8,J. Daniel GarcíaKevin HammondLutz Schubert,2018,https://link.springer.com/article/10.1007/s11227-018-2651-8,Article
Software Compilation Techniques for Heterogeneous Embedded Multi-Core Systems,Handbook of Signal Processing Systems,,,,10.1007/978-3-319-91734-4_28,Rainer LeupersMiguel Angel AguilarJeronimo CastrillonWeihua Sheng,2019,https://link.springer.com/chapter/10.1007/978-3-319-91734-4_28,Chapter
Operational Voyage Planning and Verification of Initial Voyage Planning,Voyages on the Northern Sea Route,,,,10.1007/978-3-030-25490-2_9,Tadeusz Pastusiak,2020,https://link.springer.com/chapter/10.1007/978-3-030-25490-2_9,Chapter
The 21 μm and 30 μm emission features in carbon-rich objects,Astrophysics and Space Science,,,,10.1007/s10509-020-03798-2,Kevin VolkG. C. SloanKathleen E. Kraemer,2020,https://link.springer.com/article/10.1007/s10509-020-03798-2,Article
Modeling Nested for Loops with Explicit Parallelism in Synchronous DataFlow Graphs,"Embedded Computer Systems: Architectures, Modeling, and Simulation",,,,10.1007/978-3-030-27562-4_19,Alexandre HonoratKarol DesnosMaxime PelcatJean-François Nezan,2019,https://link.springer.com/chapter/10.1007/978-3-030-27562-4_19,Conference paper
OpenABL: A Domain-Specific Language for Parallel and Distributed Agent-Based Simulations,Euro-Par 2018: Parallel Processing,,,,10.1007/978-3-319-96983-1_36,Biagio CosenzaNikita PopovBen JuurlinkPaul RichmondMozhgan Kabiri ChimehCarmine SpagnuoloGennaro CordascoVittorio Scarano,2018,https://link.springer.com/chapter/10.1007/978-3-319-96983-1_36,Conference paper
How Secure Is Green IT? The Case of Software-Based Energy Side Channels,Computer Security,,,,10.1007/978-3-319-99073-6_11,Heiko MantelJohannes SchickelAlexandra WeberFriedrich Weber,2018,https://link.springer.com/chapter/10.1007/978-3-319-99073-6_11,Conference paper
Challenges in Digital Twin Development for Cyber-Physical Production Systems,Cyber Physical Systems. Model-Based Design,,,,10.1007/978-3-030-23703-5_2,Heejong ParkArvind EaswaranSidharta Andalam,2019,https://link.springer.com/chapter/10.1007/978-3-030-23703-5_2,Conference paper
ExaStencils: Advanced Multigrid Solver Generation,Software for Exascale Computing - SPPEXA 2016-2019,,,,10.1007/978-3-030-47956-5_14,Christian LengauerSven ApelMatthias BoltenShigeru ChibaUlrich RüdeJürgen TeichArmin GrößlingerFrank HannigHarald KöstlerLisa ClausAlexander GrebhahnStefan GrothStefan KronawitterSebastian KuckukHannah RittichChristian SchmittJonas Schmitt,2020,https://link.springer.com/chapter/10.1007/978-3-030-47956-5_14,Conference paper
Joint forces for memory safety checking revisited,International Journal on Software Tools for Technology Transfer,,,,10.1007/s10009-019-00526-2,Marek ChalupaJan StrejčekMartina Vitovská,2019,https://link.springer.com/article/10.1007/s10009-019-00526-2,Article
OpenMP Task Generation for Batched Kernel APIs,OpenMP: Conquering the Full Hardware Spectrum,,,,10.1007/978-3-030-28596-8_18,Jinpil LeeYutaka WatanabeMitsuhisa Sato,2019,https://link.springer.com/chapter/10.1007/978-3-030-28596-8_18,Conference paper
Software Reuse and Product Line Engineering,Handbook of Software Engineering,,,,10.1007/978-3-030-00262-6_8,Eduardo Santana de Almeida,2019,https://link.springer.com/chapter/10.1007/978-3-030-00262-6_8,Chapter
Assessing the influence of construction and demolition waste materials on workability and mechanical properties of concrete using statistical analysis,Innovative Infrastructure Solutions,,,,10.1007/s41062-019-0214-3,Bahareh HadavandReza Imaninasab,2019,https://link.springer.com/article/10.1007/s41062-019-0214-3,Article
Densifying Assumed-Sparse Tensors,High Performance Computing,,,,10.1007/978-3-030-20656-7_2,Derya CavdarValeriu CodreanuCan KarakusJohn A. LockmanDamian PodareanuVikram SaletoreAlexander SergeevDon D. SmithVictor SuthichaiQuy TaSrinivas VaradharajanLucas A. WilsonRengan XuPei Yang,2019,https://link.springer.com/chapter/10.1007/978-3-030-20656-7_2,Conference paper
"Organised crime and social media: a system for detecting, corroborating and visualising weak signals of organised crime online",Security Informatics,,,,10.1186/s13388-018-0032-8,Simon AndrewsBen BrewsterTony Day,2018,https://link.springer.com/article/10.1186/s13388-018-0032-8,Article
Parallel Fourier ptychographic microscopy for high-throughput screening with 96 cameras (96 Eyes),Scientific Reports,,,,10.1038/s41598-019-47146-z,Antony C. S. ChanJinho KimAn PanHan XuDana NojimaChristopher HaleSongli WangChanghuei Yang,2019,https://link.springer.com/article/10.1038/s41598-019-47146-z,Article
Performance Portability of Earth System Models with User-Controlled GGDML Code Translation,High Performance Computing,,,,10.1007/978-3-030-02465-9_50,Nabeeh Jum’ahJulian Kunkel,2018,https://link.springer.com/chapter/10.1007/978-3-030-02465-9_50,Conference paper
Tuning Parallel Applications,Parallel Computing Hits the Power Wall,,,,10.1007/978-3-030-28719-1_4,Arthur Francisco LorenzonAntonio Carlos Schneider Beck Filho,2019,https://link.springer.com/chapter/10.1007/978-3-030-28719-1_4,Chapter
Software Regression and Migration Assistance Using Dynamic Instrumentation,Advanced Computing and Systems for Security,,,,10.1007/978-981-13-3250-0_12,Nachiketa ChatterjeeAmlan ChakrabartiPartha Pratim Das,2019,https://link.springer.com/chapter/10.1007/978-981-13-3250-0_12,Chapter
Distributed Protocol Combinators,Practical Aspects of Declarative Languages,,,,10.1007/978-3-030-05998-9_11,Kristoffer Just Arndal AndersenIlya Sergey,2019,https://link.springer.com/chapter/10.1007/978-3-030-05998-9_11,Conference paper
Generation of Reversible C++ Code for Optimistic Parallel Discrete Event Simulation,New Generation Computing,,,,10.1007/s00354-018-0038-2,Markus SchordanTomas OppelstrupDavid JeffersonPeter D. Barnes Jr.,2018,https://link.springer.com/article/10.1007/s00354-018-0038-2,Article
Remote Method Delegation: a Platform for Grid Computing,Journal of Grid Computing,,,,10.1007/s10723-020-09525-z,Bradley WoodBrock WatlingZachary WinnDaniel MessihaQusay H. MahmoudAkramul Azim,2020,https://link.springer.com/article/10.1007/s10723-020-09525-z,Article
An On-Line Performance Introspection Framework for Task-Based Runtime Systems,Computational Science – ICCS 2019,,,,10.1007/978-3-030-22734-0_18,Xavier AguilarHerbert JordanThomas HellerAlexander HirschThomas FahringerErwin Laure,2019,https://link.springer.com/chapter/10.1007/978-3-030-22734-0_18,Conference paper
Mozart : Efficient Composition of Library Functions for Heterogeneous Execution,Languages and Compilers for Parallel Computing,,,,10.1007/978-3-030-35225-7_13,Rajkishore BarikTatiana ShpeismanHongbo RongChunling HuVictor W. LeeTodd A. AndersonGreg HenryHai LiuYoufeng WuPaul PetersenGeoff Lowney,2019,https://link.springer.com/chapter/10.1007/978-3-030-35225-7_13,Conference paper
A Mixed Method of Parallel Software Auto-Tuning Using Statistical Modeling and Machine Learning,"Information and Communication Technologies in Education, Research, and Industrial Applications",,,,10.1007/978-3-030-13929-2_6,Anatoliy DoroshenkoPavlo IvanenkoOleksandr NovakOlena Yatsenko,2019,https://link.springer.com/chapter/10.1007/978-3-030-13929-2_6,Conference paper
Whole-Transcriptome Causal Network Inference with Genomic and Transcriptomic Data,Gene Regulatory Networks,,,,10.1007/978-1-4939-8882-2_4,Lingfei WangTom Michoel,2019,https://link.springer.com/chapter/10.1007/978-1-4939-8882-2_4,Protocol
The Abstract Streaming Machine: Compile-Time Performance Modelling of Stream Programs on Heterogeneous Multiprocessors,Transactions on High-Performance Embedded Architectures and Compilers V,,,,10.1007/978-3-662-58834-5_5,Paul M. CarpenterAlex RamirezEduard Ayguade,2019,https://link.springer.com/chapter/10.1007/978-3-662-58834-5_5,Chapter
Introducing the Task-Aware Storage I/O (TASIO) Library,OpenMP: Conquering the Full Hardware Spectrum,,,,10.1007/978-3-030-28596-8_19,Aleix Roca NonellVicenç Beltran QuerolSergi Mateo Bellido,2019,https://link.springer.com/chapter/10.1007/978-3-030-28596-8_19,Conference paper
Using meta-heuristics and machine learning for software optimization of parallel computing systems: a systematic literature review,Computing,,,,10.1007/s00607-018-0614-9,Suejb MemetiSabri PllanaAlécio BinottoJoanna KołodziejIvona Brandic,2018,https://link.springer.com/article/10.1007/s00607-018-0614-9,Article
Unifying the Analysis of Performance Event Streams at the Consumer Interface Level,Tools for High Performance Computing 2017,,,,10.1007/978-3-030-11987-4_4,Jean-Baptiste BesnardAllen D. MalonySameer ShendeMarc PérachePatrick CarribaultJulien Jaeger,2019,https://link.springer.com/chapter/10.1007/978-3-030-11987-4_4,Conference paper
"DSL-Based Acceleration of Automotive Environment Perception and Mapping Algorithms for Embedded CPUs, GPUs, and FPGAs",Architecture of Computing Systems – ARCS 2019,,,,10.1007/978-3-030-18656-2_6,Jörg FickenscherFrank HannigJürgen Teich,2019,https://link.springer.com/chapter/10.1007/978-3-030-18656-2_6,Conference paper
Performance and energy effects on task-based parallelized applications,The Journal of Supercomputing,,,,10.1007/s11227-018-2294-9,Helena CaminalDiego CaballeroJuan M. CebriánRoger FerrerMarc CasasMiquel MoretóXavier MartorellMateo Valero,2018,https://link.springer.com/article/10.1007/s11227-018-2294-9,Article
Securing Web Applications with Predicate Access Control,Data and Applications Security and Privacy XXXI,,,,10.1007/978-3-319-61176-1_30,Zhaomo YangKirill Levchenko,2017,https://link.springer.com/chapter/10.1007/978-3-319-61176-1_30,Conference paper
Adaptive Simultaneous Multi-tenancy for GPUs,Job Scheduling Strategies for Parallel Processing,,,,10.1007/978-3-030-10632-4_5,Ramin BashizadeYuxuan LiAlvin R. Lebeck,2019,https://link.springer.com/chapter/10.1007/978-3-030-10632-4_5,Conference paper
Alkaline Active Hemicellulases,Alkaliphiles in Biotechnology,,,,10.1007/10_2019_101,Gashaw Mamo,2019,https://link.springer.com/chapter/10.1007/10_2019_101,Chapter
In Situ Techniques for Characterization of Strain Localizations and Time Sequence of Deformation Processes,Deformation Processes in TRIP/TWIP Steels,,,,10.1007/978-3-030-37149-4_5,Anja Weidner,2020,https://link.springer.com/chapter/10.1007/978-3-030-37149-4_5,Chapter
Exploratory Spatial Data Analysis,Handbook of Regional Science,,,,10.1007/978-3-642-36203-3_76-1,Jürgen Symanzik,2019,https://link.springer.com/rwe/10.1007/978-3-642-36203-3_76-1,Living reference work entry
The Impact of Ice Conditions on Maritime Transport on the NSR,Voyages on the Northern Sea Route,,,,10.1007/978-3-030-25490-2_5,Tadeusz Pastusiak,2020,https://link.springer.com/chapter/10.1007/978-3-030-25490-2_5,Chapter
The experience of using DVM and SAPFOR systems in semi automatic parallelization of an application for 3D modeling in geophysics,The Journal of Supercomputing,,,,10.1007/s11227-018-2551-y,Nikita KataevAlexander Kolganov,2018,https://link.springer.com/article/10.1007/s11227-018-2551-y,Article
MACC: An OpenACC Transpiler for Automatic Multi-GPU Use,Supercomputing Frontiers,,,,10.1007/978-3-319-69953-0_7,Kazuaki MatsumuraMitsuhisa SatoTaisuke BokuArtur PodobasSatoshi Matsuoka,2018,https://link.springer.com/chapter/10.1007/978-3-319-69953-0_7,Conference paper
Microbial Diversity on Grapes and Other Fruits: Role and Significance in Fermentation,Microbial Diversity in Ecosystem Sustainability and Biotechnological Applications,,,,10.1007/978-981-13-8487-5_8,M. V. Deshpande,2019,https://link.springer.com/chapter/10.1007/978-981-13-8487-5_8,Chapter
Practical Information Flow Control for Web Applications,Runtime Verification,,,,10.1007/978-3-030-03769-7_21,Angel Luis Scull PupoLaurent ChristopheJens NicolayCoen de RooverElisa Gonzalez Boix,2018,https://link.springer.com/chapter/10.1007/978-3-030-03769-7_21,Conference paper
Understanding React Projects,Pro React 16,,,,10.1007/978-1-4842-4451-7_9,Adam Freeman,2019,https://link.springer.com/chapter/10.1007/978-1-4842-4451-7_9,Chapter
Energy-Efficient Acceleration of Spark Machine Learning Applications on FPGAs,Hardware Accelerators in Data Centers,,,,10.1007/978-3-319-92792-3_5,Christoforos KachrisElias KoromilasIoannis StamelosGeorgios ZervakisSotirios XydisDimitrios Soudris,2019,https://link.springer.com/chapter/10.1007/978-3-319-92792-3_5,Chapter
Debating the Urban Dimension of Territorial Cohesion,Territorial Cohesion,,,,10.1007/978-3-030-03386-6_1,Eduardo Medeiros,2019,https://link.springer.com/chapter/10.1007/978-3-030-03386-6_1,Chapter
SCIPHI Score-P and Cube Extensions for&#xa0;Intel Phi,Tools for High Performance Computing 2017,,,,10.1007/978-3-030-11987-4_6,Marc SchlütterChristian FeldPavel SaviankouMichael KnoblochMarc-André HermannsBernd Mohr,2019,https://link.springer.com/chapter/10.1007/978-3-030-11987-4_6,Conference paper
Artistic Object Recognition by Unsupervised Style Adaptation,Computer Vision – ACCV 2018,,,,10.1007/978-3-030-20893-6_29,Christopher ThomasAdriana Kovashka,2019,https://link.springer.com/chapter/10.1007/978-3-030-20893-6_29,Conference paper
Lignocellulosic biomass (LCB): a potential alternative biorefinery feedstock for polyhydroxyalkanoates production,Reviews in Environmental Science and Bio/Technology,,,,10.1007/s11157-018-09488-4,Huda Sultan Al-BattashiNeelamegam AnnamalaiNallusamy SivakumarSaif Al-BahryBhumi Nath TripathiQuang D. NguyenVijai Kumar Gupta,2019,https://link.springer.com/article/10.1007/s11157-018-09488-4,Article
Data Races and Static Analysis for Interrupt-Driven Kernels,Programming Languages and Systems,,,,10.1007/978-3-030-17184-1_25,Nikita ChopraRekha PaiDeepak D’Souza,2019,https://link.springer.com/chapter/10.1007/978-3-030-17184-1_25,Conference paper
Revisiting the Parallel Strategy for DOACROSS Loops,Journal of Computer Science and Technology,,,,10.1007/s11390-019-1919-7,Song LiuYuan-Zhen CuiNian-Jun ZouWen-Hao ZhuDong ZhangWei-Guo Wu,2019,https://link.springer.com/article/10.1007/s11390-019-1919-7,Article
Cool outflows in galaxies and their implications,The Astronomy and Astrophysics Review,,,,10.1007/s00159-019-0121-9,Sylvain VeilleuxRoberto MaiolinoAlberto D. BolattoSusanne Aalto,2020,https://link.springer.com/article/10.1007/s00159-019-0121-9,Article
The Apache Web Server,Web-Based Projects that Rock the Class,,,,10.1007/978-1-4842-4463-0_1,Christos Karayiannis,2019,https://link.springer.com/chapter/10.1007/978-1-4842-4463-0_1,Chapter
The Economics of Environment Protection,Energy Economics,,,,10.1007/978-1-4471-7468-4_10,Subhes C. Bhattacharyya,2019,https://link.springer.com/chapter/10.1007/978-1-4471-7468-4_10,Chapter
Vertical Trust Networks in the Nazi Bureaucracy,A Terrible Efficiency,,,,10.1007/978-3-030-25767-5_4,Franklin G. Mixon,2019,https://link.springer.com/chapter/10.1007/978-3-030-25767-5_4,Chapter
Introduction,Symbolic Parallelization of Nested Loop Programs,,,,10.1007/978-3-319-73909-0_1,Alexandru-Petru TanaseFrank HannigJürgen Teich,2018,https://link.springer.com/chapter/10.1007/978-3-319-73909-0_1,Chapter
Resolving the GPU responsiveness dilemma through program transformations,Frontiers of Computer Science,,,,10.1007/s11704-016-6206-y,Qi ZhuBo WuXipeng ShenKai ShenLi ShenZhiying Wang,2018,https://link.springer.com/article/10.1007/s11704-016-6206-y,Article
Avoid Anti-Patterns,Pro Oracle SQL Development,,,,10.1007/978-1-4842-4517-0_15,Jon Heller,2019,https://link.springer.com/chapter/10.1007/978-1-4842-4517-0_15,Chapter
Quantum Computation and Its Effects in Database Systems,New Trends in Databases and Information Systems,,,,10.1007/978-3-030-54623-6_2,Szabolcs JóczikAttila Kiss,2020,https://link.springer.com/chapter/10.1007/978-3-030-54623-6_2,Conference paper
Automatic Optimizations for Stream-Based Monitoring Languages,Runtime Verification,,,,10.1007/978-3-030-60508-7_25,Jan BaumeisterBernd FinkbeinerMatthis KruseMaximilian Schwenger,2020,https://link.springer.com/chapter/10.1007/978-3-030-60508-7_25,Conference paper
Hoare-Style Logic for Unstructured Programs,Software Engineering and Formal Methods,,,,10.1007/978-3-030-58768-0_11,Didrik LundbergRoberto GuancialeAndreas LindnerMads Dam,2020,https://link.springer.com/chapter/10.1007/978-3-030-58768-0_11,Conference paper
Model-Based System Design and Evaluation of Image Processing Architectures with SimTAny Framework,"Measurement, Modelling and Evaluation of Computing Systems",,,,10.1007/978-3-319-74947-1_29,Anna DeitschVitali Schneider,2018,https://link.springer.com/chapter/10.1007/978-3-319-74947-1_29,Conference paper
Environmental Nanotechnology,Handbook of Environmental Materials Management,,,,10.1007/978-3-319-73645-7_94,Junaid SaleemUsman Bin ShahidGordon McKay,2019,https://link.springer.com/rwe/10.1007/978-3-319-73645-7_94,Reference work entry
A comparison of tree- and line-oriented observational slicing,Empirical Software Engineering,,,,10.1007/s10664-018-9675-9,David BinkleyNicolas GoldSyed IslamJens KrinkeShin Yoo,2019,https://link.springer.com/article/10.1007/s10664-018-9675-9,Article
Software Evolution,Handbook of Software Engineering,,,,10.1007/978-3-030-00262-6_6,Miryung KimNa MengTianyi Zhang,2019,https://link.springer.com/chapter/10.1007/978-3-030-00262-6_6,Chapter
Programming languages in chemistry: a review of HTML5/JavaScript,Journal of Cheminformatics,,,,10.1186/s13321-019-0331-1,Kevin J. Theisen,2019,https://link.springer.com/article/10.1186/s13321-019-0331-1,Article
Order-reduction abstractions for safety verification of high-dimensional linear systems,Discrete Event Dynamic Systems,,,,10.1007/s10626-017-0244-y,Hoang-Dung TranLuan Viet NguyenWeiming XiangTaylor T. Johnson,2017,https://link.springer.com/article/10.1007/s10626-017-0244-y,Article
Zeroing memory deallocator to reduce checkpoint sizes in virtualized HPC environments,The Journal of Supercomputing,,,,10.1007/s11227-018-2548-6,Ramy GadSimon PickartzTim SüßLars NagelStefan LankesAntonello MontiAndré Brinkmann,2018,https://link.springer.com/article/10.1007/s11227-018-2548-6,Article
Refractories for Iron and Steel Plant,Introduction to Refractories for Iron- and Steelmaking,,,,10.1007/978-3-030-43807-4_1,Subir BiswasDebasish Sarkar,2020,https://link.springer.com/chapter/10.1007/978-3-030-43807-4_1,Chapter
Stream parallelism with ordered data constraints on multi-core systems,The Journal of Supercomputing,,,,10.1007/s11227-018-2482-7,Dalvan GrieblerRenato B. HoffmannMarco DaneluttoLuiz G. Fernandes,2018,https://link.springer.com/article/10.1007/s11227-018-2482-7,Article
Map2Check Using LLVM and KLEE,Tools and Algorithms for the Construction and Analysis of Systems,,,,10.1007/978-3-319-89963-3_28,Rafael MenezesHerbert RochaLucas CordeiroRaimundo Barreto,2018,https://link.springer.com/chapter/10.1007/978-3-319-89963-3_28,Conference paper
Data-driven software design with Constraint Oriented Multi-variate Bandit Optimization (COMBO),Empirical Software Engineering,,,,10.1007/s10664-020-09856-1,Rasmus RosMikael Hammar,2020,https://link.springer.com/article/10.1007/s10664-020-09856-1,Article
Kali Linux and Python,Beginning Ethical Hacking with Kali Linux,,,,10.1007/978-1-4842-3891-2_7,Sanjib Sinha,2018,https://link.springer.com/chapter/10.1007/978-1-4842-3891-2_7,Chapter
"A methodology correlating code optimizations with data memory accesses, execution time and energy consumption",The Journal of Supercomputing,,,,10.1007/s11227-019-02880-z,Vasilios KelefourasKarim Djemame,2019,https://link.springer.com/article/10.1007/s11227-019-02880-z,Article
Design Space Exploration of Compiler Passes: A Co-Exploration Approach for the Embedded Domain,Automatic Tuning of Compilers Using Machine Learning,,,,10.1007/978-3-319-71489-9_2,Amir H. AshouriGianluca PalermoJohn CavazosCristina Silvano,2018,https://link.springer.com/chapter/10.1007/978-3-319-71489-9_2,Chapter
Fundamentals,Modeling and Simulation of Invasive Applications and Architectures,,,,10.1007/978-981-13-8387-8_2,Sascha RoloffFrank HannigJürgen Teich,2019,https://link.springer.com/chapter/10.1007/978-981-13-8387-8_2,Chapter
Model Checking Boot Code from AWS Data Centers,Computer Aided Verification,,,,10.1007/978-3-319-96142-2_28,Byron CookKareem KhazemDaniel KroeningSerdar TasiranMichael TautschnigMark R. Tuttle,2018,https://link.springer.com/chapter/10.1007/978-3-319-96142-2_28,Conference paper
A Practical and Aggressive Loop Fission Technique,Algorithms and Architectures for Parallel Processing,,,,10.1007/978-3-030-05234-8_9,Bo ZhaoYingying LiLin HanJie ZhaoWei GaoRongcai ZhaoRamin Yahyapour,2018,https://link.springer.com/chapter/10.1007/978-3-030-05234-8_9,Conference paper
Formal specification and implementation of an automated pattern-based parallel-code generation framework,International Journal on Software Tools for Technology Transfer,,,,10.1007/s10009-017-0465-2,Gervasio PérezSergio Yovine,2017,https://link.springer.com/article/10.1007/s10009-017-0465-2,Article
A Study of Memory Access Patterns as an Indicator of Performance in High-Level Synthesis,"Proceedings of First International Conference on Smart System, Innovations and Computing",,,,10.1007/978-981-10-5828-8_61,Meena BelwalT. S. B. Sudarshan,2018,https://link.springer.com/chapter/10.1007/978-981-10-5828-8_61,Conference paper
Natural Disasters in the North-East: Crucial Role of Academia in Saving Lives,Development and Disaster Management,,,,10.1007/978-981-10-8485-0_2,P. P. Shrivastav,2018,https://link.springer.com/chapter/10.1007/978-981-10-8485-0_2,Chapter
Rewriting High-Level Spreadsheet Structures into Higher-Order Functional Programs,Practical Aspects of Declarative Languages,,,,10.1007/978-3-319-73305-0_2,Florian BiermannWensheng DouPeter Sestoft,2018,https://link.springer.com/chapter/10.1007/978-3-319-73305-0_2,Conference paper
Experiments with Sparse Cholesky Using a Parametrized Task Graph&#xa0;Implementation,Parallel Processing and Applied Mathematics,,,,10.1007/978-3-319-78024-5_18,Iain DuffFlorent Lopez,2018,https://link.springer.com/chapter/10.1007/978-3-319-78024-5_18,Conference paper
Extending OpenMP to Facilitate Loop Optimization,Evolving OpenMP for Evolving Architectures,,,,10.1007/978-3-319-98521-3_4,Ian BertolacciMichelle Mills StroutBronis R. de SupinskiThomas R. W. ScoglandEddie C. DavisCatherine Olschanowsky,2018,https://link.springer.com/chapter/10.1007/978-3-319-98521-3_4,Conference paper
Towards Automated Static Verification of&#xa0;GNU&#xa0;C Programs,Perspectives of System Informatics,,,,10.1007/978-3-319-74313-4_30,Evgeny NovikovIlja Zakharov,2018,https://link.springer.com/chapter/10.1007/978-3-319-74313-4_30,Conference paper
Prospects for multi-messenger extended emission from core-collapse supernovae in the Local Universe,The European Physical Journal Plus,,,,10.1140/epjp/i2019-12932-3,Maurice H. P. M. van PuttenAmir LevinsonFilippo FronteraCristiano GuidorziLorenzo AmatiMassimo Della Valle,2019,https://link.springer.com/article/10.1140/epjp/i2019-12932-3,Article
Using Functional Directives to Analyze Code Complexity,Tools and Methods of Program Analysis,,,,10.1007/978-3-319-71734-0_14,Daniel Rubio BonillaColin W. Glass,2018,https://link.springer.com/chapter/10.1007/978-3-319-71734-0_14,Conference paper
Stream Ciphers: A Practical Solution for Efficient Homomorphic-Ciphertext Compression,Journal of Cryptology,,,,10.1007/s00145-017-9273-9,Anne CanteautSergiu CarpovCaroline FontaineTancrède LepointMaría Naya-PlasenciaPascal PaillierRenaud Sirdey,2018,https://link.springer.com/article/10.1007/s00145-017-9273-9,Article
Tuning iteration space slicing based tiled multi-core code implementing Nussinov’s RNA folding,BMC Bioinformatics,,,,10.1186/s12859-018-2008-6,Marek PalkowskiWlodzimierz Bielecki,2018,https://link.springer.com/article/10.1186/s12859-018-2008-6,Article
Concluding Remarks: Future of Sustainability and Resilience Planning,Sustainability and Resilience Planning for Local Governments,,,,10.1007/978-3-319-72568-0_8,Haris Alibašić,2018,https://link.springer.com/chapter/10.1007/978-3-319-72568-0_8,Chapter
Fundamentals and Compiler Framework,Symbolic Parallelization of Nested Loop Programs,,,,10.1007/978-3-319-73909-0_2,Alexandru-Petru TanaseFrank HannigJürgen Teich,2018,https://link.springer.com/chapter/10.1007/978-3-319-73909-0_2,Chapter
Enhancing Software Reliability Against Soft Error Using Critical Data Model,Mobile Ad-hoc and Sensor Networks,,,,10.1007/978-981-10-8890-2_27,Li WeiMingwei Xu,2018,https://link.springer.com/chapter/10.1007/978-981-10-8890-2_27,Conference paper
Compiling for VLIW DSPs,Handbook of Signal Processing Systems,,,,10.1007/978-3-319-91734-4_27,Christoph W. Kessler,2019,https://link.springer.com/chapter/10.1007/978-3-319-91734-4_27,Chapter
How verified (or tested) is my code? Falsification-driven verification and testing,Automated Software Engineering,,,,10.1007/s10515-018-0240-y,Alex GroceIftekhar AhmedCarlos JensenPaul E. McKenneyJosie Holmes,2018,https://link.springer.com/article/10.1007/s10515-018-0240-y,Article
Quantum Poker—a game for quantum computers suitable for benchmarking error mitigation techniques on NISQ devices,The European Physical Journal Plus,,,,10.1140/epjp/s13360-020-00360-5,Franz G. FuchsVemund FalchChristian Johnsen,2020,https://link.springer.com/article/10.1140/epjp/s13360-020-00360-5,Article
TaskUniVerse: A Task-Based Unified Interface for Versatile Parallel Execution,Parallel Processing and Applied Mathematics,,,,10.1007/978-3-319-78024-5_16,Afshin Zafari,2018,https://link.springer.com/chapter/10.1007/978-3-319-78024-5_16,Conference paper
Human-in-the-Loop Simulation of Cloud Services,Service-Oriented and Cloud Computing,,,,10.1007/978-3-319-67262-5_11,Nikolaos BezirgiannisFrank de BoerStijn de Gouw,2017,https://link.springer.com/chapter/10.1007/978-3-319-67262-5_11,Conference paper
The role of model checking in software engineering,Frontiers of Computer Science,,,,10.1007/s11704-016-6192-0,Anil Kumar KarnaYuting ChenHaibo YuHao ZhongJianjun Zhao,2018,https://link.springer.com/article/10.1007/s11704-016-6192-0,Article
Formal verification of cP systems using PAT3 and ProB,Journal of Membrane Computing,,,,10.1007/s41965-020-00036-0,Yezhou LiuRadu NicolescuJing Sun,2020,https://link.springer.com/article/10.1007/s41965-020-00036-0,Article
Automated Source Code Instrumentation for Verifying Potential Vulnerabilities,ICT Systems Security and Privacy Protection,,,,10.1007/978-3-319-33630-5_15,Hongzhe LiJaesang OhHakjoo OhHeejo Lee,2016,https://link.springer.com/chapter/10.1007/978-3-319-33630-5_15,Conference paper
Loop Nest Tiling for Image Processing and Communication Applications,"Hard and Soft Computing for Artificial Intelligence, Multimedia and Security",,,,10.1007/978-3-319-48429-7_28,Wlodzimierz BieleckiMarek Palkowski,2017,https://link.springer.com/chapter/10.1007/978-3-319-48429-7_28,Conference paper
An Approximation Workflow for Exploiting Data-Level Parallelism in FPGA Acceleration,From Variability Tolerance to Approximate Computing in Parallel Integrated Architectures and Accelerators,,,,10.1007/978-3-319-53768-9_10,Abbas RahimiLuca BeniniRajesh K. Gupta,2017,https://link.springer.com/chapter/10.1007/978-3-319-53768-9_10,Chapter
Study of Integrating Random and Symbolic Testing for Object-Oriented Software,Integrated Formal Methods,,,,10.1007/978-3-319-98938-9_6,Marko DimjaševićFalk HowarKasper LuckowZvonimir Rakamarić,2018,https://link.springer.com/chapter/10.1007/978-3-319-98938-9_6,Conference paper
Checking the Expressivity of Firewall Languages,The Art of Modelling Computational Systems: A Journey from Logic and Concurrency to Security and Privacy,,,,10.1007/978-3-030-31175-9_6,Lorenzo CeragioliPierpaolo DeganoLetterio Galletta,2019,https://link.springer.com/chapter/10.1007/978-3-030-31175-9_6,Chapter
Memory System,General-Purpose Graphics Processor Architectures,,,,10.1007/978-3-031-01759-9_4,Tor M. AamodtWilson Wai Lun FungTimothy G. Rogers,2018,https://link.springer.com/chapter/10.1007/978-3-031-01759-9_4,Chapter
LDM Compact – an efficient methodology for the development of combustion concepts for non-natural gas,"Heavy-Duty-, On- und Off-Highway-Motoren 2017",,,,10.1007/978-3-658-21029-8_6,Jan ZelenkaMartin KirstenEduard SchneßlGernot KammelAndreas Wimmer,2018,https://link.springer.com/chapter/10.1007/978-3-658-21029-8_6,Conference paper
Modeling and Verification of A Timing Protection Mechanism in the OSEK/VDX OS using CSP,Formal Aspects of Computing,,,,10.1007/s00165-020-00511-6,Yanhong HuangHaiping PangJianqi Shi,2020,https://link.springer.com/article/10.1007/s00165-020-00511-6,Article
Developing and evolving a DSL-based approach for runtime monitoring of systems of systems,Automated Software Engineering,,,,10.1007/s10515-018-0241-x,Rick RabiserJürgen Thanhofer-PilischMichael VierhauserPaul GrünbacherAlexander Egyed,2018,https://link.springer.com/article/10.1007/s10515-018-0241-x,Article
Joint Forces for Memory Safety Checking,Model Checking Software,,,,10.1007/978-3-319-94111-0_7,Marek ChalupaJan StrejčekMartina Vitovská,2018,https://link.springer.com/chapter/10.1007/978-3-319-94111-0_7,Conference paper
From Transition Systems to Variability Models and from Lifted Model Checking Back to UPPAAL,"Models, Algorithms, Logics and Tools",,,,10.1007/978-3-319-63121-9_13,Aleksandar S. DimovskiAndrzej Wąsowski,2017,https://link.springer.com/chapter/10.1007/978-3-319-63121-9_13,Chapter
Mapping and Scheduling Hard Real Time Applications on Multicore Systems - The ARGO Approach,"Applied Reconfigurable Computing. Architectures, Tools, and Applications",,,,10.1007/978-3-319-78890-6_56,Panayiotis AlefragisGeorge TheodoridisMerkourios KatsimprisChristos ValouxisChristos GogosGeorge GoulasNikolaos VorosSimon RederKoray KasnakliMarcus BednaraDavid MüllerUmut DurakJuergen Becker,2018,https://link.springer.com/chapter/10.1007/978-3-319-78890-6_56,Conference paper
Historical Events and Developments,Defining ‘Eastern Europe’,,,,10.1007/978-3-319-77374-2_2,Piotr Twardzisz,2018,https://link.springer.com/chapter/10.1007/978-3-319-77374-2_2,Chapter
Improved High-Level Synthesis for&#xa0;Complex CellML Models,"Applied Reconfigurable Computing. Architectures, Tools, and Applications",,,,10.1007/978-3-319-78890-6_34,Björn LiebigJulian OppermannOliver SinnenAndreas Koch,2018,https://link.springer.com/chapter/10.1007/978-3-319-78890-6_34,Conference paper
A Semantics-Driven Approach to&#xa0;Improving DataRaceBench’s OpenMP Standard Coverage,Evolving OpenMP for Evolving Architectures,,,,10.1007/978-3-319-98521-3_13,Chunhua LiaoPei-Hung LinMarkus SchordanIan Karlin,2018,https://link.springer.com/chapter/10.1007/978-3-319-98521-3_13,Conference paper
Location Tracing and Potential Risks in Interaction Data Sets,Applied Spatial Analysis and Policy,,,,10.1007/s12061-017-9247-1,Oliver Duke-Williams,2017,https://link.springer.com/article/10.1007/s12061-017-9247-1,Article
: A Cross-Platform Programming Framework for Quantum-Accelerated Scientific Computing,Computational Science – ICCS 2020,,,,10.1007/978-3-030-50433-5_35,Matthias MöllerMerel Schalkers,2020,https://link.springer.com/chapter/10.1007/978-3-030-50433-5_35,Conference paper
Typechecking Java Protocols with [St]Mungo,"Formal Techniques for Distributed Objects, Components, and Systems",,,,10.1007/978-3-030-50086-3_12,A. Laura VoineaOrnela DardhaSimon J. Gay,2020,https://link.springer.com/chapter/10.1007/978-3-030-50086-3_12,Conference paper
An Introduction to TypeScript,Introducing Deno,,,,10.1007/978-1-4842-6197-2_2,Fernando Doglio,2020,https://link.springer.com/chapter/10.1007/978-1-4842-6197-2_2,Chapter
GVGAI without VGDL,General Video Game Artificial Intelligence,,,,10.1007/978-3-031-02122-0_8,Simon M. Lucas,2020,https://link.springer.com/chapter/10.1007/978-3-031-02122-0_8,Chapter
The Current Landscape,The Definitive Guide to AWS Infrastructure Automation,,,,10.1007/978-1-4842-5398-4_2,Bradley Campbell,2020,https://link.springer.com/chapter/10.1007/978-1-4842-5398-4_2,Chapter
"Albert, An Intermediate Smart-Contract Language for the Tezos Blockchain",Financial Cryptography and Data Security,,,,10.1007/978-3-030-54455-3_41,Bruno BernardoRaphaël CauderlierBasile PesinJulien Tesson,2020,https://link.springer.com/chapter/10.1007/978-3-030-54455-3_41,Conference paper
Generated Behaviors,The Art of Immutable Architecture,,,,10.1007/978-1-4842-5955-9_12,Michael L. Perry,2020,https://link.springer.com/chapter/10.1007/978-1-4842-5955-9_12,Chapter
Circuit Synthesis and Compilation,Quantum Computer Systems,,,,10.1007/978-3-031-01765-0_6,Yongshan DingFrederic T. Chong,2020,https://link.springer.com/chapter/10.1007/978-3-031-01765-0_6,Chapter
Upgradeability Concept for Collaborative Blockchain-Based Business Process Execution Framework,Blockchain – ICBC 2020,,,,10.1007/978-3-030-59638-5_9,Philipp KlingerLong NguyenFreimut Bodendorf,2020,https://link.springer.com/chapter/10.1007/978-3-030-59638-5_9,Conference paper
Building Plugins,Practical Hexo,,,,10.1007/978-1-4842-6089-0_6,Alex Libby,2020,https://link.springer.com/chapter/10.1007/978-1-4842-6089-0_6,Chapter
Getting Started,Practical Hexo,,,,10.1007/978-1-4842-6089-0_1,Alex Libby,2020,https://link.springer.com/chapter/10.1007/978-1-4842-6089-0_1,Chapter
Bringing in the Big Guns: Gatsby,Practical JAMstack,,,,10.1007/978-1-4842-6177-4_3,Frank Zammetti,2020,https://link.springer.com/chapter/10.1007/978-1-4842-6177-4_3,Chapter
React,Building Web Applications with .NET Core 2.1 and JavaScript,,,,10.1007/978-1-4842-5352-6_12,Philip JapikseKevin GrossnicklausBen Dewey,2020,https://link.springer.com/chapter/10.1007/978-1-4842-5352-6_12,Chapter
"High-Level and Productive Stream Parallelism for Dedup, Ferret, and Bzip2",International Journal of Parallel Programming,,,,10.1007/s10766-018-0558-x,Dalvan GrieblerRenato B. HoffmannMarco DaneluttoLuiz G. Fernandes,2018,https://link.springer.com/article/10.1007/s10766-018-0558-x,Article
Support for Parallel and Concurrent Programming in C++,Programming and Computer Software,,,,10.1134/S0361768818010073,N. I. V’yukovaV. A. GalatenkoS. V. Samborskii,2018,https://link.springer.com/article/10.1134/S0361768818010073,Article
"Comparison of Parallelisation Approaches, Languages, and Compilers for Unstructured Mesh Algorithms on GPUs","High Performance Computing Systems. Performance Modeling, Benchmarking, and Simulation",,,,10.1007/978-3-319-72971-8_2,G. D. BaloghI. Z. RegulyG. R. Mudalige,2018,https://link.springer.com/chapter/10.1007/978-3-319-72971-8_2,Conference paper
Exhaustive Execution of CHR Through Source-to-Source Transformation,Logic-Based Program Synthesis and Transformation,,,,10.1007/978-3-319-17822-6_4,Ahmed ElsawyAmira ZakiSlim Abdennadher,2015,https://link.springer.com/chapter/10.1007/978-3-319-17822-6_4,Conference paper
"Abelian: A Compiler for Graph Analytics on Distributed, Heterogeneous Platforms",Euro-Par 2018: Parallel Processing,,,,10.1007/978-3-319-96983-1_18,Gurbinder GillRoshan DathathriLoc HoangAndrew LenharthKeshav Pingali,2018,https://link.springer.com/chapter/10.1007/978-3-319-96983-1_18,Conference paper
Do Russian Consumers Understand and Accept the Sharing Economy as a New Digital Business Model?,Digital Transformation and Global Society,,,,10.1007/978-3-030-02843-5_31,Vera RebiazinaAnastasia ShalaevaMaria Smirnova,2018,https://link.springer.com/chapter/10.1007/978-3-030-02843-5_31,Conference paper
Execution of UML models: a systematic review of research and practice,Software & Systems Modeling,,,,10.1007/s10270-018-0675-4,Federico CiccozziIvano MalavoltaBran Selic,2018,https://link.springer.com/article/10.1007/s10270-018-0675-4,Article
Type-Driven Automated Program Transformations and Cost Modelling for Optimising Streaming Programs on FPGAs,International Journal of Parallel Programming,,,,10.1007/s10766-018-0572-z,Wim VanderbauwhedeSyed Waqar NabiCristian Urlea,2018,https://link.springer.com/article/10.1007/s10766-018-0572-z,Article
Obfuscation and Diversification for Securing Cloud Computing,Enterprise Security,,,,10.1007/978-3-319-54380-2_8,Shohreh HosseinzadehSamuel LaurénSampsa RautiSami HyrynsalmiMauro ContiVille Leppänen,2017,https://link.springer.com/chapter/10.1007/978-3-319-54380-2_8,Conference paper
A Coq Formalisation of SQL’s Execution Engines,Interactive Theorem Proving,,,,10.1007/978-3-319-94821-8_6,V. BenzakenÉ. ContejeanCh. KellerE. Martins,2018,https://link.springer.com/chapter/10.1007/978-3-319-94821-8_6,Conference paper
Basic Concepts,Pro .NET Memory Management,,,,10.1007/978-1-4842-4027-4_1,Konrad Kokosa,2018,https://link.springer.com/chapter/10.1007/978-1-4842-4027-4_1,Chapter
"Potential based, spatial simulation of dynamically nested particles",BMC Bioinformatics,,,,10.1186/s12859-019-3092-y,Till KösterPhilipp HenningAdelinde M. Uhrmacher,2019,https://link.springer.com/article/10.1186/s12859-019-3092-y,Article
A High Arithmetic Intensity Krylov Subspace Method Based on Stencil Compiler Programs,High Performance Computing in Science and Engineering,,,,10.1007/978-3-319-97136-0_1,Simplice DonfackPatrick SananOlaf SchenkBram RepsWim Vanroose,2018,https://link.springer.com/chapter/10.1007/978-3-319-97136-0_1,Conference paper
Automatically Generating Secure Wrappers for SGX Enclaves from Separation Logic Specifications,Programming Languages and Systems,,,,10.1007/978-3-319-71237-6_6,Neline van GinkelRaoul StrackxFrank Piessens,2017,https://link.springer.com/chapter/10.1007/978-3-319-71237-6_6,Conference paper
CPArec: Verifying Recursive Programs via Source-to-Source Program Transformation,Tools and Algorithms for the Construction and Analysis of Systems,,,,10.1007/978-3-662-46681-0_35,Yu-Fang ChenChiao HsiehMing-Hsien TsaiBow-Yaw WangFarn Wang,2015,https://link.springer.com/chapter/10.1007/978-3-662-46681-0_35,Conference paper
A review of dietary stilbenes: sources and bioavailability,Phytochemistry Reviews,,,,10.1007/s11101-018-9578-9,Toni El KhawandArnaud CourtoisJosep VallsTristan RichardStéphanie Krisa,2018,https://link.springer.com/article/10.1007/s11101-018-9578-9,Article
"Documentation Work, Design Capacity, and Teachers’ Expertise in Designing Instruction",The ‘Resource’ Approach to Mathematics Education,,,,10.1007/978-3-030-20393-1_11,Sebastian RezatCarole Le HénaffJana VisnovskaOk-Kyeong KimLaurence LeroyerHussein SabraSuzane El HageChongyang Wang,2019,https://link.springer.com/chapter/10.1007/978-3-030-20393-1_11,Chapter
Intersection as key locations for bearded capuchin monkeys (<i>Sapajus libidinosus</i>) traveling within a route network,Animal Cognition,,,,10.1007/s10071-018-1176-0,A. PresottoM. P. VerderaneL. BiondiO. Mendonça-FurtadoN. SpagnolettiM. MaddenP. Izar,2018,https://link.springer.com/article/10.1007/s10071-018-1176-0,Article
Verifying Properties of Differentiable Programs,Static Analysis,,,,10.1007/978-3-319-99725-4_14,Jan HückelheimZiqing LuoSri Hari Krishna NarayananStephen SiegelPaul D. Hovland,2018,https://link.springer.com/chapter/10.1007/978-3-319-99725-4_14,Conference paper
On-Demand Fault-Tolerant Loop Processing,Symbolic Parallelization of Nested Loop Programs,,,,10.1007/978-3-319-73909-0_5,Alexandru-Petru TanaseFrank HannigJürgen Teich,2018,https://link.springer.com/chapter/10.1007/978-3-319-73909-0_5,Chapter
Py3plex toolkit for visualization and analysis of multilayer networks,Applied Network Science,,,,10.1007/s41109-019-0203-7,Blaž ŠkrljJan KraljNada Lavrač,2019,https://link.springer.com/article/10.1007/s41109-019-0203-7,Article
Locality and Singularity for Store-Atomic Memory Models,Networked Systems,,,,10.1007/978-3-319-59647-1_11,Egor DerevenetcRoland MeyerSebastian Schweizer,2017,https://link.springer.com/chapter/10.1007/978-3-319-59647-1_11,Conference paper
Bioaugmentation of Petroleum Hydrocarbon in Contaminated Soil: A Review,Microbial Action on Hydrocarbons,,,,10.1007/978-981-13-1840-5_17,Z. Nur ZaidaM. T. Piakong,2018,https://link.springer.com/chapter/10.1007/978-981-13-1840-5_17,Chapter
Inferring functional properties of matrix manipulating programs by abstract interpretation,Formal Methods in System Design,,,,10.1007/s10703-017-0311-x,Matthieu JournaultAntoine Miné,2018,https://link.springer.com/article/10.1007/s10703-017-0311-x,Article
Securing the SSA Transform,Static Analysis,,,,10.1007/978-3-319-66706-5_5,Chaoqiang DengKedar S. Namjoshi,2017,https://link.springer.com/chapter/10.1007/978-3-319-66706-5_5,Conference paper
Transcompiling Firewalls,Principles of Security and Trust,,,,10.1007/978-3-319-89722-6_13,Chiara BodeiPierpaolo DeganoRiccardo FocardiLetterio GallettaMauro Tempesta,2018,https://link.springer.com/chapter/10.1007/978-3-319-89722-6_13,Conference paper
"Panda: A Compiler Framework for Concurrent CPU<span class=""mathjax-tex"">\(+\)</span>GPU Execution of 3D Stencil Computations on GPU-accelerated Supercomputers",International Journal of Parallel Programming,,,,10.1007/s10766-016-0454-1,Mohammed SourouriScott B. BadenXing Cai,2016,https://link.springer.com/article/10.1007/s10766-016-0454-1,Article
Lazy-CSeq 2.0: Combining Lazy Sequentialization with Abstract Interpretation,Tools and Algorithms for the Construction and Analysis of Systems,,,,10.1007/978-3-662-54580-5_26,Truc L. NguyenOmar InversoBernd FischerSalvatore La TorreGennaro Parlato,2017,https://link.springer.com/chapter/10.1007/978-3-662-54580-5_26,Conference paper
Tailorable Remote Assistance with RemoteAssistKit: A Study of and Design Response to Remote Assistance in the Manufacturing Industry,Collaboration Technologies and Social Computing,,,,10.1007/978-3-030-28011-6_6,Troels Ammitsbøl RasmussenKaj Gronbak,2019,https://link.springer.com/chapter/10.1007/978-3-030-28011-6_6,Conference paper
Towards Pluri-Platform Development: Evaluating a Graphical Model-Driven Approach to App Development Across Device Classes,"Towards Integrated Web, Mobile, and IoT Technology",,,,10.1007/978-3-030-28430-5_3,Christoph RiegerHerbert Kuchen,2019,https://link.springer.com/chapter/10.1007/978-3-030-28430-5_3,Conference paper
MPEG Reconfigurable Video Coding,Handbook of Signal Processing Systems,,,,10.1007/978-3-319-91734-4_7,Marco MattavelliJorn W. JanneckMickaël Raulet,2019,https://link.springer.com/chapter/10.1007/978-3-319-91734-4_7,Chapter
On the Prediction of Smart Contracts’ Behaviours,"From Software Engineering to Formal Methods and Tools, and Back",,,,10.1007/978-3-030-30985-5_23,Cosimo LaneveClaudio Sacerdoti CoenAdele Veschetti,2019,https://link.springer.com/chapter/10.1007/978-3-030-30985-5_23,Chapter
Angular,Beginning Database Programming Using ASP.NET Core 3,,,,10.1007/978-1-4842-5509-4_7,Bipin Joshi,2019,https://link.springer.com/chapter/10.1007/978-1-4842-5509-4_7,Chapter
Software Technology That Deals with Deeper Memory Hierarchy in Post-petascale Era,Advanced Software Technologies for Post-Peta Scale Computing,,,,10.1007/978-981-13-1924-2_12,Toshio EndoHiroko MidorikawaYukinori Sato,2019,https://link.springer.com/chapter/10.1007/978-981-13-1924-2_12,Chapter
Hello World,Pro MERN Stack,,,,10.1007/978-1-4842-4391-6_2,Vasan Subramanian,2019,https://link.springer.com/chapter/10.1007/978-1-4842-4391-6_2,Chapter
MPP SQL Query Optimization with RTCG,Big Data Analytics,,,,10.1007/978-3-030-04780-1_16,K. T. SridharM. A. SakkeerShiju AndrewsJimson Johnson,2018,https://link.springer.com/chapter/10.1007/978-3-030-04780-1_16,Conference paper
Concurrent Program Verification with Lazy Sequentialization and Interval Analysis,Networked Systems,,,,10.1007/978-3-319-59647-1_20,Truc L. NguyenBernd FischerSalvatore La TorreGennaro Parlato,2017,https://link.springer.com/chapter/10.1007/978-3-319-59647-1_20,Conference paper
Robust vectorization method for electrical circuit drawings using component morphology,Pattern Analysis and Applications,,,,10.1007/s10044-018-0686-3,Paramita DeSekhar MandalPartha BhowmickBhabatosh Chanda,2018,https://link.springer.com/article/10.1007/s10044-018-0686-3,Article
An efficient authentication method for AMBTC compressed images using adaptive pixel pair matching,Multimedia Tools and Applications,,,,10.1007/s11042-017-4899-z,Wien HongMeijin ChenTung Shou ChenChien-Che Huang,2017,https://link.springer.com/article/10.1007/s11042-017-4899-z,Article
Classification and Software Culture,Fundamentals of Software Culture,,,,10.1007/978-981-13-0701-0_3,Zheng QinHuidi ZhangXin QinKaiping XuKouemo Ngayo Anatoli DimitrovGuolong WangWenhui Yu,2018,https://link.springer.com/chapter/10.1007/978-981-13-0701-0_3,Chapter
Environmental Nanotechnology,Handbook of Environmental Materials Management,,,,10.1007/978-3-319-58538-3_94-1,Junaid SaleemUsman Bin ShahidGordon McKay,2018,https://link.springer.com/rwe/10.1007/978-3-319-58538-3_94-1,Living reference work entry
Thermodynamics and Kinetics of Gasification,Coal and Biomass Gasification,,,,10.1007/978-981-10-7335-9_2,M. R. RaviSangeeta Kohli,2018,https://link.springer.com/chapter/10.1007/978-981-10-7335-9_2,Chapter
Building Smart University Using Innovative Technology and Architecture,Smart Universities,,,,10.1007/978-3-319-59454-5_6,Attila Adamkó,2018,https://link.springer.com/chapter/10.1007/978-3-319-59454-5_6,Chapter
Data-Driven Thread Execution on Heterogeneous Processors,International Journal of Parallel Programming,,,,10.1007/s10766-016-0486-6,Samer ArandiGeorge MatheouCostas KyriacouParaskevas Evripidou,2017,https://link.springer.com/article/10.1007/s10766-016-0486-6,Article
Heap Partitioning and Parallelisation,Separation Logic for High-level Synthesis,,,,10.1007/978-3-319-53222-6_4,Felix Winterstein,2017,https://link.springer.com/chapter/10.1007/978-3-319-53222-6_4,Chapter
The Case for Polymorphic Registers in Dataflow Computing,International Journal of Parallel Programming,,,,10.1007/s10766-017-0494-1,Cătălin Bogdan CiobanuGeorgi GaydadjievChristian PilatoDonatella Sciuto,2017,https://link.springer.com/article/10.1007/s10766-017-0494-1,Article
Excipient risk assessment: possible approaches to assessing the risk associated with excipient function,Journal of Pharmaceutical Investigation,,,,10.1007/s40005-017-0354-4,Olena RubanYurii PidpruzhnykovTetiana Kolisnyk,2017,https://link.springer.com/article/10.1007/s40005-017-0354-4,Article
Loop Parallelization Techniques for FPGA Accelerator Synthesis,Journal of Signal Processing Systems,,,,10.1007/s11265-017-1229-7,Oliver ReicheM. Akif ÖzkanFrank HannigJürgen TeichMoritz Schmid,2017,https://link.springer.com/article/10.1007/s11265-017-1229-7,Article
Progress-Sensitive Security for SPARK,Engineering Secure Software and Systems,,,,10.1007/978-3-319-30806-7_2,Willard RafnssonDeepak GargAndrei Sabelfeld,2016,https://link.springer.com/chapter/10.1007/978-3-319-30806-7_2,Conference paper
.NET Fundamentals,Pro .NET Memory Management,,,,10.1007/978-1-4842-4027-4_4,Konrad Kokosa,2018,https://link.springer.com/chapter/10.1007/978-1-4842-4027-4_4,Chapter
Towards Efficient Multi-domain Data Processing,Data Management Technologies and Applications,,,,10.1007/978-3-319-62911-7_3,Johannes LuongDirk HabichThomas KissingerWolfgang Lehner,2017,https://link.springer.com/chapter/10.1007/978-3-319-62911-7_3,Conference paper
Leveraging OpenMP 4.5 Support in CLANG for Fortran,Scaling OpenMP for Exascale Performance and Portability,,,,10.1007/978-3-319-65578-9_3,Hyojin SungTong ChenZehra SuraTarique Islam,2017,https://link.springer.com/chapter/10.1007/978-3-319-65578-9_3,Conference paper
DepthK: A k-Induction Verifier Based on Invariant Inference for C Programs,Tools and Algorithms for the Construction and Analysis of Systems,,,,10.1007/978-3-662-54580-5_23,Williame RochaHerbert RochaHussama IsmailLucas CordeiroBernd Fischer,2017,https://link.springer.com/chapter/10.1007/978-3-662-54580-5_23,Conference paper
Expressing and Applying C++ Code Transformations for the HDF5 API Through a DSL,Computer Information Systems and Industrial Management,,,,10.1007/978-3-319-59105-6_26,Martin GolasowskiJoão BispoJan MartinovičKateřina SlaninováJoão M. P. Cardoso,2017,https://link.springer.com/chapter/10.1007/978-3-319-59105-6_26,Conference paper
Introduction,Separation Logic for High-level Synthesis,,,,10.1007/978-3-319-53222-6_1,Felix Winterstein,2017,https://link.springer.com/chapter/10.1007/978-3-319-53222-6_1,Chapter
RedThreads: An Interface for Application-Level Fault Detection/Correction Through Adaptive Redundant Multithreading,International Journal of Parallel Programming,,,,10.1007/s10766-017-0492-3,Saurabh HukerikarKeita TeranishiPedro C. DinizRobert F. Lucas,2017,https://link.springer.com/article/10.1007/s10766-017-0492-3,Article
Compiling Parallel Circuits,Compilation for Secure Multi-party Computation,,,,10.1007/978-3-319-67522-0_5,Niklas BüscherStefan Katzenbeisser,2017,https://link.springer.com/chapter/10.1007/978-3-319-67522-0_5,Chapter
Embedded Honeypotting,Cyber Deception,,,,10.1007/978-3-319-32699-3_9,Frederico AraujoKevin W. Hamlen,2016,https://link.springer.com/chapter/10.1007/978-3-319-32699-3_9,Chapter
On Futures for Streaming Data in ABS,"Formal Techniques for Distributed Objects, Components, and Systems",,,,10.1007/978-3-319-60225-7_5,Keyvan AzadbakhtNikolaos BezirgiannisFrank S. de Boer,2017,https://link.springer.com/chapter/10.1007/978-3-319-60225-7_5,Conference paper
A formal basis for the design and analysis of firewall security policies,Journal of King Saud University Computer and Information Sciences,,,,10.1016/j.jksuci.2016.11.008,Ahmed KhoumsiMohammed ErradiWadie Krombi,2016,https://link.springer.com/article/10.1016/j.jksuci.2016.11.008,Article
WebPol: Fine-Grained Information Flow Policies for Web Browsers,Computer Security – ESORICS 2017,,,,10.1007/978-3-319-66402-6_15,Abhishek BichhawatVineet RajaniJinank JainDeepak GargChristian Hammer,2017,https://link.springer.com/chapter/10.1007/978-3-319-66402-6_15,Conference paper
Accretion Disks and Coronae in the X-Ray Flashlight,Space Science Reviews,,,,10.1007/s11214-017-0448-3,Nathalie DegenaarDavid R. BallantyneTomaso BelloniManoneeta ChakrabortyYu-Peng ChenLong JiPeter KretschmarErik KuulkersJian LiThomas J. MaccaroneJulien MalzacShu ZhangShuang-Nan Zhang,2017,https://link.springer.com/article/10.1007/s11214-017-0448-3,Article
Automatic Local Memory Management for Multicores Having Global Address Space,Languages and Compilers for Parallel Computing,,,,10.1007/978-3-319-52709-3_21,Kouhei YamamotoTomoya ShirakawaYoshitake OkiAkimasa YoshidaKeiji KimuraHironori Kasahara,2017,https://link.springer.com/chapter/10.1007/978-3-319-52709-3_21,Conference paper
Automatic Acceleration of Stencil Codes in Android Devices,Algorithms and Architectures for Parallel Processing,,,,10.1007/978-3-319-65482-9_6,Sergio AfonsoAlejandro AcostaFrancisco Almeida,2017,https://link.springer.com/chapter/10.1007/978-3-319-65482-9_6,Conference paper
Probabilistic-Based Selection of Alternate Implementations for Heterogeneous Platforms,Algorithms and Architectures for Parallel Processing,,,,10.1007/978-3-319-65482-9_60,Javier FernándezAndrés Sánchez CuadradoDavid del Rio AstorgaManuel F. DolzJ. Daniel García,2017,https://link.springer.com/chapter/10.1007/978-3-319-65482-9_60,Conference paper
A Domain-Specific Language for Software-Defined Radio,Practical Aspects of Declarative Languages,,,,10.1007/978-3-319-51676-9_12,Geoffrey Mainland,2017,https://link.springer.com/chapter/10.1007/978-3-319-51676-9_12,Conference paper
On Global Scheduling Independency in Networks of Timed Automata,Formal Modeling and Analysis of Timed Systems,,,,10.1007/978-3-319-65765-3_3,Sergio Feo-ArenisMilan VujinovićBernd Westphal,2017,https://link.springer.com/chapter/10.1007/978-3-319-65765-3_3,Conference paper
"Assessing and discovering parallelism in C<span class=""mathjax-tex"">\(++\)</span> code for heterogeneous platforms",The Journal of Supercomputing,,,,10.1007/s11227-016-1794-8,David del Rio AstorgaRafael SotomayorLuis Miguel SanchezJavier Garcia BlasAlejandro CalderonJavier Fernandez,2016,https://link.springer.com/article/10.1007/s11227-016-1794-8,Article
Compiling and Optimizing OpenMP 4.X Programs to OpenCL and SPIR,Scaling OpenMP for Exascale Performance and Portability,,,,10.1007/978-3-319-65578-9_4,Marcio M. PereiraRafael C. F. SousaGuido Araujo,2017,https://link.springer.com/chapter/10.1007/978-3-319-65578-9_4,Conference paper
Let’s Face It: Faceted Values for Taint Tracking,Computer Security – ESORICS 2016,,,,10.1007/978-3-319-45744-4_28,Daniel SchoepeMusard BalliuFrank PiessensAndrei Sabelfeld,2016,https://link.springer.com/chapter/10.1007/978-3-319-45744-4_28,Conference paper
Power generator driven by Maxwell’s demon,Nature Communications,,,,10.1038/ncomms15301,Kensaku ChidaSamarth DesaiKatsuhiko NishiguchiAkira Fujiwara,2017,https://link.springer.com/article/10.1038/ncomms15301,Article
Custom Multi-cache Architectures,Separation Logic for High-level Synthesis,,,,10.1007/978-3-319-53222-6_5,Felix Winterstein,2017,https://link.springer.com/chapter/10.1007/978-3-319-53222-6_5,Chapter
ArgueApply: A Mobile App for Argumentation,Logic Programming and Nonmonotonic Reasoning,,,,10.1007/978-3-319-61660-5_23,Jörg Pührer,2017,https://link.springer.com/chapter/10.1007/978-3-319-61660-5_23,Conference paper
High-Level Synthesis of Dynamic Data Structures,Separation Logic for High-level Synthesis,,,,10.1007/978-3-319-53222-6_2,Felix Winterstein,2017,https://link.springer.com/chapter/10.1007/978-3-319-53222-6_2,Chapter
Machine Learning-Driven Automatic Program Transformation to Increase Performance in Heterogeneous Architectures,Tools for High Performance Computing 2016,,,,10.1007/978-3-319-56702-0_7,Salvador TamaritGuillermo ViguerasManuel CarroJulio Mariño,2017,https://link.springer.com/chapter/10.1007/978-3-319-56702-0_7,Conference paper
Strength development characteristics of concrete produced with blended cement using ground granulated blast furnace slag (GGBS) under various curing conditions,Sādhanā,,,,10.1007/s12046-017-0667-z,Shahab SamadAttaullah ShahMukesh C Limbachiya,2017,https://link.springer.com/article/10.1007/s12046-017-0667-z,Article
The Notion of a Software Language,Software Languages,,,,10.1007/978-3-319-90800-7_1,Ralf Lämmel,2018,https://link.springer.com/chapter/10.1007/978-3-319-90800-7_1,Chapter
Generation of parallel synchronization-free tiled code,Computing,,,,10.1007/s00607-017-0576-3,Wlodzimierz BieleckiMarek PalkowskiPiotr Skotnicki,2017,https://link.springer.com/article/10.1007/s00607-017-0576-3,Article
Evaluation of realistic layouts for next generation on-scalp MEG: spatial information density maps,Scientific Reports,,,,10.1038/s41598-017-07046-6,Bushra RiazChristoph PfeifferJustin F. Schneiderman,2017,https://link.springer.com/article/10.1038/s41598-017-07046-6,Article
Front End,The Full Stack Developer,,,,10.1007/978-1-4842-4152-3_6,Chris Northwood,2018,https://link.springer.com/chapter/10.1007/978-1-4842-4152-3_6,Chapter
Anesthesia for Cardiac Ablation Procedures,Out of Operating Room Anesthesia,,,,10.1007/978-3-319-39150-2_14,Igor O. ZhukovYuriy O. Zhukov,2017,https://link.springer.com/chapter/10.1007/978-3-319-39150-2_14,Chapter
Combining Data and Computation Distribution Directives for Hybrid Parallel Programming : A Transformation System,International Journal of Parallel Programming,,,,10.1007/s10766-016-0428-3,Rachid HabelFrédérique Silber-ChaussumierFrançois IrigoinElisabeth BrunetFrançois Trahay,2016,https://link.springer.com/article/10.1007/s10766-016-0428-3,Article
Does the Migration of Cross-Platform Apps Towards the Android Platform Matter? An Approach and a User Study,Product-Focused Software Process Improvement,,,,10.1007/978-3-030-35333-9_9,Maria CauloRita FranceseGiuseppe ScannielloAntonio Spera,2019,https://link.springer.com/chapter/10.1007/978-3-030-35333-9_9,Conference paper
Out-of-the-Box Customizations,Customizing Dynamics 365,,,,10.1007/978-1-4842-4379-4_3,Sanjaya Yapa,2019,https://link.springer.com/chapter/10.1007/978-1-4842-4379-4_3,Chapter
Building Code,.NET DevOps for Azure,,,,10.1007/978-1-4842-5343-4_6,Jeffrey Palermo,2019,https://link.springer.com/chapter/10.1007/978-1-4842-5343-4_6,Chapter
The Technological Roadmap of Parallware and Its Alignment with the OpenPOWER Ecosystem,High Performance Computing,,,,10.1007/978-3-319-67630-2_19,Manuel ArenazOscar HernandezDirk Pleiter,2017,https://link.springer.com/chapter/10.1007/978-3-319-67630-2_19,Conference paper
MAPS: A Software Development Environment for Embedded Multicore Applications,Handbook of Hardware/Software Codesign,,,,10.1007/978-94-017-7267-9_2,Rainer LeupersMiguel Angel AguilarJuan Fernando EusseJeronimo CastrillonWeihua Sheng,2017,https://link.springer.com/rwe/10.1007/978-94-017-7267-9_2,Reference work entry
Neuromapp: A Mini-application Framework to Improve Neural Simulators,High Performance Computing,,,,10.1007/978-3-319-58667-0_10,Timothée EwartJudit PlanasFrancesco CremonesiKai LangenFelix SchürmannFabien Delalondre,2017,https://link.springer.com/chapter/10.1007/978-3-319-58667-0_10,Conference paper
An FPGA-based Integrated MapReduce Accelerator Platform,Journal of Signal Processing Systems,,,,10.1007/s11265-016-1108-7,Christoforos KachrisDionysios DiamantopoulosGeorgios Ch. SirakoulisDimitrios Soudris,2016,https://link.springer.com/article/10.1007/s11265-016-1108-7,Article
Focusing on Precision- and Trust-Propagation in Knowledge Processing Systems,Future Data and Security Engineering,,,,10.1007/978-3-319-70004-5_28,Markus JägerJussi NikanderStefan NadschlägerVan Quoc Phuong HuynhJosef Küng,2017,https://link.springer.com/chapter/10.1007/978-3-319-70004-5_28,Conference paper
Sound,Physics of Oscillations and Waves,,,,10.1007/978-3-319-72314-3_7,Arnt Inge Vistnes,2018,https://link.springer.com/chapter/10.1007/978-3-319-72314-3_7,Chapter
Compiling Depth-Optimized Circuits for Multi-Round MPC Protocols,Compilation for Secure Multi-party Computation,,,,10.1007/978-3-319-67522-0_6,Niklas BüscherStefan Katzenbeisser,2017,https://link.springer.com/chapter/10.1007/978-3-319-67522-0_6,Chapter
Towards Scalable and Optimizing Compilation for MPC,Compilation for Secure Multi-party Computation,,,,10.1007/978-3-319-67522-0_7,Niklas BüscherStefan Katzenbeisser,2017,https://link.springer.com/chapter/10.1007/978-3-319-67522-0_7,Chapter
Secure Application Execution in Mobile Devices,The New Codebreakers,,,,10.1007/978-3-662-49301-4_26,Mehari G. MsgnaHouda FerradiRaja Naeem AkramKonstantinos Markantonakis,2016,https://link.springer.com/chapter/10.1007/978-3-662-49301-4_26,Chapter
Big Data for a Linked Open Economy,Advances in Big Data,,,,10.1007/978-3-319-47898-2_28,M. VafopoulosI. AnagnostopoulosD. NegkasG. RazisG. VafeiadisI. SkarosK. GlykosA. TzaniE. Galanos,2017,https://link.springer.com/chapter/10.1007/978-3-319-47898-2_28,Conference paper
AXIOM: A Flexible Platform for the Smart Home,Components and Services for IoT Platforms,,,,10.1007/978-3-319-42304-3_3,Roberto GiorgiNicola BettinPaolo GaiXavier MartorellAntonio Rizzo,2017,https://link.springer.com/chapter/10.1007/978-3-319-42304-3_3,Chapter
Exploring Cloud Elasticity in Scientific Applications,Cloud Computing,,,,10.1007/978-3-319-54645-2_4,Guilherme GalanteRodrigo da Rosa Righi,2017,https://link.springer.com/chapter/10.1007/978-3-319-54645-2_4,Chapter
A survey on search-based model-driven engineering,Automated Software Engineering,,,,10.1007/s10515-017-0215-4,Ilhem BoussaïdPatrick SiarryMohamed Ahmed-Nacer,2017,https://link.springer.com/article/10.1007/s10515-017-0215-4,Article
"Refactoring Legacy JavaScript Code to Use Classes: The Good, The Bad and The Ugly",Mastering Scale and Complexity in Software Reuse,,,,10.1007/978-3-319-56856-0_11,Leonardo Humberto SilvaMarco Tulio ValenteAlexandre Bergel,2017,https://link.springer.com/chapter/10.1007/978-3-319-56856-0_11,Conference paper
Efficient family-based model checking via variability abstractions,International Journal on Software Tools for Technology Transfer,,,,10.1007/s10009-016-0425-2,Aleksandar S. DimovskiAhmad Salim Al-SibahiClaus BrabrandAndrzej Wąsowski,2016,https://link.springer.com/article/10.1007/s10009-016-0425-2,Article
Site-specific partially nonergodic PSHA for a hard-rock critical site in southern France: adjustment of ground motion prediction equations and sensitivity analysis,Bulletin of Earthquake Engineering,,,,10.1007/s10518-017-0118-6,Gabriele AmeriFabrice HollenderVincent PerronChristophe Martin,2017,https://link.springer.com/article/10.1007/s10518-017-0118-6,Article
Secure computation of hidden Markov models and secure floating-point arithmetic in the malicious model,International Journal of Information Security,,,,10.1007/s10207-016-0350-0,Mehrdad AliasgariMarina BlantonFattaneh Bayatbabolghani,2016,https://link.springer.com/article/10.1007/s10207-016-0350-0,Article
Summarizing Software Artifacts: A Literature Review,Journal of Computer Science and Technology,,,,10.1007/s11390-016-1671-1,Najam NazarYan HuHe Jiang,2016,https://link.springer.com/article/10.1007/s11390-016-1671-1,Article
Boosting Java Performance Using GPGPUs,Architecture of Computing Systems - ARCS 2017,,,,10.1007/978-3-319-54999-6_5,James ClarksonChristos KotselidisGavin BrownMikel Luján,2017,https://link.springer.com/chapter/10.1007/978-3-319-54999-6_5,Conference paper
Program Transformation and Compilation,Deductive Software Verification – The KeY Book,,,,10.1007/978-3-319-49812-6_14,Ran JiRichard  Bubel,2016,https://link.springer.com/chapter/10.1007/978-3-319-49812-6_14,Chapter
Petal Tool for Analyzing and Transforming Legacy MPI Applications,Languages and Compilers for Parallel Computing,,,,10.1007/978-3-319-29778-1_10,Hadia AhmedAnthony SkjellumPeter Pirkelbauer,2016,https://link.springer.com/chapter/10.1007/978-3-319-29778-1_10,Conference paper
Beyond Body-Centrism: Making Food Discourses the Main Course of Feminist Analysis,Digesting Femininities,,,,10.1007/978-3-319-58925-1_2,Natalie Jovanovski,2017,https://link.springer.com/chapter/10.1007/978-3-319-58925-1_2,Chapter
Sound Transpilation from Binary to&#xa0;Machine-Independent Code,Formal Methods: Foundations and Applications,,,,10.1007/978-3-319-70848-5_13,Roberto MetereAndreas LindnerRoberto Guanciale,2017,https://link.springer.com/chapter/10.1007/978-3-319-70848-5_13,Conference paper
OpenMP $$^{\textregistered }$$ Runtime Instrumentation for Optimization,Scaling OpenMP for Exascale Performance and Portability,,,,10.1007/978-3-319-65578-9_19,Taru DoodiJonathan PeytonJim CownieMaria GarzaranRubasri KalidasJeongnim KimAmrita MathuriyaTerry WilmarthGengbin Zheng,2017,https://link.springer.com/chapter/10.1007/978-3-319-65578-9_19,Conference paper
Automatically Optimizing Stencil Computations on Many-Core NUMA Architectures,Languages and Compilers for Parallel Computing,,,,10.1007/978-3-319-52709-3_12,Pei-Hung LinQing YiDaniel QuinlanChunhua LiaoYongqing Yan,2017,https://link.springer.com/chapter/10.1007/978-3-319-52709-3_12,Conference paper
Variability-Specific Abstraction Refinement for Family-Based Model Checking,Fundamental Approaches to Software Engineering,,,,10.1007/978-3-662-54494-5_24,Aleksandar S. DimovskiAndrzej Wąsowski,2017,https://link.springer.com/chapter/10.1007/978-3-662-54494-5_24,Conference paper
Automatic CPU/GPU Generation of Multi-versioned OpenCL Kernels for C++ Scientific Applications,International Journal of Parallel Programming,,,,10.1007/s10766-016-0425-6,Rafael SotomayorLuis Miguel SanchezJavier Garcia BlasJavier FernandezJ. Daniel Garcia,2016,https://link.springer.com/article/10.1007/s10766-016-0425-6,Article
An adaptive framework for the creation of exergames for intangible cultural heritage (ICH) education,Journal of Computers in Education,,,,10.1007/s40692-018-0115-z,A. GrammatikopoulouS. LarabaO. SahbenderogluK. DimitropoulosS. DoukaN. Grammalidis,2018,https://link.springer.com/article/10.1007/s40692-018-0115-z,Article
Monitoring Heterogeneous Applications with the OpenMP Tools Interface,Tools for High Performance Computing 2016,,,,10.1007/978-3-319-56702-0_3,Michael WagnerGermán LlortAntonio FilguerasDaniel Jiménez-GonzálezHarald ServatXavier TeruelEstanislao MercadalCarlos ÁlvarezJudit GiménezXavier MartorellEduard AyguadéJesús Labarta,2017,https://link.springer.com/chapter/10.1007/978-3-319-56702-0_3,Conference paper
Tile Merging Technique to Generate Valid Tiled Code by Means of the Transitive Closure of a Dependence Graph,"Hard and Soft Computing for Artificial Intelligence, Multimedia and Security",,,,10.1007/978-3-319-48429-7_29,Włodzimierz BieleckiPiotr Skotnicki,2017,https://link.springer.com/chapter/10.1007/978-3-319-48429-7_29,Conference paper
Towards Enabling Live Thresholding as Utility to Manage Elastic Master-Slave Applications in the Cloud,Journal of Grid Computing,,,,10.1007/s10723-017-9405-3,Vinicius Facco RodriguesRodrigo da Rosa RighiGustavo RostirollaJorge Luis Victória BarbosaCristiano André da CostaAntônio Marcos AlbertiVictor Chang,2017,https://link.springer.com/article/10.1007/s10723-017-9405-3,Article
An Exploration Framework for Efficient High-Level Synthesis of Support Vector Machines: Case Study on ECG Arrhythmia Detection for Xilinx Zynq SoC,Journal of Signal Processing Systems,,,,10.1007/s11265-017-1230-1,Vasileios TsoutsourasKonstantina KoliogeorgiSotirios XydisDimitrios Soudris,2017,https://link.springer.com/article/10.1007/s11265-017-1230-1,Article
Automatic Vectorization for MATLAB,Languages and Compilers for Parallel Computing,,,,10.1007/978-3-319-52709-3_14,Hanfeng ChenAlexander KrolikErick LavoieLaurie Hendren,2017,https://link.springer.com/chapter/10.1007/978-3-319-52709-3_14,Conference paper
Towards a Common Vocabulary for Crisis Management Scenarios,Critical Information Infrastructures Security,,,,10.1007/978-3-319-99843-5_3,Jingquan XieBetim SojevaErich RomeDaniel Lückerath,2018,https://link.springer.com/chapter/10.1007/978-3-319-99843-5_3,Conference paper
Distributed Web Mining of Ethereum,Cyber Security Cryptography and Machine Learning,,,,10.1007/978-3-319-94147-9_4,Trishita TiwariDavid StarobinskiAri Trachtenberg,2018,https://link.springer.com/chapter/10.1007/978-3-319-94147-9_4,Conference paper
JavaScript,The Full Stack Developer,,,,10.1007/978-1-4842-4152-3_8,Chris Northwood,2018,https://link.springer.com/chapter/10.1007/978-1-4842-4152-3_8,Chapter
Getting Node.js Apps Production Ready,Practical Node.js,,,,10.1007/978-1-4842-3039-8_10,Azat Mardan,2018,https://link.springer.com/chapter/10.1007/978-1-4842-3039-8_10,Chapter
Let’s Go Live!,Software Development From A to Z,,,,10.1007/978-1-4842-3945-2_8,Olga FilipovaRui Vilão,2018,https://link.springer.com/chapter/10.1007/978-1-4842-3945-2_8,Chapter
Polygonal Iteration Space Partitioning,Languages and Compilers for Parallel Computing,,,,10.1007/978-3-319-52709-3_11,Aniket ShivamAlexandru NicolauAlexander V. VeidenbaumMario Mango FurnariRosario Cammarota,2017,https://link.springer.com/chapter/10.1007/978-3-319-52709-3_11,Conference paper
Observations and Explanations of MW Emissions in Solar Flaring Loops,Solar Flare Loops: Observations and Interpretations,,,,10.1007/978-981-10-2869-4_3,Guangli HuangVictor F. MelnikovHaisheng JiZongjun Ning,2018,https://link.springer.com/chapter/10.1007/978-981-10-2869-4_3,Chapter
Hybrid automata: from verification to implementation,International Journal on Software Tools for Technology Transfer,,,,10.1007/s10009-017-0458-1,Stanley BakOmar Ali BegSergiy BogomolovTaylor T. JohnsonLuan Viet NguyenChristian Schilling,2017,https://link.springer.com/article/10.1007/s10009-017-0458-1,Article
AErlang: Empowering Erlang with Attribute-Based Communication,Coordination Models and Languages,,,,10.1007/978-3-319-59746-1_2,Rocco De NicolaTan DuongOmar InversoCatia Trubiani,2017,https://link.springer.com/chapter/10.1007/978-3-319-59746-1_2,Conference paper
Active galactic nuclei: what’s in a name?,The Astronomy and Astrophysics Review,,,,10.1007/s00159-017-0102-9,P. PadovaniD. M. AlexanderR. J. AssefB. De MarcoP. GiommiR. C. HickoxG. T. RichardsV. SmolčićE. HatziminaoglouV. MainieriM. Salvato,2017,https://link.springer.com/article/10.1007/s00159-017-0102-9,Article
"Analytical Validation of a Portable Mass Spectrometer Featuring Interchangeable, Ambient Ionization Sources for High Throughput Forensic Evidence Screening",Journal of The American Society for Mass Spectrometry,,,,10.1007/s13361-016-1562-2,Zachary E. LawtonAngelica TraubWilliam L. FatiganteJose ManciasAdam E. O’LearySeth E. HallJamie R. WielandHerbert OberacherMichael C. GizziChristopher C. Mulligan,2016,https://link.springer.com/article/10.1007/s13361-016-1562-2,Article
Chemistry of Star-Forming Regions,Introduction to Astrochemistry,,,,10.1007/978-4-431-54171-4_7,Satoshi Yamamoto,2017,https://link.springer.com/chapter/10.1007/978-4-431-54171-4_7,Chapter
Rolex: resilience-oriented language extensions for extreme-scale systems,The Journal of Supercomputing,,,,10.1007/s11227-016-1752-5,Saurabh HukerikarRobert F. Lucas,2016,https://link.springer.com/article/10.1007/s11227-016-1752-5,Article
Introduction to TypeScript,Building Web Applications with Visual Studio 2017,,,,10.1007/978-1-4842-2478-6_7,Philip JapikseKevin GrossnicklausBen Dewey,2017,https://link.springer.com/chapter/10.1007/978-1-4842-2478-6_7,Chapter
Water Sorption and Solvent Sorption Behavior of Epoxy/Rubber Polymer Blends,Handbook of Epoxy Blends,,,,10.1007/978-3-319-40043-3_12,Padmanabhan Krishnan,2017,https://link.springer.com/rwe/10.1007/978-3-319-40043-3_12,Reference work entry
Model Checking Embedded C Software Using k-Induction and Invariants,Embedded Software Verification and Debugging,,,,10.1007/978-1-4614-2266-2_7,Herbert RochaHussama IsmailLucas CordeiroRaimundo Barreto,2017,https://link.springer.com/chapter/10.1007/978-1-4614-2266-2_7,Chapter
Parsing Related Tags Networks from Flickr® to Explore Crowd-Sourced Keyword Associations,Data Analytics in Digital Humanities,,,,10.1007/978-3-319-54499-1_8,Shalin Hai-Jew,2017,https://link.springer.com/chapter/10.1007/978-3-319-54499-1_8,Chapter
Astrophysical Black Holes,Black Holes: A Laboratory for Testing Strong Gravity,,,,10.1007/978-981-10-4524-0_4,Cosimo Bambi,2017,https://link.springer.com/chapter/10.1007/978-981-10-4524-0_4,Chapter
Runtime Vectorization Transformations of Binary Code,International Journal of Parallel Programming,,,,10.1007/s10766-016-0480-z,Nabil HallouErven RohouPhilippe Clauss,2016,https://link.springer.com/article/10.1007/s10766-016-0480-z,Article
Prototype system for geospatial data building-sharing developed by utilizing open source web technology,Spatial Information Research,,,,10.1007/s41324-017-0138-y,Sanghwan JunSungho Lee,2017,https://link.springer.com/article/10.1007/s41324-017-0138-y,Article
Assessing resilient versus stop-and-restart fault-tolerant solutions in MPI applications,The Journal of Supercomputing,,,,10.1007/s11227-016-1863-z,Nuria LosadaMaría J. MartínPatricia González,2016,https://link.springer.com/article/10.1007/s11227-016-1863-z,Article
Enhanced and Secure Query Services in Cloud with Perfect Data Privacy for the Data Owner,Proceedings of the International Conference on Soft Computing Systems,,,,10.1007/978-81-322-2674-1_54,B. ThiyagarajanM. R. GokulG. Hemanth KumarR. Rahul PrasanthM. ShanmugamN. PazhanirajaK. Prem KumarV. Vijayakumar,2016,https://link.springer.com/chapter/10.1007/978-81-322-2674-1_54,Conference paper
Spatio-temporal variation of septage characteristics of a semi-arid metropolitan city in a developing country,Environmental Science and Pollution Research,,,,10.1007/s11356-016-8336-z,D. KrithikaAnu Rachel ThomasGomathy R. IyerMartin KranertLigy Philip,2017,https://link.springer.com/article/10.1007/s11356-016-8336-z,Article
Israelite Tribal Confederation Enters Canaan,"The Origins of Democracy in Tribes, City-States and Nation-States",,,,10.1007/978-3-319-51695-0_60,Ronald M. Glassman,2017,https://link.springer.com/chapter/10.1007/978-3-319-51695-0_60,Chapter
Rahft: A Tool for Verifying Horn Clauses Using Abstract Interpretation and Finite Tree Automata,Computer Aided Verification,,,,10.1007/978-3-319-41528-4_14,Bishoksan KafleJohn P. GallagherJosé F. Morales,2016,https://link.springer.com/chapter/10.1007/978-3-319-41528-4_14,Conference paper
Effect of bovine pericardial extracellular matrix scaffold niche on seeded human mesenchymal stem cell function,Scientific Reports,,,,10.1038/srep37089,Zhi Zhao LiuMaelene L. WongLeigh G. Griffiths,2016,https://link.springer.com/article/10.1038/srep37089,Article
"A New Century and a New Era – Kharkov,St. Petersburg",Kant in Imperial Russia,,,,10.1007/978-3-319-52914-1_4,Thomas Nemeth,2017,https://link.springer.com/chapter/10.1007/978-3-319-52914-1_4,Chapter
Work-Stealing for Multi-socket Architecture,Task Scheduling for Multi-core and Parallel Architectures,,,,10.1007/978-981-10-6238-4_3,Quan ChenMinyi Guo,2017,https://link.springer.com/chapter/10.1007/978-981-10-6238-4_3,Chapter
Compiling Low Depth Circuits for Practical Secure Computation,Computer Security – ESORICS 2016,,,,10.1007/978-3-319-45741-3_5,Niklas BuescherAndreas HolzerAlina WeberStefan Katzenbeisser,2016,https://link.springer.com/chapter/10.1007/978-3-319-45741-3_5,Conference paper
Botoxology,Botulinum Toxin for Asians,,,,10.1007/978-981-10-0204-5_1,Kyle K. Seo,2017,https://link.springer.com/chapter/10.1007/978-981-10-0204-5_1,Chapter
"BFCA<Emphasis FontCategory=""NonProportional"">+</Emphasis>: automatic synthesis of parallel code with TLS capabilities",The Journal of Supercomputing,,,,10.1007/s11227-016-1623-0,Sergio AldeaDiego R. LlanosArturo Gonzalez-Escribano,2016,https://link.springer.com/article/10.1007/s11227-016-1623-0,Article
When to Diversify,Automated Software Diversity,,,,10.1007/978-3-031-02346-0_4,Per LarsenStefan BrunthalerLucas DaviAhmad-Reza SadeghiMichael Franz,2016,https://link.springer.com/chapter/10.1007/978-3-031-02346-0_4,Chapter
Conflicting but close: Readers’ integration of information sources as a function of their disagreement,Memory & Cognition,,,,10.3758/s13421-016-0644-5,Gaston SauxAnne BrittLudovic Le BigotNicolas VibertDebora BurinJean-François Rouet,2016,https://link.springer.com/article/10.3758/s13421-016-0644-5,Article
Refactoring Tools and Their Kin,Grand Timely Topics in Software Engineering,,,,10.1007/978-3-319-60074-1_8,Friedrich Steimann,2017,https://link.springer.com/chapter/10.1007/978-3-319-60074-1_8,Conference paper
Automatic and Efficient Data Host-Device Communication for Many-Core Coprocessors,Languages and Compilers for Parallel Computing,,,,10.1007/978-3-319-29778-1_11,Bin RenNishkam RaviYi YangMin FengGagan AgrawalSrimat Chakradhar,2016,https://link.springer.com/chapter/10.1007/978-3-319-29778-1_11,Conference paper
Optimizing CUDA code by kernel fusion: application on BLAS,The Journal of Supercomputing,,,,10.1007/s11227-015-1483-z,Jiří FilipovičMatúš MadzinJan FousekLuděk Matyska,2015,https://link.springer.com/article/10.1007/s11227-015-1483-z,Article
Programming Support for Future Parallel Architectures,Mathematical and Engineering Methods in Computer Science,,,,10.1007/978-3-319-29817-7_1,Siegfried Benkner,2016,https://link.springer.com/chapter/10.1007/978-3-319-29817-7_1,Conference paper
OpenMP as a High-Level Specification Language for Parallelism,"OpenMP: Memory, Devices, and Tasks",,,,10.1007/978-3-319-45550-1_11,Max GrossmanJun ShirakoVivek Sarkar,2016,https://link.springer.com/chapter/10.1007/978-3-319-45550-1_11,Conference paper
A parallel pattern for iterative stencil + reduce,The Journal of Supercomputing,,,,10.1007/s11227-016-1871-z,M. AldinucciM. DaneluttoM. DroccoP. KilpatrickC. MisaleG. Peretti PezziM. Torquati,2016,https://link.springer.com/article/10.1007/s11227-016-1871-z,Article
An Analysis of Public Clouds Elasticity in the Execution of Scientific Applications: a Survey,Journal of Grid Computing,,,,10.1007/s10723-016-9361-3,Guilherme GalanteLuis Carlos Erpen De BonaAntonio Roberto MuryBruno SchulzeRodrigo da Rosa Righi,2016,https://link.springer.com/article/10.1007/s10723-016-9361-3,Article
Porting Matlab Applications to High-Performance C++ Codes: CPU/GPU-Accelerated Spherical Deconvolution of Diffusion MRI Data,Algorithms and Architectures for Parallel Processing,,,,10.1007/978-3-319-49583-5_49,Javier Garcia BlasManuel F. DolzJ. Daniel GarciaJesus CarreteroAlessandro DaducciYasser AlemanErick Jorge Canales-Rodriguez,2016,https://link.springer.com/chapter/10.1007/978-3-319-49583-5_49,Conference paper
Design and Preliminary Evaluation of Omni OpenACC Compiler for Massive MIMD Processor PEZY-SC,"OpenMP: Memory, Devices, and Tasks",,,,10.1007/978-3-319-45550-1_21,Akihiro TabuchiYasuyuki KimuraSunao ToriiHideo MatsufuruTadashi IshikawaTaisuke BokuMitsuhisa Sato,2016,https://link.springer.com/chapter/10.1007/978-3-319-45550-1_21,Conference paper
Comparative Analysis of OpenACC Compilers,Algorithms and Architectures for Parallel Processing,,,,10.1007/978-3-319-49956-7_7,Daniel BarbaArturo Gonzalez-EscribanoDiego R. Llanos,2016,https://link.springer.com/chapter/10.1007/978-3-319-49956-7_7,Conference paper
Lazy Sequentialization for the Safety Verification of Unbounded Concurrent Programs,Automated Technology for Verification and Analysis,,,,10.1007/978-3-319-46520-3_12,Truc L. NguyenBernd FischerSalvatore La TorreGennaro Parlato,2016,https://link.springer.com/chapter/10.1007/978-3-319-46520-3_12,Conference paper
Exploiting Significance of Computations for Energy-Constrained Approximate Computing,International Journal of Parallel Programming,,,,10.1007/s10766-016-0409-6,Vassilis VassiliadisCharalampos ChaliosKonstantinos ParasyrisChristos D. AntonopoulosSpyros LalisNikolaos BellasHans VandierendonckDimitrios S. Nikolopoulos,2016,https://link.springer.com/article/10.1007/s10766-016-0409-6,Article
Towards the Implementation of a Source-to-Source Transformation Tool for CHR Operational Semantics,Logic-Based Program Synthesis and Transformation,,,,10.1007/978-3-319-14125-1_9,Ghada FakhryNada SharafSlim Abdennadher,2014,https://link.springer.com/chapter/10.1007/978-3-319-14125-1_9,Conference paper
Portable SIMD Performance with OpenMP* 4.x Compiler Directives,Euro-Par 2016: Parallel Processing,,,,10.1007/978-3-319-43659-3_20,Florian WendeMatthias NoackThomas SteinkeMichael KlemmChris J. NewburnGeorg Zitzlsberger,2016,https://link.springer.com/chapter/10.1007/978-3-319-43659-3_20,Conference paper
Exploiting Symmetry for Efficient Verification of Infinite-State Component-Based Systems,"Dependable Software Engineering: Theories, Tools, and Applications",,,,10.1007/978-3-319-47677-3_16,Qiang Wang,2016,https://link.springer.com/chapter/10.1007/978-3-319-47677-3_16,Conference paper
Evaluating Assignments Using Grading App,Information Technology - New Generations,,,,10.1007/978-3-319-54978-1_108,Nikyle NguyenDoina Bein,2018,https://link.springer.com/chapter/10.1007/978-3-319-54978-1_108,Conference paper
Numeric Line: A Códimo’s Activity,Computer Science – CACIC 2017,,,,10.1007/978-3-319-75214-3_6,Luciano GrazianiGabriela Anahí CayúMatías Emanuel SanhuezaEnrique Molinari,2018,https://link.springer.com/chapter/10.1007/978-3-319-75214-3_6,Conference paper
Towards Model-Driven Business Apps for Wearables,Mobile Web and Intelligent Information Systems,,,,10.1007/978-3-319-97163-6_1,Christoph RiegerHerbert Kuchen,2018,https://link.springer.com/chapter/10.1007/978-3-319-97163-6_1,Conference paper
Introduction,Practical App Development with Aurelia,,,,10.1007/978-1-4842-3402-0_1,Matthew Duffield,2018,https://link.springer.com/chapter/10.1007/978-1-4842-3402-0_1,Chapter
Stream Ciphers: A Practical Solution for Efficient Homomorphic-Ciphertext Compression,Fast Software Encryption,,,,10.1007/978-3-662-52993-5_16,Anne CanteautSergiu CarpovCaroline FontaineTancrède LepointMaría Naya-PlasenciaPascal PaillierRenaud Sirdey,2016,https://link.springer.com/chapter/10.1007/978-3-662-52993-5_16,Conference paper
Pragma Directed Shared Memory Centric Optimizations on GPUs,Journal of Computer Science and Technology,,,,10.1007/s11390-016-1624-8,Jing LiLei LiuYuan WuXiang-Hua LiuYi GaoXiao-Bing FengCheng-Yong Wu,2016,https://link.springer.com/article/10.1007/s11390-016-1624-8,Article
HYDRA : Extending Shared Address Programming for Accelerator Clusters,Languages and Compilers for Parallel Computing,,,,10.1007/978-3-319-29778-1_9,Putt SakdhnagoolAmit SabneRudolf Eigenmann,2016,https://link.springer.com/chapter/10.1007/978-3-319-29778-1_9,Conference paper
Leveraging a Cluster-Booster Architecture for Brain-Scale Simulations,High Performance Computing,,,,10.1007/978-3-319-41321-1_19,Pramod KumbharMichael HinesAleksandr OvcharenkoDamian A. MallonJames KingFlorentino SainzFelix SchürmannFabien Delalondre,2016,https://link.springer.com/chapter/10.1007/978-3-319-41321-1_19,Conference paper
A design-oriented method to build correct hypermedia documents,Multimedia Tools and Applications,,,,10.1007/s11042-017-5325-2,Delcino Picinin JrJean-Marie FarinesCelso A. S. SantosCristian Koliver,2017,https://link.springer.com/article/10.1007/s11042-017-5325-2,Article
Relativistic Jets in Active Galactic Nuclei and Microquasars,Space Science Reviews,,,,10.1007/s11214-016-0328-2,Gustavo E. RomeroM. BoettcherS. MarkoffF. Tavecchio,2017,https://link.springer.com/article/10.1007/s11214-016-0328-2,Article
Evaluation of Tool Interface Standards for Performance Analysis of OpenACC and OpenMP Programs,Tools for High Performance Computing 2015,,,,10.1007/978-3-319-39589-0_6,Robert DietrichRonny TschüterTim CramerGuido JuckelandAndreas Knüpfer,2016,https://link.springer.com/chapter/10.1007/978-3-319-39589-0_6,Conference paper
Tests Campaign Analysis to Evaluate the Capability of Fragmentation Test to Characterize Recycled Asphalt Pavement (RAP) Material,8th RILEM International Symposium on Testing and Characterization of Sustainable and Innovative Bituminous Materials,,,,10.1007/978-94-017-7342-3_77,D. PerratonG. TebaldiE. DaveF. BilodeauG. GiacomelloA. GrilliA. GrazianiM. BocciJ. GrenfellP. MurayaM. PasettoK. KunaA. ApeagyeiD. Lo PrestiG. AireyK. JenkinsE. HajjM. HugenerP. Marsac,2016,https://link.springer.com/chapter/10.1007/978-94-017-7342-3_77,Conference paper
Hydrocracking,Springer Handbook of Petroleum Technology,,,,10.1007/978-3-319-49347-3_22,Paul R. RobinsonGeoffrey E. Dolbear,2017,https://link.springer.com/chapter/10.1007/978-3-319-49347-3_22,Chapter
The Sunway TaihuLight supercomputer: system and applications,Science China Information Sciences,,,,10.1007/s11432-016-5588-7,Haohuan FuJunfeng LiaoJinzhe YangLanning WangZhenya SongXiaomeng HuangChao YangWei XueFangfang LiuFangli QiaoWei ZhaoXunqiang YinChaofeng HouChenglong ZhangWei GeJian ZhangYangang WangChunbo ZhouGuangwen Yang,2016,https://link.springer.com/article/10.1007/s11432-016-5588-7,Article
Generating Functionally Equivalent Programs Having Non-isomorphic Control-Flow Graphs,Secure IT Systems,,,,10.1007/978-3-319-70290-2_16,Rémi GéraudMirko KoscinaPaul LencznerDavid NaccacheDavid Saulpic,2017,https://link.springer.com/chapter/10.1007/978-3-319-70290-2_16,Conference paper
Hunting Memory Bugs in C Programs with Map2Check,Tools and Algorithms for the Construction and Analysis of Systems,,,,10.1007/978-3-662-49674-9_64,Herbert O. RochaRaimundo S. BarretoLucas C. Cordeiro,2016,https://link.springer.com/chapter/10.1007/978-3-662-49674-9_64,Conference paper
MU-CSeq 0.4: Individual Memory Location Unwindings,Tools and Algorithms for the Construction and Analysis of Systems,,,,10.1007/978-3-662-49674-9_65,Ermenegildo TomascoTruc L. NguyenOmar InversoBernd FischerSalvatore La TorreGennaro Parlato,2016,https://link.springer.com/chapter/10.1007/978-3-662-49674-9_65,Conference paper
Locality of Computation for Stencil Optimization,Algorithms and Architectures for Parallel Processing,,,,10.1007/978-3-319-49583-5_34,Lufeng YuanJunhong LiuYulong LuoGuangming Tan,2016,https://link.springer.com/chapter/10.1007/978-3-319-49583-5_34,Conference paper
Managing CO<sub>2</sub> emission from groundwater pumping for irrigating major crops in trans indo-gangetic plains of India,Climatic Change,,,,10.1007/s10584-016-1624-2,G. T. PatleD. K. SinghA. SarangiManoj Khanna,2016,https://link.springer.com/article/10.1007/s10584-016-1624-2,Article
Source code fragment summarization with small-scale crowdsourcing based features,Frontiers of Computer Science,,,,10.1007/s11704-015-4409-2,Najam NazarHe JiangGuojun GaoTao ZhangXiaochen LiZhilei Ren,2016,https://link.springer.com/article/10.1007/s11704-015-4409-2,Article
RT-CUDA: A Software Tool for CUDA Code Restructuring,International Journal of Parallel Programming,,,,10.1007/s10766-016-0433-6,Ayaz H. KhanMayez Al-MouhamedMuhammed Al-MulhemAdel F. Ahmed,2016,https://link.springer.com/article/10.1007/s10766-016-0433-6,Article
"FPGA Versus Software Programming: Why, When, and How?",FPGAs for Software Programmers,,,,10.1007/978-3-319-26408-0_1,Dirk KochDaniel ZienerFrank Hannig,2016,https://link.springer.com/chapter/10.1007/978-3-319-26408-0_1,Chapter
HIPAcc,FPGAs for Software Programmers,,,,10.1007/978-3-319-26408-0_12,Moritz SchmidOliver ReicheFrank HannigJürgen Teich,2016,https://link.springer.com/chapter/10.1007/978-3-319-26408-0_12,Chapter
How to trust a few among many,Autonomous Agents and Multi-Agent Systems,,,,10.1007/s10458-016-9337-5,Anthony EtukTimothy J. NormanMurat ŞensoyMudhakar Srivatsa,2016,https://link.springer.com/article/10.1007/s10458-016-9337-5,Article
Resilient MPI applications using an application-level checkpointing framework and ULFM,The Journal of Supercomputing,,,,10.1007/s11227-016-1629-7,Nuria LosadaIván CoresMaría J. MartínPatricia González,2016,https://link.springer.com/article/10.1007/s11227-016-1629-7,Article
A comparative study of programming languages for next-generation astrodynamics systems,CEAS Space Journal,,,,10.1007/s12567-017-0170-8,Helge EichhornJuan Luis CanoFrazer McLeanReiner Anderl,2017,https://link.springer.com/article/10.1007/s12567-017-0170-8,Article
Advances in Property-Based Testing for $$\alpha $$ Prolog,Tests and Proofs,,,,10.1007/978-3-319-41135-4_3,James CheneyAlberto MomiglianoMatteo Pessina,2016,https://link.springer.com/chapter/10.1007/978-3-319-41135-4_3,Conference paper
MAPS: A Software Development Environment for Embedded Multi-core Applications,Handbook of Hardware/Software Codesign,,,,10.1007/978-94-017-7358-4_2-1,Rainer LeupersMiguel Angel AguilarJuan Fernando EusseJeronimo CastrillonWeihua Sheng,2016,https://link.springer.com/rwe/10.1007/978-94-017-7358-4_2-1,Living reference work entry
Finding Free Schedules for RNA Secondary Structure Prediction,Artificial Intelligence and Soft Computing,,,,10.1007/978-3-319-39384-1_16,Marek Palkowski,2016,https://link.springer.com/chapter/10.1007/978-3-319-39384-1_16,Conference paper
Static Analysis by Abstract Interpretation of the Functional Correctness of Matrix Manipulating Programs,Static Analysis,,,,10.1007/978-3-662-53413-7_13,Matthieu JournaultAntoine Miné,2016,https://link.springer.com/chapter/10.1007/978-3-662-53413-7_13,Conference paper
Accelerating Application Migration in HPC,High Performance Computing,,,,10.1007/978-3-319-46079-6_46,Ramy GadSimon PickartzTim SüßLars NagelStefan LankesAndré Brinkmann,2016,https://link.springer.com/chapter/10.1007/978-3-319-46079-6_46,Conference paper
FPGA-Based Soft-Core Processors for Image Processing Applications,Journal of Signal Processing Systems,,,,10.1007/s11265-016-1185-7,Moslem AmiriFahad Manzoor SiddiquiColm KellyRoger WoodsKaren RaffertyBurak Bardak,2016,https://link.springer.com/article/10.1007/s11265-016-1185-7,Article
Efficient Exploitation of Hyper Loop Parallelism in Vectorization,Languages and Compilers for Parallel Computing,,,,10.1007/978-3-319-17473-0_25,Shixiong XuDavid Gregg,2015,https://link.springer.com/chapter/10.1007/978-3-319-17473-0_25,Conference paper
Nanoindentation Measurements of Jute/Poly Lactic Acid Composites,Natural Fibres: Advances in Science and Technology Towards Industrial Applications,,,,10.1007/978-94-017-7515-1_11,Vijay BahetiJiri Militky,2016,https://link.springer.com/chapter/10.1007/978-94-017-7515-1_11,Conference paper
A Quick Tour of High-Level Synthesis Solutions for FPGAs,FPGAs for Software Programmers,,,,10.1007/978-3-319-26408-0_3,Frank Hannig,2016,https://link.springer.com/chapter/10.1007/978-3-319-26408-0_3,Chapter
Physical vs. Virtual Server Environments,The Accidental SysAdmin Handbook,,,,10.1007/978-1-4842-1817-4_8,Eric Kralicek,2016,https://link.springer.com/chapter/10.1007/978-1-4842-1817-4_8,Chapter
Classification of Natural Polymers,Natural Polymers,,,,10.1007/978-3-319-26414-1_1,Ololade Olatunji,2016,https://link.springer.com/chapter/10.1007/978-3-319-26414-1_1,Chapter
Afghanistan and its Economy,GSTF Journal on Business Review (GBR),,,,10.7603/s40706-015-0009-2,Zabioullah A. Eltezam,2015,https://link.springer.com/article/10.7603/s40706-015-0009-2,Article
Energy-aware memory management for embedded multidimensional signal processing applications,EURASIP Journal on Embedded Systems,,,,10.1186/s13639-016-0043-9,Florin BalasaNoha AbuaeshCristian V. GinguIlie I. LuicanHongwei Zhu,2016,https://link.springer.com/article/10.1186/s13639-016-0043-9,Article
Creating Modern User Experiences Using React.js and ASP.NET Core,ASP.NET Core Recipes,,,,10.1007/978-1-4842-0427-6_11,John Ciliberti,2017,https://link.springer.com/chapter/10.1007/978-1-4842-0427-6_11,Chapter
Hello World,Pro MERN Stack,,,,10.1007/978-1-4842-2653-7_2,Vasan Subramanian,2017,https://link.springer.com/chapter/10.1007/978-1-4842-2653-7_2,Chapter
Boxed in by Good Intentions—Working in Silos,Invisible Children,,,,10.1057/978-1-137-57838-9_5,Maya AjmeraGregory A. Fields,2016,https://link.springer.com/chapter/10.1057/978-1-137-57838-9_5,Chapter
Extending MUST to Check Hybrid-Parallel Programs for Correctness Using the OpenMP Tools Interface,Tools for High Performance Computing 2015,,,,10.1007/978-3-319-39589-0_7,Tim CramerFelix MünchhalfenChristian TerbovenTobias HilbrichMatthias S. Müller,2016,https://link.springer.com/chapter/10.1007/978-3-319-39589-0_7,Conference paper
Optimizing memory bandwidth exploitation for OpenVX applications on embedded many-core accelerators,Journal of Real-Time Image Processing,,,,10.1007/s11554-015-0544-0,Giuseppe TagliaviniGermain HaugouAndrea MarongiuLuca Benini,2015,https://link.springer.com/article/10.1007/s11554-015-0544-0,Article
Recognizing Emotion from Blood Volume Pulse and Skin Conductance Sensor Using Machine Learning Algorithms,XIV Mediterranean Conference on Medical and Biological Engineering and Computing 2016,,,,10.1007/978-3-319-32703-7_248,Ali Mehmood KhanMichael Lawo,2016,https://link.springer.com/chapter/10.1007/978-3-319-32703-7_248,Conference paper
Exposure to Environmental Hazards and Effects on Chronic Disease,Environmental Determinants of Human Health,,,,10.1007/978-3-319-43142-0_2,Miranda Loh,2016,https://link.springer.com/chapter/10.1007/978-3-319-43142-0_2,Chapter
Pragmatic Performance Portability with OpenMP 4.x,"OpenMP: Memory, Devices, and Tasks",,,,10.1007/978-3-319-45550-1_18,Matt MartineauJames PriceSimon McIntosh-SmithWayne Gaudin,2016,https://link.springer.com/chapter/10.1007/978-3-319-45550-1_18,Conference paper
Beyond Data Parallelism: Identifying Parallel Tasks in Sequential Programs,Algorithms and Architectures for Parallel Processing,,,,10.1007/978-3-319-27140-8_39,Zhen LiBo ZhaoAli JannesariFelix Wolf,2015,https://link.springer.com/chapter/10.1007/978-3-319-27140-8_39,Conference paper
Context-based image acquisition from memory in digital systems,Journal of Real-Time Image Processing,,,,10.1007/s11554-016-0591-1,Jianxiong LiuChristos BouganisPeter Y. K. Cheung,2016,https://link.springer.com/article/10.1007/s11554-016-0591-1,Article
Genus: Vanda to Zeuxine,Medicinal Orchids of Asia,,,,10.1007/978-3-319-24274-3_22,Eng Soon Teoh,2016,https://link.springer.com/chapter/10.1007/978-3-319-24274-3_22,Chapter
Battling Memory Requirements of Array Programming Through Streaming,High Performance Computing,,,,10.1007/978-3-319-46079-6_32,Mads R. B. KristensenJames AveryTroels BlumSimon Andreas Frimann LundBrian Vinter,2016,https://link.springer.com/chapter/10.1007/978-3-319-46079-6_32,Conference paper
CHRAnimation: An Animation Tool for Constraint Handling Rules,Logic-Based Program Synthesis and Transformation,,,,10.1007/978-3-319-17822-6_6,Nada SharafSlim AbdennadherThom Frühwirth,2015,https://link.springer.com/chapter/10.1007/978-3-319-17822-6_6,Conference paper
Combining Forward and Backward Propagation,Frontiers of Combining Systems,,,,10.1007/978-3-319-24246-0_19,Amira ZakiSlim AbdennadherThom Frühwirth,2015,https://link.springer.com/chapter/10.1007/978-3-319-24246-0_19,Conference paper
Link-time smart card code hardening,International Journal of Information Security,,,,10.1007/s10207-015-0282-0,Ronald De KeulenaerJonas MaebeKoen De BosschereBjorn De Sutter,2015,https://link.springer.com/article/10.1007/s10207-015-0282-0,Article
Improving performance portability for GPU-specific OpenCL kernels on multi-core/many-core CPUs by analysis-based transformations,Frontiers of Information Technology & Electronic Engineering,,,,10.1631/FITEE.1500032,Mei WenDa-fei HuangChang-qing XunDong Chen,2015,https://link.springer.com/article/10.1631/FITEE.1500032,Article
"Transforming Out Timing Leaks, More or Less",Computer Security -- ESORICS 2015,,,,10.1007/978-3-319-24174-6_23,Heiko MantelArtem Starostin,2015,https://link.springer.com/chapter/10.1007/978-3-319-24174-6_23,Conference paper
Proving Safety with Trace Automata and Bounded Model Checking,FM 2015: Formal Methods,,,,10.1007/978-3-319-19249-9_21,Daniel KroeningMatt LewisGeorg Weissenbacher,2015,https://link.springer.com/chapter/10.1007/978-3-319-19249-9_21,Conference paper
Parametric Runtime Verification of C Programs,Tools and Algorithms for the Construction and Analysis of Systems,,,,10.1007/978-3-662-49674-9_17,Zhe ChenZhemin WangYunlong ZhuHongwei XiZhibin Yang,2016,https://link.springer.com/chapter/10.1007/978-3-662-49674-9_17,Conference paper
Circular Migration Within the EU-Moldova Mobility Partnership,"Impact of Circular Migration on Human, Political and Civil Rights",,,,10.1007/978-3-319-28896-3_2,Sonja Nita,2016,https://link.springer.com/chapter/10.1007/978-3-319-28896-3_2,Chapter
StrongUpdate: An Immediate Dynamic Software Update System for Multi-threaded Applications,Human Centered Computing,,,,10.1007/978-3-319-15554-8_30,Deqing ZouHao WangHai Jin,2015,https://link.springer.com/chapter/10.1007/978-3-319-15554-8_30,Conference paper
Systems of Partial Differential Equations in ExaSlang,Software for Exascale Computing - SPPEXA 2013-2015,,,,10.1007/978-3-319-40528-5_3,Christian SchmittSebastian KuckukFrank HannigJürgen TeichHarald KöstlerUlrich RüdeChristian Lengauer,2016,https://link.springer.com/chapter/10.1007/978-3-319-40528-5_3,Conference paper
Performance Prediction of Multigrid-Solver Configurations,Software for Exascale Computing - SPPEXA 2013-2015,,,,10.1007/978-3-319-40528-5_4,Alexander GrebhahnNorbert SiegmundHarald KöstlerSven Apel,2016,https://link.springer.com/chapter/10.1007/978-3-319-40528-5_4,Conference paper
Sampling and Characterization of Bulk Particulate Materials and Products,"Production, Handling and Characterization of Particulate Materials",,,,10.1007/978-3-319-20949-4_15,Don McGlinchey,2016,https://link.springer.com/chapter/10.1007/978-3-319-20949-4_15,Chapter
A Special-Purpose Language for Implementing Pipelined FPGA-Based Accelerators,"Languages, Design Methods, and Tools for Electronic System Design",,,,10.1007/978-3-319-31723-6_4,Cristiano B. de OliveiraRicardo MenottiJoão M. P. CardosoEduardo Marques,2016,https://link.springer.com/chapter/10.1007/978-3-319-31723-6_4,Chapter
Graph Processing with Massive Datasets: A Kel Primer,Big Data Technologies and Applications,,,,10.1007/978-3-319-44550-2_11,David BaylissFlavio Villanustre,2016,https://link.springer.com/chapter/10.1007/978-3-319-44550-2_11,Chapter
A Synchronous-Based Code Generator for Explicit Hybrid Systems Languages,Compiler Construction,,,,10.1007/978-3-662-46663-6_4,Timothy BourkeJean-Louis ColaçoBruno PaganoCédric PasteurMarc Pouzet,2015,https://link.springer.com/chapter/10.1007/978-3-662-46663-6_4,Conference paper
Water Sorption and Solvent Sorption Behavior of Epoxy/Rubber Polymer Blends,Handbook of Epoxy Blends,,,,10.1007/978-3-319-18158-5_12-1,Padmanabhan Krishnan,2016,https://link.springer.com/rwe/10.1007/978-3-319-18158-5_12-1,Living reference work entry
"Evidence-Based Development Approach for Safe, Sustainable and Secure Mobile Medical App",Wearable Electronics Sensors,,,,10.1007/978-3-319-18191-2_6,Priyanka BagadeAyan BanerjeeSandeep K. S. Gupta,2015,https://link.springer.com/chapter/10.1007/978-3-319-18191-2_6,Chapter
Sustainability Assessment Methodologies,Virtual Biorefinery,,,,10.1007/978-3-319-26045-7_6,Marcos D. B. WatanabeLucas G. PereiraMateus F. ChagasMarcelo Pereira da CunhaCharles D. F. JesusAlexandre SouzaElmer C. RiveraR. Maciel FilhoOtávio CavalettAntonio Bonomi,2016,https://link.springer.com/chapter/10.1007/978-3-319-26045-7_6,Chapter
Wireless Rogue Access Point Detection Using Shadow Honeynet,Wireless Personal Communications,,,,10.1007/s11277-015-2408-0,Neha AgrawalShashikala Tapaswi,2015,https://link.springer.com/article/10.1007/s11277-015-2408-0,Article
From Array Domains to Abstract Interpretation Under Store-Buffer-Based Memory Models,Static Analysis,,,,10.1007/978-3-662-53413-7_23,Thibault SuzanneAntoine Miné,2016,https://link.springer.com/chapter/10.1007/978-3-662-53413-7_23,Conference paper
Two-Level Task Scheduling for Irregular Applications on GPU Platform,International Journal of Parallel Programming,,,,10.1007/s10766-015-0387-0,Jing LiLei LiuYuan WuXiaobing FengChengyong Wu,2015,https://link.springer.com/article/10.1007/s10766-015-0387-0,Article
Functional Big-Step Semantics,Programming Languages and Systems,,,,10.1007/978-3-662-49498-1_23,Scott OwensMagnus O. MyreenRamana KumarYong Kiam Tan,2016,https://link.springer.com/chapter/10.1007/978-3-662-49498-1_23,Conference paper
Experiences of Using the OpenMP Accelerator Model to Port DOE Stencil Applications,OpenMP: Heterogenous Execution and Data Movements,,,,10.1007/978-3-319-24595-9_4,Pei-Hung LinChunhua LiaoDaniel J. QuinlanStephen Guzik,2015,https://link.springer.com/chapter/10.1007/978-3-319-24595-9_4,Conference paper
Family-Based Model Checking Without a Family-Based Model Checker,Model Checking Software,,,,10.1007/978-3-319-23404-5_18,Aleksandar S. DimovskiAhmad Salim Al-SibahiClaus BrabrandAndrzej Wąsowski,2015,https://link.springer.com/chapter/10.1007/978-3-319-23404-5_18,Conference paper
"Prospect of bamboo as a renewable textile fiber, historical overview, labeling, controversies and regulation",Fashion and Textiles,,,,10.1186/s40691-015-0054-5,Lopamudra NayakSiba Prasad Mishra,2016,https://link.springer.com/article/10.1186/s40691-015-0054-5,Article
OpenDwarfs: Characterization of Dwarf-Based Benchmarks on Fixed and Reconfigurable Architectures,Journal of Signal Processing Systems,,,,10.1007/s11265-015-1051-z,Konstantinos KrommydasWu-chun FengChristos D. AntonopoulosNikolaos Bellas,2015,https://link.springer.com/article/10.1007/s11265-015-1051-z,Article
In Vitro Modeling of Nervous System: Engineering of the Reflex Arc,Neural Engineering,,,,10.1007/978-3-319-31433-4_9,Xiufang GuoFrank SommerhageChristopher McAleerCandace MartinChristopher LongYing WangNavaneetha SanthanamAlisha ColonCarlota Oleaga SanchoJames Hickman,2016,https://link.springer.com/chapter/10.1007/978-3-319-31433-4_9,Chapter
Aspect-Based Source to Source Transformations,Compilation and Synthesis for Embedded Reconfigurable Systems,,,,10.1007/978-1-4614-4894-5_4,José Gabriel de F. CoutinhoJoão M. P. CardosoTiago CarvalhoSujit BhattacharyaWayne LukGeorge ConstantinidesPedro C. DinizZlatko Petrov,2013,https://link.springer.com/chapter/10.1007/978-1-4614-4894-5_4,Chapter
Tropical Nursery Concepts and Practices,Tropical Forestry Handbook,,,,10.1007/978-3-642-54601-3_142,Diane L. HaaseR. Kasten DumroeseKim M. WilkinsonThomas D. Landis,2016,https://link.springer.com/rwe/10.1007/978-3-642-54601-3_142,Reference work entry
A high quality compiler tool for application-specific instruction-set processors with library and parallel supports,Multimedia Tools and Applications,,,,10.1007/s11042-015-2653-y,Benbin ChenChung-Ta KingXiaochao LiDonghui Guo,2015,https://link.springer.com/article/10.1007/s11042-015-2653-y,Article
React,Building Web Applications with Visual Studio 2017,,,,10.1007/978-1-4842-2478-6_9,Philip JapikseKevin GrossnicklausBen Dewey,2017,https://link.springer.com/chapter/10.1007/978-1-4842-2478-6_9,Chapter
Introduction to Node,"Programming Web Applications with Node, Express and Pug",,,,10.1007/978-1-4842-2511-0_3,Jörg Krause,2017,https://link.springer.com/chapter/10.1007/978-1-4842-2511-0_3,Chapter
OWL API for iOS: Early Implementation and Results,OWL: Experiences and Directions – Reasoner Evaluation,,,,10.1007/978-3-319-54627-8_11,Michele RutaFloriano SciosciaEugenio Di SciascioIvano Bilenchi,2017,https://link.springer.com/chapter/10.1007/978-3-319-54627-8_11,Conference paper
Angular 2,Building Web Applications with Visual Studio 2017,,,,10.1007/978-1-4842-2478-6_8,Philip JapikseKevin GrossnicklausBen Dewey,2017,https://link.springer.com/chapter/10.1007/978-1-4842-2478-6_8,Chapter
Integrating Transactions into the Data-Driven Multi-threading Model Using the TFlux Platform,International Journal of Parallel Programming,,,,10.1007/s10766-015-0369-2,Andreas DiavastosPedro TrancosoMikel LujánIan Watson,2015,https://link.springer.com/article/10.1007/s10766-015-0369-2,Article
Introduction,Observational Constraints on the Influence of Active Galactic Nuclei on the Evolution of Galaxies,,,,10.1007/978-3-319-28454-5_1,Christopher Mark Harrison,2016,https://link.springer.com/chapter/10.1007/978-3-319-28454-5_1,Chapter
Profile Guided Dataflow Transformation for FPGAs and CPUs,Journal of Signal Processing Systems,,,,10.1007/s11265-015-1044-y,Robert StewartDeepayan BhowmikAndrew WallaceGreg Michaelson,2015,https://link.springer.com/article/10.1007/s11265-015-1044-y,Article
GLES: A Practical GPGPU Optimizing Compiler Using Data Sharing and Thread Coarsening,Languages and Compilers for Parallel Computing,,,,10.1007/978-3-319-17473-0_3,Zhen LinXiaopeng GaoHan WanBo Jiang,2015,https://link.springer.com/chapter/10.1007/978-3-319-17473-0_3,Conference paper
Performance Analysis of a High-Level Abstractions-Based Hydrocode on Future Computing Systems,"High Performance Computing Systems. Performance Modeling, Benchmarking, and Simulation",,,,10.1007/978-3-319-17248-4_5,G. R. MudaligeI. Z. RegulyM. B. GilesA. C. MallinsonW. P. GaudinJ. A. Herdman,2015,https://link.springer.com/chapter/10.1007/978-3-319-17248-4_5,Conference paper
Static Analysis of Non-interference in Expressive Low-Level Languages,Static Analysis,,,,10.1007/978-3-662-48288-9_1,Peter AldousMatthew Might,2015,https://link.springer.com/chapter/10.1007/978-3-662-48288-9_1,Conference paper
CUDA-NP: Realizing Nested Thread-Level Parallelism in GPGPU Applications,Journal of Computer Science and Technology,,,,10.1007/s11390-015-1500-y,Yi YangChao LiHuiyang Zhou,2015,https://link.springer.com/article/10.1007/s11390-015-1500-y,Article
Invasive Tightly Coupled Processor Arrays,Invasive Tightly Coupled Processor Arrays,,,,10.1007/978-981-10-1058-3_2,Vahid Lari,2016,https://link.springer.com/chapter/10.1007/978-981-10-1058-3_2,Chapter
Unimodular Loop Transformations with Source-to-Source Translation for GPUs,Algorithms and Architectures for Parallel Processing,,,,10.1007/978-3-319-03859-9_15,Pasquale CantielloBeniamino Di MartinoFrancesco Piccolo,2013,https://link.springer.com/chapter/10.1007/978-3-319-03859-9_15,Conference paper
Towards Automatic Lock Removal for Scalable Synchronization,Distributed Computing,,,,10.1007/978-3-662-48653-5_12,Maya ArbelGuy Golan-GuetaEshcar HillelIdit Keidar,2015,https://link.springer.com/chapter/10.1007/978-3-662-48653-5_12,Conference paper
Planning and Money Management,A Critically Compassionate Approach to Financial Literacy,,,,10.1007/978-94-6300-130-4_4,Thomas A. LuceyMary Frances AgnelloJames Duke Laney,2015,https://link.springer.com/chapter/10.1007/978-94-6300-130-4_4,Chapter
Unbounded Lazy-CSeq: A Lazy Sequentialization Tool for C Programs with Unbounded Context Switches,Tools and Algorithms for the Construction and Analysis of Systems,,,,10.1007/978-3-662-46681-0_45,Truc L. NguyenBernd FischerSalvatore La TorreGennaro Parlato,2015,https://link.springer.com/chapter/10.1007/978-3-662-46681-0_45,Conference paper
Evaluating Performance Portability of OpenACC,Languages and Compilers for Parallel Computing,,,,10.1007/978-3-319-17473-0_4,Amit SabnePutt SakdhnagoolSeyong LeeJeffrey S. Vetter,2015,https://link.springer.com/chapter/10.1007/978-3-319-17473-0_4,Conference paper
Application-Level Energy Awareness for OpenMP,OpenMP: Heterogenous Execution and Data Movements,,,,10.1007/978-3-319-24595-9_16,Ferdinando AlessiPeter ThomanGiorgis GeorgakoudisThomas FahringerDimitrios S. Nikolopoulos,2015,https://link.springer.com/chapter/10.1007/978-3-319-24595-9_16,Conference paper
TuCCompi: A Multi-layer Model for Distributed Heterogeneous Computing with Tuning Capabilities,International Journal of Parallel Programming,,,,10.1007/s10766-015-0349-6,Hector Ortega-ArranzYuri TorresArturo Gonzalez-EscribanoDiego R. Llanos,2015,https://link.springer.com/article/10.1007/s10766-015-0349-6,Article
Polycyclic Aromatic Hydrocarbon,Encyclopedia of Astrobiology,,,,10.1007/978-3-662-44185-5_1250,Els PeetersJan Cami,2015,https://link.springer.com/rwe/10.1007/978-3-662-44185-5_1250,Reference work entry
Portable and Efficient Run-time Monitoring of JavaScript Applications Using Virtual Machine Layering,ECOOP 2014 – Object-Oriented Programming,,,,10.1007/978-3-662-44202-9_22,Erick LavoieBruno DufourMarc Feeley,2014,https://link.springer.com/chapter/10.1007/978-3-662-44202-9_22,Conference paper
MU-CSeq 0.3: Sequentialization by Read-Implicit and Coarse-Grained Memory Unwindings,Tools and Algorithms for the Construction and Analysis of Systems,,,,10.1007/978-3-662-46681-0_38,Ermenegildo TomascoOmar InversoBernd FischerSalvatore La TorreGennaro Parlato,2015,https://link.springer.com/chapter/10.1007/978-3-662-46681-0_38,Conference paper
GridFOR: A Domain Specific Language for Parallel Grid-Based Applications,International Journal of Parallel Programming,,,,10.1007/s10766-014-0348-z,Ye WangZhiyuan Li,2015,https://link.springer.com/article/10.1007/s10766-014-0348-z,Article
A Testbed for Cross-Dataset Analysis,Computer Vision - ECCV 2014 Workshops,,,,10.1007/978-3-319-16199-0_2,Tatiana TommasiTinne Tuytelaars,2015,https://link.springer.com/chapter/10.1007/978-3-319-16199-0_2,Conference paper
Constraint Handling Rules - What Else?,"Rule Technologies: Foundations, Tools, and Applications",,,,10.1007/978-3-319-21542-6_2,Thom Frühwirth,2015,https://link.springer.com/chapter/10.1007/978-3-319-21542-6_2,Conference paper
Climate change — Is it the cause or the effect?,KSCE Journal of Civil Engineering,,,,10.1007/s12205-015-0524-8,A. W. Jayawardena,2015,https://link.springer.com/article/10.1007/s12205-015-0524-8,Article
"Globalization, the Brain Drain, and Poverty Reduction in Sub-Saharan Africa","Second International Handbook on Globalisation, Education and Policy Research",,,,10.1007/978-94-017-9493-0_16,Kingsley BanyaJoseph Zajda,2015,https://link.springer.com/chapter/10.1007/978-94-017-9493-0_16,Chapter
India and Other Maturing Asian Space Enthusiasts,Yearbook on Space Policy 2012/2013,,,,10.1007/978-3-7091-1827-6_9,Ajey Lele,2015,https://link.springer.com/chapter/10.1007/978-3-7091-1827-6_9,Chapter
The SeaHorn Verification Framework,Computer Aided Verification,,,,10.1007/978-3-319-21690-4_20,Arie GurfinkelTemesghen KahsaiAnvesh KomuravelliJorge A. Navas,2015,https://link.springer.com/chapter/10.1007/978-3-319-21690-4_20,Conference paper
Data Movement in the Internet of Things Domain,Service Oriented and Cloud Computing,,,,10.1007/978-3-319-24072-5_17,Francesco D’AndriaDaniel FieldAliki KopaneliGeorge KousiourisDavid Garcia-PerezBarbara PerniciPierluigi Plebani,2015,https://link.springer.com/chapter/10.1007/978-3-319-24072-5_17,Conference paper
Exact and Approximated Data-Reuse Optimizations for Tiling with Parametric Sizes,Compiler Construction,,,,10.1007/978-3-662-46663-6_8,Alain DarteAlexandre Isoard,2015,https://link.springer.com/chapter/10.1007/978-3-662-46663-6_8,Conference paper
Automatic scoping of task clauses for the OpenMP tasking model,The Journal of Supercomputing,,,,10.1007/s11227-014-1326-3,Chun-Kun WangPeng-Sheng Chen,2014,https://link.springer.com/article/10.1007/s11227-014-1326-3,Article
Scalasca v2: Back to the Future,Tools for High Performance Computing 2014,,,,10.1007/978-3-319-16012-2_1,Ilya ZhukovChristian FeldMarkus GeimerMichael KnoblochBernd MohrPavel Saviankou,2015,https://link.springer.com/chapter/10.1007/978-3-319-16012-2_1,Conference paper
Information Aggregation in an Enterprise,Smart Information Systems,,,,10.1007/978-3-319-14178-7_4,Erwin GunadiSahin Albayrak,2015,https://link.springer.com/chapter/10.1007/978-3-319-14178-7_4,Chapter
Fast Integer Word-length Optimization for Fixed-point Systems,Journal of Signal Processing Systems,,,,10.1007/s11265-015-0990-8,Riham NehmehDaniel MenardErwan NoguesAndrei BanciuThierry MichelRomuald Rocher,2015,https://link.springer.com/article/10.1007/s11265-015-0990-8,Article
Optimistic Parallelism on GPUs,Languages and Compilers for Parallel Computing,,,,10.1007/978-3-319-17473-0_1,Min FengRajiv GuptaLaxmi N. Bhuyan,2015,https://link.springer.com/chapter/10.1007/978-3-319-17473-0_1,Conference paper
OpenMP 4.0 Device Support in the OMPi Compiler,OpenMP: Heterogenous Execution and Data Movements,,,,10.1007/978-3-319-24595-9_15,Alexandros PapadogiannakisSpiros N. AgathosVassilios V. Dimakopoulos,2015,https://link.springer.com/chapter/10.1007/978-3-319-24595-9_15,Conference paper
Correctness of Service Components and Service Component Ensembles,Software Engineering for Collective Autonomic Systems,,,,10.1007/978-3-319-16310-9_3,Jacques CombazSaddek BensalemFrancesco TiezziAndrea MargheriRosario PuglieseJan Kofroň,2015,https://link.springer.com/chapter/10.1007/978-3-319-16310-9_3,Chapter
Towards Task-Parallel Reductions in OpenMP,OpenMP: Heterogenous Execution and Data Movements,,,,10.1007/978-3-319-24595-9_14,Jan CieskoSergi MateoXavier TeruelXavier MartorellEduard AyguadéJesús LabartaAlex DuranBronis R. de SupinskiStephen OlivierKelvin LiAlexandre E. Eichenberger,2015,https://link.springer.com/chapter/10.1007/978-3-319-24595-9_14,Conference paper
Combining Instrumentation and Sampling for Trace-Based Application Performance Analysis,Tools for High Performance Computing 2014,,,,10.1007/978-3-319-16012-2_6,Thomas IlscheJoseph SchuchartRobert SchöneDaniel Hackenberg,2015,https://link.springer.com/chapter/10.1007/978-3-319-16012-2_6,Conference paper
ABS: A High-Level Modeling Language for Cloud-Aware Programming,SOFSEM 2016: Theory and Practice of Computer Science,,,,10.1007/978-3-662-49192-8_35,Nikolaos BezirgiannisFrank de Boer,2016,https://link.springer.com/chapter/10.1007/978-3-662-49192-8_35,Conference paper
Meta-Level Reuse for Mastering Domain Specialization,"Leveraging Applications of Formal Methods, Verification and Validation: Discussion, Dissemination, Applications",,,,10.1007/978-3-319-47169-3_16,Stefan NaujokatJohannes NeubauerTiziana MargariaBernhard Steffen,2016,https://link.springer.com/chapter/10.1007/978-3-319-47169-3_16,Conference paper
A Theory Agenda for Component-Based Design,"Software, Services, and Systems",,,,10.1007/978-3-319-15545-6_24,Joseph SifakisSaddek BensalemSimon BliudzeMarius Bozga,2015,https://link.springer.com/chapter/10.1007/978-3-319-15545-6_24,Chapter
Energy Consumption Analysis of HPC Applications Using NoSQL Database Feature of EnergyAnalyzer,Intelligent Cloud Computing,,,,10.1007/978-3-319-19848-4_7,Shajulin BenedictR. S. RejithaC. Bright,2015,https://link.springer.com/chapter/10.1007/978-3-319-19848-4_7,Conference paper
Excipient Applications in Formulation Design and Drug Delivery,Excipient Applications in Formulation Design and Drug Delivery,,,,10.1007/978-3-319-20206-8_1,Ajit S. NarangSai HS. Boddu,2015,https://link.springer.com/chapter/10.1007/978-3-319-20206-8_1,Chapter
Fairness Modulo Theory: A New Approach to LTL Software Model Checking,Computer Aided Verification,,,,10.1007/978-3-319-21690-4_4,Daniel DietschMatthias HeizmannVincent LangenfeldAndreas Podelski,2015,https://link.springer.com/chapter/10.1007/978-3-319-21690-4_4,Conference paper
Types of PCMs and Their Selection,Thermal Energy Storage Using Phase Change Materials,,,,10.1007/978-3-319-20922-7_3,Amy S. Fleischer,2015,https://link.springer.com/chapter/10.1007/978-3-319-20922-7_3,Chapter
The Role of Natural Gas in the Regional Electricity Generation,Electrical Energy Generation in Europe,,,,10.1007/978-3-319-08401-5_3,Jorge Morales Pedraza,2015,https://link.springer.com/chapter/10.1007/978-3-319-08401-5_3,Chapter
A Survey of Dynamic Program Analysis Techniques and Tools,Proceedings of the 3rd International Conference on Frontiers of Intelligent Computing: Theory and Applications (FICTA) 2014,,,,10.1007/978-3-319-11933-5_13,Anjana GosainGanga Sharma,2015,https://link.springer.com/chapter/10.1007/978-3-319-11933-5_13,Conference paper
Automatic Parameter Tuning of Three-Dimensional Tiled FDTD Kernel,High Performance Computing for Computational Science -- VECPAR 2014,,,,10.1007/978-3-319-17353-5_24,Takeshi MinamiMotoharu HibinoTasuku HiraishiTakeshi IwashitaHiroshi Nakashima,2015,https://link.springer.com/chapter/10.1007/978-3-319-17353-5_24,Conference paper
Ranking/Unranking of Lambda Terms with Compressed de Bruijn Indices,Intelligent Computer Mathematics,,,,10.1007/978-3-319-20615-8_8,Paul Tarau,2015,https://link.springer.com/chapter/10.1007/978-3-319-20615-8_8,Conference paper
The PLA Navy’s Capability Profile,Assessing China's Naval Power,,,,10.1007/978-3-662-47127-2_5,Sarah Kirchberger,2015,https://link.springer.com/chapter/10.1007/978-3-662-47127-2_5,Chapter
Pre-indexed Terms for Prolog,Logic-Based Program Synthesis and Transformation,,,,10.1007/978-3-319-17822-6_18,J. F. MoralesM. Hermenegildo,2015,https://link.springer.com/chapter/10.1007/978-3-319-17822-6_18,Conference paper
Polysaccharides from Bioagro-Waste for New Biomolecules,Polysaccharides,,,,10.1007/978-3-319-16298-0_16,Paola Di DonatoAnnarita PoliValentina TaurisanoBarbara Nicolaus,2015,https://link.springer.com/rwe/10.1007/978-3-319-16298-0_16,Reference work entry
Evaluating the Impact of OpenMP 4.0 Extensions on Relevant Parallel Workloads,OpenMP: Heterogenous Execution and Data Movements,,,,10.1007/978-3-319-24595-9_5,Raul VidalMarc CasasMiquel MoretóDimitrios ChasapisRoger FerrerXavier MartorellEduard AyguadéJesús LabartaMateo Valero,2015,https://link.springer.com/chapter/10.1007/978-3-319-24595-9_5,Conference paper
Collaborative Information Seeking Around Big Data,Collaborative Information Seeking,,,,10.1007/978-3-319-18988-8_11,Mark S. Pfaff,2015,https://link.springer.com/chapter/10.1007/978-3-319-18988-8_11,Chapter
O2WebCL: an automatic OpenCL-to-WebCL translator for high performance web computing,The Journal of Supercomputing,,,,10.1007/s11227-014-1260-4,Myeongjin ChoYoungsun HanMinseong KimSeon Wook Kim,2014,https://link.springer.com/article/10.1007/s11227-014-1260-4,Article
An algebraic theory for web service contracts,Formal Aspects of Computing,,,,10.1007/s00165-015-0334-2,Cosimo LaneveLuca Padovani,2015,https://link.springer.com/article/10.1007/s00165-015-0334-2,Article
Enhanced Features of SLOs: Focus on Specialization,Smart Learning Objects for Smart Education in Computer Science,,,,10.1007/978-3-319-16913-2_7,Vytautas Štuikys,2015,https://link.springer.com/chapter/10.1007/978-3-319-16913-2_7,Chapter
MetaFork: A Framework for Concurrency Platforms Targeting Multicores,"Using and Improving OpenMP for Devices, Tasks, and More",,,,10.1007/978-3-319-11454-5_3,Xiaohui ChenMarc Moreno MazaSushek ShekarPriya Unnikrishnan,2014,https://link.springer.com/chapter/10.1007/978-3-319-11454-5_3,Conference paper
A Linked Data Model to Aggregate Serialized Manga from Multiple Data Providers,Digital Libraries: Providing Quality Information,,,,10.1007/978-3-319-27974-9_12,Senan KiryakosShigeo Sugimoto,2015,https://link.springer.com/chapter/10.1007/978-3-319-27974-9_12,Conference paper
Targeting the Parallella,Euro-Par 2015: Parallel Processing,,,,10.1007/978-3-662-48096-0_51,Spiros N. AgathosAlexandros PapadogiannakisVassilios V. Dimakopoulos,2015,https://link.springer.com/chapter/10.1007/978-3-662-48096-0_51,Conference paper
Self-adaptation by coordination-targeted reconfigurations,Journal of Software Engineering Research and Development,,,,10.1186/s40411-015-0021-2,Nuno OliveiraLuís S Barbosa,2015,https://link.springer.com/article/10.1186/s40411-015-0021-2,Article
Parametric GPU Code Generation for Affine Loop Programs,Languages and Compilers for Parallel Computing,,,,10.1007/978-3-319-09967-5_8,Athanasios KonstantinidisPaul H. J. KellyJ. RamanujamP. Sadayappan,2014,https://link.springer.com/chapter/10.1007/978-3-319-09967-5_8,Conference paper
Cooling aware job migration for reducing cost in cloud environment,The Journal of Supercomputing,,,,10.1007/s11227-014-1349-9,Elahe NaserianSeyed Mohammad GhoreyshiHossein ShafieiPayam MousaviAhmad Khonsari,2014,https://link.springer.com/article/10.1007/s11227-014-1349-9,Article
PETRA: Performance Evaluation Tool for Modern Parallelizing Compilers,International Journal of Parallel Programming,,,,10.1007/s10766-014-0307-8,Dheya MustafaRudolf Eigenmann,2014,https://link.springer.com/article/10.1007/s10766-014-0307-8,Article
Towards a Unified Heterogeneous Development Model in AndroidTM,Euro-Par 2013: Parallel Processing Workshops,,,,10.1007/978-3-642-54420-0_24,Alejandro AcostaFrancisc Almeida,2014,https://link.springer.com/chapter/10.1007/978-3-642-54420-0_24,Conference paper
Ontology-Based Integration of Cross-Linked Datasets,The Semantic Web - ISWC 2015,,,,10.1007/978-3-319-25007-6_12,Diego CalvaneseMartin GieseDag HovlandMartin Rezk,2015,https://link.springer.com/chapter/10.1007/978-3-319-25007-6_12,Conference paper
Introduction,Dynamic Memory Management for Embedded Systems,,,,10.1007/978-3-319-10572-7_1,David Atienza AlonsoStylianos MamagkakisChristophe PoucetMiguel Peón-QuirósAlexandros BartzasFrancky CatthoorDimitrios Soudris,2015,https://link.springer.com/chapter/10.1007/978-3-319-10572-7_1,Chapter
Demand and Supply of Maritime Transport Services: Analysis of Market Cycles,HSBA Handbook on Ship Finance,,,,10.1007/978-3-662-43410-9_1,Burkhard LemperMichael Tasto,2015,https://link.springer.com/chapter/10.1007/978-3-662-43410-9_1,Chapter
"Certifying a java type resolution function using program transformation, annotation, and reflection",Software Quality Journal,,,,10.1007/s11219-014-9262-2,Victor WinterCarl ReinkeJonathan Guerrero,2014,https://link.springer.com/article/10.1007/s11219-014-9262-2,Article
Code Structuring Concepts,Erlang and Elixir for Imperative Programmers,,,,10.1007/978-1-4842-2394-9_16,Wolfgang Loder,2016,https://link.springer.com/chapter/10.1007/978-1-4842-2394-9_16,Chapter
Platform Deployment,Pro MEAN Stack Development,,,,10.1007/978-1-4842-2044-3_10,Elad Elrom,2016,https://link.springer.com/chapter/10.1007/978-1-4842-2044-3_10,Chapter
Build Scripts,Pro MEAN Stack Development,,,,10.1007/978-1-4842-2044-3_9,Elad Elrom,2016,https://link.springer.com/chapter/10.1007/978-1-4842-2044-3_9,Chapter
pocl: A Performance-Portable OpenCL Implementation,International Journal of Parallel Programming,,,,10.1007/s10766-014-0320-y,Pekka JääskeläinenCarlos Sánchez de La LamaErik SchnetterKalle RaiskilaJarmo TakalaHeikki Berg,2014,https://link.springer.com/article/10.1007/s10766-014-0320-y,Article
Method-level code clone detection through LWH (Light Weight Hybrid) approach,Journal of Software Engineering Research and Development,,,,10.1186/s40411-014-0012-8,Egambaram KodhaiSelvadurai Kanmani,2014,https://link.springer.com/article/10.1186/s40411-014-0012-8,Article
Probabilistic Programs as Spreadsheet Queries,Programming Languages and Systems,,,,10.1007/978-3-662-46669-8_1,Andrew D. GordonClaudio RussoMarcin SzymczakJohannes BorgströmNicolas RollandThore GraepelDaniel Tarlow,2015,https://link.springer.com/chapter/10.1007/978-3-662-46669-8_1,Conference paper
Tropical Nursery Concepts and Practices,Tropical Forestry Handbook,,,,10.1007/978-3-642-41554-8_142-1,Diane L. HaaseR. Kasten DumroeseKim M. WilkinsonThomas D. Landis,2015,https://link.springer.com/rwe/10.1007/978-3-642-41554-8_142-1,Living reference work entry
Studying Police Integrity,Measuring Police Integrity Across the World,,,,10.1007/978-1-4939-2279-6_1,Sanja Kutnjak Ivković,2015,https://link.springer.com/chapter/10.1007/978-1-4939-2279-6_1,Chapter
Compilation Tool Chains and Intermediate Representations,Smart Multicore Embedded Systems,,,,10.1007/978-1-4614-8800-2_2,Julien MottinFrançois PacullRonan KeryellPascal Schleuniger,2014,https://link.springer.com/chapter/10.1007/978-1-4614-8800-2_2,Chapter
OpenMDSP: Extending OpenMP to Program Multi-Core DSPs,Journal of Computer Science and Technology,,,,10.1007/s11390-014-1433-x,Jiang-Zhou HeWen-Guang ChenGuang-Ri ChenWei-Min ZhengZhi-Zhong TangHan-Dong Ye,2014,https://link.springer.com/article/10.1007/s11390-014-1433-x,Article
Polymers in Cardiology,Advanced Polymers in Medicine,,,,10.1007/978-3-319-12478-0_15,Katrin SternbergRaila BuschSvea Petersen,2015,https://link.springer.com/chapter/10.1007/978-3-319-12478-0_15,Chapter
An Autotuning Engine for the 3D Fast Wavelet Transform on Clusters with Hybrid CPU&#xa0;+&#xa0;GPU Platforms,International Journal of Parallel Programming,,,,10.1007/s10766-014-0328-3,Gregorio BernabéJavier CuencaDomingo Giménez,2014,https://link.springer.com/article/10.1007/s10766-014-0328-3,Article
Automatic summarization of risk factors preceding disease progression an insight-driven healthcare service case study on using medical records of diabetic patients,World Wide Web,,,,10.1007/s11280-014-0304-2,Pei-Yun S. HsuehXin Xin ZhuMark J. H. HsiaoSelina Y. F. LeeVincent DengSreeram Ramakrishnan,2014,https://link.springer.com/article/10.1007/s11280-014-0304-2,Article
An Automated Performance-Aware Approach to Reliability Transformations,Euro-Par 2014: Parallel Processing Workshops,,,,10.1007/978-3-319-14325-5_45,Jacob LidmanSally A. McKeeDaniel J. QuinlanChunhua Liao,2014,https://link.springer.com/chapter/10.1007/978-3-319-14325-5_45,Conference paper
MU-CSeq: Sequentialization of C Programs by Shared Memory Unwindings,Tools and Algorithms for the Construction and Analysis of Systems,,,,10.1007/978-3-642-54862-8_30,Ermenegildo TomascoOmar InversoBernd FischerSalvatore La TorreGennaro Parlato,2014,https://link.springer.com/chapter/10.1007/978-3-642-54862-8_30,Conference paper
Exploiting Narrow Data-Width to Mask Soft Errors in Register Files,"Computer Safety, Reliability, and Security",,,,10.1007/978-3-319-10506-2_9,Jianjun XuQingping TanZeming ShaoHong Ning,2014,https://link.springer.com/chapter/10.1007/978-3-319-10506-2_9,Conference paper
Transformations for Compositional Verification of Assumption-Commitment Properties,Reachability Problems,,,,10.1007/978-3-319-11439-2_17,Ahmed MahdiBernd WestphalMartin Fränzle,2014,https://link.springer.com/chapter/10.1007/978-3-319-11439-2_17,Conference paper
Analyzing Narratives About the Camino: From Claims in Support of Local Elements to the Success of the Xacobeo,"Heritage, Pilgrimage and the Camino to Finisterre",,,,10.1007/978-3-319-20212-9_3,Manuel Vilar,2015,https://link.springer.com/chapter/10.1007/978-3-319-20212-9_3,Chapter
A Comparison between OPARI2 and the OpenMP Tools Interface in the Context of Score-P,"Using and Improving OpenMP for Devices, Tasks, and More",,,,10.1007/978-3-319-11454-5_12,Daniel LorenzRobert DietrichRonny TschüterFelix Wolf,2014,https://link.springer.com/chapter/10.1007/978-3-319-11454-5_12,Conference paper
Image Processing: Object Recognition,Smart Multicore Embedded Systems,,,,10.1007/978-1-4614-8800-2_8,Marius BozgaGeorge ChasapisVassilios V. DimakopoulosAggelis Aggelis,2014,https://link.springer.com/chapter/10.1007/978-1-4614-8800-2_8,Chapter
"Selective Growth of CdTe on Nano-patterned CdS via 
Close-Space Sublimation",Journal of Electronic Materials,,,,10.1007/s11664-014-3104-7,Brandon A. AguirreDavid ZubiaRafael OrdonezFarhana AnwarHeber PrietoCarlos A. SanchezMaria T. SalazarAlejandro. A. PimentelJoseph R. MichaelXiaowang ZhouJohn C. McclureGregory N. NielsonJose L. Cruz-Campa,2014,https://link.springer.com/article/10.1007/s11664-014-3104-7,Article
Compiling a High-Level Directive-Based Programming Model for GPGPUs,Languages and Compilers for Parallel Computing,,,,10.1007/978-3-319-09967-5_6,Xiaonan TianRengan XuYonghong YanZhifeng YunSunita ChandrasekaranBarbara Chapman,2014,https://link.springer.com/chapter/10.1007/978-3-319-09967-5_6,Conference paper
Semi-automatic Composition of Data Layout Transformations for Loop Vectorization,Network and Parallel Computing,,,,10.1007/978-3-662-44917-2_40,Shixiong XuDavid Gregg,2014,https://link.springer.com/chapter/10.1007/978-3-662-44917-2_40,Conference paper
Signal Processing: Radar,Smart Multicore Embedded Systems,,,,10.1007/978-1-4614-8800-2_7,Michel BarreteauClaudia Cantini,2014,https://link.springer.com/chapter/10.1007/978-1-4614-8800-2_7,Chapter
Conpy: Concolic Execution Engine for Python Applications,Algorithms and Architectures for Parallel Processing,,,,10.1007/978-3-319-11194-0_12,Ting ChenXiao-song ZhangRui-dong ChenBo YangYang Bai,2014,https://link.springer.com/chapter/10.1007/978-3-319-11194-0_12,Conference paper
On-Demand Proactive Defense against Memory Vulnerabilities,Network and Parallel Computing,,,,10.1007/978-3-642-40820-5_31,Gang ChenHai JinDeqing ZouWeiqi Dai,2013,https://link.springer.com/chapter/10.1007/978-3-642-40820-5_31,Conference paper
"A framework for deadlock detection in <Emphasis FontCategory=""NonProportional"">core&#xa0;ABS</Emphasis>
                  ",Software & Systems Modeling,,,,10.1007/s10270-014-0444-y,Elena GiachinoCosimo LaneveMichael Lienhardt,2015,https://link.springer.com/article/10.1007/s10270-014-0444-y,Article
Software Analysis for Transient Faults: A Review of Recent Methods,"Intelligent Data analysis and its Applications, Volume II",,,,10.1007/978-3-319-07773-4_57,Guochang ZhouBaolong GuoXiang GaoWeikang NingYunyi Yan,2014,https://link.springer.com/chapter/10.1007/978-3-319-07773-4_57,Conference paper
Degradation mechanisms in gate-all-around silicon Nanowire field effect transistor under electrostatic discharge stress a modeling approach,Nano Convergence,,,,10.1186/s40580-014-0011-9,Cher Ming TanXiangchen Chen,2014,https://link.springer.com/article/10.1186/s40580-014-0011-9,Article
An Adaptive Heterogeneous Runtime Framework for Irregular Applications,Journal of Signal Processing Systems,,,,10.1007/s11265-014-0916-x,Chih-Chen KaoWei-Chung Hsu,2014,https://link.springer.com/article/10.1007/s11265-014-0916-x,Article
Scalability and Parallel Execution of OmpSs-OpenCL Tasks on Heterogeneous CPU-GPU Environment,Supercomputing,,,,10.1007/978-3-319-07518-1_9,Vinoth Krishnan ElangovanRosa. M. BadiaEduard Ayguadé,2014,https://link.springer.com/chapter/10.1007/978-3-319-07518-1_9,Conference paper
Reproducible Experiments in Parallel Computing: Concepts and Stencil Compiler Benchmark Study,Euro-Par 2014: Parallel Processing Workshops,,,,10.1007/978-3-319-14325-5_40,Danilo GuerreraHelmar BurkhartAntonio Maffia,2014,https://link.springer.com/chapter/10.1007/978-3-319-14325-5_40,Conference paper
Defensive JavaScript,Foundations of Security Analysis and Design VII,,,,10.1007/978-3-319-10082-1_4,Karthikeyan BhargavanAntoine Delignat-LavaudSergio Maffeis,2014,https://link.springer.com/chapter/10.1007/978-3-319-10082-1_4,Chapter
Scout: A Source-to-Source Transformator for SIMD-Optimizations,Euro-Par 2011: Parallel Processing Workshops,,,,10.1007/978-3-642-29740-3_17,Olaf KrzikallaKim FeldhoffRalph Müller-PfefferkornWolfgang E. Nagel,2012,https://link.springer.com/chapter/10.1007/978-3-642-29740-3_17,Conference paper
"Scalable and scope-bounded software verification in <span>Varvel</span>
                  ",Automated Software Engineering,,,,10.1007/s10515-014-0164-0,Franjo IvančićGogul BalakrishnanAarti GuptaSriram SankaranarayananNaoto MaedaTakashi ImotoRakesh PothengilMustafa Hussain,2014,https://link.springer.com/article/10.1007/s10515-014-0164-0,Article
The BonaFide C Analyzer: automatic loop-level characterization and coverage measurement,The Journal of Supercomputing,,,,10.1007/s11227-014-1091-3,Sergio AldeaDiego R. LlanosArturo Gonzalez-Escribano,2014,https://link.springer.com/article/10.1007/s11227-014-1091-3,Article
MetaJC++: A flexible and automatic program transformation technique using meta framework,Central European Journal of Engineering,,,,10.2478/s13531-013-0161-2,Nadera S. BeeviM. ReghuD. ChitraprasadS. S. Vinodchandra,2014,https://link.springer.com/article/10.2478/s13531-013-0161-2,Article
Performance Measurement for the OpenMP 4.0 Offloading Model,Euro-Par 2014: Parallel Processing Workshops,,,,10.1007/978-3-319-14313-2_25,Robert DietrichFelix SchmittAlexander GrundDirk Schmidl,2014,https://link.springer.com/chapter/10.1007/978-3-319-14313-2_25,Conference paper
Lazy-CSeq: A Lazy Sequentialization Tool for C,Tools and Algorithms for the Construction and Analysis of Systems,,,,10.1007/978-3-642-54862-8_29,Omar InversoErmenegildo TomascoBernd FischerSalvatore La TorreGennaro Parlato,2014,https://link.springer.com/chapter/10.1007/978-3-642-54862-8_29,Conference paper
Towards Transactional Memory for OpenMP,"Using and Improving OpenMP for Devices, Tasks, and More",,,,10.1007/978-3-319-11454-5_10,Michael WongEduard AyguadéJustin GottschlichVictor LuchangcoBronis R. de SupinskiBarna Bihari,2014,https://link.springer.com/chapter/10.1007/978-3-319-11454-5_10,Conference paper
Automatic Development of Embedded Systems Using Model Driven Engineering and Compile-Time Virtualisation,Embedded and Real Time System Development: A Software Engineering Perspective,,,,10.1007/978-3-642-40888-5_2,Neil AudsleyIan GrayDimitris KolovosNikos MatragkasRichard PaigeLeandro Soares Indrusiak,2014,https://link.springer.com/chapter/10.1007/978-3-642-40888-5_2,Chapter
Improving Speculation Accuracy with Inter-thread Fetching Value Prediction,Algorithms and Architectures for Parallel Processing,,,,10.1007/978-3-319-11194-0_19,Fan XuLi ShenZhiying WangHui GuoBo SuWei Chen,2014,https://link.springer.com/chapter/10.1007/978-3-319-11194-0_19,Conference paper
Automatic recovery from resource exhaustion exceptions by collecting leaked resources,Journal of Zhejiang University SCIENCE C,,,,10.1631/jzus.C1300352,Zi-ying DaiXiao-guang MaoLi-qian ChenYan Lei,2014,https://link.springer.com/article/10.1631/jzus.C1300352,Article
Comparative evaluation of platforms for parallel Ant Colony Optimization,The Journal of Supercomputing,,,,10.1007/s11227-014-1154-5,Ginés D. GuerreroJosé M. CeciliaAntonio LlanesJosé M. GarcíaMartyn AmosManuel Ujaldón,2014,https://link.springer.com/article/10.1007/s11227-014-1154-5,Article
Program equivalence by circular reasoning,Formal Aspects of Computing,,,,10.1007/s00165-014-0319-6,Dorel LucanuVlad Rusu,2014,https://link.springer.com/article/10.1007/s00165-014-0319-6,Article
OpenMC: Towards Simplifying Programming for TianHe Supercomputers,Journal of Computer Science and Technology,,,,10.1007/s11390-014-1447-4,Xiang-Ke LiaoCan-Qun YungTao TangHui-Zhan YiFeng WangQiang WuJingling Xue,2014,https://link.springer.com/article/10.1007/s11390-014-1447-4,Article
Introduction to Dynamic Code Generation: An Experiment with Matrix Multiplication for the STHORM Platform,Smart Multicore Embedded Systems,,,,10.1007/978-1-4614-8800-2_6,Damien CourousséVictor LomüllerHenri-Pierre Charles,2014,https://link.springer.com/chapter/10.1007/978-1-4614-8800-2_6,Chapter
Task-Based Programming with OmpSs and Its Application,Euro-Par 2014: Parallel Processing Workshops,,,,10.1007/978-3-319-14313-2_51,Alejandro FernándezVicenç BeltranXavier MartorellRosa M. BadiaEduard AyguadéJesus Labarta,2014,https://link.springer.com/chapter/10.1007/978-3-319-14313-2_51,Conference paper
Machine Learning for Auspicious Social Network Mining,Social Networking,,,,10.1007/978-3-319-05164-2_3,Sagar S. DeSatchidananda Dehuri,2014,https://link.springer.com/chapter/10.1007/978-3-319-05164-2_3,Chapter
A review of multiple natural hazards and risks in Germany,Natural Hazards,,,,10.1007/s11069-014-1265-6,Heidi KreibichPhilip BubeckMichael KunzHolger MahlkeStefano ParolaiBijan KhazaiJames DaniellTobia LakesKai Schröter,2014,https://link.springer.com/article/10.1007/s11069-014-1265-6,Article
Parsing in a Broad Sense,Model-Driven Engineering Languages and Systems,,,,10.1007/978-3-319-11653-2_4,Vadim ZaytsevAnya Helene Bagge,2014,https://link.springer.com/chapter/10.1007/978-3-319-11653-2_4,Conference paper
Implementation of Partial Separability in a Source-to-Source Transformation AD Tool,Recent Advances in Algorithmic Differentiation,,,,10.1007/978-3-642-30023-3_31,Sri Hari Krishna NarayananBoyana NorrisPaul HovlandAssefaw Gebremedhin,2012,https://link.springer.com/chapter/10.1007/978-3-642-30023-3_31,Conference paper
Optimization of Massively Parallel Data Flows,Large-Scale Data Analytics,,,,10.1007/978-1-4614-9242-9_2,Fabian HueskeVolker Markl,2014,https://link.springer.com/chapter/10.1007/978-1-4614-9242-9_2,Chapter
SHAPE—an approach for self-healing and self-protection in complex distributed networks,The Journal of Supercomputing,,,,10.1007/s11227-013-1019-3,Inderpreet ChopraManinder Singh,2013,https://link.springer.com/article/10.1007/s11227-013-1019-3,Article
TurboBŁYSK: Scheduling for Improved Data-Driven Task Performance with Fast Dependency Resolution,"Using and Improving OpenMP for Devices, Tasks, and More",,,,10.1007/978-3-319-11454-5_4,Artur PodobasMats BrorssonVladimir Vlassov,2014,https://link.springer.com/chapter/10.1007/978-3-319-11454-5_4,Conference paper
A Case for Adaptive Redundancy for HPC Resilience,Euro-Par 2013: Parallel Processing Workshops,,,,10.1007/978-3-642-54420-0_67,Saurabh HukerikarPedro C. DinizRobert F. Lucas,2014,https://link.springer.com/chapter/10.1007/978-3-642-54420-0_67,Conference paper
High Performance Cloud: A MapReduce and GPGPU Based Hybrid Approach,Internet and Distributed Computing Systems,,,,10.1007/978-3-319-11692-1_6,Beniamino Di MartinoAntonio EspositoAndrea Barbato,2014,https://link.springer.com/chapter/10.1007/978-3-319-11692-1_6,Conference paper
Suitability of Performance Tools for OpenMP Task-Parallel Programs,Tools for High Performance Computing 2013,,,,10.1007/978-3-319-08144-1_3,Dirk SchmidlChristian TerbovenDieter an MeyMatthias S. Müller,2014,https://link.springer.com/chapter/10.1007/978-3-319-08144-1_3,Conference paper
Extending Explicit Management of SMMHS to OpenMP for Heterogeneous Architectures,Unifying Electrical Engineering and Electronics Engineering,,,,10.1007/978-1-4614-4981-2_242,Xiaoxian LiuRongcai ZhaoYuan YaoPinfeng Huang,2014,https://link.springer.com/chapter/10.1007/978-1-4614-4981-2_242,Conference paper
OpenSHMEM Extensions and a Vision for Its Future Direction,"OpenSHMEM and Related Technologies. Experiences, Implementations, and Tools",,,,10.1007/978-3-319-05215-1_11,Stephen PoolePavel ShamisAaron WelchSwaroop PophaleManjunath Gorentla VenkataOscar HernandezGregory KoenigTony CurtisChung-Hsing Hsu,2014,https://link.springer.com/chapter/10.1007/978-3-319-05215-1_11,Conference paper
Period Mappings for Families of Complex Manifolds,Period Mappings with Applications to Symplectic Complex Spaces,,,,10.1007/978-3-319-17521-8_1,Tim Kirschner,2015,https://link.springer.com/chapter/10.1007/978-3-319-17521-8_1,Chapter
Bounded Model Checking of Multi-threaded C Programs via Lazy Sequentialization,Computer Aided Verification,,,,10.1007/978-3-319-08867-9_39,Omar InversoErmenegildo TomascoBernd FischerSalvatore La TorreGennaro Parlato,2014,https://link.springer.com/chapter/10.1007/978-3-319-08867-9_39,Conference paper
Implicit Staging of EDSL Expressions: A Bridge between Shallow and Deep Embedding,ECOOP 2014 – Object-Oriented Programming,,,,10.1007/978-3-662-44202-9_16,Maximilian ScherrShigeru Chiba,2014,https://link.springer.com/chapter/10.1007/978-3-662-44202-9_16,Conference paper
Polysaccharides: Applications in Biology and Biotechnology/Polysaccharides from Bioagro-Waste New Biomolecules-Life,Polysaccharides,,,,10.1007/978-3-319-03751-6_16-1,Paola Di DonatoAnnarita PoliValentina TaurisanoBarbara Nicolaus,2014,https://link.springer.com/rwe/10.1007/978-3-319-03751-6_16-1,Living reference work entry
Detecting SIMDization Opportunities through Static/Dynamic Dependence Analysis,Euro-Par 2013: Parallel Processing Workshops,,,,10.1007/978-3-642-54420-0_62,Olivier AumageDenis BarthouChristopher HaineTamara Meunier,2014,https://link.springer.com/chapter/10.1007/978-3-642-54420-0_62,Conference paper
Evaluation of OpenMP Task Scheduling Algorithms for Large NUMA Architectures,Euro-Par 2014 Parallel Processing,,,,10.1007/978-3-319-09873-9_50,Jérôme Clet-OrtegaPatrick CarribaultMarc Pérache,2014,https://link.springer.com/chapter/10.1007/978-3-319-09873-9_50,Conference paper
Exploratory Spatial Data Analysis,Handbook of Regional Science,,,,10.1007/978-3-642-23430-9_76,Jürgen Symanzik,2014,https://link.springer.com/rwe/10.1007/978-3-642-23430-9_76,Reference work entry
Compiler-Driven Data Layout Transformation for Heterogeneous Platforms,Euro-Par 2013: Parallel Processing Workshops,,,,10.1007/978-3-642-54420-0_19,Deepak MajetiRajkishore BarikJisheng ZhaoMax GrossmanVivek Sarkar,2014,https://link.springer.com/chapter/10.1007/978-3-642-54420-0_19,Conference paper
Active galactic nuclei,Extragalactic Astronomy and Cosmology,,,,10.1007/978-3-642-54083-7_5,Peter Schneider,2015,https://link.springer.com/chapter/10.1007/978-3-642-54083-7_5,Chapter
On the combination of correlated estimates of a physics observable,The European Physical Journal C,,,,10.1140/epjc/s10052-014-3004-2,Richard Nisius,2014,https://link.springer.com/article/10.1140/epjc/s10052-014-3004-2,Article
CPU-GPU System Designs for High Performance Cloud Computing,High Performance Cloud Auditing and Applications,,,,10.1007/978-1-4614-3296-8_11,Yiran ChenJie GuoZhenyu Sun,2014,https://link.springer.com/chapter/10.1007/978-1-4614-3296-8_11,Chapter
Data-Management Directory for OpenMP 4.0 and OpenACC,Euro-Par 2013: Parallel Processing Workshops,,,,10.1007/978-3-642-54420-0_17,Julien JaegerPatrick CarribaultMarc Pérache,2014,https://link.springer.com/chapter/10.1007/978-3-642-54420-0_17,Conference paper
A DSL for specifying run-time adaptations for embedded systems: an application to vehicle stereo navigation,The Journal of Supercomputing,,,,10.1007/s11227-014-1192-z,André C. SantosJoão M. P. CardosoPedro C. DinizDiogo R. FerreiraZlatko Petrov,2014,https://link.springer.com/article/10.1007/s11227-014-1192-z,Article
Dependency-Based Automatic Parallelization of Java Applications,Euro-Par 2014: Parallel Processing Workshops,,,,10.1007/978-3-319-14313-2_16,João RafaelIvo CorreiaAlcides FonsecaBruno Cabral,2014,https://link.springer.com/chapter/10.1007/978-3-319-14313-2_16,Conference paper
Generative Learning Object (GLO) Specialization: Teacher’s and Learner’s View,Information and Software Technologies,,,,10.1007/978-3-319-11958-8_23,Vytautas ŠtuikysKristina BespalovaRenata Burbaitė,2014,https://link.springer.com/chapter/10.1007/978-3-319-11958-8_23,Conference paper
"Multi Objective Optimization of HPC Kernels for Performance, Power, and Energy","High Performance Computing Systems. Performance Modeling, Benchmarking and Simulation",,,,10.1007/978-3-319-10214-6_12,Prasanna BalaprakashAnanta TiwariStefan M. Wild,2014,https://link.springer.com/chapter/10.1007/978-3-319-10214-6_12,Conference paper
Speculative Program Parallelization with Scalable and Decentralized Runtime Verification,Runtime Verification,,,,10.1007/978-3-319-11164-3_11,Aravind Sukumaran-RajamJuan Manuel Martinez CaamañoWilly WolffAlexandra JimboreanPhilippe Clauss,2014,https://link.springer.com/chapter/10.1007/978-3-319-11164-3_11,Conference paper
Modeling the Impact of Reduced Memory Bandwidth on HPC Applications,Euro-Par 2014 Parallel Processing,,,,10.1007/978-3-319-09873-9_6,Ananta TiwariAnthony GamstMichael A. LaurenzanoMartin SchulzLaura Carrington,2014,https://link.springer.com/chapter/10.1007/978-3-319-09873-9_6,Conference paper
Implementation and Optimization of the OpenMP Accelerator Model for the TI Keystone II Architecture,"Using and Improving OpenMP for Devices, Tasks, and More",,,,10.1007/978-3-319-11454-5_15,Gaurav MitraEric StotzerAjay JayarajAlistair P. Rendell,2014,https://link.springer.com/chapter/10.1007/978-3-319-11454-5_15,Conference paper
Evaluation of OpenMP Dependent Tasks with the KASTORS Benchmark Suite,"Using and Improving OpenMP for Devices, Tasks, and More",,,,10.1007/978-3-319-11454-5_2,Philippe VirouleauPierrick BrunetFrançois BroquedisNathalie FurmentoSamuel ThibaultOlivier AumageThierry Gautier,2014,https://link.springer.com/chapter/10.1007/978-3-319-11454-5_2,Conference paper
Performance of CPU/GPU compiler directives on ISO/TTI kernels,Computing,,,,10.1007/s00607-013-0367-4,Sayan GhoshTerrence LiaoHenri CalandraBarbara M. Chapman,2013,https://link.springer.com/article/10.1007/s00607-013-0367-4,Article
RevivePath: Resilient Network-on-Chip Design Through Data Path Salvaging of Router,Journal of Computer Science and Technology,,,,10.1007/s11390-013-1396-3,Yin-He HanCheng LiuHang LuWen-Bo LiLei ZhangXiao-Wei Li,2013,https://link.springer.com/article/10.1007/s11390-013-1396-3,Article
Nutritional and Antioxidant Properties of the White Desert Truffle Tirmania nivea (Zubaidi),Desert Truffles,,,,10.1007/978-3-642-40096-4_18,Abdul Ameer A. Al-Laith,2014,https://link.springer.com/chapter/10.1007/978-3-642-40096-4_18,Chapter
CoreTSAR: Adaptive Worksharing for Heterogeneous Systems,Supercomputing,,,,10.1007/978-3-319-07518-1_11,Thomas R. W. ScoglandWu-chun FengBarry RountreeBronis R. de Supinski,2014,https://link.springer.com/chapter/10.1007/978-3-319-07518-1_11,Conference paper
"James Mark Baldwin, the Baldwin Effect, Organic Selection, and the American “Immigrant Crisis” at the Turn of the Twentieth Century",Entangled Life,,,,10.1007/978-94-007-7067-6_3,Christopher D. Green,2014,https://link.springer.com/chapter/10.1007/978-94-007-7067-6_3,Chapter
Automatic Exploration of Potential Parallelism in Sequential Applications,Supercomputing,,,,10.1007/978-3-319-07518-1_10,Vladimir SuboticEduard AyguadéJesus LabartaMateo Valero,2014,https://link.springer.com/chapter/10.1007/978-3-319-07518-1_10,Conference paper
Combining Monitoring with Run-Time Assertion Checking,Formal Methods for Executable Software Models,,,,10.1007/978-3-319-07317-0_6,Frank S. de BoerStijn de Gouw,2014,https://link.springer.com/chapter/10.1007/978-3-319-07317-0_6,Chapter
Forensic Science Culture,Encyclopedia of Criminology and Criminal Justice,,,,10.1007/978-1-4614-5690-2_148,Đurđica HazardPierre Margot,2014,https://link.springer.com/rwe/10.1007/978-1-4614-5690-2_148,Reference work entry
Introduction,English Teachers in a Postwar Democracy,,,,10.1057/9781137005144_1,Peter MedwayJohn HardcastleGeorgina BrewisDavid Crook,2014,https://link.springer.com/chapter/10.1057/9781137005144_1,Chapter
Optimized Compilation of Multiset Rewriting with Comprehensions,Programming Languages and Systems,,,,10.1007/978-3-319-12736-1_2,Edmund Soon Lee LamIliano Cervesato,2014,https://link.springer.com/chapter/10.1007/978-3-319-12736-1_2,Conference paper
An Infrastructure for Tackling Input-Sensitivity of GPU Program Optimizations,International Journal of Parallel Programming,,,,10.1007/s10766-012-0236-3,Xipeng ShenYixun LiuEddy Z. ZhangPoornima Bhamidipati,2012,https://link.springer.com/article/10.1007/s10766-012-0236-3,Article
Expressive Power of Priorities in CHR,Constraints Meet Concurrency,,,,10.2991/978-94-6239-067-6_6,Jacopo Mauro,2014,https://link.springer.com/chapter/10.2991/978-94-6239-067-6_6,Chapter
Sustained Petascale Performance of Seismic Simulations with SeisSol on SuperMUC,Supercomputing,,,,10.1007/978-3-319-07518-1_1,Alexander BreuerAlexander HeineckeSebastian RettenbergerMichael BaderAlice-Agnes GabrielChristian Pelties,2014,https://link.springer.com/chapter/10.1007/978-3-319-07518-1_1,Conference paper
Implantable Medical Devices,Focal Controlled Drug Delivery,,,,10.1007/978-1-4614-9434-8_2,Wahid KhanEameema MuntimaduguMichael JaffeAbraham J. Domb,2014,https://link.springer.com/chapter/10.1007/978-1-4614-9434-8_2,Chapter
Investigating hydrochemistry of groundwater in Indo-Gangetic alluvial plain using multivariate chemometric approaches,Environmental Science and Pollution Research,,,,10.1007/s11356-014-2517-4,Kunwar P. SinghShikha GuptaPremanjali Rai,2014,https://link.springer.com/article/10.1007/s11356-014-2517-4,Article
Pre-execution data prefetching with I/O scheduling,The Journal of Supercomputing,,,,10.1007/s11227-013-1060-2,Yue ZhaoKenji YoshigoeMengjun Xie,2013,https://link.springer.com/article/10.1007/s11227-013-1060-2,Article
Engineering of Polysaccharides via Nanotechnology,"Multifaceted Development and Application of Biopolymers for Biology, Biomedicine and Nanotechnology",,,,10.1007/12_2012_196,Joydeep Dutta,2013,https://link.springer.com/chapter/10.1007/12_2012_196,Chapter
Level Up!,Advanced Game Design with HTML5 and JavaScript,,,,10.1007/978-1-4302-5801-8_1,Rex van der Spuy,2015,https://link.springer.com/chapter/10.1007/978-1-4302-5801-8_1,Chapter
Typed JS: A Lightweight Typed JavaScript Engine for Mobile Devices,"Mobile Computing, Applications, and Services",,,,10.1007/978-3-319-29003-4_7,Ryan H. ChoiYoungil Choi,2015,https://link.springer.com/chapter/10.1007/978-3-319-29003-4_7,Conference paper
Inside the DOM Abstraction,Pro React,,,,10.1007/978-1-4842-1260-8_2,Cássio de Sousa Antonio,2015,https://link.springer.com/chapter/10.1007/978-1-4842-1260-8_2,Chapter
Selective SWIFT-R,Journal of Electronic Testing,,,,10.1007/s10836-013-5416-6,Felipe Restrepo-CalleAntonio Martínez-ÁlvarezSergio Cuenca-AsensiAntonio Jimeno-Morenilla,2013,https://link.springer.com/article/10.1007/s10836-013-5416-6,Article
Checking and Enforcing Robustness against TSO,Programming Languages and Systems,,,,10.1007/978-3-642-37036-6_29,Ahmed BouajjaniEgor DerevenetcRoland Meyer,2013,https://link.springer.com/chapter/10.1007/978-3-642-37036-6_29,Conference paper
"Oil Price Shock, Pass-Through Policy and its Impact on India","Market, Regulations and Finance",,,,10.1007/978-81-322-1795-4_13,Surajit DasSukanya BoseN. R. Bhanumurthy,2014,https://link.springer.com/chapter/10.1007/978-81-322-1795-4_13,Chapter
"Trust, Control, and Comprehensive School Reform: Investigating Growth in Teacher-Teacher Relational Trust in Success for All Schools",Trust and School Life,,,,10.1007/978-94-017-8014-8_11,Timothy G. Ford,2014,https://link.springer.com/chapter/10.1007/978-94-017-8014-8_11,Chapter
X-ray reverberation around accreting black holes,The Astronomy and Astrophysics Review,,,,10.1007/s00159-014-0072-0,P. UttleyE. M. CackettA. C. FabianE. KaraD. R. Wilkins,2014,https://link.springer.com/article/10.1007/s00159-014-0072-0,Article
Reversible Language Extensions and Their Application in Debugging,Practical Aspects of Declarative Languages,,,,10.1007/978-3-642-45284-0_14,Zoé DreyJosé F. MoralesManuel V. HermenegildoManuel Carro,2013,https://link.springer.com/chapter/10.1007/978-3-642-45284-0_14,Conference paper
Early Experiences with the OpenMP Accelerator Model,OpenMP in the Era of Low Power Devices and Accelerators,,,,10.1007/978-3-642-40698-0_7,Chunhua LiaoYonghong YanBronis R. de SupinskiDaniel J. QuinlanBarbara Chapman,2013,https://link.springer.com/chapter/10.1007/978-3-642-40698-0_7,Conference paper
Graph database benchmarking on cloud environments with XGDBench,Automated Software Engineering,,,,10.1007/s10515-013-0138-7,Miyuru DayarathnaToyotaro Suzumura,2013,https://link.springer.com/article/10.1007/s10515-013-0138-7,Article
Modelling Spectral and Timing Properties of Accreting Black Holes: The Hybrid Hot Flow Paradigm,Space Science Reviews,,,,10.1007/s11214-013-0033-3,Juri PoutanenAlexandra Veledina,2014,https://link.springer.com/article/10.1007/s11214-013-0033-3,Article
Compiler Automatic Discovery of OmpSs Task Dependencies,Languages and Compilers for Parallel Computing,,,,10.1007/978-3-642-37658-0_16,Sara RoyuelaAlejandro DuranXavier Martorell,2013,https://link.springer.com/chapter/10.1007/978-3-642-37658-0_16,Conference paper
Semantic Trajectories from Positioning Sensors,Semantics in Mobile Sensing,,,,10.1007/978-3-031-79453-7_2,Zhixian YanDipanjan Chakraborty,2014,https://link.springer.com/chapter/10.1007/978-3-031-79453-7_2,Chapter
Software mutational robustness,Genetic Programming and Evolvable Machines,,,,10.1007/s10710-013-9195-8,Eric SchulteZachary P. FryEthan FastWestley WeimerStephanie Forrest,2013,https://link.springer.com/article/10.1007/s10710-013-9195-8,Article
A Coarray Fortran implementation to support data-intensive application development,Cluster Computing,,,,10.1007/s10586-013-0302-7,Deepak EachempatiAlan RichardsonSiddhartha JanaTerrence LiaoHenri CalandraBarbara Chapman,2013,https://link.springer.com/article/10.1007/s10586-013-0302-7,Article
Security Based Operation in Container Line Supply Chain: a Literature Review,Decision Aid Models for Disaster Management and Emergencies,,,,10.2991/978-94-91216-74-9_5,Dawei TangDong-Ling XuJian-Bo YangYu-wang Chen,2013,https://link.springer.com/chapter/10.2991/978-94-91216-74-9_5,Chapter
Boosting CUDA Applications with CPU–GPU Hybrid Computing,International Journal of Parallel Programming,,,,10.1007/s10766-013-0252-y,Changmin LeeWon Woo RoJean-Luc Gaudiot,2013,https://link.springer.com/article/10.1007/s10766-013-0252-y,Article
OpenACC to Intel Offload: Automatic Translation and Optimization,Computer Engineering and Technology,,,,10.1007/978-3-642-41635-4_12,Cheng ChenCanqun YangTao TangQiang WuPengfei Zhang,2013,https://link.springer.com/chapter/10.1007/978-3-642-41635-4_12,Conference paper
Trends in sugar supply and consumption in Australia: is there an Australian Paradox?,BMC Public Health,,,,10.1186/1471-2458-13-668,Wavne RikkersDavid LawrenceKatherine HafekostFrancis MitrouStephen R Zubrick,2013,https://link.springer.com/article/10.1186/1471-2458-13-668,Article
Dynamic and Speculative Polyhedral Parallelization Using Compiler-Generated Skeletons,International Journal of Parallel Programming,,,,10.1007/s10766-013-0259-4,Alexandra JimboreanPhilippe ClaussJean-François DollingerVincent LoechnerJuan Manuel Martinez Caamaño,2013,https://link.springer.com/article/10.1007/s10766-013-0259-4,Article
Motivation and Introduction,Algorithmic Differentiation of Pragma-Defined Parallel Regions,,,,10.1007/978-3-658-07597-2_1,Michael Förster,2014,https://link.springer.com/chapter/10.1007/978-3-658-07597-2_1,Chapter
Skeletal based programming for dynamic programming on MultiGPU systems,The Journal of Supercomputing,,,,10.1007/s11227-013-0895-x,Alejandro AcostaFrancisco Almeida,2013,https://link.springer.com/article/10.1007/s11227-013-0895-x,Article
Mitigating Smart Card Fault Injection with Link-Time Code Rewriting: A Feasibility Study,Financial Cryptography and Data Security,,,,10.1007/978-3-642-39884-1_19,Jonas MaebeRonald De KeulenaerBjorn De SutterKoen De Bosschere,2013,https://link.springer.com/chapter/10.1007/978-3-642-39884-1_19,Conference paper
A family of experiments to assess the effectiveness and efficiency of source code obfuscation techniques,Empirical Software Engineering,,,,10.1007/s10664-013-9248-x,Mariano CeccatoMassimiliano Di PentaPaolo FalcarinFilippo RiccaMarco TorchianoPaolo Tonella,2013,https://link.springer.com/article/10.1007/s10664-013-9248-x,Article
Models and emerging trends of concurrent constraint programming,Constraints,,,,10.1007/s10601-013-9145-3,Carlos OlarteCamilo RuedaFrank D. Valencia,2013,https://link.springer.com/article/10.1007/s10601-013-9145-3,Article
Towards Platform Independence of Mobile Applications,Computer Aided Systems Theory - EUROCAST 2013,,,,10.1007/978-3-642-53862-9_56,Peter KlimaStephan Selinger,2013,https://link.springer.com/chapter/10.1007/978-3-642-53862-9_56,Conference paper
Exploratory search framework for Web data sources,The VLDB Journal,,,,10.1007/s00778-013-0326-x,Alessandro BozzonMarco BrambillaStefano CeriDavide Mazza,2013,https://link.springer.com/article/10.1007/s00778-013-0326-x,Article
A compound OpenMP/MPI program development toolkit for hybrid CPU/GPU clusters,The Journal of Supercomputing,,,,10.1007/s11227-013-0912-0,Hung-Fu LiTyng-Yeu LiangJun-Yao Chiu,2013,https://link.springer.com/article/10.1007/s11227-013-0912-0,Article
OpenCL as a Programming Model for GPU Clusters,Languages and Compilers for Parallel Computing,,,,10.1007/978-3-642-36036-7_6,Jungwon KimSangmin SeoJun LeeJeongho NahGangwon JoJaejin Lee,2013,https://link.springer.com/chapter/10.1007/978-3-642-36036-7_6,Conference paper
On the Instrumentation of OpenMP and OmpSs Tasking Constructs,Euro-Par 2012: Parallel Processing Workshops,,,,10.1007/978-3-642-36949-0_47,Harald ServatXavier TeruelGermán LlortAlejandro DuranJudit GiménezXavier MartorellEduard AyguadéJesús Labarta,2013,https://link.springer.com/chapter/10.1007/978-3-642-36949-0_47,Conference paper
Mastering Software Variant Explosion for GPU Accelerators,Euro-Par 2012: Parallel Processing Workshops,,,,10.1007/978-3-642-36949-0_15,Richard MembarthFrank HannigJürgen TeichMario KörnerWieland Eckert,2013,https://link.springer.com/chapter/10.1007/978-3-642-36949-0_15,Conference paper
Parallelizing Legacy Fortran Programs Using Rewriting Rules Technique and Algebraic Program Models,"ICT in Education, Research, and Industrial Applications",,,,10.1007/978-3-642-35737-4_3,Anatoliy DoroshenkoKostiantyn Zhereb,2013,https://link.springer.com/chapter/10.1007/978-3-642-35737-4_3,Conference paper
SafeScript: JavaScript Transformation for Policy Enforcement,Secure IT Systems,,,,10.1007/978-3-642-41488-6_5,Mike Ter LouwPhu H. PhungRohini KrishnamurtiVenkat N. Venkatakrishnan,2013,https://link.springer.com/chapter/10.1007/978-3-642-41488-6_5,Conference paper
From latex specifications to parallel codes,The Journal of Supercomputing,,,,10.1007/s11227-012-0797-3,Alejandro AcostaFrancisco AlmeidaIgnacio Peláez,2012,https://link.springer.com/article/10.1007/s11227-012-0797-3,Article
VCS: A Verifier for Component-Based Systems,Automated Technology for Verification and Analysis,,,,10.1007/978-3-319-02444-8_39,Fei HeLiangze YinBow-Yaw WangLianyi ZhangGuanyu MuWenrui Meng,2013,https://link.springer.com/chapter/10.1007/978-3-319-02444-8_39,Conference paper
Component Assemblies in the Context of Manycore,Formal Methods for Components and Objects,,,,10.1007/978-3-642-35887-6_17,Ananda BasuSaddek BensalemMarius BozgaParaskevas BourgosMayur MaheshwariJoseph Sifakis,2013,https://link.springer.com/chapter/10.1007/978-3-642-35887-6_17,Chapter
Towards a Domain-Specific Language for Patterns-Oriented Parallel Programming,Programming Languages,,,,10.1007/978-3-642-40922-6_8,Dalvan GrieblerLuiz Gustavo Fernandes,2013,https://link.springer.com/chapter/10.1007/978-3-642-40922-6_8,Conference paper
Introduction,Compilation and Synthesis for Embedded Reconfigurable Systems,,,,10.1007/978-1-4614-4894-5_1,Pedro C. DinizJoão M. P. CardosoJosé Gabriel de F. CoutinhoZlatko Petrov,2013,https://link.springer.com/chapter/10.1007/978-1-4614-4894-5_1,Chapter
Auto-tuning of Numerical Programs by Block Multi-color Ordering Code Generation and Job-Level Parallel Execution,High Performance Computing for Computational Science - VECPAR 2012,,,,10.1007/978-3-642-38718-0_37,Tatsuya AbeMitsuhisa Sato,2013,https://link.springer.com/chapter/10.1007/978-3-642-38718-0_37,Conference paper
CellCilk: Extending Cilk for Heterogeneous Multicore Platforms,Languages and Compilers for Parallel Computing,,,,10.1007/978-3-642-36036-7_7,Tobias WerthSilvia SchreierMichael Philippsen,2013,https://link.springer.com/chapter/10.1007/978-3-642-36036-7_7,Conference paper
The REFLECT Design-Flow,Compilation and Synthesis for Embedded Reconfigurable Systems,,,,10.1007/978-1-4614-4894-5_2,João M. P. CardosoJosé Gabriel de F. CoutinhoRazvan NaneVlad-Mihai SimaBryan OlivierTiago CarvalhoRicardo NobrePedro C. DinizZlatko PetrovKoen BertelsFernando GonçalvesHans van SomerenMichael HübnerGeorge ConstantinidesWayne LukJürgen BeckerKamil KrátkýSujit BhattacharyaJosé Carlos AlvesJoão Canas Ferreira,2013,https://link.springer.com/chapter/10.1007/978-1-4614-4894-5_2,Chapter
Related Work,Compilation and Synthesis for Embedded Reconfigurable Systems,,,,10.1007/978-1-4614-4894-5_7,João M. P. CardosoJosé Gabriel de F. CoutinhoPedro C. Diniz,2013,https://link.springer.com/chapter/10.1007/978-1-4614-4894-5_7,Chapter
ÆminiumGPU: An Intelligent Framework for GPU Programming,Facing the Multicore-Challenge III,,,,10.1007/978-3-642-35893-7_9,Alcides FonsecaBruno Cabral,2013,https://link.springer.com/chapter/10.1007/978-3-642-35893-7_9,Chapter
Inferring Required Permissions for Statically Composed Programs,Secure IT Systems,,,,10.1007/978-3-642-41488-6_4,Tero HasuAnya Helene BaggeMagne Haveraaen,2013,https://link.springer.com/chapter/10.1007/978-3-642-41488-6_4,Conference paper
Automation of Quantitative Information-Flow Analysis,Formal Methods for Dynamical Systems,,,,10.1007/978-3-642-38874-3_1,Boris KöpfAndrey Rybalchenko,2013,https://link.springer.com/chapter/10.1007/978-3-642-38874-3_1,Chapter
Experiences Developing the OpenUH Compiler and Runtime Infrastructure,International Journal of Parallel Programming,,,,10.1007/s10766-012-0230-9,Barbara ChapmanDeepak EachempatiOscar Hernandez,2012,https://link.springer.com/article/10.1007/s10766-012-0230-9,Article
Improving Scalability of Application-Level Checkpoint-Recovery by Reducing Checkpoint Sizes,New Generation Computing,,,,10.1007/s00354-013-0302-4,Iván CoresGabriel RodríguezMará J. martínPatricia GonzálezRoberto R. Osorio,2013,https://link.springer.com/article/10.1007/s00354-013-0302-4,Article
DHT Platforms,Distributed Hash Table,,,,10.1007/978-1-4614-9008-1_3,Hao ZhangYonggang WenHaiyong XieNenghai Yu,2013,https://link.springer.com/chapter/10.1007/978-1-4614-9008-1_3,Chapter
Reachability Modulo Theories,Reachability Problems,,,,10.1007/978-3-642-41036-9_4,Akash LalShaz Qadeer,2013,https://link.springer.com/chapter/10.1007/978-3-642-41036-9_4,Conference paper
JShadObf: A JavaScript Obfuscator Based on Multi-Objective Optimization Algorithms,Network and System Security,,,,10.1007/978-3-642-38631-2_25,Benoît BertholonSébastien VarrettePascal Bouvry,2013,https://link.springer.com/chapter/10.1007/978-3-642-38631-2_25,Conference paper
Vectorized Higher Order Finite Difference Kernels,Applied Parallel and Scientific Computing,,,,10.1007/978-3-642-36803-5_25,Gerhard Zumbusch,2013,https://link.springer.com/chapter/10.1007/978-3-642-36803-5_25,Conference paper
A Case Study of Implementing Supernode Transformations,International Journal of Parallel Programming,,,,10.1007/s10766-013-0248-7,Johann SteinbrecherCesar J. PhilippidisWeijia Shang,2013,https://link.springer.com/article/10.1007/s10766-013-0248-7,Article
Predictive Taint Analysis for Extended Testing of Parallel Executions,Hardware and Software: Verification and Testing,,,,10.1007/978-3-319-03077-7_9,Emmanuel SifakisLaurent Mounier,2013,https://link.springer.com/chapter/10.1007/978-3-319-03077-7_9,Conference paper
"Phytases and Phosphatases of Thermophilic Microbes: Production, Characteristics and Multifarious Biotechnological Applications",Thermophilic Microbes in Environmental and Industrial Biotechnology,,,,10.1007/978-94-007-5899-5_25,Bijender SinghTulasi Satyanarayana,2013,https://link.springer.com/chapter/10.1007/978-94-007-5899-5_25,Chapter
OmpSs-OpenCL Programming Model for Heterogeneous Systems,Languages and Compilers for Parallel Computing,,,,10.1007/978-3-642-37658-0_7,Vinoth Krishnan ElangovanRosa. M. BadiaEduard Ayguade Parra,2013,https://link.springer.com/chapter/10.1007/978-3-642-37658-0_7,Conference paper
An Algorithm for Layout Preservation in Refactoring Transformations,Software Language Engineering,,,,10.1007/978-3-642-28830-2_3,Maartje de JongeEelco Visser,2012,https://link.springer.com/chapter/10.1007/978-3-642-28830-2_3,Conference paper
Impact of Three-Parameter Weibull Models in Probabilistic Assessment of Earthquake Hazards,Pure and Applied Geophysics,,,,10.1007/s00024-013-0704-8,Sumanta PasariOnkar Dikshit,2013,https://link.springer.com/article/10.1007/s00024-013-0704-8,Article
A survey of fault tolerance mechanisms and checkpoint/restart implementations for high performance computing systems,The Journal of Supercomputing,,,,10.1007/s11227-013-0884-0,Ifeanyi P. EgwutuohaDavid LevyBran SelicShiping Chen,2013,https://link.springer.com/article/10.1007/s11227-013-0884-0,Article
The Design of Low-Power High-Q Oscillators,MEMS-based Circuits and Systems for Wireless Communication,,,,10.1007/978-1-4419-8798-3_5,Eric A. Vittoz,2013,https://link.springer.com/chapter/10.1007/978-1-4419-8798-3_5,Chapter
Querying Conflicting Web Data Sources,Advanced Query Processing,,,,10.1007/978-3-642-28323-9_11,Gilles NachoukiMohamed QuafafouOmar BoucelmaFrançois-Marie Colonna,2013,https://link.springer.com/chapter/10.1007/978-3-642-28323-9_11,Chapter
"A Methodology for Efficient Use of OpenCL, ESL and FPGAs in Multi-core Architectures",Euro-Par 2012: Parallel Processing Workshops,,,,10.1007/978-3-642-36949-0_59,Alexandros BartzasGeorge Economakos,2013,https://link.springer.com/chapter/10.1007/978-3-642-36949-0_59,Conference paper
Transactional Encoding for Tolerating Transient Hardware Errors,"Stabilization, Safety, and Security of Distributed Systems",,,,10.1007/978-3-319-03089-0_1,Jons-Tobias WamhoffMario SchwalbeRasha FaqehChristof FetzerPascal Felber,2013,https://link.springer.com/chapter/10.1007/978-3-319-03089-0_1,Conference paper
Exposing Behavioral Differences in Cross-Language API Mapping Relations,Fundamental Approaches to Software Engineering,,,,10.1007/978-3-642-37057-1_10,Hao ZhongSuresh ThummalapentaTao Xie,2013,https://link.springer.com/chapter/10.1007/978-3-642-37057-1_10,Conference paper
Task Scheduling on Manycore Processors with Home Caches,Euro-Par 2012: Parallel Processing Workshops,,,,10.1007/978-3-642-36949-0_39,Ananya MuddukrishnaArtur PodobasMats BrorssonVladimir Vlassov,2013,https://link.springer.com/chapter/10.1007/978-3-642-36949-0_39,Conference paper
Microbial Glycoside Hydrolases for Biomass Utilization in Biofuels Applications,Biofuel Technologies,,,,10.1007/978-3-642-34519-7_7,Gashaw MamoReza FaryarEva Nordberg Karlsson,2013,https://link.springer.com/chapter/10.1007/978-3-642-34519-7_7,Chapter
A Buffering Method for Parallelized Loop with Non-Uniform Dependencies in High-Level Synthesis,Algorithms and Architectures for Parallel Processing,,,,10.1007/978-3-319-03859-9_34,Akihiro SudaHideki TakaseKazuyoshi TakagiNaofumi Takagi,2013,https://link.springer.com/chapter/10.1007/978-3-319-03859-9_34,Conference paper
Building JavaScript Applications with Haskell,Implementation and Application of Functional Languages,,,,10.1007/978-3-642-41582-1_3,Atze DijkstraJurriën StutterheimAlessandro VermeulenS. Doaitse Swierstra,2013,https://link.springer.com/chapter/10.1007/978-3-642-41582-1_3,Conference paper
Shifting Two-tiered Boundaries of Belonging: A Study of the Hukou System and Rural-Urban Migration in China,Shifting Boundaries of Belonging and New Migration Dynamics in Europe and China,,,,10.1057/9780230369726_6,Zhang Jijiao,2013,https://link.springer.com/chapter/10.1057/9780230369726_6,Chapter
Writing a Digital History with Digital Documents,Digital Culture Industry,,,,10.1057/9781137033475_2,James Allen-Robertson,2013,https://link.springer.com/chapter/10.1057/9781137033475_2,Chapter
Accelerating thread-intensive and explicit memory management programs with dynamic partial reconfiguration,The Journal of Supercomputing,,,,10.1007/s11227-012-0828-0,Qianming YangMei WenNan WuChunyuan Zhang,2012,https://link.springer.com/article/10.1007/s11227-012-0828-0,Article
Optimizing Inequality Joins in Datalog with Approximated Constraint Propagation,Practical Aspects of Declarative Languages,,,,10.1007/978-3-642-27694-1_9,Dario CampagnaBeata Sarna-StarostaTom Schrijvers,2012,https://link.springer.com/chapter/10.1007/978-3-642-27694-1_9,Conference paper
On the Determination of Inlining Vectors for Program Optimization,Compiler Construction,,,,10.1007/978-3-642-37051-9_9,Rosario CammarotaAlexandru NicolauAlexander V. VeidenbaumArun KejariwalDebora DonatoMukund Madhugiri,2013,https://link.springer.com/chapter/10.1007/978-3-642-37051-9_9,Conference paper
Locality-Aware Task Scheduling and Data Distribution on NUMA Systems,OpenMP in the Era of Low Power Devices and Accelerators,,,,10.1007/978-3-642-40698-0_12,Ananya MuddukrishnaPeter A. JonssonVladimir VlassovMats Brorsson,2013,https://link.springer.com/chapter/10.1007/978-3-642-40698-0_12,Conference paper
Adaptive Implementation Selection in the SkePU Skeleton Programming Library,Advanced Parallel Processing Technologies,,,,10.1007/978-3-642-45293-2_13,Usman DastgeerLu LiChristoph Kessler,2013,https://link.springer.com/chapter/10.1007/978-3-642-45293-2_13,Conference paper
UniChem: a unified chemical structure cross-referencing and identifier tracking system,Journal of Cheminformatics,,,,10.1186/1758-2946-5-3,Jon ChambersMark DaviesAnna GaultonAnne HerseySameer VelankarRobert PetryszakJanna HastingsLouisa BellisShaun McGlincheyJohn P Overington,2013,https://link.springer.com/article/10.1186/1758-2946-5-3,Article
Open Source Task Profiling by Extending the OpenMP Runtime API,OpenMP in the Era of Low Power Devices and Accelerators,,,,10.1007/978-3-642-40698-0_14,Ahmad QawasmehAbid MalikBarbara ChapmanKevin HuckAllen Malony,2013,https://link.springer.com/chapter/10.1007/978-3-642-40698-0_14,Conference paper
A Case Study in Evidence-Based DSL Evolution,Modelling Foundations and Applications,,,,10.1007/978-3-642-39013-5_15,Jeroen van den BosTijs van der Storm,2013,https://link.springer.com/chapter/10.1007/978-3-642-39013-5_15,Conference paper
Adaptive Granularity Control in Task Parallel Programs Using Multiversioning,Euro-Par 2013 Parallel Processing,,,,10.1007/978-3-642-40047-6_19,Peter ThomanHerbert JordanThomas Fahringer,2013,https://link.springer.com/chapter/10.1007/978-3-642-40047-6_19,Conference paper
A Study of the Usefulness of Producer/Consumer Synchronization,Languages and Compilers for Parallel Computing,,,,10.1007/978-3-642-36036-7_10,Hao LinHansang BaeSamuel P. MidkiffRudolf EigenmannSoohong P. Kim,2013,https://link.springer.com/chapter/10.1007/978-3-642-36036-7_10,Conference paper
Applications,Solution-Focused Supervision,,,,10.1007/978-1-4614-6052-7_7,Frank N. Thomas,2013,https://link.springer.com/chapter/10.1007/978-1-4614-6052-7_7,Chapter
Parallel simulation of Brownian dynamics on shared memory systems with OpenMP and Unified Parallel C,The Journal of Supercomputing,,,,10.1007/s11227-012-0843-1,Carlos TeijeiroGodehard SutmannGuillermo L. TaboadaJuan Touriño,2012,https://link.springer.com/article/10.1007/s11227-012-0843-1,Article
Predictive Modeling in a Polyhedral Optimization Space,International Journal of Parallel Programming,,,,10.1007/s10766-013-0241-1,Eunjung ParkJohn CavazosLouis-Noël PouchetCédric BastoulAlbert CohenP. Sadayappan,2013,https://link.springer.com/article/10.1007/s10766-013-0241-1,Article
ByteSTM: Virtual Machine-Level Java Software Transactional Memory,Coordination Models and Languages,,,,10.1007/978-3-642-38493-6_12,Mohamed MohamedinBinoy RavindranRoberto Palmieri,2013,https://link.springer.com/chapter/10.1007/978-3-642-38493-6_12,Conference paper
Automatic Scaling of OpenMP Beyond Shared Memory,Languages and Compilers for Parallel Computing,,,,10.1007/978-3-642-36036-7_1,Okwan KwonFahed JubairSeung-Jai MinHansang BaeRudolf EigenmannSamuel P. Midkiff,2013,https://link.springer.com/chapter/10.1007/978-3-642-36036-7_1,Conference paper
OpenMP on the Low-Power TI Keystone II ARM/DSP System-on-Chip,OpenMP in the Era of Low Power Devices and Accelerators,,,,10.1007/978-3-642-40698-0_9,Eric StotzerAjay JayarajMurtaza AliArnon FriedmannGaurav MitraAlistair P. RendellThéa-Martine Gauthier,2013,https://link.springer.com/chapter/10.1007/978-3-642-40698-0_9,Conference paper
Beyond Do Loops: Data Transfer Generation with Convex Array Regions,Languages and Compilers for Parallel Computing,,,,10.1007/978-3-642-37658-0_17,Serge GueltonMehdi AminiBéatrice Creusillet,2013,https://link.springer.com/chapter/10.1007/978-3-642-37658-0_17,Conference paper
Dynamic Thread Pinning for Phase-Based OpenMP Programs,Euro-Par 2013 Parallel Processing,,,,10.1007/978-3-642-40047-6_8,Abdelhafid MazouzSid-Ahmed-Ali TouatiDenis Barthou,2013,https://link.springer.com/chapter/10.1007/978-3-642-40047-6_8,Conference paper
"PRO3D, Programming for Future 3D Manycore Architectures: Project’s Interim Status",Formal Methods for Components and Objects,,,,10.1007/978-3-642-35887-6_15,Christian FabreIuliana BacivarovAnanda BasuMartino RuggieroDavid AtienzaÉric FlamandJean-Pierre KrimmJulien MottinLars SchorPratyush KumarHoeseok YangDevesh B. ChokshiLothar ThieleSaddek BensalemMarius BozgaLuca BeniniMohamed M. SabryYusuf LeblebiciGiovanni De MicheliDiego Melpignano,2013,https://link.springer.com/chapter/10.1007/978-3-642-35887-6_15,Chapter
Impact-Driven Regression Test Selection for Mainframe Business Systems,Evaluation of Novel Approaches to Software Engineering,,,,10.1007/978-3-642-54092-9_15,Abhishek DharmapurikarBenjamin J. R. WierwilleJayashree RamanthanRajiv Ramnath,2013,https://link.springer.com/chapter/10.1007/978-3-642-54092-9_15,Conference paper
Rigorous Component-Based System Design,Rewriting Logic and Its Applications,,,,10.1007/978-3-642-34005-5_1,Ananda BasuSaddek BensalemMarius BozgaJoseph Sifakis,2012,https://link.springer.com/chapter/10.1007/978-3-642-34005-5_1,Conference paper
Inference and Declaration of Independence in Task-Parallel Programs,Advanced Parallel Processing Technologies,,,,10.1007/978-3-642-45293-2_1,Foivos S. ZakkakDimitrios ChasapisPolyvios PratikakisAngelos BilasDimitrios S. Nikolopoulos,2013,https://link.springer.com/chapter/10.1007/978-3-642-45293-2_1,Conference paper
A Mutable Hardware Abstraction to Replace Threads,Languages and Compilers for Parallel Computing,,,,10.1007/978-3-642-36036-7_13,Sean HalleAlbert Cohen,2013,https://link.springer.com/chapter/10.1007/978-3-642-36036-7_13,Conference paper
Sprachübersetzer,"Formale Sprachen, abstrakte Automaten und Compiler",,,,10.1007/978-3-658-02692-9_5,Christian WagenknechtMichael Hielscher,2014,https://link.springer.com/chapter/10.1007/978-3-658-02692-9_5,Chapter
Internet Topology Discovery,Data Traffic Monitoring and Analysis,,,,10.1007/978-3-642-36784-7_3,Benoit Donnet,2013,https://link.springer.com/chapter/10.1007/978-3-642-36784-7_3,Chapter
The ALL-TIMES project: introduction and overview,International Journal on Software Tools for Technology Transfer,,,,10.1007/s10009-012-0265-7,Björn Lisper,2012,https://link.springer.com/article/10.1007/s10009-012-0265-7,Article
A Pretty Good Formatting Pipeline,Software Language Engineering,,,,10.1007/978-3-319-02654-1_10,Anya Helene BaggeTero Hasu,2013,https://link.springer.com/chapter/10.1007/978-3-319-02654-1_10,Conference paper
A Dynamic Approach to Locating Memory Leaks,Testing Software and Systems,,,,10.1007/978-3-642-41707-8_17,Kostyantyn VorobyovPadmanabhan KrishnanPhil Stocks,2013,https://link.springer.com/chapter/10.1007/978-3-642-41707-8_17,Conference paper
Developing and Optimizing Parallel Programs with Algebra-Algorithmic and Term Rewriting Tools,"Information and Communication Technologies in Education, Research, and Industrial Applications",,,,10.1007/978-3-319-03998-5_5,Anatoliy DoroshenkoKostiantyn ZherebOlena Yatsenko,2013,https://link.springer.com/chapter/10.1007/978-3-319-03998-5_5,Conference paper
PASS: String Solving with Parameterized Array and Interval Automaton,Hardware and Software: Verification and Testing,,,,10.1007/978-3-319-03077-7_2,Guodong LiIndradeep Ghosh,2013,https://link.springer.com/chapter/10.1007/978-3-319-03077-7_2,Conference paper
GPCC's new land surface precipitation climatology based on quality-controlled in situ data and its role in quantifying the global water cycle,Theoretical and Applied Climatology,,,,10.1007/s00704-013-0860-x,Udo SchneiderAndreas BeckerPeter FingerAnja Meyer-ChristofferMarkus ZieseBruno Rudolf,2013,https://link.springer.com/article/10.1007/s00704-013-0860-x,Article
Pretty-Big-Step Semantics,Programming Languages and Systems,,,,10.1007/978-3-642-37036-6_3,Arthur Charguéraud,2013,https://link.springer.com/chapter/10.1007/978-3-642-37036-6_3,Conference paper
"An Abstract, Reusable, and Extensible Programming Language Design Architecture",In Search of Elegance in the Theory and Practice of Computation,,,,10.1007/978-3-642-41660-6_6,Hassan Aït-Kaci,2013,https://link.springer.com/chapter/10.1007/978-3-642-41660-6_6,Chapter
accULL : An OpenACC Implementation with CUDA and OpenCL Support,Euro-Par 2012 Parallel Processing,,,,10.1007/978-3-642-32820-6_86,Ruymán ReyesIván López-RodríguezJuan J. FumeroFrancisco de Sande,2012,https://link.springer.com/chapter/10.1007/978-3-642-32820-6_86,Conference paper
Data Fusion: Resolving Conflicts from Multiple Sources,Handbook of Data Quality,,,,10.1007/978-3-642-36257-6_13,Xin Luna DongLaure Berti-EquilleDivesh Srivastava,2013,https://link.springer.com/chapter/10.1007/978-3-642-36257-6_13,Chapter
LARA Experiments,Compilation and Synthesis for Embedded Reconfigurable Systems,,,,10.1007/978-1-4614-4894-5_6,Fernando GonçalvesZlatko PetrovJosé Gabriel de F. CoutinhoRazvan NaneVlad-Mihai SimaJoão M. P. CardosoStephan WernerSujit BhattacharyaTiago CarvalhoRicardo NobreJosé de SáJoão TeixeiraPedro C. DinizKoen BertelsGeorge ConstantinidesWayne LukJuergen BeckerJosé Carlos AlvesJoão Canas FerreiraGabriel M. Almeida,2013,https://link.springer.com/chapter/10.1007/978-1-4614-4894-5_6,Chapter
Web-Scale Analytics for BIG Data,Web-Scale Data Management for the Cloud,,,,10.1007/978-1-4614-6856-1_4,Wolfgang LehnerKai-Uwe Sattler,2013,https://link.springer.com/chapter/10.1007/978-1-4614-6856-1_4,Chapter
"A Low-Overhead, Value-Tracking Approach to Information Flow Security",Software Engineering and Formal Methods,,,,10.1007/978-3-642-33826-7_26,Kostyantyn VorobyovPadmanabhan KrishnanPhil Stocks,2012,https://link.springer.com/chapter/10.1007/978-3-642-33826-7_26,Conference paper
Modeling power and energy of the task-parallel Cholesky factorization on multicore processors,Computer Science - Research and Development,,,,10.1007/s00450-012-0227-z,Pedro AlonsoManuel F. DolzRafael MayoEnrique S. Quintana-Ortí,2012,https://link.springer.com/article/10.1007/s00450-012-0227-z,Article
Extensible Recognition of Algorithmic Patterns in DSP Programs for Automatic Parallelization,International Journal of Parallel Programming,,,,10.1007/s10766-012-0229-2,Amin Shafiee SarvestaniErik HanssonChristoph Kessler,2012,https://link.springer.com/article/10.1007/s10766-012-0229-2,Article
Compiler-Guided Identification of Critical Sections in Parallel Code,Compiler Construction,,,,10.1007/978-3-642-37051-9_11,Stefan KempfRonald VeldemaMichael Philippsen,2013,https://link.springer.com/chapter/10.1007/978-3-642-37051-9_11,Conference paper
TeV astronomy,Frontiers of Physics,,,,10.1007/s11467-013-0344-6,Frank M. RiegerEmma de Oña-WilhelmiFelix A. Aharonian,2013,https://link.springer.com/article/10.1007/s11467-013-0344-6,Article
Automated Code Injection Prevention for Web Applications,Theory of Security and Applications,,,,10.1007/978-3-642-27375-9_11,Zhengqin LuoTamara RezkManuel Serrano,2012,https://link.springer.com/chapter/10.1007/978-3-642-27375-9_11,Conference paper
Leveraging Static Analysis in an IDE,Generative and Transformational Techniques in Software Engineering IV,,,,10.1007/978-3-642-35992-7_3,Robert M. Fuhrer,2013,https://link.springer.com/chapter/10.1007/978-3-642-35992-7_3,Chapter
Cultures of Communication,Cultures of Environmental Communication,,,,10.1007/978-3-658-00952-6_4,Sara Nofri,2013,https://link.springer.com/chapter/10.1007/978-3-658-00952-6_4,Chapter
Fine Grained Parallelism in Recursive Function Calls,Parallel Processing and Applied Mathematics,,,,10.1007/978-3-642-31500-8_13,Dimitris SaougkosAristeidis MastorasGeorge Manis,2012,https://link.springer.com/chapter/10.1007/978-3-642-31500-8_13,Conference paper
Compiling for VLIW DSPs,Handbook of Signal Processing Systems,,,,10.1007/978-1-4614-6859-2_36,Christoph W. Kessler,2013,https://link.springer.com/chapter/10.1007/978-1-4614-6859-2_36,Chapter
Shadow attacks: automatically evading system-call-behavior based malware detection,Journal in Computer Virology,,,,10.1007/s11416-011-0157-5,Weiqin MaPu DuanSanmin LiuGuofei GuJyh-Charn Liu,2011,https://link.springer.com/article/10.1007/s11416-011-0157-5,Article
Modelling Spectral and Timing Properties of Accreting Black Holes: The Hybrid Hot Flow Paradigm,The Physics of Accretion onto Black Holes,,,,10.1007/978-1-4939-2227-7_5,Juri PoutanenAlexandra Veledina,2013,https://link.springer.com/chapter/10.1007/978-1-4939-2227-7_5,Chapter
Nutrition and signaling in slave markets: a new look at a puzzle within the antebellum puzzle,Cliometrica,,,,10.1007/s11698-012-0086-7,Lee A. CraigRobert G. Hammond,2012,https://link.springer.com/article/10.1007/s11698-012-0086-7,Article
SCADA Protocol Vulnerabilities,Critical Infrastructure Protection,,,,10.1007/978-3-642-28920-0_8,Julian L. Rrushi,2012,https://link.springer.com/chapter/10.1007/978-3-642-28920-0_8,Chapter
Dynamic Information-Flow Analysis for Multi-threaded Applications,"Leveraging Applications of Formal Methods, Verification and Validation. Technologies for Mastering Change",,,,10.1007/978-3-642-34026-0_27,Laurent MounierEmmanuel Sifakis,2012,https://link.springer.com/chapter/10.1007/978-3-642-34026-0_27,Conference paper
Provenance variation in cone and seed characteristics of <i>Cedrus deodara</i> (D. DON) G. DON in Jammu and Kashmir,Forestry Studies in China,,,,10.1007/s11632-012-0306-z,A. H. MughalR. C. Thapliyal,2012,https://link.springer.com/article/10.1007/s11632-012-0306-z,Article
Automatic Parallelization of Array-oriented Programs for a Multi-core Machine,International Journal of Parallel Programming,,,,10.1007/s10766-012-0197-6,Wai-Mee ChingDa Zheng,2012,https://link.springer.com/article/10.1007/s10766-012-0197-6,Article
Operating System Kernel Data Disambiguation to Support Security Analysis,Network and System Security,,,,10.1007/978-3-642-34601-9_20,Amani S. IbrahimJohn GrundyJames Hamlyn-HarrisMohamed Almorsy,2012,https://link.springer.com/chapter/10.1007/978-3-642-34601-9_20,Conference paper
A framework for efficient performance prediction of distributed applications in heterogeneous systems,The Journal of Supercomputing,,,,10.1007/s11227-012-0823-5,Bogdan Florin CorneaJulien Bourgeois,2012,https://link.springer.com/article/10.1007/s11227-012-0823-5,Article
Foundation Stories: The Heroes of Viennese Monasticism,Received Medievalisms,,,,10.1057/9780230393585_4,Cynthia J. Cyrus,2013,https://link.springer.com/chapter/10.1057/9780230393585_4,Chapter
Parallel Task for Parallelising Object-Oriented Desktop Applications,International Journal of Parallel Programming,,,,10.1007/s10766-013-0238-9,Nasser GiacamanOliver Sinnen,2013,https://link.springer.com/article/10.1007/s10766-013-0238-9,Article
Survey of Low-Energy Techniques for Instruction Memory Organisations in Embedded Systems,Journal of Signal Processing Systems,,,,10.1007/s11265-012-0694-2,Antonio ArtesJose L. AyalaJos HuiskenFrancky Catthoor,2012,https://link.springer.com/article/10.1007/s11265-012-0694-2,Article
Software Bertillonage,Empirical Software Engineering,,,,10.1007/s10664-012-9199-7,Julius DaviesDaniel M. GermanMichael W. GodfreyAbram Hindle,2012,https://link.springer.com/article/10.1007/s10664-012-9199-7,Article
"A Tunable, Software-Based DRAM Error Detection and Correction Library for HPC",Euro-Par 2011: Parallel Processing Workshops,,,,10.1007/978-3-642-29740-3_29,David FialaKurt B. FerreiraFrank MuellerChristian Engelmann,2012,https://link.springer.com/chapter/10.1007/978-3-642-29740-3_29,Conference paper
Perspectives on Permanent Magnetic Materials for Energy Conversion and Power Generation,Metallurgical and Materials Transactions A,,,,10.1007/s11661-012-1278-2,Laura H. LewisFélix Jiménez-Villacorta,2012,https://link.springer.com/article/10.1007/s11661-012-1278-2,Article
Recovering Role-Based Access Control Security Models from Dynamic Web Applications,Web Engineering,,,,10.1007/978-3-642-31753-8_9,Manar H. AlalfiJames R. CordyThomas R. Dean,2012,https://link.springer.com/chapter/10.1007/978-3-642-31753-8_9,Conference paper
Developing a comprehensive time series of GDP per capita for 210 countries from 1950 to 2015,Population Health Metrics,,,,10.1186/1478-7954-10-12,Spencer L JamesPaul GubbinsChristopher JL MurrayEmmanuela Gakidou,2012,https://link.springer.com/article/10.1186/1478-7954-10-12,Article
Comparison of type-based and alias-based component recognition for embedded systems software,International Journal on Software Tools for Technology Transfer,,,,10.1007/s10009-012-0251-0,Dietmar SchreinerGergö BaranyMarkus SchordanJens Knoop,2012,https://link.springer.com/article/10.1007/s10009-012-0251-0,Article
Performance Evaluation of OpenMP and CUDA on Multicore Systems,Algorithms and Architectures for Parallel Processing,,,,10.1007/978-3-642-33065-0_25,Chao-Tung YangTzu-Chieh ChangKuan-Lung HuangJung-Chun LiuChih-Hung Chang,2012,https://link.springer.com/chapter/10.1007/978-3-642-33065-0_25,Conference paper
High-Level Support for Pipeline Parallelism on Many-Core Architectures,Euro-Par 2012 Parallel Processing,,,,10.1007/978-3-642-32820-6_61,Siegfried BenknerEnes BajrovicErich MarthMartin SandrieserRaymond NamystSamuel Thibault,2012,https://link.springer.com/chapter/10.1007/978-3-642-32820-6_61,Conference paper
Effects of Compiler Optimizations in OpenMP to CUDA Translation,OpenMP in a Heterogeneous World,,,,10.1007/978-3-642-30961-8_13,Amit SabnePutt SakdhnagoolRudolf Eigenmann,2012,https://link.springer.com/chapter/10.1007/978-3-642-30961-8_13,Conference paper
Automatic Restructuring of GPU Kernels for Exploiting Inter-thread Data Locality,Compiler Construction,,,,10.1007/978-3-642-28652-0_2,Swapneela UnkuleChristopher ShaltzApan Qasem,2012,https://link.springer.com/chapter/10.1007/978-3-642-28652-0_2,Conference paper
Introducing Task Cancellation to OpenMP,OpenMP in a Heterogeneous World,,,,10.1007/978-3-642-30961-8_6,Oussama TahanMats BrorssonMohamed Shawky,2012,https://link.springer.com/chapter/10.1007/978-3-642-30961-8_6,Conference paper
"Being, Becoming and the Undivided Universe: A Dialogue Between Relational Blockworld and the Implicate Order Concerning the Unification of Relativity and Quantum Theory",Foundations of Physics,,,,10.1007/s10701-012-9653-9,Michael SilbersteinW. M. StuckeyTimothy McDevitt,2012,https://link.springer.com/article/10.1007/s10701-012-9653-9,Article
Turbulence Models and Large Eddy Simulations Applied to Ascending Mixed Convection Flows,"Flow, Turbulence and Combustion",,,,10.1007/s10494-012-9401-4,Amir KeshmiriMark A. CottonYacine AddadDominique Laurence,2012,https://link.springer.com/article/10.1007/s10494-012-9401-4,Article
Design and Performance of the OP2 Library for Unstructured Mesh Applications,Euro-Par 2011: Parallel Processing Workshops,,,,10.1007/978-3-642-29737-3_22,Carlo BertolliAdam BettsGihan MudaligeMike GilesPaul Kelly,2012,https://link.springer.com/chapter/10.1007/978-3-642-29737-3_22,Conference paper
Modular implementation of dynamic algorithm switching in parallel simulations,Cluster Computing,,,,10.1007/s10586-012-0205-z,Pilsung Kang,2012,https://link.springer.com/article/10.1007/s10586-012-0205-z,Article
Tracking the Trackers: Fast and Scalable Dynamic Analysis of Web Content for Privacy Violations,Applied Cryptography and Network Security,,,,10.1007/978-3-642-31284-7_25,Minh TranXinshu DongZhenkai LiangXuxian Jiang,2012,https://link.springer.com/chapter/10.1007/978-3-642-31284-7_25,Conference paper
Software level green computing for large scale systems,"Journal of Cloud Computing: Advances, Systems and Applications",,,,10.1186/2192-113X-1-4,Faiza FakharBarkha JavedRaihan ur RasoolOwais MalikKhurram Zulfiqar,2012,https://link.springer.com/article/10.1186/2192-113X-1-4,Article
"libKOMP, an Efficient OpenMP Runtime System for Both Fork-Join and Data Flow Paradigms",OpenMP in a Heterogeneous World,,,,10.1007/978-3-642-30961-8_8,François BroquedisThierry GautierVincent Danjean,2012,https://link.springer.com/chapter/10.1007/978-3-642-30961-8_8,Conference paper
"Transactional Access to Shared Memory in StarSs, a Task Based Programming Model",Euro-Par 2012 Parallel Processing,,,,10.1007/978-3-642-32820-6_51,Rahulkumar GayatriRosa M. BadiaEduard AyguadeMikel LujánIan Watson,2012,https://link.springer.com/chapter/10.1007/978-3-642-32820-6_51,Conference paper
Auto-scoping for OpenMP Tasks,OpenMP in a Heterogeneous World,,,,10.1007/978-3-642-30961-8_3,Sara RoyuelaAlejandro DuranChunhua LiaoDaniel J. Quinlan,2012,https://link.springer.com/chapter/10.1007/978-3-642-30961-8_3,Conference paper
The Catalogue of X-Ray Bursts Detected by JEM-X Onboard INTEGRAL,Astrostatistics and Data Mining,,,,10.1007/978-1-4614-3323-1_24,Celia Sánchez-Fernández,2012,https://link.springer.com/chapter/10.1007/978-1-4614-3323-1_24,Chapter
Performance Analysis Techniques for Task-Based OpenMP Applications,OpenMP in a Heterogeneous World,,,,10.1007/978-3-642-30961-8_15,Dirk SchmidlPeter PhilippenDaniel LorenzChristian RösselMarkus GeimerDieter an MeyBernd MohrFelix Wolf,2012,https://link.springer.com/chapter/10.1007/978-3-642-30961-8_15,Conference paper
Using Dynamic Task Level Redundancy for OpenMP Fault Tolerance,Architecture of Computing Systems – ARCS 2012,,,,10.1007/978-3-642-28293-5_3,Oussama TahanMohamed Shawky,2012,https://link.springer.com/chapter/10.1007/978-3-642-28293-5_3,Conference paper
Online paths in mathematics teacher training: new resources and new skills for teacher educators,ZDM,,,,10.1007/s11858-012-0424-z,Ghislaine GueudetAna Isabel SacristánSophie Soury-LavergneLuc Trouche,2012,https://link.springer.com/article/10.1007/s11858-012-0424-z,Article
Architecture and Language for Semantic Reduction of Domain-Specific Models in BPMS,Perspectives in Business Informatics Research,,,,10.1007/978-3-642-33281-4_6,Lelde LaceRenārs LiepiņšEdgars Rencis,2012,https://link.springer.com/chapter/10.1007/978-3-642-33281-4_6,Conference paper
A framework for automated distributed implementation of component-based models,Distributed Computing,,,,10.1007/s00446-012-0168-6,Borzoo BonakdarpourMarius BozgaMohamad JaberJean QuilbeufJoseph Sifakis,2012,https://link.springer.com/article/10.1007/s00446-012-0168-6,Article
A Compiler-Assisted Runtime-Prefetching Scheme for Heterogeneous Platforms,OpenMP in a Heterogeneous World,,,,10.1007/978-3-642-30961-8_9,Li ChenBaojiang ShouXionghui HouLei Huang,2012,https://link.springer.com/chapter/10.1007/978-3-642-30961-8_9,Conference paper
Interview with Pascal Van Hentenryck on Constraint-Based Programming,KI - Künstliche Intelligenz,,,,10.1007/s13218-011-0159-y,Petra HofstedtThomas König,2011,https://link.springer.com/article/10.1007/s13218-011-0159-y,Article
Automatic Privatization for Parallel Execution of Loops,Artificial Intelligence and Soft Computing,,,,10.1007/978-3-642-29350-4_48,Palkowski Marek,2012,https://link.springer.com/chapter/10.1007/978-3-642-29350-4_48,Conference paper
Generating Verifiable Java Code from Verified PVS Specifications,NASA Formal Methods,,,,10.1007/978-3-642-28891-3_30,Leonard LensinkSjaak SmetsersMarko van Eekelen,2012,https://link.springer.com/chapter/10.1007/978-3-642-28891-3_30,Conference paper
Domain-Specific Languages in Few Steps,Software Composition,,,,10.1007/978-3-642-30564-1_11,Walter Cazzola,2012,https://link.springer.com/chapter/10.1007/978-3-642-30564-1_11,Conference paper
Compiler Support for Fine-Grain Software-Only Checkpointing,Compiler Construction,,,,10.1007/978-3-642-28652-0_11,Chuck (Chengyan) ZhaoJ. Gregory SteffanCristiana AmzaAllan Kielstra,2012,https://link.springer.com/chapter/10.1007/978-3-642-28652-0_11,Conference paper
Symbolic Testing of OpenCL Code,Hardware and Software: Verification and Testing,,,,10.1007/978-3-642-34188-5_18,Peter CollingbourneCristian CadarPaul H. J. Kelly,2012,https://link.springer.com/chapter/10.1007/978-3-642-34188-5_18,Conference paper
Experiences with High-Level Programming Directives for Porting Applications to GPUs,Facing the Multicore - Challenge II,,,,10.1007/978-3-642-30397-5_9,Oscar HernandezWei DingBarbara ChapmanChristos KartsaklisRamanan SankaranRichard Graham,2012,https://link.springer.com/chapter/10.1007/978-3-642-30397-5_9,Chapter
Speeding Up OpenMP Tasking,Euro-Par 2012 Parallel Processing,,,,10.1007/978-3-642-32820-6_64,Spiros N. AgathosNikolaos D. KallimanisVassilios V. Dimakopoulos,2012,https://link.springer.com/chapter/10.1007/978-3-642-32820-6_64,Conference paper
"Score-P: A Joint Performance Measurement Run-Time Infrastructure for Periscope, Scalasca, TAU, and Vampir",Tools for High Performance Computing 2011,,,,10.1007/978-3-642-31476-6_7,Andreas KnüpferChristian RösselDieter an MeyScott BiersdorffKai DiethelmDominic EschweilerMarkus GeimerMichael GerndtDaniel LorenzAllen MalonyWolfgang E. NagelYury OleynikPeter PhilippenPavel SaviankouDirk SchmidlSameer ShendeRonny TschüterMichael WagnerBert WesargFelix Wolf,2012,https://link.springer.com/chapter/10.1007/978-3-642-31476-6_7,Conference paper
Automatic Performance Analysis of OpenMP Codes on a Scalable Shared Memory System Using Periscope,Applied Parallel and Scientific Computing,,,,10.1007/978-3-642-28145-7_44,Shajulin BenedictMichael Gerndt,2012,https://link.springer.com/chapter/10.1007/978-3-642-28145-7_44,Conference paper
Exploring Object-Level Parallelism on Chip Multi-processors,Algorithms and Architectures for Parallel Processing,,,,10.1007/978-3-642-33065-0_9,Weixing JiYizhuo WangZhi HuangJunqing ZhaoXi Li,2012,https://link.springer.com/chapter/10.1007/978-3-642-33065-0_9,Conference paper
Construction and Demolition Wastes,Encyclopedia of Sustainability Science and Technology,,,,10.1007/978-1-4419-0851-3_118,Thomas Dyer,2012,https://link.springer.com/rwe/10.1007/978-1-4419-0851-3_118,Reference work entry
Using Detailed Performance Analysis to Guide Optimization,Performance Analysis and Tuning for General Purpose Graphics Processing Units (GPGPU),,,,10.1007/978-3-031-01737-7_4,Hyesoon KimRichard VuducSara BaghsorkhiJee ChoiWen-mei Hwu,2012,https://link.springer.com/chapter/10.1007/978-3-031-01737-7_4,Chapter
TCP / IP Tricks,Network Hacks - Intensivkurs,,,,10.1007/978-3-642-24305-9_5,Bastian Ballmann,2012,https://link.springer.com/chapter/10.1007/978-3-642-24305-9_5,Chapter
A Certified Constraint Solver over Finite Domains,FM 2012: Formal Methods,,,,10.1007/978-3-642-32759-9_12,Matthieu CarlierCatherine DuboisArnaud Gotlieb,2012,https://link.springer.com/chapter/10.1007/978-3-642-32759-9_12,Conference paper
PartialRC: A Partial Recomputing Method for Efficient Fault Recovery on GPGPUs,Journal of Computer Science and Technology,,,,10.1007/s11390-012-1220-5,Xin-Hai XuXue-Jun YangJing-Ling XueYu-Fei LinYi-Song Lin,2012,https://link.springer.com/article/10.1007/s11390-012-1220-5,Article
Pattern-Independent Detection of Manual Collectives in MPI Programs,Euro-Par 2012 Parallel Processing,,,,10.1007/978-3-642-32820-6_5,Alexandru CalotoiuChristian SiebertFelix Wolf,2012,https://link.springer.com/chapter/10.1007/978-3-642-32820-6_5,Conference paper
Classification-Based Improvement of Application Robustness and Quality of Service in Probabilistic Computer Systems,Architecture of Computing Systems – ARCS 2012,,,,10.1007/978-3-642-28293-5_1,Andreas HeinigVincent J. MooneyFlorian SchmollPeter MarwedelKrishna PalemMichael Engel,2012,https://link.springer.com/chapter/10.1007/978-3-642-28293-5_1,Conference paper
Pause ’n’ Play: Formalizing Asynchronous C $^\sharp$,ECOOP 2012 – Object-Oriented Programming,,,,10.1007/978-3-642-31057-7_12,Gavin BiermanClaudio RussoGeoffrey MainlandErik MeijerMads Torgersen,2012,https://link.springer.com/chapter/10.1007/978-3-642-31057-7_12,Conference paper
Predicting Web Service Maintainability via Object-Oriented Metrics: A Statistics-Based Approach,Computational Science and Its Applications – ICCSA 2012,,,,10.1007/978-3-642-31128-4_3,José Luis Ordiales CosciaMarco CrassoCristian MateosAlejandro ZuninoSanjay Misra,2012,https://link.springer.com/chapter/10.1007/978-3-642-31128-4_3,Conference paper
Task-Based Execution of Nested OpenMP Loops,OpenMP in a Heterogeneous World,,,,10.1007/978-3-642-30961-8_16,Spiros N. AgathosPanagiotis E. HadjidoukasVassilios V. Dimakopoulos,2012,https://link.springer.com/chapter/10.1007/978-3-642-30961-8_16,Conference paper
Building Materials,Fundamentals of Sustainable Dwellings,,,,10.5822/978-1-61091-211-2_6,Avi Friedman,2012,https://link.springer.com/chapter/10.5822/978-1-61091-211-2_6,Chapter
The New Syntax,TypeScript Revealed,,,,10.1007/978-1-4302-5726-4_2,Dan Maharry,2013,https://link.springer.com/chapter/10.1007/978-1-4302-5726-4_2,Chapter
Micro-interactions with NFC-Enabled Mobile Phones,"Mobile Computing, Applications, and Services",,,,10.1007/978-3-642-32320-1_9,Ben DodsonMonica S. Lam,2012,https://link.springer.com/chapter/10.1007/978-3-642-32320-1_9,Conference paper
Traceability Between Run-Time and Development Time Abstractions,Software and Systems Traceability,,,,10.1007/978-1-4471-2239-5_13,Wouter De BorgerBert LagaisseWouter Joosen,2012,https://link.springer.com/chapter/10.1007/978-1-4471-2239-5_13,Chapter
Binary Reachability Analysis of Higher Order Functional Programs,Static Analysis,,,,10.1007/978-3-642-33125-1_26,Ruslán Ledesma-GarzaAndrey Rybalchenko,2012,https://link.springer.com/chapter/10.1007/978-3-642-33125-1_26,Conference paper
MPA: Parallelization Made Easy,Scalable Multi-core Architectures,,,,10.1007/978-1-4419-6778-7_6,Geert VanmeerbeeckThomas J. Ashby,2012,https://link.springer.com/chapter/10.1007/978-1-4419-6778-7_6,Chapter
Bounded-Interference Sequentialization for Testing Concurrent Programs,"Leveraging Applications of Formal Methods, Verification and Validation. Technologies for Mastering Change",,,,10.1007/978-3-642-34026-0_28,Niloofar RazaviAzadeh FarzanAndreas Holzer,2012,https://link.springer.com/chapter/10.1007/978-3-642-34026-0_28,Conference paper
Gradual Ownership Types,Programming Languages and Systems,,,,10.1007/978-3-642-28869-2_29,Ilya SergeyDave Clarke,2012,https://link.springer.com/chapter/10.1007/978-3-642-28869-2_29,Conference paper
Data Layout Transformation Exploiting Memory-Level Parallelism in Structured Grid Many-Core Applications,International Journal of Parallel Programming,,,,10.1007/s10766-011-0182-5,I-Jui SungNasser AnssariJohn A. StrattonWen-Mei W. Hwu,2011,https://link.springer.com/article/10.1007/s10766-011-0182-5,Article
Analytical Bounds for Optimal Tile Size Selection,Compiler Construction,,,,10.1007/978-3-642-28652-0_6,Jun ShirakoKamal SharmaNaznin FauziaLouis-Noël PouchetJ. RamanujamP. SadayappanVivek Sarkar,2012,https://link.springer.com/chapter/10.1007/978-3-642-28652-0_6,Conference paper
The Whole Heliosphere Interval in the Context of a Long and Structured Solar Minimum: An Overview from Sun to Earth,Solar Physics,,,,10.1007/s11207-011-9921-4,S. E. GibsonG. de TomaB. EmeryP. RileyL. ZhaoY. ElsworthR. J. LeamonJ. LeiS. McIntoshR. A. MewaldtB. J. ThompsonD. Webb,2011,https://link.springer.com/article/10.1007/s11207-011-9921-4,Article
Automatic MPI to AMPI Program Transformation Using Photran,Euro-Par 2010 Parallel Processing Workshops,,,,10.1007/978-3-642-21878-1_65,Stas NegaraGengbin ZhengKuo-Chuan PanNatasha NegaraRalph E. JohnsonLaxmikant V. KaléPaul M. Ricker,2011,https://link.springer.com/chapter/10.1007/978-3-642-21878-1_65,Conference paper
Finding concurrency-related bugs using random isolation,International Journal on Software Tools for Technology Transfer,,,,10.1007/s10009-011-0197-7,Nicholas KiddThomas RepsJulian DolbyMandana Vaziri,2011,https://link.springer.com/article/10.1007/s10009-011-0197-7,Article
Assisting Programmers Resolving Vulnerabilities in Java Web Applications,Advanced Computing,,,,10.1007/978-3-642-17881-8_26,Pranjal BathiaBharath Reddy BeerelliMarc-André Laverdière,2011,https://link.springer.com/chapter/10.1007/978-3-642-17881-8_26,Conference paper
Automated Translation of Java Source Code to Eiffel,"Objects, Models, Components, Patterns",,,,10.1007/978-3-642-21952-8_4,Marco TrudelManuel OriolCarlo A. FuriaMartin Nordio,2011,https://link.springer.com/chapter/10.1007/978-3-642-21952-8_4,Conference paper
Lie Theorem Via Rank 2 Distributions (Integration of PDE of Class <i>ω</i> = 1),Journal of Nonlinear Mathematical Physics,,,,10.1142/S1402925112500118,Boris Kruglikov,2012,https://link.springer.com/article/10.1142/S1402925112500118,Article
"Reuse, Recycle to De-bloat Software",ECOOP 2011 – Object-Oriented Programming,,,,10.1007/978-3-642-22655-7_19,Suparna BhattacharyaMangala Gowri NandaK. GopinathManish Gupta,2011,https://link.springer.com/chapter/10.1007/978-3-642-22655-7_19,Conference paper
Mapping Embedded Applications on MPSoCs: The MNEMEE Approach,VLSI 2010 Annual Symposium,,,,10.1007/978-94-007-1488-5_10,Christos BaloukasLazaros PapadopoulosDimitrios SoudrisSander StuijkOlivera JovanovicFlorian SchmollPeter MarwedelDaniel CordesRobert PykaArindam MallikStylianos MamagkakisFrançois CapmanSéverin ColletNikolaos MitasDimitrios Kritharidis,2011,https://link.springer.com/chapter/10.1007/978-94-007-1488-5_10,Conference paper
A Programming Language Interface to Describe Transformations and Code Generation,Languages and Compilers for Parallel Computing,,,,10.1007/978-3-642-19595-2_10,Gabe RudyMalik Murtaza KhanMary HallChun ChenJacqueline Chame,2011,https://link.springer.com/chapter/10.1007/978-3-642-19595-2_10,Conference paper
Taint-Enhanced Anomaly Detection,Information Systems Security,,,,10.1007/978-3-642-25560-1_11,Lorenzo CavallaroR. Sekar,2011,https://link.springer.com/chapter/10.1007/978-3-642-25560-1_11,Conference paper
Models of Quasars,Fifty Years of Quasars,,,,10.1007/978-3-642-27564-7_6,Mauro D’OnofrioPaola MarzianiJack W. SulenticJulian KrolikMartin GaskellSuzi CollinHagai NetzerBozena CzernyKrzysztof HryniewiczLuigi FoschiniMichael EracleousDaniel ProgaPaolo PadovaniSerguei KomissarovIsaac ShlosmanMartin Elvis,2012,https://link.springer.com/chapter/10.1007/978-3-642-27564-7_6,Chapter
Random Variables,Probability: A Graduate Course,,,,10.1007/978-1-4614-4708-5_2,Allan Gut,2012,https://link.springer.com/chapter/10.1007/978-1-4614-4708-5_2,Chapter
Functional Programs,Modern Compiler Design,,,,10.1007/978-1-4614-4699-6_12,Dick GruneKees van ReeuwijkHenri E. BalCeriel J. H. JacobsKoen Langendoen,2012,https://link.springer.com/chapter/10.1007/978-1-4614-4699-6_12,Chapter
A Big-Picture Overview,Pro SQL Server 2012 BI Solutions,,,,10.1007/978-1-4302-3489-0_2,Randal RootCaryn Mason,2012,https://link.springer.com/chapter/10.1007/978-1-4302-3489-0_2,Chapter
MPtostream: an OpenMP compiler for CPU-GPU heterogeneous parallel systems,Science China Information Sciences,,,,10.1007/s11432-011-4342-4,XueJun YangTao TangGuiBin WangJia JiaXinHai Xu,2011,https://link.springer.com/article/10.1007/s11432-011-4342-4,Article
Creating a Cyber Moving Target for Critical Infrastructure Applications,Critical Infrastructure Protection V,,,,10.1007/978-3-642-24864-1_8,Hamed OkhraviAdam ComellaEric RobinsonStephen YannalfoPeter MichaleasJoshua Haines,2011,https://link.springer.com/chapter/10.1007/978-3-642-24864-1_8,Conference paper
Automatic code generation for GPUs in llc,The Journal of Supercomputing,,,,10.1007/s11227-011-0591-7,Ruyman ReyesFrancisco de Sande,2011,https://link.springer.com/article/10.1007/s11227-011-0591-7,Article
Refactoring techniques for aggressive object inlining in Java applications,Automated Software Engineering,,,,10.1007/s10515-011-0096-x,Yosi Ben AsherTomer GalGadi HaberMarcel Zalmanovici,2011,https://link.springer.com/article/10.1007/s10515-011-0096-x,Article
HOMPI: A Hybrid Programming Framework for Expressing and Deploying Task-Based Parallelism,Euro-Par 2011 Parallel Processing,,,,10.1007/978-3-642-23397-5_3,Vassilios V. DimakopoulosPanagiotis E. Hadjidoukas,2011,https://link.springer.com/chapter/10.1007/978-3-642-23397-5_3,Conference paper
A Systematic Analysis of XSS Sanitization in Web Application Frameworks,Computer Security – ESORICS 2011,,,,10.1007/978-3-642-23822-2_9,Joel WeinbergerPrateek SaxenaDevdatta AkhaweMatthew FinifterRichard ShinDawn Song,2011,https://link.springer.com/chapter/10.1007/978-3-642-23822-2_9,Conference paper
ParTool: A Feedback-Directed Parallelizer,Advanced Parallel Processing Technologies,,,,10.1007/978-3-642-24151-2_12,Varun MishraSanjeev K. Aggarwal,2011,https://link.springer.com/chapter/10.1007/978-3-642-24151-2_12,Conference paper
Performance Analysis and Tuning of Automatically Parallelized OpenMP Applications,OpenMP in the Petascale Era,,,,10.1007/978-3-642-21487-5_12,Dheya MustafaAurangzebRudolf Eigenmann,2011,https://link.springer.com/chapter/10.1007/978-3-642-21487-5_12,Conference paper
Operating System Interface Obfuscation and the Revealing of Hidden Operations,"Detection of Intrusions and Malware, and Vulnerability Assessment",,,,10.1007/978-3-642-22424-9_13,Abhinav SrivastavaAndrea LanziJonathon GiffinDavide Balzarotti,2011,https://link.springer.com/chapter/10.1007/978-3-642-22424-9_13,Conference paper
A Lightweight Approach for Loop Summarization,Automated Technology for Verification and Analysis,,,,10.1007/978-3-642-24372-1_25,Mohamed Nassim Seghir,2011,https://link.springer.com/chapter/10.1007/978-3-642-24372-1_25,Conference paper
The hArtes Tool Chain,Hardware/Software Co-design for Heterogeneous Multi-core Platforms,,,,10.1007/978-94-007-1406-9_2,Koen BertelsAriano LattanziEmanuele CiavattiniFerruccio BettarelliMaria Teresa ChiaradiaRaffaele NutricatoAlberto MoreaAnna AntolaFabrizio FerrandiMarco LattuadaChristian PilatoDonatella SciutoRoel J. MeeuwsYana YankovaVlad Mihai SimaKamana SigdelWayne LukJose Gabriel de Figueiredo CoutinhoYuet Ming LamTim TodmanAndrea MichelottiAntonio Cerruto,2012,https://link.springer.com/chapter/10.1007/978-94-007-1406-9_2,Chapter
R-Stream Compiler,Encyclopedia of Parallel Computing,,,,10.1007/978-0-387-09766-4_515,Benoit MeisterNicolas VasilacheDavid WohlfordMuthu Manikandan BaskaranAllen LeungRichard Lethin,2011,https://link.springer.com/rwe/10.1007/978-0-387-09766-4_515,Reference work entry
JPure: A Modular Purity System for Java,Compiler Construction,,,,10.1007/978-3-642-19861-8_7,David J. Pearce,2011,https://link.springer.com/chapter/10.1007/978-3-642-19861-8_7,Conference paper
ASPIDE: Integrated Development Environment for Answer Set Programming,Logic Programming and Nonmonotonic Reasoning,,,,10.1007/978-3-642-20895-9_37,Onofrio FebbraroKristian RealeFrancesco Ricca,2011,https://link.springer.com/chapter/10.1007/978-3-642-20895-9_37,Conference paper
Quality assessment process for dynamic geometry resources in Intergeo project,ZDM,,,,10.1007/s11858-011-0335-4,Jana TrgalovaSophie Soury-LavergneAna Paula Jahn,2011,https://link.springer.com/article/10.1007/s11858-011-0335-4,Article
SPMD Computational Model,Encyclopedia of Parallel Computing,,,,10.1007/978-0-387-09766-4_26,Frederica Darema,2011,https://link.springer.com/rwe/10.1007/978-0-387-09766-4_26,Reference work entry
Additional Topics,Bayesian Inference for Probabilistic Risk Assessment,,,,10.1007/978-1-84996-187-5_13,Dana KellyCurtis Smith,2011,https://link.springer.com/chapter/10.1007/978-1-84996-187-5_13,Chapter
Diversity,Dependable and Historic Computing,,,,10.1007/978-3-642-24541-1_23,John C. Knight,2011,https://link.springer.com/chapter/10.1007/978-3-642-24541-1_23,Chapter
Case Studies in Automatic GPGPU Code Generation with llc,Euro-Par 2010 Parallel Processing Workshops,,,,10.1007/978-3-642-21878-1_3,Ruymán ReyesFrancisco de Sande,2011,https://link.springer.com/chapter/10.1007/978-3-642-21878-1_3,Conference paper
How Do We Make Sense of Platform State?,Bootstrapping Trust in Modern Computers,,,,10.1007/978-1-4614-1460-5_5,Bryan ParnoJonathan M. McCuneAdrian Perrig,2011,https://link.springer.com/chapter/10.1007/978-1-4614-1460-5_5,Chapter
Component-based waveform development: the Nucleus tool flow for efficient and portable software defined radio,Analog Integrated Circuits and Signal Processing,,,,10.1007/s10470-011-9670-1,Jeronimo CastrillonStefan SchürmansAnastasia StulovaWeihua ShengTorsten KempfRainer LeupersGerd AscheidHeinrich Meyr,2011,https://link.springer.com/article/10.1007/s10470-011-9670-1,Article
Parafrase,Encyclopedia of Parallel Computing,,,,10.1007/978-0-387-09766-4_434,Bruce Leasure,2011,https://link.springer.com/rwe/10.1007/978-0-387-09766-4_434,Reference work entry
Polycyclic Aromatic Hydrocarbons,Encyclopedia of Astrobiology,,,,10.1007/978-3-642-11274-4_1250,Els PeetersJan Cami,2011,https://link.springer.com/rwe/10.1007/978-3-642-11274-4_1250,Reference work entry
CaPiTo: protocol stacks for services,Formal Aspects of Computing,,,,10.1007/s00165-011-0174-7,Han GaoFlemming NielsonHanne Riis Nielson,2011,https://link.springer.com/article/10.1007/s00165-011-0174-7,Article
Griffon – GPU Programming APIs for Scientific and General Purpose Computing,International Symposium on Distributed Computing and Artificial Intelligence,,,,10.1007/978-3-642-19934-9_22,Pisit MakpaisitWorawan Marurngsith,2011,https://link.springer.com/chapter/10.1007/978-3-642-19934-9_22,Conference paper
The Commercialization of Smart Fabrics: Intelligent Textiles,Wearable Monitoring Systems,,,,10.1007/978-1-4419-7384-9_13,George KotrotsiosJean Luprano,2011,https://link.springer.com/chapter/10.1007/978-1-4419-7384-9_13,Chapter
Putting it All Together: Black Hole Engines of All Sizes,Black Hole Astrophysics,,,,10.1007/978-3-642-01936-4_16,David L. Meier,2012,https://link.springer.com/chapter/10.1007/978-3-642-01936-4_16,Chapter
A Deductive Database with Datalog and SQL Query Languages,Programming Languages and Systems,,,,10.1007/978-3-642-25318-8_8,Fernando Sáenz-PérezRafael CaballeroYolanda García-Ruiz,2011,https://link.springer.com/chapter/10.1007/978-3-642-25318-8_8,Conference paper
Puma: An Aspect-Oriented Code Analysis and Manipulation Framework for C and C++,Transactions on Aspect-Oriented Software Development VIII,,,,10.1007/978-3-642-22031-9_5,Matthias UrbanDaniel LohmannOlaf Spinczyk,2011,https://link.springer.com/chapter/10.1007/978-3-642-22031-9_5,Chapter
REFLECT: Rendering FPGAs to Multi-core Embedded Computing,Reconfigurable Computing,,,,10.1007/978-1-4614-0061-5_11,João M. P. CardosoPedro C. DinizZlatko PetrovKoen BertelsMichael HübnerHans van SomerenFernando GonçalvesJosé Gabriel F. de CoutinhoGeorge A. ConstantinidesBryan OlivierWayne LukJuergen BeckerGeorgi KuzmanovFlorian ThomaLars BraunMatthias KühnleRazvan NaneVlad Mihai SimaKamil KrátkýJosé Carlos AlvesJoão Canas Ferreira,2011,https://link.springer.com/chapter/10.1007/978-1-4614-0061-5_11,Chapter
Software Automatic Tuning: Concepts and State-of-the-Art Results,Software Automatic Tuning,,,,10.1007/978-1-4419-6935-4_1,Reiji SudaKen NaonoKeita TeranishiJohn Cavazos,2011,https://link.springer.com/chapter/10.1007/978-1-4419-6935-4_1,Chapter
HICFD: Highly Efficient Implementation of CFD Codes for HPC Many-Core Architectures,Competence in High Performance Computing 2010,,,,10.1007/978-3-642-24025-6_1,Achim BasermannHans-Peter KerskenAndreas SchreiberThomas GerholdJens JägersküpperNorbert KrollJan BackhausEdmund KügelerThomas AlrutzChristian SimmendingerKim FeldhoffOlaf KrzikallaRalph Müller-PfefferkornMathias PuetzPetra AumannOlaf KnoblochJörg HungerCarsten Zscherp,2011,https://link.springer.com/chapter/10.1007/978-3-642-24025-6_1,Conference paper
Intel®Parallel Inspector,Encyclopedia of Parallel Computing,,,,10.1007/978-0-387-09766-4_191,Paul Petersen,2011,https://link.springer.com/rwe/10.1007/978-0-387-09766-4_191,Reference work entry
Thread-Local Storage Extension to Support Thread-Based MPI/OpenMP Applications,OpenMP in the Petascale Era,,,,10.1007/978-3-642-21487-5_7,Patrick CarribaultMarc PéracheHervé Jourdren,2011,https://link.springer.com/chapter/10.1007/978-3-642-21487-5_7,Conference paper
A Formal Approach for Incremental Construction with an Application to Autonomous Robotic Systems,Software Composition,,,,10.1007/978-3-642-22045-6_8,Saddek BensalemLavindra de SilvaAndreas GriesmayerFelix IngrandAxel LegayRongjie Yan,2011,https://link.springer.com/chapter/10.1007/978-3-642-22045-6_8,Conference paper
Trading Off Complexity for Expressiveness in Programming Languages for Embedded Devices: Visions and Experiences,Advanced Communication and Networking,,,,10.1007/978-3-642-23312-8_20,Vincenzo De FlorioChris Blondia,2011,https://link.springer.com/chapter/10.1007/978-3-642-23312-8_20,Conference paper
Provenance-Enabled Automatic Data Publishing,Scientific and Statistical Database Management,,,,10.1007/978-3-642-22351-8_14,James FrewGreg JanéePeter Slaughter,2011,https://link.springer.com/chapter/10.1007/978-3-642-22351-8_14,Conference paper
Information Exploration in Search Computing,Search Computing,,,,10.1007/978-3-642-19668-3_2,Alessandro BozzonMarco BrambillaStefano CeriPiero Fraternali,2011,https://link.springer.com/chapter/10.1007/978-3-642-19668-3_2,Chapter
Resource-Agnostic Programming for Many-Core Microgrids,Euro-Par 2010 Parallel Processing Workshops,,,,10.1007/978-3-642-21878-1_14,Thomas A. M. BernardClemens GrelckMichael A. HicksChris R. JesshopeRaphael Poss,2011,https://link.springer.com/chapter/10.1007/978-3-642-21878-1_14,Conference paper
Reverse Generics: Parametrization after the Fact,Software and Data Technologies,,,,10.1007/978-3-642-20116-5_9,Alexandre BergelLorenzo Bettini,2011,https://link.springer.com/chapter/10.1007/978-3-642-20116-5_9,Conference paper
Automatic Generation of FPGA-Specific Pipelined Accelerators,"Reconfigurable Computing: Architectures, Tools and Applications",,,,10.1007/978-3-642-19475-7_7,Christophe AliasBogdan PascaAlexandru Plesco,2011,https://link.springer.com/chapter/10.1007/978-3-642-19475-7_7,Conference paper
Tiling,Encyclopedia of Parallel Computing,,,,10.1007/978-0-387-09766-4_511,François Irigoin,2011,https://link.springer.com/rwe/10.1007/978-0-387-09766-4_511,Reference work entry
Multiple Time-Series Prediction through Multiple Time-Series Relationships Profiling and Clustered Recurring Trends,Advances in Knowledge Discovery and Data Mining,,,,10.1007/978-3-642-20847-8_14,Harya WidiputraRussel PearsNikola Kasabov,2011,https://link.springer.com/chapter/10.1007/978-3-642-20847-8_14,Conference paper
Parallel Implementation of the Integral Histogram,Advanced Concepts for Intelligent Vision Systems,,,,10.1007/978-3-642-23687-7_53,Pieter BellensKannappan PalaniappanRosa M. BadiaGuna SeetharamanJesus Labarta,2011,https://link.springer.com/chapter/10.1007/978-3-642-23687-7_53,Conference paper
Self-Defence Against Non-State Actors,Anticipatory Action in Self-Defence,,,,10.1007/978-90-6704-796-8_10,Kinga Tibori Szabó,2011,https://link.springer.com/chapter/10.1007/978-90-6704-796-8_10,Chapter
Dyna: Extending Datalog for Modern AI,Datalog Reloaded,,,,10.1007/978-3-642-24206-9_11,Jason EisnerNathaniel W. Filardo,2011,https://link.springer.com/chapter/10.1007/978-3-642-24206-9_11,Conference paper
Scalability Evaluation of a Polymorphic Register File: A CG Case Study,Architecture of Computing Systems - ARCS 2011,,,,10.1007/978-3-642-19137-4_2,Cătălin B. CiobanuXavier MartorellGeorgi K. KuzmanovAlex RamirezGeorgi N. Gaydadjiev,2011,https://link.springer.com/chapter/10.1007/978-3-642-19137-4_2,Conference paper
HPC Systems at JAIST and Development of Dynamic Loop Monitoring Tools Toward Runtime Parallelization,High Performance Computing on Vector Systems 2011,,,,10.1007/978-3-642-22244-3_5,Yukinori Sato,2011,https://link.springer.com/chapter/10.1007/978-3-642-22244-3_5,Conference paper
Teachers’ Work with Resources: Documentational Geneses and Professional Geneses,From Text to 'Lived' Resources,,,,10.1007/978-94-007-1966-8_2,Ghislaine GueudetLuc Trouche,2011,https://link.springer.com/chapter/10.1007/978-94-007-1966-8_2,Chapter
OpenMP for Accelerators,OpenMP in the Petascale Era,,,,10.1007/978-3-642-21487-5_9,James C. BeyerEric J. StotzerAlistair HartBronis R. de Supinski,2011,https://link.springer.com/chapter/10.1007/978-3-642-21487-5_9,Conference paper
"Side-effect localization for lazy, purely functional languages via aspects",Higher-Order and Symbolic Computation,,,,10.1007/s10990-011-9073-0,Kung ChenShu-Chun WengJia-Yin LinMeng WangSiau-Cheng Khoo,2011,https://link.springer.com/article/10.1007/s10990-011-9073-0,Article
Silver Surfers &amp; eTourism: Web Usability and Testing Methods for the Generation 50plus,Information and Communication Technologies in Tourism 2011,,,,10.1007/978-3-7091-0503-0_7,Teresa ZangerlCarina GattringerAleksander GrothPeter Mirski,2011,https://link.springer.com/chapter/10.1007/978-3-7091-0503-0_7,Conference paper
Unified Parallel C for GPU Clusters: Language Extensions and Compiler Implementation,Languages and Compilers for Parallel Computing,,,,10.1007/978-3-642-19595-2_11,Li ChenLei LiuShenglin TangLei HuangZheng JingShixiong XuDingfei ZhangBaojiang Shou,2011,https://link.springer.com/chapter/10.1007/978-3-642-19595-2_11,Conference paper
Call Invariants,NASA Formal Methods,,,,10.1007/978-3-642-20398-5_18,Shuvendu K. LahiriShaz Qadeer,2011,https://link.springer.com/chapter/10.1007/978-3-642-20398-5_18,Conference paper
A Runtime Implementation of OpenMP Tasks,OpenMP in the Petascale Era,,,,10.1007/978-3-642-21487-5_13,James LaGroneAyodunni AribukiCody AddisonBarbara Chapman,2011,https://link.springer.com/chapter/10.1007/978-3-642-21487-5_13,Conference paper
Negotiating in India: Some Case Studies,International Negotiation in China and India,,,,10.1057/9780230353909_7,Rajesh KumarVerner Worm,2011,https://link.springer.com/chapter/10.1057/9780230353909_7,Chapter
HTAF: Hybrid Testing Automation Framework to Leverage Local and Global Computing Resources,Computational Science and Its Applications - ICCSA 2011,,,,10.1007/978-3-642-21931-3_37,Keun Soo YimDavid HreczanyRavishankar K. Iyer,2011,https://link.springer.com/chapter/10.1007/978-3-642-21931-3_37,Conference paper
The Economics of Environment Protection,Energy Economics,,,,10.1007/978-0-85729-268-1_23,Subhes C. Bhattacharyya,2011,https://link.springer.com/chapter/10.1007/978-0-85729-268-1_23,Chapter
Parallelization Schemes for Memory Optimization on the Cell Processor: A Case Study on the Harris Corner Detector,Transactions on High-Performance Embedded Architectures and Compilers III,,,,10.1007/978-3-642-19448-1_10,Tarik SaidaniLionel LacassagneJoel FalcouClaude TadonkiSamir Bouaziz,2011,https://link.springer.com/chapter/10.1007/978-3-642-19448-1_10,Chapter
Support for the Evolution of C++ Generic Functions,Software Language Engineering,,,,10.1007/978-3-642-19440-5_8,Peter PirkelbauerDamian DechevBjarne Stroustrup,2011,https://link.springer.com/chapter/10.1007/978-3-642-19440-5_8,Conference paper
"Parallelism Detection in Nested Loops, Optimal",Encyclopedia of Parallel Computing,,,,10.1007/978-0-387-09766-4_519,Alain Darte,2011,https://link.springer.com/rwe/10.1007/978-0-387-09766-4_519,Reference work entry
Utilization of Lignocellulose-feeding Insects for Viable Biofuels: an Emerging and Promising Area of Entomological Science,Recent Advances in Entomological Research,,,,10.1007/978-3-642-17815-3_25,Jianzhong SunXuguo Joe Zhou,2011,https://link.springer.com/chapter/10.1007/978-3-642-17815-3_25,Chapter
Development of a maritime transportation planning support system for car carriers based on genetic algorithm,Applied Intelligence,,,,10.1007/s10489-011-0278-z,Moo Hong KangHyung Rim ChoiHyun Soo KimByung Joo Park,2011,https://link.springer.com/article/10.1007/s10489-011-0278-z,Article
μ-Profiler: Design and Implementation,Application Analysis Tools for ASIP Design,,,,10.1007/978-1-4419-8255-1_5,Kingshuk KaruriRainer Leupers,2011,https://link.springer.com/chapter/10.1007/978-1-4419-8255-1_5,Chapter
EASY Meta-programming with Rascal,Generative and Transformational Techniques in Software Engineering III,,,,10.1007/978-3-642-18023-1_6,Paul KlintTijs van der StormJurgen Vinju,2011,https://link.springer.com/chapter/10.1007/978-3-642-18023-1_6,Chapter
Cosmic Rays in Galactic and Extragalactic Magnetic Fields,Space Science Reviews,,,,10.1007/s11214-011-9770-3,Felix AharonianAndrei BykovEtienne ParizotVladimir PtuskinAlan Watson,2011,https://link.springer.com/article/10.1007/s11214-011-9770-3,Article
A Comparative Performance Study,The Political Economy of China’s Systemic Transformation,,,,10.1057/9780230119345_6,Victoria MantzopoulosRaphael Shen,2011,https://link.springer.com/chapter/10.1057/9780230119345_6,Chapter
Advanced Theming,The Definitive Guide to Drupal 7,,,,10.1007/978-1-4302-3136-3_16,Jacine Luisi,2011,https://link.springer.com/chapter/10.1007/978-1-4302-3136-3_16,Chapter
SDL Modules – Concepts and Tool Support,System Analysis and Modeling: About Models,,,,10.1007/978-3-642-21652-7_1,Philipp BeckerMarc Krämer,2011,https://link.springer.com/chapter/10.1007/978-3-642-21652-7_1,Conference paper
Real-Time Signaling in SDL,SDL 2011: Integrating System and Software Modeling,,,,10.1007/978-3-642-25264-8_15,Marc KrämerTobias BraunDennis ChristmannReinhard Gotzhein,2011,https://link.springer.com/chapter/10.1007/978-3-642-25264-8_15,Conference paper
L’Algebre Logique Appliquee Aux Techniques Binaires,Teoria algebrica dei meccanismi automatici,,,,10.1007/978-3-642-10932-4_1,M. Soubies-Camy,2011,https://link.springer.com/chapter/10.1007/978-3-642-10932-4_1,Chapter
Priority Scheduling in SDL,SDL 2011: Integrating System and Software Modeling,,,,10.1007/978-3-642-25264-8_16,Dennis ChristmannPhilipp BeckerReinhard Gotzhein,2011,https://link.springer.com/chapter/10.1007/978-3-642-25264-8_16,Conference paper